S02600006C6162315F61696B5F72613864315F696D755F7573625F70726F6A6563742E7372656362
S31502000000B0D40022497700025575000245770002F6
S3150200001045770002457700024577000245770002E0
S31502000020000000000000000000000000457700020A
S31502000030457700020000000045770002457700027E
S315020000405D2B0002952B0002C92B0002ED2B00024C
S31502000050112C0002492C00026D2C00027D6C00025C
S315020000603D6600022168000291690002756A00027B
S31502000070557100028D5C0002FD5B00021D5D0002EF
S31502000080695D0002000000000000000000000000A0
S315020000900000000000000000000000000000000058
S315020000A00000000000000000000000000000000048
S315020000B00000000000000000000000000000000038
S315020000C00000000000000000000000000000000028
S315020000D00000000000000000000000000000000018
S315020000E00000000000000000000000000000000008
S315020000F000000000000000000000000000000000F8
S3150200010000000000000000000000000000000000E7
S3150200011000000000000000000000000000000000D7
S3150200012000000000000000000000000000000000C7
S3150200013000000000000000000000000000000000B7
S3150200014000000000000000000000000000000000A7
S315020001500000000000000000000000000000000097
S315020001600000000000000000000000000000000087
S315020001700000000000000000000000000000000077
S315020001800000000000000000000000000000000067
S315020001900000000000000000000000000000000057
S315020001A00000000000000000000000000000000047
S315020001B00000000000000000000000000000000037
S315020001C00348044B834202D0034B03B118477047DE
S315020001D0000400220004002200000000064B07492A
S315020001E0C91A891048BF0131491003D0044B0BB11B
S315020001F001481847704700BF00040022000400228D
S315020002000000000010B5064C237843B9FFF7D8FF6B
S31502000210044B13B10448AFF300800123237010BDD1
S315020002203004002200000000D083000208B5054B0E
S315020002301BB105490548AFF30080BDE80840FFF74A
S31502000240CDBF00BF0000000034040022D0830002AC
S315020002502DE9F0410446D0E902854068A8EB05077E
S3150200026097422844154408D80E463A46A5EB080597
S3150200027007F076FB2A466068F11907F071FBBFF3B7
S315020002805F8FE560BDE8F0812DE9F8434FF0000984
S31502000290064688461746D0E902243369151B9C4256
S315020002A003F1FF3125BF03F1FF339B180B1B1B1B09
S315020002B0BD4228BF3D469D4228BF1D467068414645
S315020002C02A46204407F04CFBB2682C44A24208BFDF
S315020002D00024A944A8447F1BBFF35F8FF460002F5C
S315020002E0DBD14846BDE8F883F8B5154CA8220021B3
S315020002F0204607F02DFB4FF48066002303201022D0
S315020003001049114F114D20616061A161E7612662BA
S31502000310A3626362E36221666566A2662367E36699
S315020003206367BFF35F8F0A4B42F001E01846C21AB9
S3150200033013F9011DA1540FF007C0BFF35F8FF8BD7B
S3150200034060080022E47900026004002250040022C0
S31502000350087D000270B51D4D441C00EB400005EB04
S31502000360C00304EB440405EBC400DC6A8C46012C92
S31502000370164612D0022C0CD0FCB99A6A596A8A42E5
S315020003809CBF1B6AD218013A511A8E4218D92046CE
S3150200039070BDBDE87040FFF777BF9A6A5C6AA242F9
S315020003A09CBF1B6AD218013A141BB44228BF3446BA
S315020003B02246FFF74DFF204670BD0024204670BD41
S315020003C032466146FFF744FF3446E0E76008002202
S315020003D0F8B50B4B04461B780D46532B164601D037
S315020003E0FFF782FFEFF311874FF0200181F31188A7
S315020003F0324629462046FFF7ADFF87F31188F8BD3E
S315020004006008002210B50446D0E90132501C984219
S3150200041007D8236899540246E16863680131C4E942
S3150200042002019A4200D010BD21682069FFF7D0FF71
S31502000430A368984215BF4FF0FF330023E360A36021
S3150200044010BD00BF2DE9F84F91428A46DDE90A84C4
S31502000450154683461E466AD30B460127B3FBF5F3C0
S315020004609D4207F10107F9D9B74238BF374614F062
S31502000470010902D1B8F1000F40D1DBF80C30002B94
S315020004802CDB0124002E14BF3346234601E005FB74
S3150200049004F4013BFBD1BAFBF4F39D4205D805FBFC
S315020004A004F4BAFBF4F39D42F9D9224E06E0AC42BB
S315020004B0B4FBF5F30CD31C46BAFBF3F3F1565846DC
S315020004C004FB13AAFFF79EFFDBF80C30002BEEDAD3
S315020004D0B9F1000F02D0B8F1000F09D1BDE8F88FCB
S315020004E020215846FFF78EFFDBF80C30002BF5DB98
S315020004F0B84508F1FF38F3D8BDE8F88FA30711D441
S3150200050020240CE021465846FFF77CFFDBF80C302E
S3150200051008F1FF38002BE1DBB8F1000FAFD0B84588
S31502000520F0D8AAE7002E0CBF30242024F7E70127D3
S315020005309AE700BF107D00022DE9F04F0023402507
S315020005409BB00DF1280A81460C461746CDE90553A4
S31502000550CDE90730CDF810A006E004A8FFF752FF58
S31502000560079B002BC0F2AD8014F9011B002900F095
S31502000570A0802529F1D10026234613F9012BA2F1E9
S3150200058023010D2908D8DFE801F07F0707070707CF
S3150200059007077B0783070777A2F13001C9B209294A
S315020005A04FF000050FD805EB850502EB450593F9DB
S315020005B000201C46A2F13001C9B20929A5F1300575
S315020005C003F10103EFD92E2A00F0FF804FF0000B52
S315020005D094F9001021F0040068281C465CD02529F5
S315020005E0BBD05839CBB2202BBAD82029B8D801A310
S315020005F053F821F0CB0600026105000261050002F4
S315020006006105000261050002610500026105000242
S315020006106105000261050002610500026105000232
S31502000620B70700024D0700026105000261050002DC
S315020006306105000261050002610500026105000212
S315020006406105000261050002610500026105000202
S31502000650610500021507000261050002610500023C
S31502000660E706000261050002330700026105000287
S3150200067061050002CB0600021C4646F002067BE735
S315020006801C4646F0040677E71C4646F0080673E762
S315020006901C4646F001066FE714F9011B21F004031C
S315020006A0682B9CD114F9011B21F00403682B96D107
S315020006B0F2E7079B002B04DD069C002C40F09E808F
S315020006C0234418461BB0BDE8F08F102239685B46FA
S315020006D0081D386009680DEB0200CDE90056FFF7E8
S315020006E0B1FE079B3DE73B68784A191D39601D68D4
S315020006F0002D08BF154615F9011B00293FF430AF3E
S3150200070004A8FFF77FFE079B002BF4DA18461BB0FE
S31502000710BDE8F08F3A680823111D39601168002080
S315020007201022CDE900300DEB0200FFF78BFE079B8E
S3150200073017E739685B46081D386009680A22CDE961
S31502000740005604A8FFF77EFE079B0AE73B684FF0B8
S315020007500108191D39601B681A46039383EAE3737D
S31502000760A3EBE273092B09DD59481946A0FB03C323
S31502000770632908F101084FEAD303F6DCD84538BFEE
S31502000780D846002D43D1079900250B46002998DB50
S31502000790039B002B65DB73076FD406F00303022B62
S315020007A074D05B460A22CDE90056039904A8FFF7E6
S315020007B049FE079BD5E63B6804A81A1D3A6093F9E1
S315020007C00010FFF71FFE079BCBE694F90110A1F17B
S315020007D03002D2B2092A55D81C464FF0000B0BEB59
S315020007E08B0201EB420214F9011FA2F1300BA1F1B7
S315020007F03003DBB2092BF2D9631CEBE622465146E3
S3150200080048460393FFF7E4FD039B234459E7039A03
S3150200081006F00203002A1ADB720718D4002B4CD00A
S31502000820BBF1000F10D0F0070CD50DE0202104A873
S31502000830FFF7E8FD0799013D00290B46FFF641AF98
S31502000840002DA3D0A845F1D307990B469EE7013D9B
S3150200085013B1BBF1000FF7D0F207F5D4002DF1D199
S3150200086091E75B422D2104A80393FFF7CBFD07997D
S3150200087000290B46FFF625AF8FE72B2104A8FFF7C9
S31502000880C1FDF4E74FF0000B0133A3E6BBF1000F05
S3150200089087D1002D85D0454516D9302104A8FFF70A
S315020008A0B1FD0799013D00290B46FFF60AAF002D5F
S315020008B0F1D10029FFF605AF73E7F107C2D5079B11
S315020008C0002BBFF66EAFFCE60B46F2E7F0790002AC
S315020008D0CDCCCCCC0EB400B582B003AB53F8041B1E
S315020008E001AA0193FFF728FE02B05DF804EB03B0FC
S315020008F0704700BF4FF00001002208B51548164B9D
S31502000900186019829A7300F049F800B108BD00F028
S31502000910C9F80028FAD14FF47A710A2006F0DAFDF6
S3150200092000F0CAF80028F1D14FF47A710A2006F0D5
S31502000930D1FD00F0CBF80028E8D100F0F3F800284A
S31502000940E4D100F023FA0028E0D1BDE8084000F027
S31502000950FDB800BF004083000C090022014B987BC2
S31502000960704700BF0C09002200F01ABA00F022BA42
S3150200097000F044BA84B001AB83E8070093E80700AD
S3150200098004B000F05FBA00BF00F08EBA0122014B3C
S315020009901A7070470809002200F092BA0022034B2F
S315020009A0034904481A7000F0F9BD00BF1E0900226F
S315020009B0D07D0002180A002203460A46014819465B
S315020009C000F000BE180A002284B001AB83E80700DB
S315020009D002480ECB04B000F0F7BD00BF180A002291
S315020009E0037A13B90122014B1A7070471E090022BD
S315020009F0F8B5144D06462B780F465BB90A244FF418
S31502000A007A71012006F066FD2B78013CA4B20BB97F
S31502000A10002CF4D10023304639462B70FFF7CCFF69
S31502000A20064660B90B242B784BB9013C4FF47A7118
S31502000A300120A4B206F04EFD002CF4D11426304655
S31502000A40F8BD00BF1E09002270B5154D84B02B7883
S31502000A5001AE86E807005BB90A244FF47A710120D9
S31502000A6006F038FD2B78013CA4B20BB9002CF4D168
S31502000A70002396E807002B70FFF7A6FF064660B92B
S31502000A800B242B784BB9013C4FF47A710120A4B2A6
S31502000A9006F020FD002CF4D11426304604B070BDB9
S31502000AA01E09002248F202030248022120F8043FEE
S31502000AB0FFF79EBF0C0900224FF0360302480221BF
S31502000AC020F8043FFFF794BF0C09002200222DE90B
S31502000AD0F043134E0B2440F20118134685B006F17B
S31502000AE00C09371D32710BE0CDE90197ADF80C8088
S31502000AF004AB13E907003573FFF7A6FF68B933792C
S31502000B0013F0010508D14FF47A710120013C06F079
S31502000B10E1FC14F0FF04E7D1002005B0BDE8F08344
S31502000B200C090022392140F20142074B84B0181DFC
S31502000B3003F80C1F01930290ADF80C2004AB13E9E5
S31502000B40070004B0FFF780BF0C09002210B50E4C57
S31502000B507521234640F2011284B003F80C1F201DB2
S31502000B6001930290ADF80C2004AB13E90700FFF7DE
S31502000B706BFF30B92379522BA37302D0672B18BFB0
S31502000B80252004B010BD00BF0C090022F8B52B25A4
S31502000B9000230E4F0E4C3A6825715268261D052118
S31502000BA030466271E3802372FFF722FF06223B681A
S31502000BB005461B7A012132202271637106F08AFCF6
S31502000BC002213046FFF714FF2843F8BD80010022B8
S31502000BD00C0900223D4B19688A8902F108039BB26F
S31502000BE0102B1FD8131D9BB2082B34D94FF4805CEF
S31502000BF0C87A374B03284FF02002A3F800C01AD157
S31502000C00C989B1F5487F31D8B1F5C87F31D942F0EB
S31502000C1006024FF0210C02212E485A7183F804C0B5
S31502000C20FFF7E6BE4FF4006C0022C87A284B032871
S31502000C30A3F800C0E4D00228EBD1C989C8291AD882
S31502000C4064291BD832292AD819292BD80C292CD940
S31502000C5042F00B02DDE7023292B2042A8BBF4FF456
S31502000C60005C4FF4804C40226022DEE742F005022F
S31502000C70CFE7C82905D942F00702CAE742F00802BF
S31502000C80C7E76429FAD8322909D819290AD842F0BD
S31502000C900B000D2942F00C0228BF0246B9E742F0CA
S31502000CA00902B6E742F00A02B3E7062902D942F080
S31502000CB00C02AEE7032902D942F00D02A9E70CBFE6
S31502000CC042F00E0242F00F02A3E700BF80010022AB
S31502000CD00C09002210090022294B19688A8A02F59A
S31502000CE07A739BB2B3F5FA6F09D802F5FA739BB21F
S31502000CF0B3F57A7F23D94FF4A470202301E0A42010
S31502000D000023C98A1F4AB1F5487F50800AD943F0A9
S31502000D1005034FF0200C02211B48537182F804C0D0
S31502000D20FFF766BEB1F5C87F02D943F00603F0E7C6
S31502000D30C8290FD8642910D943F00803E9E7FA3223
S31502000D4092B2B2F5FA7F40F28F208EBF4023602323
S31502000D508320D6E743F00703DBE7322904D81929B3
S31502000D6005D943F00A03D4E743F00903D1E743F078
S31502000D700B000E2943F00C0328BF0346C9E700BF48
S31502000D80800100220C0900221009002208B5FFF793
S31502000D9021FF00B108BDBDE80840FFF79DBF00BFB7
S31502000DA040F61F730248022120F8043FFFF720BED7
S31502000DB00C0900220E4B4FF00B0C1B680D495B7899
S31502000DC084B0052B04BF01220B4BCDE9011008BFED
S31502000DD05A7440F2016218BF074BADF80C2004AA00
S31502000DE083F80CC012E9070004B0FFF72DBE00BF5E
S31502000DF080010022180900220C0900220E4B4FF036
S31502000E00110C1B680D495B7884B0052B04BF0122C7
S31502000E100B4BCDE9011008BF5A7440F2016218BFAC
S31502000E20074BADF80C2004AA83F80CC012E90700A0
S31502000E3004B0FFF709BE00BF800100221809002294
S31502000E400C09002210B485B004AB03E9070015496A
S31502000E509DF804400A6802989DF80C30A4B94FF038
S31502000E60050C82F801C00A6803F007045060147288
S31502000E70052454700A6823F030035060137205B0DB
S31502000E805DF8044BFFF782BE012CF1D105245470A4
S31502000E900A6823F037035060137205B05DF8044BFD
S31502000EA0FFF774BE80010022044B1B681A7A027295
S31502000EB05A6842601B780370704700BF80010022A7
S31502000EC0024B1B68D8729981DA8170478001002231
S31502000ED0034B9B68D3E9011218681268104700BFDA
S31502000EE034030022EFF31081012383F31088074BAA
S31502000EF01A682AB94FF0400C0548027580F814C0EA
S31502000F001A6801321A6081F310887047181300229A
S31502000F10000D4040EFF31082012383F31088074B44
S31502000F20196811B11968013919601B681BB980204B
S31502000F3003490B75087582F310887047181300224F
S31502000F40000D40402DE9F04FA7B02422002114A83D
S31502000F5006F0FEFCB6490020FFF7BCFCFFF7B8FF1F
S31502000F60B44C2060002840F07382B3490020FFF79A
S31502000F70B1FC4FF4C86202210320FFF70DFDFFF713
S31502000F80B9FC2060FFF7EAFCAC4902460020FFF7F5
S31502000F90A1FC2368002B40F09A82A9490020FFF7A2
S31502000FA099FC1DA8FFF7F0FC1DAB93E80700FFF7BD
S31502000FB0E1FC2060002840F08582A2490020FFF76C
S31502000FC089FCFFF7D1FC2060002840F076829E491A
S31502000FD00020FFF77FFC9D499D4805F0EBFD206050
S31502000FE0002840F065829B490020FFF773FC984871
S31502000FF005F022FE2060002840F055829649002026
S31502001000FFF768FC9549964804F09EFA206000288E
S3150200101040F031829349944805F0FAFF034692481C
S31502001020236005F0C3FF034690499148236004F00C
S31502001030A3FC02462060002840F0188289498A48AB
S3150200104005F0E6FF002800F00D8202228949884851
S3150200105004F012FC02462060002840F0FE81864D14
S31502001060FFF740FF854FD5F83031854E3B4043F0C0
S315020010700403C5F83031FFF74DFF00233370FFF745
S3150200108031FFD5F83031DFF818B23B4043F00503A3
S31502001090C5F83031FFF73EFF7A4DDFF80882DFF8F8
S315020010A008A2794F294614A804F01EFA20600028E7
S315020010B047D133785BB14FF000099BF8003086F8D0
S315020010C0009023B1714B1B78002B40F0F3802B78F4
S315020010D0033B062B0FD8DFE813F071000700E90087
S315020010E0070092000E004B000021694B4022404649
S315020010F0197006F02DFC9AF80030002BD2D000238E
S315020011005C4A8AF8003012785A2A00F06081332A43
S3150200111003D15E4A13705F4A13800122554954482F
S3150200112004F0AAFB20600028BCD002465A490020DF
S31502001130FFF7D0FB294614A804F0D6F92060002850
S31502001140B7D0012240F60311384604F04FFE0022C2
S3150200115040F60411384604F049FE002240F60731F3
S31502001160384604F043FE2368002BA2D000BEA0E757
S31502001170474B1B78002B40F022812068002840F064
S31502001180068198F802300020009398F8002098F81B
S3150200119001304249FFF79EFB98F800305A2B00F0C7
S315020011A0EF80332B04D10023384A1370394A138057
S315020011B040220021404606F0CBFB9CE780234022DA
S315020011C04146274804F0A8FA2060002893D001225D
S315020011D040F60311384604F009FE002240F60411D7
S315020011E0384604F003FE002240F60731384604F082
S315020011F0FDFD2368002B3FF47EAF00BE7BE7BDF802
S315020012005C3003F47F43B3F5005F00F0E680B3F58C
S31502001210045F00F00D81B3F5085F7FF46CAF002127
S315020012200F4804F011FB206000283FF464AFCEE7BC
S31502001230F879000244090022347A00025C7A00023C
S31502001240A07A0002F07A0002447B0002387D000296
S315020012509C090022947B0002E47B0002A07D00022E
S31502001260F40900220C7E00023C0A0022347E0002AF
S315020012705C0A00223009002200084040FE3FFEFFC1
S3150200128048090022910900229409002249090022F4
S315020012909009002228090022D47C00029C7C0002CC
S315020012A008090022500900222B09002201238A4A3A
S315020012B0137020E705A88BF80090FFF757FB40F65E
S315020012C0FF73864AADF83C3013880AA801339BB2F5
S315020012D01380ADF83E30BDF814305BBAADF840303D
S315020012E0BDF816305BBAADF84230BDF818305BBABD
S315020012F0ADF84430FFF73CFB794B48461393BDF8F3
S315020013002830BDF940205BBAADF846301BB20193D6
S31502001310BDF82A3073495BBAADF848301BB2029366
S31502001320BDF82C305BBAADF84A301BB20393BDF957
S3150200133044300093BDF94230FFF7CCFA664B1B7876
S31502001340002B54D1142268480FA904F09BFA0028F6
S315020013507FF4BDAE654B18704CF2513301E0013B90
S3150200136003D0624A1278002AF9D0604B1B7803F048
S31502001370FF00002B7FF4ABAE5D49FFF7ABFAA6E6A2
S3150200138001235C4A13700023544A138010E701229A
S3150200139040F60311384604F029FD002240F60411F6
S315020013A0384604F023FD002240F60731384604F0A1
S315020013B01DFD2368002B3FF4E4AE00BEE1E6802368
S315020013C0402241464C4804F0A7F92060D6E6434A3B
S315020013D013800123474A13709FE60722474946486E
S315020013E004F0EEF9206000283FF485AEEFE6802394
S315020013F0142241480FA904F0B9F918BB0E2301467D
S3150200140024221DA88DF813304FF4803906F0A0FA75
S3150200141006E0B9F1010995D09DF813300A2B91D057
S315020014200DF113011DA804F05FF80028F1D089E739
S3150200143007223249304804F0E5F9206000283FF4DB
S315020014405AAEC4E602462E494846FFF743FA79E702
S315020014502C490020FFF73EFA87E52B490020FFF7CB
S3150200146039FAFCE5294805F0A1FDEEE528490020F8
S31502001470FFF730FAE2E5012240F60311254804F0AF
S31502001480B5FC002240F60411224804F0AFFC00220B
S3150200149040F607311F4804F0A9FC2368002B3FF4ED
S315020014A0B9AD00BEB6E51C490020FFF713FAA5E563
S315020014B01A490020FFF70EFA95E519490020FFF7B1
S315020014C009FA84E517490020FFF704FA75E516497B
S315020014D00020FFF7FFF960E59009002228090022A3
S315020014E00000FF0F447C00025C0A00222A09002247
S315020014F0887C000249090022F40900222009002200
S31502001500707C0002047A0002247C00023C0A00225B
S31502001510087C000294090022B87B0002687B000264
S31502001520187B0002C07A00027C7A0002022800D0F0
S3150200153070470249024804F039BD00BF687E0002C6
S3150200154094090022037913B90122014B1A707047DC
S31502001550480900220379012B0AD0022B00D07047DA
S315020015600120074A0749137808700344137070472D
S31502001570054906480A780370531C0B70704700BF72
S315020015802C0900222A0900222D0900222B090022F9
S3150200159008B5FFF7D7FC002008BD00BF03460022AE
S315020015A030B419604D68064C5D608D6810469D60CA
S315020015B00D69DD61C9681A761962DC6030BC704754
S315020015C021332C3200F028B884B00DF1040C8CE8DB
S315020015D00E009CE80E0004B000F036B843685A6864
S315020015E0824217D070B59D688668AB680446327B26
S315020015F01B69B1682868984758B9626803465460FF
S31502001600A96822464C692868A446F169BDE870407B
S31502001610604770BD002070472DE9F04143680446DB
S315020016200F4615469E68FFF7D9FF58B9C4E904006C
S315020016300346B0682A4684683946A4463068BDE83F
S31502001640F0416047BDE8F08130B585B004AC04E9ED
S315020016500E00436804469D68FFF7C0FF80B9029AF0
S315020016609DF80D300199C4E90432AA6801239468F1
S315020016702868A4469DF80C2005B0BDE830406047B6
S3150200168005B030BD70B5046803796268216A023B11
S3150200169084B0012B9268019116D8002561698DF8F4
S315020016A00C50C1B190682B46466810682269B04753
S315020016B0C4E9045530B10322E3698DF80C200BB15D
S315020016C001A8984704B070BD93681068DB68984714
S315020016D003238DF80C30E369002BF1D104B070BD01
S315020016E0184B1B88012B00D0704710B5817FC36849
S315020016F0052914BF4FF0820C4FF0800C828C0469CE
S315020017008AB01B1B042A03938DF806108DF807C0B6
S3150200171015D0052A10D0032A40F2DC5308BF002355
S3150200172090F8202001A90920ADF808308DF8042090
S3150200173001F086FF0AB010BD40F2DF53F0E740F237
S31502001740DE53EDE73C0C0022144B1B88012B00D024
S31502001750704700B5827F8BB0042A1CD0002A0CBFCA
S315020017604FF0820E4FF0810E818C40F2DC5301293C
S3150200177008BF002390F820C001A90A208DF8062090
S315020017808DF807E08DF804C0ADF8083001F058FF77
S315020017900BB05DF804FB4FF0800EE5E73C0C00222F
S315020017A010B5044631B900F011FEC30517D54FF442
S315020017B0807010BD00F082FE204600F097FE10F405
S315020017C0807F204606D000F0D7FE800A01308001D5
S315020017D080B210BD00F0E6FEC0F30A0010BD20463E
S315020017E000F028FE00F07F0010BD00BF2DE9F8438F
S315020017F0534B90F82090044633F819300D469BB2AD
S31502001800022B50D000F074FC2946204600F0AEFCB4
S315020018102946204600F0F6FC2946204601F0F2FE53
S315020018202946204600F04AFE64234E4603FB09F38E
S31502001830DFF8148105EB850203EB42034344598822
S31502001840AF00204600F06EFE012E63D0642606FB32
S3150200185009F62F4406EB470646442046F18800F077
S31502001860BDFE2046318900F0D1FE2046002100F05F
S3150200187025FE2946204600F071FF2946204601F042
S31502001880ADFE2946204600F00DFF2946204600F00F
S31502001890E7FC2946204600F001FD29462046BDE820
S315020018A0F84300F019BD0022264B43F8212002F02E
S315020018B0B3FC07462946204694F8206000F018FC3F
S315020018C02946204600F052FC2946204600F09AFCA2
S315020018D0013F2946204601F095FEBFB22946204621
S315020018E000F0ECFD012F1ED8642306FB03F305EB83
S315020018F08502DFF8548003EB4203434459882046AD
S3150200190041F48061598000F00DFE012EB1464FEA86
S3150200191085079BD17B1908EB43032046B3F8681071
S3150200192000F018FE92E764230A2206FB03F302FB89
S315020019300533DFF81480B14643445988AF0080E787
S315020019400C0F0022800B0022B80A002270B5334B1E
S3150200195090F82020054633F812300E469BB2022B31
S3150200196003D100222E4B43F821203146284601F0AE
S3150200197049FE3146284600F0BBFB3146284600F0B8
S31502001980F5FB3146284600F03DFC48F22F034FF4A2
S3150200199000420021284600F05DFA0021284600F0A8
S315020019A023FA10F02F04F8D13146284600F086FDBE
S315020019B02146284600F0B6FD2146284600F0CAFD1B
S315020019C02146284600F00AFE2146284600F01EFE61
S315020019D02146284600F072FD3146284600F0BEFE3A
S315020019E03146284601F0FAFD3146284600F05AFEF5
S315020019F03146284600F05EFF3146284600F078FF61
S31502001A003146284600F02CFC3146284600F046FCBA
S31502001A1031462846BDE8704000F05EBC0C0F00223D
S31502001A20800B002270B5012206460D464FF6FF7462
S31502001A3000F0FAFE2946304600F000FE013C10F0A6
S31502001A40200FA4B200D170BD002CF3D170BD00BF2F
S31502001A5070B505461646A2B164240BE0284600F08E
S31502001A6059F8013C284600F0D9F8A4B20A2001F040
S31502001A706DF8C4B13146284600F070FA8304EDD5FC
S31502001A8070BD41EA030444F4004248F22F03314692
S31502001A9000F0E0F90021284600F0A6F900F02F0038
S31502001AA08442F7D1D8E7FF2070BD00BF02B170476C
S31502001AB038B543EA0104114648F22F0344F40042C2
S31502001AC0054600F0C7F90021284600F08DF900F01E
S31502001AD02F008442F7D138BD70B504460D4616462E
S31502001AE000F006FF29462046324600F01FFF29462F
S31502001AF02046BDE8704000F0BFBE00BF38B50446C0
S31502001B000D4600F0D7FE29462046BDE8384000F0D3
S31502001B10EFBE00BF094B90F8202033F812309BB27B
S31502001B20022B01D0002070471AB9054B188880B2E3
S31502001B307047044B188880B2704700BF0C0F002212
S31502001B400000254000103540012805D1034A1388BC
S31502001B509BB243F480731380704700BF0010354078
S31502001B60094B90F8202033F812309BB2022B00D09A
S31502001B707047012AFCD1054A138823F480731B049B
S31502001B801B0C1380704700BF0C0F0022001035405B
S31502001B90084B90F8202033F812309BB2022B00D06B
S31502001BA07047012AFCD1044A13889BB243F0800392
S31502001BB0138070470C0F002200103540094B90F835
S31502001BC0202033F812309BB2022B00D07047012A34
S31502001BD0FCD1054AB2F840319BB20B43A2F8403120
S31502001BE0704700BF0C0F002200103540094B90F8D9
S31502001BF0202033F812309BB2022B00D07047012A04
S31502001C00FCD1054AB2F840319BB223EA0103A2F89D
S31502001C10403170470C0F002200103540094B90F8F6
S31502001C20202033F812309BB2022B01D000207047DD
S31502001C301AB9054B988880B27047044B988880B2CF
S31502001C40704700BF0C0F00220000254000103540EF
S31502001C50094B90F8202033F812309BB2022B01D0A8
S31502001C60002070471AB9054B188980B27047044B99
S31502001C70188980B2704700BF0C0F00220000254071
S31502001C8000103540064B90F8202033F812309BB2F4
S31502001C90022B00D07047002AFCD0024B9981704774
S31502001CA00C0F002200103540084B90F8202033F824
S31502001CB012309BB2022B01D0002070470029FBD1C3
S31502001CC0012A0846F9D1024B586970470C0F0022C7
S31502001CD000103540074B90F8200033F810309BB2C5
S31502001CE0022B00D070470029FCD1012804BF024B09
S31502001CF05A6170470C0F002200103540094B90F8CC
S31502001D00202033F812309BB2022B01D000207047FC
S31502001D100029FBD1012A0BBF034B044BD88A988AB0
S31502001D2080B270470C0F002200103540000025409B
S31502001D30134B90F8200033F810309BB2022B0DD0D3
S31502001D40012913D0022903D039B90E4B9A82704762
S31502001D500C4B9A8370470C4BDA8370470128EFD1FC
S31502001D60012909D00229F6D019B17047054B1A8309
S31502001D707047054BDA827047034B5A83704700BFA0
S31502001D800C0F00220000254000103540134B90F83E
S31502001D90200033F810309BB2022B0DD0012913D04C
S31502001DA0022903D039B90E4B1A7570470C4B1A77B4
S31502001DB070470C4BDA7770470128EFD1012909D019
S31502001DC00229F6D019B17047054B1A767047054BB2
S31502001DD0DA757047034BDA76704700BF0C0F0022A4
S31502001DE00000254000103540134B90F8202033F8B0
S31502001DF012309BB2022B1CD1012912D0022907D123
S31502001E000E49012A0E4B08BF0B46188880B270474E
S31502001E1079B90C49012A0C4B08BF0B46188880B2C7
S31502001E2070470A49012A0A4B08BF0B46188880B236
S31502001E30704700231B88FFDE0C0F00222C10354052
S31502001E402C00254020103540200025402810354022
S31502001E502800254010B4174C90F820C034F81C0016
S31502001E6080B2022822D1012919D0022906D11249AB
S31502001E70BCF1010F114808BF084606E0B1B9104986
S31502001E80BCF1010F0F4808BF084601881A4089B203
S31502001E9021EA0303134303805DF8044B70470A49A2
S31502001EA0BCF1010F094808BF0846EEE700231B886C
S31502001EB0FFDE00BF0C0F00222C1035402C002540FF
S31502001EC020103540200025402810354028002540A6
S31502001ED010B41B4C90F8200034F810309BB2022B41
S31502001EE004D101291AD0022924D0E9B1002134F8FB
S31502001EF010309BB2022B02D05DF8044B70470B8860
S31502001F0023F440631B041B0C0B80002AF4D00B88BD
S31502001F109BB213430B805DF8044B7047094B0128B3
S31502001F20094908BF1946E2E7084B0128084908BFD4
S31502001F301946DCE7074B0128074908BF1946D6E7C9
S31502001F400C0F00222810354028002540201035406D
S31502001F50200025402C1035402C002540134B90F8CC
S31502001F60202033F812309BB2022B1CD1012912D049
S31502001F70022907D10E49012A0E4B08BF0B461888C3
S31502001F8080B2704779B90C49012A0C4B08BF0B463F
S31502001F90188880B270470A49012A0A4B08BF0B46C5
S31502001FA0188880B2704700231B88FFDE0C0F0022C0
S31502001FB02E1035402E0025402210354022002540A5
S31502001FC02A1035402A002540154B90F8202033F878
S31502001FD012309BB2022B20D1012917D0022906D139
S31502001FE0104B1149012A14BF1A460A4606E0A1B946
S31502001FF00E4B0F49012A14BF1A460A4613886FEA86
S3150200200043436FEA53439BB213807047094B0A4915
S31502002010012A14BF1A460A46F0E700231B88FFDE90
S315020020200C0F00222E0025402E103540220025409E
S31502002030221035402A0025402A103540154B90F8CB
S31502002040202033F812309BB2022B1FD1012914D063
S31502002050022908D11049012A104B4FF4804208BFC9
S315020020600B461A80704789B90D49012A0D4B4FF468
S31502002070804208BF0B461A8070470B49012A0B4B58
S315020020804FF4804208BF0B461A80704700231B801C
S31502002090FFDE00BF0C0F00222E1035402E00254019
S315020020A022103540220025402A1035402A002540BC
S315020020B00C4B90F8202033F812309BB2022B00D042
S315020020C0704701238B409BB22AB90749CA8E92B246
S315020020D01343CB8670470549CA8E92B21343CB8609
S315020020E0704700BF0C0F002200002540001035404B
S315020020F00B4B90F8202033F812309BB2022B00D003
S31502002100704701238B40DB439BB222B9054AD18E2D
S315020021100B40D3867047044AD18E0B40D386704754
S315020021200C0F002200002540001035400C4B90F8A1
S31502002130202033F812309BB2022B00D070470123C5
S315020021408B409BB22AB907490A8F92B213430B8777
S31502002150704705490A8F92B213430B87704700BF37
S315020021600C0F002200002540001035400B4B90F862
S31502002170202033F812309BB2022B00D07047012385
S315020021808B40DB439BB222B9054A118F0B40138762
S315020021907047044A118F0B40138770470C0F0022B9
S315020021A00000254000103540124B90F8202033F8ED
S315020021B012309BB2022B00D0704701238B409BB298
S315020021C05AB910B40C4C0D4824F81120428F92B221
S315020021D0134343875DF8044B70474FF0000C064AE1
S315020021E007480A3122F811C0428F92B2134343873D
S315020021F0704700BF0C0F0022900A00220000254003
S31502002200001035400B4B90F8202033F812309BB269
S31502002210022B00D0704701238B40DB439BB222B9CD
S31502002220054A518F0B4053877047044A518F0B4022
S31502002230538770470C0F00220000254000103540DE
S3150200224020B9054BB3F8400080B27047034BB3F890
S31502002250400080B2704700BF0000254000103540A4
S315020022600B4B90F8202033F812309BB2022B00D091
S31502002270704701238B40DB43C3F309031AB9054AAE
S31502002280A2F846307047044AA2F84630704700BFAB
S315020022900C0F002200002540001035400B4B90F831
S315020022A0202033F812309BB2022B00D07047012354
S315020022B08B40DB43C3F309031AB9054AA2F8483037
S315020022C07047044AA2F84830704700BF0C0F00223C
S315020022D000002540001035400B4B90F8202033F8C3
S315020022E012309BB2022B00D0704701238B40DB4396
S315020022F0C3F309031AB9054AA2F84A307047044AD9
S31502002300A2F84A30704700BF0C0F00220000254099
S31502002310001035400A4B90F8202033F812309BB259
S31502002320022B01D00020704722B9064BB3F84C00AD
S3150200233080B27047044BB3F84C0080B2704700BFBE
S315020023400C0F0022000025400010354020B9054B35
S31502002350B3F8540080B27047034BB3F8540080B20E
S31502002360704700BF000025400010354020B9054BDC
S31502002370B3F8560080B27047034BB3F8560080B2EA
S31502002380704700BF000025400010354020B9054BBC
S31502002390B3F8580080B27047034BB3F8580080B2C6
S315020023A0704700BF000025400010354020B9054B9C
S315020023B0B3F85A0080B27047034BB3F85A0080B2A2
S315020023C0704700BF00002540001035400A4B90F8C8
S315020023D0202033F812309BB2022B01D00020704726
S315020023E022B9064BB3F85C0080B27047044BB3F8CF
S315020023F05C0080B2704700BF0C0F0022000025402F
S3150200240000103540084B90F8202033F812309BB26A
S31502002410022B00D070471AB9044BA3F85C10704720
S31502002420034BA3F85C1070470C0F002200002540F6
S31502002430001035400A4B90F8202033F812309BB238
S31502002440022B01D00020704722B9064BB3F85E007A
S3150200245080B27047044BB3F85E0080B2704700BF8B
S315020024600C0F00220000254000103540084B90F862
S31502002470202033F812309BB2022B00D070471AB9D3
S31502002480044BA3F85E107047034BA3F85E10704727
S315020024900C0F0022000025400010354020B9054BE4
S315020024A0B3F8600080B27047034BB3F8600080B2A5
S315020024B0704700BF0000254000103540084B90F8D9
S315020024C0202033F812309BB2022B00D070471AB983
S315020024D0044BA3F864107047034BA3F864107047CB
S315020024E00C0F002200002540001035400A4B90F8E0
S315020024F0202033F812309BB2022B01D00020704705
S3150200250022B9064BB3F8680080B27047044BB3F8A1
S31502002510680080B2704700BF0C0F00220000254001
S3150200252000103540084B90F8202033F812309BB249
S31502002530022B00D070471AB9044BA3F868107047F3
S31502002540034BA3F8681070470C0F002200002540C9
S3150200255000103540064B90F8202033F812309BB21B
S31502002560022B04D1012A04BF024BA3F86A1070475A
S315020025700C0F002200103540084B90F8200033F86B
S3150200258010309BB2022B01D0002070470028FCD0ED
S31502002590034BB3F86A0080B2704700BF0C0F0022EB
S315020025A0001035400A4B90F8202033F812309BB2C7
S315020025B0022B01D00020704722B9064BB3F86C00FB
S315020025C080B27047044BB3F86C0080B2704700BF0C
S315020025D00C0F00220000254000103540084B90F8F1
S315020025E0202033F812309BB2022B00D070471AB962
S315020025F0044BA3F86C107047034BA3F86C1070479A
S315020026000C0F00220000254000103540084B90F8C0
S31502002610202033F812309BB2022B00D070471AB931
S31502002620044BA3F86E107047034BA3F86E10704765
S315020026300C0F002200002540001035404FF0000C20
S31502002640134B90F8202082B0ADF806C033F8123052
S315020026509BB2022B04D0BDF8060080B202B07047CE
S3150200266062B181B10B4B03EB41031B889BB2ADF800
S315020026700630BDF8060080B202B0704729B1064B9B
S3150200268003EB4103F1E7054BEFE7054BEDE700BF2F
S315020026900C0F00226E1035406E002540601035404A
S315020026A0600025400A4B90F8202033F812309BB286
S315020026B0022B00D0704749003AB1064A0A441388F1
S315020026C09BB243F4005313807047034A0A44F6E769
S315020026D00C0F00226E1035406E0025400D4B90F80F
S315020026E0202033F812309BB2022B00D0704742B939
S315020026F0094A32F811309BB243F4007322F81130C2
S315020027007047064A32F811309BB243F4007322F83E
S31502002710113070470C0F00226E0025406E103540B6
S315020027200B4B90F8202033F812309BB2022B00D0CC
S315020027307047490042B1074A0A44138823F40073DA
S315020027401B041B0C13807047034A0A44F5E700BFBB
S315020027500C0F00226E1035406E002540174B90F884
S31502002760202033F812309BB2022B00D070474AB9B0
S31502002770D9B9134AB2F860309BB243F48073A2F817
S315020027806030704741B90F4AB2F860309BB243F4E9
S315020027908073A2F8603070470B4A32F811309BB250
S315020027A043F4807322F81130E0E7084A32F8113018
S315020027B09BB243F4807322F8113070470C0F00224B
S315020027C000002540001035406E1035406E00254051
S315020027D0104B90F8200033F810309BB2022B00D039
S315020027E0704770B191B10C4B03EB41010B8823F09A
S315020027F003031B041B0C0B800B889BB213430B8039
S31502002800704729B1054B03EB4101EFE70449EDE7B8
S315020028100449EBE70C0F00226E1035406E0025408E
S3150200282060103540600025400E4B90F8200033F8CA
S3150200283010309BB2022B00D0704748B169B10A4BE7
S3150200284003EB41010B889BB223EA02030B8070471C
S3150200285029B1064B03EB4101F4E70549F2E70549C5
S31502002860F0E700BF0C0F00226E1035406E002540C7
S3150200287060103540600025400B4B90F8202033F85D
S3150200288012309BB2022B00D07047013989003AB14F
S31502002890064A0A4413889BB243F4007313807047B6
S315020028A0034A0A44F6E700BF0C0F00229010354097
S315020028B0900025400B4B90F8202033F812309BB243
S315020028C0022B00D070470139890042B1064A0A44F8
S315020028D0138823F400731B041B0C13807047034AEE
S315020028E00A44F5E70C0F002290103540900025406F
S315020028F00B4B90F8202033F812309BB2022B00D0FB
S315020029007047013989003AB1064A0A4413889BB2D4
S3150200291043F4807313807047034A0A44F6E700BF04
S315020029200C0F00229010354090002540094B90F87C
S31502002930200033F810309BB2022B00D070470139C9
S31502002940890018B1044B0B441A807047034B0B44A1
S31502002950FAE700BF0C0F0022921035409200254084
S31502002960084B90F8202033F812309BB2022B01D08C
S3150200297000207047012AFBD1034BB3F8400180B215
S31502002980704700BF0C0F002200103540012807D106
S31502002990044AB2F802319BB243F48043A2F80231F0
S315020029A0704700BF00103540012808D1044AB2F82A
S315020029B0023123F480431B041B0CA2F80231704738
S315020029C00010354010B5124B5A6850B911051BD587
S315020029D0EFF31084012181F310885A6822F4006211
S315020029E009E0D20410D5EFF31084012181F3108897
S315020029F05A6822F480525A605B68962004F06AFD97
S31502002A0084F31088002010BD40F2DD5010BD00BFD7
S31502002A100030204030B4002865D1494BD3F8002459
S31502002A2060F30412C3F8002491F90D30002B2EDA5C
S31502002A3091F90C30002B01DA30BC70470A7D414C0B
S31502002A4003F1604C12014048D2B20CF5614C8CF88D
S31502002A50002303F5C65244F8231050F8221021F43D
S31502002A60803140F8221050F82220BFF35F8F0121F7
S31502002A705A09920003F01F0302F1604202F5614215
S31502002A8001FA03F3C2F88031136030BC70474A7D05
S31502002A9003F1604C12012B4CD2B20CF5614C8CF84E
S31502002AA00023294A44F8231003F5C65C52F82C4049
S31502002AB060F3104442F82C4052F82C20BFF35F8F8B
S31502002AC001205A09920003F01F0302F1604202F547
S31502002AD0614200FA03F3C2F88031136091F90C30B7
S31502002AE0002BA9DBAAE70128A6D191F91030002B09
S31502002AF0A2DB0A7E03F160441201124DD2B204F542
S31502002B00614484F80023104A45F8231003F5C651A0
S31502002B1052F8214024F4803442F8214052F8212010
S31502002B20BFF35F8F5A09920003F01F0302F160425E
S31502002B30984002F56142C2F88001106030BC7047CD
S31502002B40000025402013002200600040012104F00D
S31502002B50C1BC00BF4FF47A7104F0BCBCEFF303832F
S31502002B60103B0A4A5BB203F5C65352F8231021F40E
S31502002B70803142F8231052F82330054B1B889BB252
S31502002B80012B00D1704701F0BFBA00BF00600040C0
S31502002B900C0F0022EFF30383103B094A5BB203F5E5
S31502002BA0C65152F8210020F4803042F8210052F832
S31502002BB02120044A52F82330987800F02FBB00BF38
S31502002BC00060004020130022EFF30383103B064A05
S31502002BD05BB203F5C65352F8231021F4803142F852
S31502002BE0231052F82330704700600040EFF303834E
S31502002BF0103B064A5BB203F5C65352F8231021F482
S31502002C00803142F8231052F82330704700600040AA
S31502002C10EFF30383103B0A4A5BB203F5C65352F83D
S31502002C20231021F4803142F8231052F82330054B49
S31502002C305B889BB2012B00D1704701F065BA00BFD9
S31502002C40006000400C0F0022EFF30383103B064A9C
S31502002C505BB203F5C65352F8231021F4803142F8D1
S31502002C60231052F82330704700600040EFF30383CD
S31502002C70103B064A5BB203F5C65352F8231021F401
S31502002C80803142F8231052F823307047006000402A
S31502002C902DE9F043012A0CBF7A4B7B4B0446B3F86D
S31502002CA040E0B3F84660B3F84870B3F84A80B3F828
S31502002CB030C0D88EB3F838905B8F1FFA8EFE9DB265
S31502002CC00023BEF1FF0F238083B0B6B2BFB21FFA54
S31502002CD088F81FFA8CFC80B21FFA89F90B800ED98C
S31502002CE00EEA0C0313F4804F0CD0012A4BF6FF7246
S31502002CF00CBF644B644BA3F840201223238003B01D
S31502002D00BDE8F08313F4004F0DD113F4005F17D022
S31502002D10012A4DF6FF720CBF5A4B5B4BA3F84020BB
S31502002D2013232380EBE7012A47F6FF720CBF554BAC
S31502002D30554BA3F840201123238003B0BDE8F0834E
S31502002D4013F4805F12D1304013F480761BD010F05A
S31502002D50010F18D0012A40F2FE320CBF494B4A4BF2
S31502002D60A3F84620012323800B80C8E7012A4EF6EA
S31502002D70FF720CBF434B444BA3F84020142323801D
S31502002D80A1F800E0BBE713F4806C08EA05050FD052
S31502002D9015F0010F0CD0012A40F2FE320CBF394B5E
S31502002DA0394BA3F84A200222012322800B80A6E790
S31502002DB013F4007F11D007EA090717F0010F4DD06F
S31502002DC0012A40F2FE320CBF2E4B2F4BA3F84820AD
S31502002DD00322012322800B8091E71F051DD47EB9B1
S31502002DE0BCF1000F8BD0EB43012A0CBF254A264AC1
S31502002DF0C3F30903A2F84A30022323800D807EE73B
S31502002E00C343012A0CBF1F4A1F4AC3F30903A2F890
S31502002E10463001232380088071E710460191009213
S31502002E20FFF70EFA0199009A08804FF2FF70012A05
S31502002E300CBF144B144BA3F84000152323800B88B8
S31502002E4003F00703062B7FF45AAF1046009100F0F9
S31502002E50F5F90023009923800B8050E71B05DCD48B
S31502002E60002ECDD1BCF1000FBDD1FB43012A0CBF10
S31502002E70044A054AC3F30903A2F848300323238010
S31502002E800F803CE7001035400000254010B504468F
S31502002E9000F0D4F92046FFF759FA0246094B2046BC
S31502002EA01A80FFF763FA0246074B20461A80FFF79D
S31502002EB06DFA0246054B20461A80FFF777FA044B55
S31502002EC0188010BD480C0022460C0022440C002239
S31502002ED0420C002208B590F82000FFF7B1F900F085
S31502002EE07000A0F13000B0FA80F0400908BD00BFC2
S31502002EF038B50F4D04462B8803F47F43B3F5407F64
S31502002F000AD006D8B3F5807F06D0B3F5007F03D08A
S31502002F1038BDB3F5806FFBD120460021FEF7B2FE25
S31502002F2029882046BDE83840090AFEF7ABBE00BF35
S31502002F30920C002210B5044690F8200000F06EF9BB
S31502002F4094F82000BDE8104000F058B90B46022262
S31502002F5001461846FFF73CBC02220021FFF738BCA7
S31502002F602DE9F0411D4693F8203080460F4614465F
S31502002F7013BB46083DD002EB460634F8022B39460F
S31502002F802846FEF7D5FEB442F7D118F0010F2BD032
S31502002F90394628460022FEF79BFF16F8012B3946D2
S31502002FA02846FEF7F3FE28464FF480623946FEF7BE
S31502002FB08FFF3046BDE8F081860818D002EB860600
S31502002FC054F8042B39462846FEF784FEB442F7D15C
S31502002FD018F0020F1BD118F0010F0CD14FF400624A
S31502002FE039462846FEF774FF3046BDE8F08116469C
S31502002FF0EEE71646C9E7394628460022FEF768FF7D
S315020030003946284616F8012BFEF7C0FEE6E7394692
S3150200301028464FF48062FEF75BFF3946284636F8AB
S31502003020022BFEF785FED6E72DE9F0411E4693F800
S31502003030203080460F461446BBB945083BD002EB0A
S31502003040450539463046FEF759FE24F8020BAC42D6
S31502003050F7D118F0010F19D039463046FEF74EFE69
S3150200306005F8010B2846BDE8F081850811D002EB70
S31502003070850539463046FEF717FE44F8040BAC4286
S31502003080F7D108F00308B8F1000F06D12846BDE8CB
S31502003090F0811546B8F1000FF8D039463046FEF7F2
S315020030A003FEA84405F8010B45454FEA1020F9D165
S315020030B02846BDE8F0811546CBE700BFF8B51546B0
S315020030C004460F4601461046FEF7ACFC214628464A
S315020030D0FFF70EF821462846FFF748F8214628460C
S315020030E0FFF790F821462846FEF708FD00212846FC
S315020030F0FEF77AFE00F00F00844224D021462846CD
S31502003100144E00F06BFA21462846FFF7CBFA56F822
S315020031102430BBB1104A284652F8242021461A61AF
S3150200312056F824309F8456F82450FFF787FAE8842D
S3150200313056F82400436813B100221146984700232B
S3150200314046F82430F8BD002328461A461946FEF7EB
S31502003150ADFCD3E7800B0022D00B002210B5064C43
S31502003160238803B910BDFFF711FC6420FFF7EEFCBC
S315020031700023238010BD00BF8C0A00220122024BCD
S315020031801A80FFF711BC00BF8C0A002230B9074A29
S3150200319013889BB243F0100313807047044A1388C6
S315020031A09BB243F010031380704700BF0000254016
S315020031B00010354038B9054A138823F010031B0462
S315020031C01B0C13807047024AF6E700BF0000254039
S315020031D00010354030B9074A138E9BB243F4804340
S315020031E013867047044A138E9BB243F480431386B8
S315020031F0704700BF000025400010354038B9054A27
S31502003200138E23F480431B041B0C13867047024A59
S31502003210F6E700BF00002540001035404BF6FF726E
S3150200322018B9044BA3F840207047034BA3F840207B
S31502003230704700BF00002540001035404FF6F77278
S3150200324018B9044BA3F840207047034BA3F840205B
S31502003250704700BF000025400010354040B9094ABA
S31502003260B2F860309BB243F00403A2F860307047B4
S31502003270054AB2F860309BB243F00403A2F860300C
S31502003280704700BF0000254000103540E0B9354BBD
S315020032901A8892B242F480621A801A885205FCD5C4
S315020032A04FF480614FF41D401A8822F02002120466
S315020032B0120C1A801A8892B242F001021A801984FC
S315020032C0198599851886704710B5274C0120E38F1A
S315020032D09BB243F03103E387E38F23F030031B04F1
S315020032E01B0CE387E38F9BB243F02003E387FFF7D0
S315020032F02DFCE38F012023F001031B041B0CE38743
S31502003300FFF728FCE38F23F002031B041B0CE38761
S31502003310238823F020031B041B0C238023889BB2E3
S3150200332043F001032380B4F802319BB243F4804395
S31502003330A4F80231E388DB07FCD540F607734FF4A5
S31502003340006200204FF41D416380E38F9BB243F479
S315020033508073E38722842285A285A4F84000218611
S3150200336010BD00BF000025400010354088B90C4A48
S31502003370B2F8603023F003031B041B0CA2F8603082
S31502003380B2F860309BB231B943F00103A2F8603063
S315020033907047044AECE743F00203A2F86030704734
S315020033A00000254000103540104B90F800C033F85D
S315020033B01C309BB2022B01D0002070470C4B1B889D
S315020033C0012B10D000B54FF0010E8FB0094B1046FD
S315020033D06A468DF820C0A3F800E000F043FA002008
S315020033E00FB05DF804FBD520704700BF0C0F00221A
S315020033F0400C00223E0C002230B51F4B04460078DA
S3150200340099B033F810308DF848009BB2022B02D0E7
S31502003410002019B030BD0D4661B1184B1B88012B37
S3150200342025D00124164B294610460AAA1C8000F014
S31502003430D5F9EDE7002AF0D1A3880AA8CBB1FFF7A8
S315020034408BFD0023932594F800C004AA0C3494E85B
S31502003450030082E80300082001A98DF804C0039343
S31502003460ADF808308DF8075000F0EAF8D0E7D5201D
S31502003470CFE700F0C1F8E4E70C0F0022400C00226F
S315020034803E0C0022C378092B1DD810B55B000F4CE9
S31502003490DBB214F803C00E4CCCEBCC0304EBC30333
S315020034A0DA6090F800E01A61996083F820E0A3F8E8
S315020034B01EC0C178074A184652F831205A60BDE844
S315020034C0104000F0DDBC0020704700BF60830002A0
S315020034D0100F002268030022C378092B28D85B004C
S315020034E0844601331948DBB270B510F803E0184B75
S315020034F0CEEBCE00BEF1060F03EBC0001AD002617E
S3150200350081604FEACE029CF80010A2EB0E0203EB9A
S31502003510C20383F82010A3F81EE09CF803100D4A9C
S3150200352002EBC10252685A60BDE8704000F0A8BCC6
S31502003530002070470A250E78074C302226724978F9
S31502003540C3F858416172C3F86051DCE76083000238
S31502003550100F0022680300225C030022092900D909
S315020035607047FEF7E3BD00BF092901D90020704765
S3150200357008B5FFF763F800F0030008BD09290FD864
S3150200358010B541B10446FEF799FF2046FFF70AF847
S31502003590C0F30A0010BDFEF74DFFC0F30A0010BDCE
S315020035A000207047092901D90020704710B504464A
S315020035B0FEF784FF2046FEF799FF00F0100010BDCB
S315020035C0092901D90020704710B50446FEF776FF97
S315020035D02046FEF78BFF00F4404010BD092900D9B2
S315020035E0704738B50C460546FFF778F82146284657
S315020035F0BDE83840FFF794B8092900D9704701227F
S31502003600FFF7E6B8092900D9704738B50C460546D2
S31502003610FEF708FA21462846BDE838400222FFF79F
S3150200362003B900BF08B5FEF713FB002200F007003E
S31502003630431E032B4FEA801028BF104608BD00BF69
S315020036402DE9F0418E46284E0D4633788046F21813
S3150200365003EBC30C0133DCB20A2C28BF002406EBB1
S315020036608C0C90700CF10C0CBEE80F00ACE80F004D
S31502003670BEE80F00ACE80F00DEF800303470CCF87C
S3150200368000301A4F2B788AB057F823203AB3184ADB
S3150200369085F8068052F8234024B3A6460DF1040CA1
S315020036A0BEE80F00ACE80F00BEE80F00ACE80F0062
S315020036B0DEF80030CCF80030A446AE46BEE80F0075
S315020036C0ACE80F00BEE80F00ACE80F00DEF80030F1
S315020036D02046CCF800302B7857F8233098470AB0AA
S315020036E0BDE8F08101ACE7E754110022481100223F
S315020036F04011002200F066B938B5054690F8200060
S31502003700FEF722FA01212846FEF758FA0520FFF7AE
S3150200371021FA00242846FEF781FA820709D10B20F6
S31502003720FFF718FA2846FEF779FA0B348307A4B294
S315020037300DD001340120A4B2FFF70CFAB4F5167FBE
S31502003740E8D328460121FEF751FA002038BD284663
S315020037500121FEF74BFA012038BD00BF30B5044601
S315020037608BB0FFF7C9FF06212046FEF727FA2A206B
S31502003770FFF7F0F92046FFF7F3F805460621204643
S31502003780FEF734FA1620FFF7E5F915F480751FD017
S3150200379018212046FEF712FA2A20FFF7DBF9204607
S315020037A0FFF7DEF8054618212046FEF71FFA15F444
S315020037B0007F14BF02220122074B94F820400B20FF
S315020037C001A98DF804401A80FFF73AFF0BB030BD0D
S315020037D0014B1D800BB030BDF80B002270B51446AC
S315020037E0002201261C4B1D4D18601D4B20461960F8
S315020037F0114620232E80FEF759F900212046FEF7B6
S315020038001DFC00212046FEF767FD002122460846E0
S3150200381000F038FDB042054613D020F00206B6B2DB
S315020038200EB1284670BD31462046FEF7BDFC314634
S315020038302046FFF793FE20463146FFF7DDFE284677
S3150200384070BD20460021FFF789FE20460021FFF7C2
S31502003850D3FE284670BD00BFD00B0022400C0022CA
S31502003860A80B002238B5114C0023206014464FF0F5
S31502003870010C0F4A0F4D2046116019461A46A5F84B
S3150200388000C0FEF713F920460021FEF7D7FB2046BB
S315020038900021FEF70DFC20460021FFF75FFE2046C1
S315020038A0BDE838400021FFF7A7BE00BFD00B0022BB
S315020038B0A80B0022400C002270B500250C460646D5
S315020038C0194A1A4B2946204615801D80FEF79AFC96
S315020038D029462046FEF70CFC29462046FEF746FC02
S315020038E094F820302946012B0CBF4FF400624FF4A6
S315020038F080622046FEF7ECFA26F00203052B07D07B
S31502003900082E0AD094F82000BDE87040FFF7A6BC46
S315020039102046BDE87040FFF71FBB2046BDE8704059
S315020039200021FEF77FB800BF400C00223E0C0022A9
S3150200393003464FF0010C00B5074A8BB093F82030CE
S31502003940032001A9A2F800C08DF80430FFF778FE23
S315020039500BB05DF804FB00BF3C0C0022034600B529
S315020039608BB093F82030042001A98DF80430FFF7BC
S3150200397067FE0BB05DF804FB034600B58BB093F807
S315020039802030052001A98DF80430FFF759FE0BB04F
S315020039905DF804FB704700BF094B1A88012A00D064
S315020039A07047002200B58BB090F820C001A906200E
S315020039B08DF804C01A80FFF743FE0BB05DF804FBD6
S315020039C03C0C0022F0B5784C8FB094F8413094F854
S315020039D040209A4201D10FB0F0BD04EBC301486802
S315020039E034F833208078013A49888DF82000142A69
S315020039F01AD8DFE802F0504A441919191919191987
S31502003A00191919191919360B19292000674B5B6AFE
S31502003A10002B66D000226E46114630469847304645
S31502003A20FFF788FA94F84130013303F0070384F86C
S31502003A3041300FB0F0BD01F00705052D33D8DFE8A0
S31502003A4005F052303230323001F07002402A3DD059
S31502003A5036D8102AE8D1684600F056FF94F841306D
S31502003A60E2E7FEF771F89DF8200000F0F3FF402828
S31502003A70684631D000F076FF94F84130D4E76846C4
S31502003A8000F018FB94F84130CEE7684600F018FBC8
S31502003A9094F84130C8E7684600F0DCFA94F8413001
S31502003AA0C2E7FFF7F3F9424B1A8812F0600F56D1BC
S31502003AB0691E042971D8DFE801F0433D37312B0036
S31502003AC0602A03D001F050015029ADD1684600F0BA
S31502003AD08BFF94F84130A7E700F036FF94F84130A7
S31502003AE0A2E76E469BE7334B1B88012B2ED0304B49
S31502003AF01A8812F0600F32D16E4600232E492F4AE1
S31502003B0030460B80138001F043F894F841308BE77E
S31502003B10684601F0D7F994F8413085E7684601F026
S31502003B20C9FB94F841307FE7684601F0C9F994F879
S31502003B30413079E7684601F05FFB94F8413073E75C
S31502003B40684601F065F894F841306DE76E463046F6
S31502003B50FFF7CEF9164B1A8812F0600FCDD000236C
S31502003B60174918480F881849B0F800E0B1F800C0A4
S31502003B700E491648CE6A194662F30F036EF30F0119
S31502003B8067F31F436CF31F410360416016B1294678
S31502003B906A46B04794F8413046E707206946FFF780
S31502003BA08BFE94F841303FE7B00E0022080C00224B
S31502003BB0480C0022900C0022400C00223E0C0022EF
S31502003BC0460C0022440C0022420C0022000C002269
S31502003BD038B50F4BC58B044643F82500FFF77AF933
S31502003BE0012806D0284622460721FFF767FA002059
S31502003BF038BD29462046FFF7D5FC20B9284600F0F5
S31502003C00C7FB002038BD284600F00EFB002038BD59
S31502003C10800B0022002110B4054B064C198021802E
S31502003C204FF4FF7204485DF8044B03F091BE00BFE7
S31502003C30940C0022AE0E0022B00C00228446044BE5
S31502003C404FF4FF7200210348A3F800C003F080BEC0
S31502003C50AE0E0022B00C002287FF5F68054B03F10F
S31502003C60300283ED887EA3EC907E82ED807E83ED2A
S31502003C70807E7047500C0022014B9B681879704772
S31502003C80080C002230B5104B9B6893F802E0D978F5
S31502003C901A784EEA012E7245134412D205460020C6
S31502003CA0197893F801C00A44BCF1040F1C4692B27B
S31502003CB00B4403D1A178A94208BFE0789645EFD814
S31502003CC030BD002030BD00BF080C00222DE9F041B6
S31502003CD0264B9B68DC7893F802E01A780EEB042EEA
S31502003CE01FFA8EFE7245134437D20025204E2F4608
S31502003CF02C461DE0BCF1050F13D1AC4211D293F84C
S31502003D0002C093F902800CF00F0C4FEAD8780CEB44
S31502003D10081C07EB04085FFA88F8013426F81C80B1
S31502003D20A4B293F800C0624492B27245634414D2BC
S31502003D3093F801C0BCF1040FDCD193F8028093F82A
S31502003D4004C080450BD0BC441FFA8CF793F800C020
S31502003D506244D2B272456344EAD3BDE8F08193F875
S31502003D6003808845EFD16546F0E700BF080C0022C4
S31502003D70500C0022044B188820B1044B9B68D8795A
S31502003D80C0F34010704700BFAE0E0022080C00229E
S31502003D90024B9B68D879C0F380107047080C00224A
S31502003DA0092800D9704738B50446154600F034FB99
S31502003DB0032815D80138022822D8DFE800F00302CA
S31502003DC00A0038BD2A462046BDE83840042100F0E4
S31502003DD0A3BB2A462046BDE838400521FFF76EB947
S31502003DE0FF2806D12A462046BDE838401521FFF7AE
S31502003DF065B92A462046BDE838400721FFF75EB975
S31502003E002A462046BDE83840032100F085BB00BFA4
S31502003E10092800D9704770B504460E461546014674
S31502003E201046FEF765F92A463146204600F02AFA80
S31502003E30022813D008D9FF281AD12A462046BDE8FF
S31502003E4070401521FFF73AB921462846FEF7ACF92C
S31502003E5021462846BDE87040FFF780BB214628462A
S31502003E60FEF726F921462846BDE87040FFF776BBE5
S31502003E702A462046BDE870400721FFF71FB900BF5A
S31502003E80C18BC1B110B50D4B044653F8213023B195
S31502003E90FFF796FBB0F5404F0BD12046FFF71AF815
S31502003EA0012801D0FF2010BD2046BDE81040FFF7D3
S31502003EB08FBED52010BDFF20704700BF800B0022A9
S31502003EC0F0B51648164C174A174B89B0CDE90623AA
S31502003ED0CDE904404A689DED047FD2E90071D2E93A
S31502003EE003649068002908BF0146104B127D1C61CD
S31502003EF00F4DCDE90076DFF840E0039083ED057FB4
S31502003F005D62C3F828E002919DED007F094883EDCA
S31502003F10007FD86283F8302009B0F0BD3139000243
S31502003F20A93F0002993900025D390002080C0022FD
S31502003F3079390002F9530002953900022DE9F0475A
S31502003F40047894422AD20646174698464FF0000A4B
S31502003F504FF0FF0911E0BCF1050F08D15246414668
S31502003F60284600F0ADFB002818BF4FF0000995F86F
S31502003F7000C06444A4B2A7420DD9351995F801C010
S31502003F80BCF1040FE7D195F800C095F805A064448A
S31502003F90A4B2A742F1D84846BDE8F0874FF0FF0920
S31502003FA04846BDE8F08700BF2DE9F041274B04469D
S31502003FB01A880D46012A8AB033D00DF10408244B23
S31502003FC0C02D9A6822D0002A38D002215170DB68AF
S31502003FD00BB1072159701746FB78BE7894F820007A
S31502003FE006EB0326B6B200F0FDFB2346324629460F
S31502003FF03846FFF7A3FF94F82030012041468DF89A
S315020040000430FFF71DFB0AB0BDE8F081DF68DAB1C4
S3150200401007215170DB680BB102225A70002FDBD1E7
S31502004020FEE7002290F820100DF104088DF8041026
S31502004030062041461A80FFF703FBC0E7DB68002B28
S31502004040EED007225A70EBE73B46E4E73C0C00222F
S31502004050080C0022CB0711D50021024610B50446F2
S31502004060084600F0D9F9032810D019D8022807D13A
S315020040702046BDE810400021FFF7BEBA00F052BA52
S315020040802046BDE810400021FEF732B82046002146
S31502004090FDF7D4FF2146BDE810400520FFF70CBC12
S315020040A0FF2805D12146BDE810400720FFF704BCD2
S315020040B010BD00BFCB0700D5704700F065BA00BF40
S315020040C0CB0711D50021024610B50446084600F07A
S315020040D0D9F8022810D009D9FF2813D12146BDE804
S315020040E010400720FFF7E8BB00F07ABA2046BDE889
S315020040F010400021FEF786B82046BDE81040002198
S31502004100FFF77ABA10BD00BF38B5EFF303830E4A44
S31502004110103B5BB252F823500C4CA878FFF71EF8FE
S3150200412094F84030D80004EBC3035D60811CAA7882
S3150200413018462144FEF7ACFD94F84030013303F0F3
S31502004140070384F8403038BD20130022B00E002247
S31502004150F8B5154604460F4601461046FDF762FCC1
S3150200416021462846FDF7C4FF21462846FDF7FEFFF5
S31502004170134E21462846FEF745F821462846FDF706
S31502004180BDFC56F82430CBB10E4A284652F82420FC
S3150200419021461A6156F824309F8456F82450FEF7B9
S315020041A04DFA0022E88456F824301146DC8356F88C
S315020041B0240043689847002346F82430F8BD00BF20
S315020041C0800B0022D00B002291F82010114B01EB3C
S315020041D0810101EB810103EB8103C10801F01001AA
S315020041E000F00F004FF0010C0922084305E0013AE6
S315020041F00CF1010C03F10A030AD059890129F6D1FF
S31502004200998901F01F018842F1D11FFA8CF070479B
S31502004210FF207047B80A00220020704708B5FDF754
S3150200422079FCC0F3C01008BD092800D9704770B5E3
S315020042300446114B014653F8205028462E69FDF7D5
S31502004240F1FB0E4A0E4B42F82460AA682146284624
S3150200425043F82420FEF740F821462846FEF700F8E8
S3150200426020462A460021FFF7D3FD21462846BDE80F
S315020042707040FFF7C1B900BF800B0022D00B0022AD
S31502004280A80B00222DE9F04F092883B059D815460C
S3150200429050EA010204460E4667D00A46002301464A
S315020042A02846FDF7D5FBFF284BD021462846FDF7C9
S315020042B077FA0746DFF8D08021462846FFF75EF9EF
S315020042C058F82430BB46BB4229D94FF00209214691
S315020042D02846FFF749F9DFF8B4A02146019028469F
S315020042E0FDF7A0FB2B46314638465AF82420FEF746
S315020042F037FE58F824304AF824009B4527D8DB1BA2
S3150200430048F8243021462846FDF7E6FF019B03F0D4
S315020043100303012B2FD0484603B0BDE8F08F9FB2AE
S3150200432067B1B7FBF0F300FB13739BB233B9B4FA70
S3150200433084F94FEA59194FEA4909C8E74FF00109CA
S31502004340C5E74FF0FF09484603B0BDE8F08F0023EA
S315020043503146284648F82430FDF700FE0304D1D43E
S3150200436031462846FDF730FECCE720231146284683
S31502004370FDF76EFB97E728462146FFF73DF94846CB
S3150200438003B0BDE8F08F00BFD00B0022A80B0022BD
S31502004390092800D9704770B51C4B044653F82060B3
S315020043A0014630463569FDF73DFB00231849194A97
S315020043B041F82450B168304642F8241021461A4684
S315020043C0FDF774FB21463046FFF7D8F84DB1B5FB31
S315020043D0F0F200FB125092B288B921463046FDF740
S315020043E07BFB21463046FFF707F921463046FDF7AB
S315020043F05FFE21463046BDE87040FFF7AFB8013296
S315020044002146304692B2FDF767FBEAE7800B0022AF
S31502004410D00B0022A80B002209282DE9F04739D833
S31502004420164604460A468846002301463046FDF7EC
S315020044300FFBFF2805462DD0354F21463046FFF7A4
S315020044409DF857F82430C5F30B05AB42AA4633D381
S315020044503FD025B3B5FBF0F300FB13539BB2002B01
S3150200446043D021463046FDF7DDFA4FF001092846D2
S31502004470284D3346414655F82420FEF7D5FD45F82A
S31502004480240057F824304846A3EB0A0347F82430A1
S31502004490BDE8F0874FF0FF094846BDE8F0872146A0
S315020044A03046FDF7BFFA4FF0010941463046FDF7A7
S315020044B0C5FD4FF0000AE4E721463046FDF7B2FAA1
S315020044C057F8243047F824509DB24FF00309AA4604
S315020044D0CDE79CB9B5FBF0F300FB13539BB23BB996
S315020044E04FF00209002DE0D0C1E74FF00209BEE706
S315020044F021463046FDF796FAA146B8E721463046F0
S31502004500FDF790FA4FF00009002DCED0AFE700BFBD
S31502004510D00B0022A80B0022092800D97047FFF70A
S3150200452017BE00BF2DE9F843012407460D4626466D
S31502004530DFF8509002E001340A2C1BD006FA04F38D
S315020045401D42F8D01FFA84F841463846FDF7C4FEEC
S3150200455059F82430002BEED041463846FFF722F8B0
S3150200456010283A4608D0002140460134FFF718FCCD
S315020045700A2CE3D1BDE8F88340460021FFF748FC48
S31502004580D9E700BF800B00222DE9F84301248046BB
S315020045900D462646DFF8449006FA04F31D420AD079
S315020045A059F82430A7B233B139464046FFF708F826
S315020045B0B0F5404F04D001340A2CEDD1BDE8F883A2
S315020045C04046FDF7A7FE0304424647BF052138468B
S315020045D038460721FEF772FDEDE700BF800B002289
S315020045E02DE9F047012406460D462746DFF8C89016
S315020045F0DFF8C88007FA04F31D4227D059F82430A1
S3150200460023B396F820301FFA84FA03EB830304EBF4
S31502004610430338F81330012B18D051463046FEF7C3
S31502004620A3FF810736D451463046FEF707F8420407
S3150200463039D496F82030504603EB830304EB430348
S315020046403246012128F81370FFF782FD0134062C49
S31502004650D0D10127DFF8609007FA04F31D420FD08C
S3150200466059F824301FFA84F853B141463046FEF712
S315020046707BFF8307324608D540460621FEF71EFD1C
S3150200468001340A2CE8D1BDE8F08701214046FFF744
S315020046905FFDF5E75046324606210134FEF70EFD70
S315020046A0062CA7D1D5E7514630460134FDF77CFDED
S315020046B0062C9FD1CDE700BF800B0022900A002274
S315020046C00346407805280ED12DE9F04393F803C03E
S315020046D00CF0030CBCF1020F1ED0BCF1030F04D088
S315020046E00020BDE8F0830020704793F9020093F89A
S315020046F002C00028F4DA022AF2D1642091F820904E
S31502004700374A00FB0920808F0028E9D14FF0060EB8
S3150200471048F21008704613E093F9024093F802C07B
S31502004720002C49DB0A2ADBD1642491F820902C4A1A
S3150200473004FB0924648E002CD2D186464FF48548A8
S3150200474064279E880123002407FB09F90EEB8E05D8
S3150200475009EB450922F8093091F820300CF00F0CCC
S3150200476007FB03F303EB450348EA0C081344A3F8DB
S31502004770028091F820304FEA8E0C07FB03F303EB1D
S3150200478045031344DE8091F8203007FB03F303EB65
S31502004790450313441C8191F82030012BA1D1042832
S315020047A01BD0052847F6484318BF0023F44402EB02
S315020047B04C0CACF8683094E70A2A91D1642091F83F
S315020047C02090074A00FB0920008D002888D14FF06F
S315020047D0040E44F210287046B2E747F60843E5E7AE
S315020047E0B80A00224FF0640C0A2110B509220024EF
S315020047F01CFB001C00EB800E0EEB8E0E0A4B4FEAE2
S315020048008E0E33F80C10012908D103EB0E01012894
S31502004810C1F80A4008BFA3F872400C61013A03F1DD
S315020048200A03EED110BD00BFB80A00222DE9F041FD
S31502004830012464270546244E02E001340A2C2BD0BB
S3150200484095F8203004EB840207FB03F303EB4203E3
S31502004850F35A012BF1D100212846FDF7C5FA1FFABA
S3150200486084F800F00F00404518D001212846FDF7D4
S31502004870BBFA00F00F0040451ED002212846FDF784
S31502004880B3FA00F00F0040450FD0414628460134E6
S31502004890FCF7ACFF0A2CD3D1BDE8F08100232846F1
S315020048A01A461946FDF702F9DFE7002302222846D7
S315020048B01946FDF7FBF8E8E70023012228461946C8
S315020048C0FDF7F4F8D9E700BFB80A0022F8B50124CB
S315020048D0642705460B4E02E001340A2C11D095F8E6
S315020048E0203004EB840207FB03F303EB4203F35A83
S315020048F0012BF1D1A1B228460134FDF727F80A2C83
S31502004900EDD1F8BDB80A002238B504460C4D00F0C8
S31502004910C1F8FFF77FF92046FEF784FE6B6923B1E3
S31502004920084A014612882046984720460021FDF78C
S3150200493069FD2B682046D979BDE83840FDF796BD5A
S31502004940080C0022F80B002210B504460A20FEF7D6
S3150200495001F92046FEF702FF94F82000BDE8104058
S31502004960FEF714BC2DE9F0410546FDF7F9F895F876
S315020049702000FEF71FFC00231749184A012464276A
S31502004980174E0B80138002E001340A2C18D095F8DA
S31502004990203004EB840107FB03F303EB4103F35AD4
S315020049A0012BF1D11FFA84F82A4608214046FEF768
S315020049B085FB013441462846FCF7C8FF0A2CE6D19E
S315020049C0084BDB692BB12846BDE8F04100221E21C7
S315020049D01847BDE8F08100BFAE0E0022940C0022FB
S315020049E0B80A0022080C002270B5044690F820008E
S315020049F0FEF7F0FB94F82000FDF722FC0546204660
S31502004A00FDF70CF96B0603D500F00300012809D067
S31502004A1094F82000FEF702FC94F82000BDE87040EE
S31502004A20FEF7ECBB94F82000FEF7A8FB00F034F882
S31502004A30054B1B6A33B105492046BDE8704000228A
S31502004A400988184770BD00BF080C0022940C00228A
S31502004A50FEF782BA70B506463046FDF7F1FB05460B
S31502004A600A20FEF773F83046FDF7EAFB04460A20F1
S31502004A70FEF76CF83046FDF7E3FB85EA0403444093
S31502004A8023431B06E8D415F0800F0CBF43204020B9
S31502004A9070BD00BF704700BF704700BFF8B5002465
S31502004AA0282705460E4640220021254802F050FFDF
S31502004AB04FF4FF720021234802F04AFF224A23499B
S31502004AC01480234A0C80148022482349234A0480F6
S31502004AD00C8014802249234A2348244B0C801480DC
S31502004AE021460460342222481C605C6002F030FFDA
S31502004AF021463A461F4802F02BFF3A4621461E48F7
S31502004B0002F026FF4FF00E3C1C491D4B3A46C1F8F7
S31502004B1000C0C1F804C0A1F808C01A4821461C60AA
S31502004B205C609C60DC601C6102F012FF164B174A47
S31502004B301C80148031462846BDE8F840FFF7C0B90C
S31502004B40500C0022B00C0022480C0022920C0022CB
S31502004B50420C0022460C0022440C00223E0C00228B
S31502004B60400C00223C0C0022AC0C0022000C00225D
S31502004B70080C0022A80B0022D00B0022561100229C
S31502004B80980C0022800B0022940C0022AE0E00220A
S31502004B902DE9F0410025174B174A1B88158003F4AF
S31502004BA07F43B3F5106F0ED0B3F5306F19D1134BA7
S31502004BB09B6AB3B1124A134914882A4631F8141073
S31502004BC0BDE8F0411847104E104F04463088B7F83A
S31502004BD00080FFF733F83388434502D0074B9B69C1
S31502004BE00BB9BDE8F0812A4620463988BDE8F04176
S31502004BF0184700BF480C00223E0C0022080C002277
S31502004C00440C0022B00C0022460C0022AE0E0022FA
S31502004C1070B59F4B04461B8803F47F42B2F5006FC2
S31502004C2065D017D8002A37D0B2F5C06F15D113F068
S31502004C301F0275D1974B1A88130A013BD5B2062B70
S31502004C400BD8DFE813F0AB008E00EB000A000A0077
S31502004C50DD00BE00B2F5206F04D02046BDE87040EC
S31502004C60FEF77AB903F01F03012BF6D1894B1B8895
S31502004C70002BF2D1884B18880128EED1874B1B886E
S31502004C80FE2BEAD8864A874932F8133022460B7041
S31502004C90BDE87040FEF7A2BD7E4A1288002ADCD12A
S31502004CA07D4A1288022AD8D14FF000027E4D03F0C7
S31502004CB01F03012B2A8000F0CB80022B00F0BA8062
S31502004CC0002BCAD1754B1B88002BC6D1FFF760F8A3
S31502004CD0764B28701B88012B04BF40F00200287017
S31502004CE02246BDE8704002206F49FEF777BD6B4948
S31502004CF0684A0888128803F01F0142EA00030B4340
S31502004D009BB2002BA9D1644B18880128A5D1684B08
S31502004D1068491B8822460B70BDE87040FEF75EBDEF
S31502004D20012A9AD100225C495C4DB1F800C0624961
S31502004D30B5F800E0CD6A1146564863F30F020688BD
S31502004D406EF30F015D4866F31F426CF31F4102606A
S31502004D504160002D6DD022462B46BDE870400021F1
S31502004D6018474E4B1B882B437FF477AFFEF75AFC4E
S31502004D70514BC028D3E9021308BF1946464A8B781D
S31502004D801588CA7803EB022398B2A84222467FF618
S31502004D907FAF2846BDE87040FEF720BD3F4B1B881B
S31502004DA02B437FF45AAF444A3B4B116818880B7861
S31502004DB0224683423FF66CAFBDE870401846FEF7C6
S31502004DC00DBDFFF72BFA01287FF447AF334B1B8843
S31502004DD02B437FF442AF2046FEF724FC0546364BB2
S31502004DE0C02DD3E9022108BF11462B48CA788B7819
S31502004DF0008803EB02239BB283422246DCD947E7B3
S31502004E00FFF70CFA01287FF428AF244B1B882B43AB
S31502004E107FF423AF284A204B5168C7E7264B93F805
S31502004E203020AA427FF619AF1A691B4B52F8251099
S31502004E30BCE770BD194E3388190716D190F82000C9
S31502004E40FDF72CFB82077FF54BAF01232B7047E75B
S31502004E50FEF740F801287FF400AFFEF70DFF0F4B77
S31502004E601B888342FFF43CAFF7E6FEF733F80128CE
S31502004E707FF4F3AE21463088FFF7A6F9FF280146F4
S31502004E803FF4EBAE2046FEF76FFB8307DDD427E740
S31502004E90480C0022460C0022420C0022440C00223E
S31502004EA0B00C0022F40E0022FC0E0022940C00220A
S31502004EB0AE0E0022F80E0022080C0022000C002280
S31502004EC0FEF74AB82DE9F041AD4D04462B888AB06B
S31502004ED003F47F42B2F5A06F00F0B9801DD9B2F596
S31502004EE0106F7FD0B2F5306F09D1FDF7F3FF0128BD
S31502004EF005D12B8803F01F03012B00F0BA80204650
S31502004F00FEF72AF89F4E3388012B2BD0214600202C
S31502004F10FEF7D2FC0AB0BDE8F081B2F5807F45D03B
S31502004F20B2F5407FEBD1984A1288002AE7D113F0F6
S31502004F301F0300F0DD80022BE1D1944B944A1B88BB
S31502004F401088002BDBD1020707D02146FFF73CF978
S31502004F50FF28D4D02146FDF7F9FF00212046FEF7AF
S31502004F604BFBCFE7002393228DF803201A461F46F8
S31502004F7086492D88098865F30F0361F31F4303935E
S31502004F8094F8203082488DF800307F4B00881B88C9
S31502004F9060F30F0263F31F42694608200297ADF8D9
S31502004FA004700492FEF74CFB3780AFE7764A12880C
S31502004FB0002AA4D113F01F0300F08480022B9ED195
S31502004FC0724A734B12881B88002A98D113F00F0677
S31502004FD040F097803146FEF715FB31462046FEF734
S31502004FE00BFB8FE7DB068AD16A4B684F9A683B88D0
S31502004FF052799A4201D0002B81D1654A624B1688BA
S315020050001B881E43B6B2002E7FF479AF3146204686
S31502005010FEF7F2FA3B88002B3FF474AF5E4A128821
S315020050209A423FF46FAFFEF717FEFEF725FE0746DC
S3150200503030B1B0B200210136FEF748FEB742F8D1D0
S315020050402046FFF743FC2046FFF7F0FB5AE7504A9B
S315020050504D491288098803F01F030A4313439BB282
S31502005060002B7FF44CAF494B1B887F2B7FF675AF25
S3150200507045E7FEF701FE464F3B889842FFF43FAFF5
S31502005080414A1688002E7FF43AAF1846FEF7FAFD1B
S315020050903E4B1B889842FFF432AF3888DFF8108106
S315020050A0DBB228F8103031462046FEF7A5FAFEF7A5
S315020050B0D3FD388838F81010FEF708FE2046FFF7B1
S315020050C0B5FB1FE7314B1B88012B7FF418AF304B22
S315020050D01E88002E7FF413AFFEF74CFE01287FF4E4
S315020050E00EAF2E4B314620461E80FEF785FA09E7A3
S315020050F0264B1B88012B5DD0022B2BD0FFF7A8FC79
S3150200510000E701461846FFF75FF8FF2806463FF418
S31502005110F6AE01462046FEF727FA0128314620461A
S315020051205AD0FEF76FFA31462046FDF717FB0021EB
S315020051302046FEF761FA1A4B33F81620012A7FF44D
S31502005140E1AE0022174920460F6823F816201146C1
S31502005150B847D7E6FEF766FAC0287FF4D0AE0C4B06
S315020051601B88A3F5804211047FF5C9AE01260E49BC
S315020051700E4A0B80204600211680FEF73DFAC1E654
S31502005180480C00223E0C0022420C0022460C002251
S31502005190440C0022080C0022AE0E0022940C0022BF
S315020051A0980C0022AC0C0022920C0022900C0022D9
S315020051B0B00C00220E4B1E88002E7FF4A0AEFEF726
S315020051C0D9FD012803467FF49AAE0A4A31462046A3
S315020051D01380FEF711FA95E6FCF724FC31462046C9
S315020051E0FDF7BCFA31462046FEF706FA9FE700BFF6
S315020051F0440C0022940C0022F0B5294E0446338852
S315020052008BB003F47F43B3F5006F06D013D9B3F521
S31502005210206F02D0B3F5406F12D1224D00212046F5
S31502005220FEF7EAF92B88012B11D021460020FEF762
S3150200523043FB0BB0F0BD002BEFD0B3F5C06FECD043
S31502005240184D2046FDF788FE2B88012BEDD1002351
S3150200525093228DF803201A461F4613493688098879
S3150200526066F30F0361F31F43039394F820300F484C
S315020052708DF800300E4B00881B8860F30F0263F333
S315020052801F426946082004920297ADF80470FEF7A1
S31502005290D7F9214600202F80FEF70EFB0BB0F0BD9A
S315020052A0480C00223E0C0022460C0022440C00222E
S315020052B0420C0022F0B5224E044633888BB003F42A
S315020052C07F43B3F5E06F0BD01E4DFDF745FE2B88ED
S315020052D0012B0CD021460020FEF7EEFA0BB0F0BDF2
S315020052E0184D0021FEF788F92B88012BF2D10023F5
S315020052F093228DF803201A461F46134936880988D9
S3150200530066F30F0361F31F43039394F820300F48AB
S315020053108DF800300E4B00881B8860F30F0263F392
S315020053201F426946082004920297ADF80470FEF700
S3150200533087F9214600202F80FEF7BEFA0BB0F0BD9A
S31502005340480C00223E0C0022460C0022440C00228D
S31502005350420C0022024630B50C468BB051680068FA
S3150200536004AB03C320460021FEF746F9002593232A
S3150200537094F8202001A908208DF804208DF8073022
S315020053800395ADF80850FEF75BF9044B2146284613
S315020053901D80FEF791FA0BB030BD00BF3E0C002215
S315020053A0024630B50C468BB05168006804AB03C3A5
S315020053B020460021FEF720F9002593220C4B94F893
S315020053C020C01968BDF8163008205B1A01A98DF8AD
S315020053D004C003938DF80720ADF80850FEF730F9A4
S315020053E0044B214628461D80FEF766FA0BB030BDF7
S315020053F0D00B00223E0C002210B5034600888CB06A
S3150200540000F06000202801D0402806D105295FD887
S31502005410DFE801F02F19501957354FF0930C00248D
S315020054201868596892F8202006AB8DF80FC003C39E
S31502005430072003A98DF80C200594ADF81040FEF75D
S31502005440FFF80CB010BD00244FF0930C1868596891
S3150200545092F8202006AB8DF80C2003C3072003A97F
S315020054600594ADF810408DF80FC0FEF7E9F80CB0C0
S3150200547010BD00231A491B4A0B801380E1E7002462
S315020054804FF0930C1868596806AB03C392F82030A4
S3150200549003A9072001928DF80C300594ADF810404F
S315020054A08DF80FC0FEF7CCF8019A20461146FEF79A
S315020054B003FAC6E7114618460CB0BDE81040FFF7DE
S315020054C049BF114618460CB0BDE81040FFF768BF49
S315020054D0114607200CB0BDE81040FEF7EDB900BF3B
S315020054E0400C00223E0C00220E2370B5154C0B70A8
S315020054F00D460646FEF7FEF894F801C0237863458A
S315020055001DD0B6460CEBCC0C04EB8C0C0CF10C0C3F
S31502005510BCE80F00AEE80F00637823449E78BCE82F
S315020055200F00AEE80F00DCF80030CEF800302E7027
S3150200553063780133DBB2092B88BF00236370002036
S3150200554070BD00BF54110022F0B58A783D4F02703B
S31502005550CB783D4E03F07F03C3700B6A8FB0836135
S31502005560CB6947F822300378F25C012A55D00A78D3
S315020055700D46012A044603D00221344A22F81310AA
S3150200558031787378194342D000214FF0010E237807
S315020055902F4FDFF8C8C047F8231006F803E0237838
S315020055A04FF40C722B482CF8131002F0D1F92B7819
S315020055B0012B02D100200FB0F0BD2078FDF702FAD0
S315020055C00028F8D129462046FFF768FA29462078AE
S315020055D0FDF720FA6B78022B23D02078FDF756FED2
S315020055E02078FFF737FA402822D02B78012BE1D01A
S315020055F0227857F8223043F0010347F82230227806
S3150200560057F8223043F0020347F82230D2E74FF42C
S31502005610BA72114802F09CF9B6E740F2DD500FB0BB
S31502005620F0BD237868468DF82030FCF7B1FAD4E74E
S315020056302078FCF789FA0A20FDF78CFA2078FDF724
S31502005640A5FDD2E748110022000F00220C0F00220E
S31502005650040F0022100F00225411002250110022C2
S3150200566070B506230C46294A0178294E32F81110E4
S31502005670A37003788EB056F8231071B332F8132054
S315020056808DF8203093B2012B02D100200EB070BDEE
S315020056900023054623706846FDF7C4FF802827D0FD
S315020056A0A0F1C000B0FA80F040094000607028788E
S315020056B0FCF7C6FD00F07003202B1BD011D9302B4E
S315020056C01BD02F2B10D9602B04D01CD800F0600001
S315020056D0402809D10423A37006E040F2DC500EB044
S315020056E070BD6BB10123A3700A4B1B88E370CCE734
S315020056F00120DBE70223A370F6E70323A370F3E797
S315020057000623A370F0E7702BE4D0EDE70C0F00221E
S31502005710040F0022F80B0022F0B504461646124F7B
S31502005720027883B037F812000D4680B2022804BF11
S3150200573003F07F03E3702046627801A9FFF790FF2A
S315020057409DF80630032B03D040F2DC5003B0F0BDC7
S31502005750324629462046FDF795FE0028F6D0D52882
S31502005760F2D140F2DD50F1E70C0F0022F0B504460B
S315020057701646124F027883B037F812000D4680B2F1
S31502005780022804BF03F07F03E3702046627801A972
S31502005790FFF766FF9DF80630032B03D040F2DC507C
S315020057A003B0F0BD324629462046FDF795FE002895
S315020057B0F6D0D528F2D140F2DD50F1E70C0F0022E7
S315020057C0F0B583B00E46174601A942780546FFF7A3
S315020057D047FF60B904463A4631462846FDF7E4FDDE
S315020057E0D52809D0FF2802D0204603B0F0BD40F2EA
S315020057F0DC54204603B0F0BD40F2DD54204603B02F
S31502005800F0BD00BFF0B583B00E46174601A9427837
S315020058100546FFF725FF60B904463A463146284653
S31502005820FDF7EAFDD52809D0FF2802D0204603B0AD
S31502005830F0BD40F2DC54204603B0F0BD40F2DD5428
S31502005840204603B0F0BD00BF70B582B00E46427866
S3150200585001A90546FFF704FF40B9044631462878F8
S31502005860AE80FDF783FD204602B070BD40F2DC54E7
S31502005870204602B070BD00BF03460020C3E90512F0
S31502005880704700BF844610B4006A836823F440134D
S315020058908360DCF82040A36C5800FCD5A36823F093
S315020058A01003A360DCF82040237FC3F30010DB065D
S315020058B0FAD4CCE90312A36843F01013A3605DF88F
S315020058C0044B704730B40124164D530902F01F0CE5
S315020058D0203304FA0CF445F82340BFF34F8FBFF38D
S315020058E06F8F114B02F5C65C53F82C4024F48034BA
S315020058F043F82C4053F82C300901002AC9B207DBC1
S315020059000A4B154485F8001343F8220030BC704751
S31502005910074B02F00F0423441976044B43F8220086
S3150200592030BC704700E100E0006000402013002216
S31502005930FCEC00E0F0B5846A85B005460F46944655
S315020059406E46B4B194E80F0086E80F00EB69204674
S315020059501B78A760236084F804C0EB6AE3606B6A75
S315020059609847AC6A1CB196E80F0084E80F0005B0B0
S31502005970F0BD3446EAE700BF00222DE9F0410127D7
S315020059800B78027003F5800303F556531B0203627C
S31502005990C1614B690D4643628B690446C0E90A231D
S315020059A08378CE6967F3010383704B78934214BF01
S315020059B03A460222837862F30103837091F90B203F
S315020059C0897AFFF77FFF95F905202979FFF77AFF94
S315020059D095F90720A979FFF775FF95F90920297A24
S315020059E0FFF770FFEFF3108887F310884FF000413E
S315020059F02A787A4BD1405A6822EA01025A605B68D9
S31502005A009620394601F066FD88F310884FF48062CD
S31502005A10236A9A606B78E978EA691B02890301F4C2
S31502005A20804103F440730B4311785068090601F074
S31502005A3040710B435178C90389B20B43517B490527
S31502005A4001F400110B43216A43F480534B6113782E
S31502005A50991EB94240F2BB800368216A0B61117B31
S31502005A60AB7801F0030141F0300133B1022B14BFD0
S31502005A704FF440734FF480731943002093781B0749
S31502005A8003F080530B43216ACB60216A01238861AC
S31502005A9040F21F21287883400B4202D0236A5049E4
S31502005AA059620021937BD07B127C00F01F0003F029
S31502005AB0010343EA002302F01F02206A43EA02437B
S31502005AC00363C4E90311C4E90511226A75894548CD
S31502005AD025819066E269444B92F9052002F5C6508B
S31502005AE053F8205061F3104543F8205053F8200034
S31502005AF0BFF35F8F012002F01F055209920002F1E7
S31502005B00604202F5614200FA05F5C2F8805115605D
S31502005B10E26992F90B2002F5C65553F8256061F346
S31502005B20104643F8256053F82550BFF35F8F02F005
S31502005B301F055209920002F1604200FA05F502F5CC
S31502005B406142C2F880511560E26992F9072002F5B6
S31502005B50C65553F8256061F3104643F8256053F89D
S31502005B602550BFF35F8F02F01F055209920002F122
S31502005B70604200FA05F502F56142C2F880511560ED
S31502005B80E26992F9092002F5C65553F8256061F3D8
S31502005B90104643F8256053F82530BFF35F8F53094B
S31502005BA09B0002F01F0203F16043904003F561433C
S31502005BB0C3F8800118600D4A236A9A60226A137F2D
S31502005BC0DB07FCD50A4B00206360BDE8F08109497A
S31502005BD0022B094B18BF0B463FE700BF003020409F
S31502005BE000001F1F1000079D006000401104010005
S31502005BF04249435304FF00FF24FF00FFEFF30383F0
S31502005C00103B204A5BB203F5C65152F8210020F43C
S31502005C10803042F8210052F821201B4A52F8230014
S31502005C20C3691B6983B1036903B17047026A002124
S31502005C30936823F4801343F400139360436AC160AC
S31502005C40C3B18022FFF776BE0369026A002BEED04B
S31502005C508378C16803F00303022B0CD00B7813710F
S31502005C608278D0E9031302F003029B1A1144C0E9B9
S31502005C700313D9E770470B8823F4DC439BB25360C6
S31502005C80EEE700BF006000402013002210B582B08C
S31502005C90EFF30383103B1F4A5BB203F5C65152F87A
S31502005CA0210020F4803042F8210052F821201A4ABD
S31502005CB052F82340A27802F00303022B236A0CBF98
S31502005CC019681978A3690CBFC1F30801C9B2019119
S31502005CD043B9636AB3B10422204602B0BDE810405C
S31502005CE0FFF728BE02F0030201A9606901F038FE3F
S31502005CF0D4E90521A37803F003031A44C91AC4E9B7
S31502005D00052109B102B010BD636A002BFAD0012247
S31502005D10E2E700BF006000402013002210B5EFF357
S31502005D2003830F4A103B5CB252F82400026A93685E
S31502005D3023F4401323F010039360436A1BB102223B
S31502005D400021FFF7F7FD074A04F5C65352F8231060
S31502005D5021F4803142F8231052F8233010BD00BFDF
S31502005D60201300220060004038B5EFF303831D4A7A
S31502005D70103B5CB252F824008378056A03F00303F1
S31502005D80022B0CBF29682978AA6C08BFC1F3080147
S31502005D90C2F30073C2F3006C4FEA031343EA4C13D7
S31502005DA0C2F3C06243EAC20C18BFC9B2DB0662463E
S31502005DB004D5AB6C1B0458BF4CF04002AB6E43F0EB
S31502005DC0C853AB66436A0BB1FFF7B4FD064A04F546
S31502005DD0C65352F8231021F4803142F8231052F8A8
S31502005DE0233038BD2013002200600040002001232A
S31502005DF08242CAB203FA02F39AB24FEA034308BFD7
S31502005E001A460B0A5B0103F1804303F580039A608D
S31502005E10704700BF2DE9F84F0388DBB14FF0000A47
S31502005E2080464FF00109DFF8D4B00024314D4FEA25
S31502005E30CA07D8F8043035F8022BD9198988914255
S31502005E400AD00134032CF4D1B8F800300AF1010A61
S31502005E505345EAD8BDE8F88FDB5909FA04F603F090
S31502005E60B853B3F1807F244BF6B293F84C2C12D080
S31502005E70324230D104F120021BF81230DB09E0D0A5
S31502005E801BF81230012123F08003C8200BF81230D0
S31502005E9001F020FBD5E7324210D004F120021BF8B4
S31502005EA01230DB09CDD11BF81230012143F08003F9
S31502005EB0C8200BF8123001F00DFBC2E7012001F0F9
S31502005EC0B1FB0D4B012093F84C2C324383F84C2C3A
S31502005ED001F078FBE1E7012001F0A4FB064B01206B
S31502005EE093F84C2C22EA060283F84C2C01F06AFB4A
S31502005EF0C0E700BF7483000200E00140002020409A
S31502005F00F8B50646FFF786FFEFF31082012383F307
S31502005F101088234F3B681BB9402022490B75087530
S31502005F203B6801333B6082F31088338800211BB340
S31502005F301D4D08E01B01134445F823403288013108
S31502005F408BB29A4218D9736853F8314003EBC102F7
S31502005F509288E0034FEA1223D2B2EBD502EB03108A
S31502005F6055F820E024F4803C2EF4803E45F820E0EB
S31502005F701B0145F820C0DEE7EFF31082012383F30D
S31502005F8010883B6813B13B68013B3B603B681BB919
S31502005F90802004490B75087582F31088F8BD00BF8E
S31502005FA018130022000D40400008404008B5034B7C
S31502005FB003600846FFF7A4FF002008BD54524F5065
S31502005FC00346002059601A72704700BF84460020BB
S31502005FD0CCE90E32CCF83410704700BF0346044AAF
S31502005FE0DB6800209B1AB3FA83F35B090B707047D8
S31502005FF04349495270B5856B82B004460B466E46DC
S3150200600055B395E8030086E80300E26B2B712A601C
S3150200601023685A6912B194F82910B9B19B6913B170
S3150200602094F829206AB9636B28469847A36B1BB17B
S3150200603096E8030083E80300002384F82B3002B0BD
S3150200604070BD9A68186813699847ECE793681068F8
S315020060501B6998472368E1E73546D6E730B5424BD8
S3150200606083B01B6A01690193019B03F00F2301931D
S31502006070019A019D0B7C90F82C4094B9C2F303223D
S31502006080DBB2A2EB156293409B0804D1082003B051
S3150200609030BD013BFAD04A78D209FAD1B323CB718B
S315020060A00169002390F826408569026880F82B3042
S315020060B0C56180F82D3080F8274080F82E3080F8B0
S315020060C0283080F82F30036280F83030546A227804
S315020060D094F801E0012A14BF4FF0040C4FF0050CAE
S315020060E06279120142EA4E0294F806E042EACE12C0
S315020060F04CEA0202D2B2CA7001690A7942F010026F
S315020061000A7101690A7963F3C3020A7101690A799C
S3150200611063F304120A710269E179137961F3C71311
S3150200612013710269537943F001035371036893F9BA
S315020061300F30002B07DB012203F01F040B495B091A
S31502006140A24041F82320BF220369DA7190F82C306D
S315020061502BB1002380F82C30002003B030BD022280
S3150200616003695A70F8E700BF00E0014000E100E071
S3150200617090F808C0C0E90512BCF1010F80F82A3078
S3150200618008D10022436880F826C05B0080F82430DC
S3150200619080F82520002380F82930FFF75FBF00BF73
S315020061A090F808C0C0E90512BCF1010F80F82A3048
S315020061B00AD10022436880F826C05B0043F001033F
S315020061C080F8243080F82520012380F82930FFF753
S315020061D045BF00BF70B54FF01F0E4FF05F0CDF24B6
S315020061E00369874E83F800E00369002583F800C03F
S315020061F00369B3221C70036804695B6A1B7943F066
S31502006200E0032374036804695B6ADB7843F0E00306
S315020062106374036804695B6A9B781B0103F070036D
S3150200622043F00803A370036804695B6A93F800C02D
S31502006230BCF1010F93F801C014BF0423052343EAFE
S315020062404C03DBB2E37003685B68B34214BF772486
S31502006250F72403695C7103699D710369DA7191F927
S3150200626011204B7BAA42C0F2AC801B0102F16044B2
S31502006270DBB204F5614484F80033624C624B44F8A5
S31502006280220002F5C65553F8256026F4803643F8F7
S31502006290256053F82530BFF35F8F4FF0010C530989
S315020062A09B0002F01F0203F1604303F561430CFAFF
S315020062B002F2C3F880211A6091F90F204B7B002A63
S315020062C0C0F296801B0102F16045DBB205F561451D
S315020062D085F800334C4B44F8220002F5C65553F8B4
S315020062E0256026F4803643F8256053F82530BFF33F
S315020062F05F8F4FF0010C53099B0002F01F0203F15E
S31502006300604303F561430CFA02F2C3F880211A6076
S3150200631091F910204B7B002A63DB1B0102F16045D9
S31502006320DBB205F5614585F80033374B44F82200A8
S3150200633002F5C65C53F82C5025F4803543F82C50F0
S3150200634053F82C30BFF35F8F4FF0010C53099B00BB
S3150200635002F01F0203F1604303F561430CFA02F2F5
S31502006360C3F880211A6091F90E204B7B002A30DB9C
S315020063701B0102F16041DBB201F5614181F8003394
S31502006380214B44F8220002F5C65153F8214024F469
S31502006390803443F8214053F82130BFF35F8F012147
S315020063A053099B0002F01F0203F1604303F56143A8
S315020063B001FA02F2C3F880211A609F2203691A7059
S315020063C070BD124C02F00F051B01DBB22C44237682
S315020063D053E70E4902F00F051B01DBB229440B7687
S315020063E0CEE70B4D1B0102F00F06DBB2AB559CE765
S315020063F0074D1B0102F00F06DBB2AB556AE700BF81
S3150200640040420F002013002200600040FCEC00E036
S3150200641014ED00E070B50D4600220978384B056090
S315020064200B441B020361AB68044643602B7B037279
S31502006430EB6943632B6AC0E90E23EFF31086012151
S3150200644081F310882F4A2B785068C3F1090301FAA9
S3150200645003F320EA030353605368962001F03AF8E7
S3150200646086F3108829462046FFF7B4FEAB695BB176
S315020064704FF400215A6812681160D3E901121868B4
S3150200648012689047064628BB6B695BB14FF0006104
S315020064905A6812681160D3E90112186812689047A7
S315020064A0064688B900231E46174AC4E9073384F80C
S315020064B02930E26084F82A30636184F82B30A361C4
S315020064C084F82C30304670BDAB691BB19A681868E7
S315020064D0136A9847EFF31084012181F31088094A61
S315020064E02B785068C3F1090301FA03F3034353609F
S315020064F05368962000F0EEFF84F31088304670BD94
S31502006500E0254000003020404349495238B5002575
S3150200651003690446DD710168FFF75CFEB32290F859
S315020065202600A169236984F82C5084F82800E561C5
S31502006530216284F82A50DA71284638BD38B500251A
S3150200654003690446DD710168FFF744FEB32290F841
S315020065502600A169236984F82C50E56184F8280095
S31502006560216284F82A50DA712369DD712368E560B5
S315020065709A6922B1936810681B6A984723685A6918
S3150200658022B1936810681B6A98472368012193F920
S315020065901130284A580903F01F03203001FA03F389
S315020065A042F82030BFF34F8FBFF36F8F236893F902
S315020065B00E30580903F01F0301FA03F3203042F8A4
S315020065C02030BFF34F8FBFF36F8F236893F91030DC
S315020065D0580903F01F0301FA03F3203042F8203072
S315020065E0BFF34F8FBFF36F8F236893F90F305809AC
S315020065F003F01F0301FA03F3203042F82030BFF301
S315020066004F8FBFF36F8FEFF3108581F310882368E6
S31502006610094A1B785068C3F1090301FA03F30343DD
S3150200662053605368962000F055FF85F310880020CA
S3150200663038BD00BF00E100E00030204030B583B035
S31502006640EFF30383103B734A5BB203F5C65352F86A
S31502006650231021F4803142F8231052F82330EFF34D
S3150200666003836D4A103B5BB252F8234094F82D30F7
S31502006670002B35D1A369022B04D82269137943F082
S3150200668040031371E369012B53D022689069B8B1B4
S3150200669094F82930A3B1A369032B11D98268216921
S315020066A0033B95689BB2626913310068A8470320D1
S315020066B00121A3692268033BC4E9070384F82E106B
S315020066C0536ADB79002B48D101222369DB7CDBB2DA
S315020066D08DF807309DF8073084F82D2003B030BDC1
S315020066E094F82E3023B1002384F82E3003B030BD47
S315020066F0E369002BF2D02268526AD279002A6AD163
S31502006700032B62D0022B6CD0012B2BD02269236A79
S31502006710D17C6269D154D4E907320132013BC4E922
S315020067200732002BDAD121690A7963F386120A71DC
S31502006730D4E72269137943F010031371226913799E
S3150200674043F0080313712269137923F010031371BE
S315020067502268906900289BD1B2E705212046FFF7FF
S3150200676049FCB1E794F82A20002A4AD022682B482D
S3150200677092F90F20510902F01F0203FA02F22031A8
S3150200678040F82120BFF34F8FBFF36F8F042021699A
S31502006790CA7942F08002CA7121690A7942F010026E
S315020067A00A7121690A7922F008020A7121690A79B5
S315020067B022F010020A712269507021694A7922F088
S315020067C001024A7184F82C30A0E72269137943F05A
S315020067D0400313719AE705212046FFF70BFCE36994
S315020067E08EE72269137943F0100313712269137934
S315020067F043F0080313712269137923F0100313710E
S3150200680084E708212269537A03F0F7035372236956
S3150200681059707BE7006000402013002200E100E08F
S315020068202DE9F041EFF30383103B564A5BB203F5C1
S31502006830C65352F8231021F4803142F8231052F83D
S315020068402330EFF30383504A103B5BB252F82340E6
S3150200685094F82750002D51D194F82930002B4BD1B2
S3150200686023685B6ADB7933B194F82B301BB9236A50
S31502006870002B40F0828094F82F20E369002A53D13E
S3150200688021695BB1236A6269D35C8B74D4E90732EE
S315020068900132013BC4E9073273BB2169CB79C022BD
S315020068A023F08003CB71216901E0013A02D0CB7952
S315020068B0DB09FAD12368334A93F9103003F5C6533C
S315020068C052F8231021F4803142F8231052F8233073
S315020068D0236893F91030002B09DB01215A092B4852
S315020068E003F01F03603201FA03F340F822302269F3
S315020068F0D37943F04003D371BDE8F08194F8263092
S31502006900032B15D0012D94F82460226919D09674B0
S3150200691094F8282094F827300132013B84F8282085
S3150200692084F82730BDE8F081002284F82F20B3E7EF
S3150200693094F82830022BE5D194F83030002BDBD0C6
S31502006940E0E723685B69002BE1D094F8291001F097
S31502006950FF070029DBD1A1690029D8D099681868F8
S31502006960D1F80880A38B12326169C047A3692269F4
S31502006970C4E9077384F82F50C9E705212046FFF7BB
S3150200698039FB78E7006000402013002200E100E0B6
S3150200699038B5EFF30383344A103B5BB252F8234017
S315020069A023685B6ADB79002B4BD194F829301BB143
S315020069B094F82730012B52D0E369E3B12169C02351
S315020069C0CA7922F04002CA71216901E0013B02D074
S315020069D0CA795206FAD4EFF30383103B234A5BB219
S315020069E003F5C65352F8231021F4803142F82310DE
S315020069F052F8233038BD94F82A203AB3012022688F
S31502006A001B4D92F90F20510902F01F02203100FAA4
S31502006A1002F245F82120BFF34F8FBFF36F8F4FF07D
S31502006A20040C2169CA7942F08002CA71226982F88D
S31502006A3001C021694A7963F300024A7184F82C0085
S31502006A40BCE705212046FFF7D5FAAEE70821226901
S31502006A50537A03F0F703537223695970AEE794F839
S31502006A603030002BAAD0A7E7201300220060004096
S31502006A7000E100E038B5EFF303834C4A103B5BB20A
S31502006A8052F823000269537A517ADC0601F0E001DA
S31502006A9051725FFA83FC03F003022CD5036959781D
S31502006AA0490648D40024012580F82B50DC71016880
S31502006AB0FFF790FBB32290F82630816980F82830E0
S31502006AC0036980F82C400162C46180F82A40294695
S31502006AD0DA71FFF78FFAEFF30383103B344A5BB2A6
S31502006AE003F5C65352F8231021F4803142F82310DD
S31502006AF052F8233038BD002A56D11CF0080F0ED0AA
S31502006B0090F82B30002B3ED1B32290F8291003695E
S31502006B10C1F10301C9B2DA71FFF76CFADBE790F84B
S31502006B202C200CF004032AB3002BD4D090F82B307F
S31502006B30002B37D1E8E7002AB4D15A78C2F3801184
S31502006B405206DAD5082280F82B105A7003680169BA
S31502006B505A6A94791378527943EAC41343EA0213C0
S31502006B6043F00203DBB2CB700269537943F00103AF
S31502006B705371B0E7002BAED003685B6ADB79002B5A
S31502006B80A9D00421C8E70023B32190F826508469CE
S31502006B90026980F82C3080F828500462C36180F8BC
S31502006BA02A30D1710121B7E703697BE7201300225E
S31502006BB000600040034670B4002591F902001B4CA8
S31502006BC0820002F18042187102F54042D2F8006357
S31502006BD0C2F800538A689A60CA68DA6008785871FF
S31502006BE025540D79CA7842EA05124D7942EAC51250
S31502006BF0D2B2225493F9042002F5C65244F8226016
S31502006C0093F90420002A0BDB4978094C090102F1A9
S31502006C106040C9B200F5614080F8001344F82230A2
S31502006C20044A00201A6070BC704700BF0060004032
S31502006C30201300225543490090F904200E4B02F519
S31502006C40C65153F8210020F4803043F8210053F84E
S31502006C502130BFF35F8F012153099B0002F01F020F
S31502006C6003F1604303F5614301FA02F2C3F880219E
S31502006C701A600020704700BF0060004010B582B065
S31502006C80EFF30384194B103C64B253F82410184AEC
S31502006C904879135C03F00303032B13D004F5C6549F
S31502006CA052F8243023F4803342F8243052F8243048
S31502006CB08B682BB14879CA68CDE9002068469847A7
S31502006CC002B010BD8B6823B1CA68CDE900206846C0
S31502006CD09847074B04F5C65453F8242022F4803211
S31502006CE043F8242053F8243002B010BD20130022AA
S31502006CF000600040844630B482B0019100921E4981
S31502006D0090F904201D4D51F8220002F5C65255F89D
S31502006D1022101B4C21F0807145F822109CF90410B8
S31502006D2041F40041E28992B29142FBD008222274D8
S31502006D30019A0AB1019A4260009A0AB1009A8260E7
S31502006D40C27802F0C001802914D03F2A98BFC381BD
S31502006D50182200200A4B09491A749CF9043003F5DB
S31502006D60C65351F8232042F0807241F8232002B024
S31502006D7030BC70478381EBE70000002200600040D0
S31502006D8000AC00400620704706207047034693F980
S31502006D900430054903F5C65351F82320002042F07A
S31502006DA0807241F82320704700600040034693F941
S31502006DB00430054903F5C65351F82320002022F07A
S31502006DC0807241F82320704700600040002290F94B
S31502006DD00400124B53F82030C1E90022DA783F2A28
S31502006DE00CD94FF480728A60DA89D2B2CA60DA7834
S31502006DF002F0C002802A09D0002070474FF4803288
S31502006E008A60DB8900209BB2CB6070474FF48032E8
S31502006E100A609B8900209BB24B60704700000022EB
S31502006E2006207047062070470346002230B593F9C4
S31502006E3004C0074C0CF5C65E54F82E10054D21F021
S31502006E40807144F82E1045F82C201A60104630BD89
S31502006E50006000400000002230B5864690F90430FA
S31502006E601D4D03F5C65355F823201C4C22F08072A3
S31502006E7045F8232090F9042042F40042E3899BB2AC
S31502006E809A42FBD00B46DA789C463F2A05D9DA8924
S31502006E90D2B202EB022292B2DA819CF802201033BD
S31502006EA03F2AF0D84FF0080C18220C4B0C4D83F8F1
S31502006EB010C09EF904C0084C45F82C101A749EF9AD
S31502006EC00430002003F5C65354F8232042F08072A2
S31502006ED044F8232030BD00BF0060004000AC0040F3
S31502006EE0000000222DE9F0412B4B04461E780D4688
S31502006EF04EB36B6893F90030002B47DB274850F8F6
S31502006F002320002A45D123712D68BDB12B46DA789C
S31502006F1019463F2A05D9DA89D2B202EB022292B287
S31502006F20DA818A7810333F2AF1D8082118221C4BBD
S31502006F30197494F9041040F821501A74194B002060
S31502006F402360BDE8F08101271F70EFF3108887F3F5
S31502006F501088154B1A6822F480021A601B68962064
S31502006F60394600F0B7FA88F31088DFF830804FF41C
S31502006F70C0723146404600F0EBFC094BC3F8148060
S31502006F801F736B6893F90030002BB7DA0B20BDE84C
S31502006F90F0810820BDE8F081C8120022000000221C
S31502006FA000AC0040004354440030204030B48568B1
S31502006FB0047B05F10C03002C05F1080218BF1A46E2
S31502006FC0117801F001011378C3F340038B42FAD121
S31502006FD043681978012904D0F1231370002030BCCC
S31502006FE0704701691B7C094840F8231001392CB10E
S31502006FF0F12329601370002030BC7047F12389B257
S3150200700029801370002030BC704700BFCC120022CA
S315020070102DE9F0410027416007730B7C474D04467A
S3150200702005EB03250E468560EFF31088012181F3F7
S315020070301088434A337CD068C3F1050301FA03F38F
S3150200704020EA0303D360D368962000F043FA88F35C
S3150200705010882F722B7AC3F340029B071146F9D48C
S31502007060AA72F069227BA368002A0778C27803F124
S315020070700C0C357A03F10803007918BF634602F057
S315020070800702002F4CD1002D51D1187100209871A2
S315020070905A709D70736862682361107C2949227B4D
S315020070A041F82030013B002A36D0A268136096F9D7
S315020070B01230002B26DB727C03F16041120122485A
S315020070C0D2B201F5614181F80023204A40F82340FB
S315020070D003F5C65152F8210020F4803042F821000F
S315020070E052F82120BFF35F8F01215A09920003F063
S315020070F01F0302F1604202F5614201FA03F3C2F88C
S315020071008031136000207369114A6361B36922609A
S31502007110C4E90603BDE8F081A2689BB21380C6E704
S31502007120502F06BF0D4642F050023A43ADE785F0B6
S31502007130020142EA01123D46D2B2A6E700102240FF
S3150200714000302040CC1200222013002200600040B2
S3150200715054474100F0B585B0EFF30383103B204A54
S315020071605BB203F5C65152F8210020F4803042F892
S31502007170210052F821201B4A52F82340237BA5689E
S3150200718053B30C3562682B781278DBB2012A04D12C
S31502007190F42203F0F0032A702B706269B2B1A66979
S315020071A001AFDEB196E8070087E807009B0644BFF9
S315020071B000233371E3693046336063699847A369F4
S315020071C01BB197E8070083E807002B78DBB203F0D0
S315020071D00F032B7005B0F0BD0835D3E73E46E5E751
S315020071E000600040201300221E4A92F8263092F8D0
S315020071F02420DBB202F00F02A2F1080103292BD8E8
S31502007200DFE801F020160C021749184A51F823301C
S31502007210A2FB03231B09164A136070471249134A3D
S3150200722051F82330A2FB0323114ADB08136070478F
S315020072300D490E4A51F82330A2FB03230C4A9B0840
S31502007240136070470849094A51F82330A2FB032309
S31502007250074A5B0813607047034951F82330D3404D
S31502007260D9E700BF00E0014000040022ABAAAAAAA7
S31502007270A8140022FFFFFFFF4AF203500122F8B5CD
S315020072807F49804BA1F8FA039A809C88A4B2002C0D
S31502007290FBD101259FED766B9FED777B7A4A7B4981
S315020072A07B48D1617B49C2E9044011621D8082EDAF
S315020072B0007FFFF799FF0A210923714A82F8501AC3
S315020072C082F8A23082F8005C82F8324092F83C30B2
S315020072D01907FBD544F6017040F631010023684CCC
S315020072E01085A2F84C1082F82A3094F83C309B069E
S315020072F0FBD5042201250526624B674F1A772762C2
S3150200730084F8245084F82660FFF76EFF29469620FB
S3150200731000F0E0F8002384F824302762FFF764FFC8
S315020073202946962000F0D6F884F82660FFF75CFF1F
S315020073304AF20152594B1A80BFF35F8F1D72BFF397
S315020073405F8F4FF42541198084F8305084F85250EB
S3150200735084F8535094F87430494A43F0400384F851
S31502007360743092F87430DB09FBD0062447200723D9
S31502007370434982F86C4082F8740082F8743091F8BE
S315020073807430DB09FBD191F876303D4A43F0400375
S3150200739081F8763092F87630DB09FBD0C5230320DC
S315020073A082F86E0082F8763092F87630344903F02D
S315020073B0BF0382F8763091F87630DB09FBD191F87B
S315020073C055302F4A43F0400381F8553092F8553034
S315020073D0DB09FBD0C82082F8543082F8550092F8B7
S315020073E05530274903F0BF0382F8553091F85530DE
S315020073F0DB09FBD191F85730214A43F0400381F86B
S31502007400573092F85730DB09FBD0C523022082F8A9
S31502007410560082F8573092F85730194903F0BF03E5
S3150200742082F8573091F85730DB09FBD191F85F307B
S31502007430134A43F0400381F85F3092F85F30DB096C
S31502007440FBD0C52082F85E3082F85F0092F85F308A
S315020074500B4903F0BF0382F85F3091F85F30DB0916
S31502007460FBD14FF42543A1F8FA33F8BDAFF3008000
S31502007470006CDC0200127A000080000000366E0109
S3150200748000E0014000C1014000040022001C4E0E33
S3150200749000389C1CAA9A5B06322312310020004057
S315020074A010B50024064B012083F8284000F0BAF8F4
S315020074B0044B012083F84C4CBDE8104000F082B822
S315020074C00020204000E00140A0F101000028FBD18D
S315020074D0704700BF1C4B1D4A1B6800FB01F193421B
S315020074E00FD302F1854202F5071202F68342A2FB8E
S315020074F003239B0CA3FB01314FF0FF30E1B1FFF7F1
S31502007500E3BF4FF47A7210B4114C4FF0FF30B4FB64
S31502007510F3F3A1FB02C434B9BCFBF3F080B15DF80E
S31502007520044BFFF7D1BFB1FBF3F1A1FB0212002A14
S31502007530F5D1084620B1F2E71846002BDFD1704795
S315020075405DF8044B704700BFA814002200127A00AF
S3150200755000CA9A3B70B500240D4B0E4EB3F80021BB
S31502007560B3F82051ADB2154025FA04F3DB0704D572
S3150200757056F82430E0B203B198470134102CF3D107
S31502007580034AA2F81051B2F820311D42FBD170BD58
S3150200759000C00040D81200220022602310B407481F
S315020075A0074C30F8021F02F5C65C013209B144F8F5
S315020075B02C10013BF5D15DF8044B70479E82000208
S315020075C000600040EFF31081012383F31088124B11
S315020075D033F8102092B22AB133F81020013A92B24F
S315020075E023F8102033F810309BB293B910B40B4A2B
S315020075F00B4CB2F8FA3334F810009BB243F425432D
S3150200760023EA0003A2F8FA3381F310885DF8044BEB
S31502007610704781F310887047A014002200E00140F1
S31502007620C883000230B4EFF31081012383F310887C
S315020076300E4A32F810309BB26BB90D4C0D4DB4F8B0
S31502007640FA3335F810C09BB243EA0C0343F42543E0
S315020076509BB2A4F8FA3332F8103001339BB222F807
S31502007660103081F3108830BC704700BFA01400228E
S3150200767000E00140C8830002F8B506462E4C94F895
S31502007680503C03F0FF05002BF9D18723A4F8243CD4
S3150200769084F8005C002E3CD101220023264981F8A1
S315020076A0022C81F8013C91F8503C002BFBD1BEB173
S315020076B04FF40C73204AA1F8483C92F8503CD90783
S315020076C0FBD4012347F2A8311C48C2F8440C82F8C5
S315020076D0403CA2F8141C82F8163C82F8003CF8BD25
S315020076E0012347F2A830154C134AC1F8444C81F8DD
S315020076F0403CA1F8140C81F8163C92F8003CDB07DA
S31502007700FBD492F8503C002BF7D1012382F8103CAF
S31502007710F8BD01272846FFF785FF094B284683F85F
S315020077205370FFF74FFF044A84F8207C92F8503CCE
S315020077301807FBD4B0E700BF003000400325050060
S3150200774000E0014000BE704708B500F005F8F9F701
S315020077501FFFFEE7FFFFFFFF70B5654B654D6B61CF
S31502007760BFF34F8FBFF36F8F634A136843F004036F
S315020077701360BFF34F8FBFF36F8F4FF0E022936812
S3150200778043F480339360BFF34F8FBFF36F8F4FF491
S3150200779070035A4CC5F888300020AC60F9F7C6FE73
S315020077A0FFF76AFD0120F9F7C1FE2368A3F5C0437E
S315020077B083F30A885248534A0021121A00F0C8F885
S315020077C05148524A5249121A00F0CAF85149524ACD
S315020077D05248521AD20842F009C800BFAFF30080DD
S315020077E0F1E80223E0E802230FF007C04C494D4AB4
S315020077F04D48521AD20842F009C800BFAFF30080C2
S31502007800F1E80223E0E802230FF007C0474B484A9B
S315020078100020D21A0021D20842F007C0AFF300803E
S31502007820E3E802010FF005C0BFF34F8FBFF36F8F7E
S315020078300024C5F85042BFF34F8FBFF36F8F3D4B05
S315020078403D4D5B1BA34206DD9E1055F8043B0134F9
S315020078509847A642F9DCFFF7C7FCFFF721FE032093
S31502007860FFF7E0FE00234FF00C0E1C464EF001E03F
S31502007870324903F10C0221F8224001330FF007C806
S315020078800320FFF79FFE0320FFF7CCFE2C4B0320BD
S315020078905C609C60DC601C612A4CFFF793FED4F8A6
S315020078A0D8335BB1D4F8D8330220F9F73FFEFFF79D
S315020078B073FEBDE87040002000F046B894F810311F
S315020078C0002BF1D00120FFF7ADFE94F8103103F042
S315020078D0C003802BF9D100231A4A84F8103192F89A
S315020078E010313F2BFBD80120FFF76CFEDCE700BF0F
S315020078F001020E0000ED00E000E001E000000002DF
S3150200790030040022AC14002280010022000400226E
S31502007910FC830002008400020084000200000000D2
S3150200792080860002808600020000002000000020FF
S3150200793000000020FC030022F8030022000D404054
S315020079400040204000E001400120FFF795BE00BF45
S3150200795002440346934200D1704703F8011BF9E73C
S315020079600A44431E914200D1704710B511F8014BEB
S31502007970914203F8014FF9D110BDFFFF4275696CC0
S315020079807420776974682052656E6573617320414D
S315020079906476616E63656420466C657869626C65BF
S315020079A020536F667477617265205061636B6167FD
S315020079B0652076657273696F6E20352E382E30001B
S315020079C0352E382E3000000000000805F8B500BF3D
S315020079D0F8BC08BC9E467047F8B500BFF8BC08BCA8
S315020079E09E4670475465726D696E616C00000000B8
S315020079F0284E554C4C290000506F776572204F4E29
S31502007A000D0A000049324320636F6D6D6F6E206967
S31502007A106E746572666163653A20696E697469613E
S31502007A206C697A6174696F6E206661696C65642E31
S31502007A300D0A000049326320636F6D6D6F6E206917
S31502007A406E74657266616365203A20696E6974694F
S31502007A50616C697A65642E0D0A00000073656E73A7
S31502007A606F722061636B203C57686F416D493E20FF
S31502007A70203A2030782532780D0A000049326320F8
S31502007A8073656E736F722073657475702020202083
S31502007A90203A206661696C65642E0D0A00000000BA
S31502007AA04932632049434D34323637302073657488
S31502007AB075702020203A20646F6E652E0D0A000034
S31502007AC049434D343236373020696E7465727275A9
S31502007AD070747320203A20696E697469616C697AE0
S31502007AE06174696F6E206661696C65642E0D0A00A9
S31502007AF049434D343236373020696E746572727579
S31502007B0070747320203A20696E697469616C697AAF
S31502007B1065642E0D0A00000049434D343236373073
S31502007B20206D6561737572656D656E74203A2046C7
S31502007B3061696C656420746F2073746172742E0DB2
S31502007B400A00000049434D3432363730206D6561F4
S31502007B50737572656D656E74203A20737461727402
S31502007B6065640D0A0000000049434D343236373051
S31502007B7020696E746572727570742020203A2046F0
S31502007B8061696C656420746F206F70656E2E0D0AD4
S31502007B900000000049434D343236373020696E7496
S31502007BA06572727570742020203A206F70656E655A
S31502007BB0642E0D0A0000000049434D343236373038
S31502007BC020696E746572727570742020203A2046A0
S31502007BD061696C656420746F20656E61626C652EE6
S31502007BE00D0A000049434D343236373020696E742F
S31502007BF06572727570742020203A20656E61626C1F
S31502007C0065640D0A0000000055415254206F7065EC
S31502007C106E206661696C65643A20307825580D0AD3
S31502007C20000000005541525420526561642073746D
S31502007C30617274206661696C65643A2030782558F1
S31502007C400D0A00004143433A205B25645D2C5B2507
S31502007C50645D2C5B25645D20204759524F3A205BB8
S31502007C6025645D2C5B25645D2C5B25645D0D0A0035
S31502007C70555342205772697465206572723A2030F4
S31502007C807825580D0A0000005541525420545820B8
S31502007C9074696D656F75740D0A0000004461746144
S31502007CA020726563656976696E672066726F6D20FC
S31502007CB0486F7374203D3D3D3D3D3D3D3D3E203088
S31502007CC07825782C20307825782C20307825780D68
S31502007CD00A000000554152542052656164207265C3
S31502007CE07374617274206661696C65643A203078D7
S31502007CF025580D0A00FFFFFF000000000000545443
S31502007D00522052454747455300FFFFFFFFFFFFFF43
S31502007D1030313233343536373839414243444546B9
S31502007D2020030022D002002288020022140300222D
S31502007D30A0010022070000000B0C07000201000050
S31502007D408D0900020000000000000000AC090022BC
S31502007D50587D00027C83000201000000A08601001B
S31502007D6068000000010C08090A0B0000887D000269
S31502007D70000000008516000200000000807D00025F
S31502007D80010104100F000000EC090022947D00029C
S31502007D909C830002480300229C7D000209FFFFFF2C
S31502007DA002010080207D00020000000000010203A3
S31502007DB004DF05060C0C0C0C0CFF0C0C000000007A
S31502007DC000000000000000000000000000000000AB
S31502007DD0FFFFFFFF34030022E47D000200000000E3
S31502007DE0E109000200000000000000006800000037
S31502007DF0010000000000000000000000000000007A
S31502007E0085160002000000000000000000000000CD
S31502007E108F020000000000004701000000020C0073
S31502007E2045150002000000002C7E00024000000101
S31502007E3000000001030200000C0D0C0E0C0F0C10CA
S31502007E4000000000000000005515000200000000BE
S31502007E50547E000200010000580300220F00FFFFBB
S31502007E60000000010100000085000000747E00028F
S31502007E70000000000040000000000000004000007A
S31502007E800100000005000000030000000080000061
S31502007E900400000000800000050000000040000011
S31502007EA008000000004000000F0000000004010668
S31502007EB000010000000401060101000000000106A5
S31502007EC0020100000004011003010000100000007E
S31502007ED0040100000040000005010000050000004A
S31502007EE0060100000500000007010000000C010B5E
S31502007EF00C010000000C010B0D010000000C010B2F
S31502007F000E010000000C010B0F0100000000000032
S31502007F10010200000000011F06020000100000001E
S31502007F200702000000000100080200000000010034
S31502007F3009020000000001000A0200000000010020
S31502007F400B020000000001000C020000000001000C
S31502007F500D020000000C010B00030000000C010BD7
S31502007F6001030000000C010B02030000000C010BD0
S31502007F7003030000000C010B04030000000C010BBC
S31502007F8005030000000C010B060300000004010BB0
S31502007F90070300000004010B08030000000C010B9C
S31502007FA009030000000C010B0A030000000C010B80
S31502007FB00B030000000C010B0C0300000000010F74
S31502007FC0000400000004010F010400000004011077
S31502007FD00204000004000000030400000000010F78
S31502007FE004040000000C010F05040000040C01004B
S31502007FF0060400000000011307040000000001054A
S31502008000080400000004010509040000000401053B
S315020080100A040000050000000B0400000500000031
S315020080200C040000050000000D040000050000001D
S315020080300E040000004000000F04000005000000CE
S3150200804000050000100000000105000010000000FD
S3150200805004050000100000000605000010000000E4
S31502008060070500001040000008050000004000005F
S3150200807009050000104000000A050000400401073F
S315020080800B050000400401070C0500000500000076
S3150200809000060000000C010B01060000000C010B9B
S315020080A002060000000C010B03060000000C010B87
S315020080B004060000000C010B05060000000C010B73
S315020080C006060000000C010B07060000000C010B5F
S315020080D009060000000C010B0A060000000C010B49
S315020080E00B060000000C010B0C060000000C010B35
S315020080F00D060000000C010B0E060000000C010B21
S315020081000F060000000C010F00070000000C010F13
S3150200811001070000000C010F02070000000C010F0E
S3150200812003070000050C000004070000050C000010
S315020081300507000000000105060700000000010512
S31502008140070700000000010F080700000000010FEA
S31502008150090700000000010F0A07000005000000E1
S315020081600D070000000001040E07000000000104D4
S315020081700F07000000400000000800000000010494
S3150200818001080000000001040208000000000104CA
S3150200819003080000050000000408000005000000B6
S315020081A0080800000500000009080000050000009C
S315020081B00A080000100000000C0800001000000071
S315020081C00D080000000001130E0800000000011354
S315020081D00F0800000400000003090000040000006C
S315020081E004090000000C010B050900000400000050
S315020081F006090000000C010B08090000000C010B27
S3150200820009090000100000000A0900001000000021
S315020082100B090000100000000C090000100000000D
S315020082200E090000040000000F090000000C010BFB
S31502008230000A000010000000010A00001000000001
S31502008240060A0000000C010B080A00000008010BD8
S31502008250090A0000000C010B0A0A00004500000092
S315020082600C0A0000400001050E0A0000400001054C
S315020082700F0A000000000105000B000010000000BC
S31502008280010B000010000000040B000010000000AB
S31502008290050B000004000000070B0000FFFFFFFFB4
S315020082A05A005B00580059002301210122010C00EB
S315020082B06100620063006400460039013A013B0135
S315020082C03C01000000000000000000000000000069
S315020082D00000000000000000000000000000000096
S315020082E00000000000000000000000000000000086
S315020082F00000000000000000000000000000000076
S315020083000000000000000000000000000000000065
S315020083100000000000000000000000000000000055
S315020083200000000000000000000000000000000045
S315020083300000000000000000000000000000000035
S315020083400000000000000000000000000000000025
S315020083500000000000000000000000000000000015
S3150200836005040006000000000000000000000000F6
S315020083700000FFFF020403040404FFFF1564000269
S31502008380A1610002716100020D650002C15F000277
S31502008390CD5F0002DD5F00023D650002E56E000270
S315020083A0596E0002F56C00028D6D0002AD6D000281
S315020083B0856D0002896D0002CD6D0002296E0002F4
S315020083C0216E0002256E0002010002000800100064
S315020083D01000000000000000017A5200027C0E012B
S315020083E01B0C0D0010000000180000000000000029
S311020083F010000000000000000000000069
S315020083FC84010022000500000800000000000002B3
S3150200840C0800190000000000E80319000000000033
S3150200841C8002002270020022400200221002002278
S3150200842CF8010022E0010022C00100220000000037
S3150200843C1C033000300030003000300030003000B9
S3150200844C30003000300030003000310000000000F7
S3150200845C1203480069002D00530070006500650088
S3150200846C64000000000000001603460075006C0054
S3150200847C6C002D005300700065006500640000005E
S3150200848C2E0343006F006D006D0075006E006900CF
S3150200849C63006100740069006F006E0073002000B7
S315020084AC44006500760069006300650073000000F5
S315020084BC2C034300440043002000550053004200A5
S315020084CC2000440065006D006F006E00730074009E
S315020084DC72006100740069006F006E0000000000FB
S315020084EC1003520045004E00450053004100530054
S315020084FC040309040000000009004300020100C045
S3150200850C0509040000010202010005240010010401
S3150200851C2402020524060001052401030107058332
S3150200852C0310001009040100020A0000000705816D
S3150200853C0200020007050202000200000000000011
S3150200854C09004300020100C00509040000010202F1
S3150200855C0100052400100104240202052406000170
S3150200856C0524010301070583031000100904010009
S3150200857C020A0000000705810240000007050202FC
S3150200858C400000000A060002000000400100000044
S3150200859C12010002020000405B04105300020102A9
S315020085AC06010000FFFFFFFF000000004C7D0002E9
S315020085BC000000000000000000001008000000008F
S315020085CC0000000000000000101B0000A1200000AB
S315020085DC0000020000000000E1160002491700022A
S315020085EC0000000049170002E116000249170002BA
S315020085FC0000000049170002000000000000000005
S3150200860C0000000000000000000000000000000056
S3150200861C0000000000000000000000000000000046
S3150200862C0000000000000000000000000000000036
S3150200863C0000000000000000000000000000000026
S3150200864C0000000000000000000000000000000016
S3150200865C0000000000000000000000000000000006
S3150200866C00000000000000002D02000205020002BC
S3150300A100FFFFFFFFFFFFFFFFFFFFFFFFFFFFFFFF56
S3090300A110FFFFFFFF46
S3090300A134FFFFFFFF22
S3150300A200FFFFFFFDFFFFFFFFFFFFFFFFFFFFFFFF57
S3150300A210FFFFFFFFFFFFFFFFFFFFFFFFFFFFFFFF45
S3150300A220FFFFFFFFFFFFFFFFFFFFFFFFFFFFFFFF35
S3150300A230FFFFFFFFFFFFFFFFFFFFFFFFFFFFFFFF25
S3150300A240FFFFFFFFFFFFFFFFFFFFFFFFFFFFFFFF15
S3150300A250FFFFFFFFFFFFFFFFFFFFFFFFFFFFFFFF05
S3150300A260FFFFFFFFFFFFFFFFFFFFFFFFFFFFFFFFF5
S3150300A270FFFFFFFFFFFFFFFFFFFFFFFFFFFFFFFFE5
S3150300A28000000000FFFFFFFFFFFFFFFFFFFFFFFFD1
S3150300A290FFFFFFFFFFFFFFFFFFFFFFFFFFFFFFFFC5
S3150300A2A0FFFFFFFFFFFFFFFFFFFFFFFFFFFFFFFFB5
S3150300A2B0FFFFFFFFFFFFFFFFFFFFFFFFFFFFFFFFA5
S3150300A2C0FFFFFFFFFFFFFFFFFFFFFFFFFFFFFFFF95
S31527030080FFFFFFFFFFFFFFFFFFFFFFFFFFFFFFFF50
S31527030090FFFFFFFFFFFFFFFFFFFFFFFFFFFFFFFF40
S315270300A0FFFFFFFFFFFFFFFFFFFFFFFFFFFFFFFF30
S315270300B0FFFFFFFFFFFFFFFFFFFFFFFFFFFFFFFF20
S315270300C0FFFFFFFFFFFFFFFFFFFFFFFFFFFFFFFF10
S315270300D0FFFFFFFFFFFFFFFFFFFFFFFFFFFFFFFF00
S315270300E0FFFFFFFFFFFFFFFFFFFFFFFFFFFFFFFFF0
S315270300F0FFFFFFFFFFFFFFFFFFFFFFFFFFFFFFFFE0
S31527030100FFFFFFFFFFFFFFFFFFFFFFFFFFFFFFFFCF
S31527030110FFFFFFFFFFFFFFFFFFFFFFFFFFFFFFFFBF
S31527030120FFFFFFFFFFFFFFFFFFFFFFFFFFFFFFFFAF
S31527030130FFFFFFFFFFFFFFFFFFFFFFFFFFFFFFFF9F
S31527030140FFFFFFFFFFFFFFFFFFFFFFFFFFFFFFFF8F
S31527030150FFFFFFFFFFFFFFFFFFFFFFFFFFFFFFFF7F
S31527030160FFFFFFFFFFFFFFFFFFFFFFFFFFFFFFFF6F
S31527030170FFFFFFFFFFFFFFFFFFFFFFFFFFFFFFFF5F
S31527030180FFFFFFFFFFFFFFFFFFFFFFFFFFFFFFFF4F
S31527030190FFFFFFFFFFFFFFFFFFFFFFFFFFFFFFFF3F
S315270301A0FFFFFFFFFFFFFFFFFFFFFFFFFFFFFFFF2F
S315270301B0FFFFFFFFFFFFFFFFFFFFFFFFFFFFFFFF1F
S315270301C0FFFFFFFFFFFFFFFFFFFFFFFFFFFFFFFF0F
S315270301D0FFFFFFFFFFFFFFFFFFFFFFFFFFFFFFFFFF
S315270301E0FFFFFFFFFFFFFFFFFFFFFFFFFFFFFFFFEF
S315270301F0FFFFFFFFFFFFFFFFFFFFFFFFFFFFFFFFDF
S31527030200FFFFFFFFFFFFFFFFFFFFFFFFFFFFFFFFCE
S31527030210FFFFFFFFFFFFFFFFFFFFFFFFFFFFFFFFBE
S31527030220FFFFFFFFFFFFFFFFFFFFFFFFFFFFFFFFAE
S31527030230FFFFFFFFFFFFFFFFFFFFFFFFFFFFFFFF9E
S31527030240FFFFFFFFFFFFFFFFFFFFFFFFFFFFFFFF8E
S31527030250FFFFFFFFFFFFFFFFFFFFFFFFFFFFFFFF7E
S31527030260FFFFFFFFFFFFFFFFFFFFFFFFFFFFFFFF6E
S31527030270FFFFFFFFFFFFFFFFFFFFFFFFFFFFFFFF5E
S31527030280FFFFFFFFFFFFFFFFFFFFFFFFFFFFFFFF4E
S31527030290FFFFFFFFFFFFFFFFFFFFFFFFFFFFFFFF3E
S315270302A0FFFFFFFFFFFFFFFFFFFFFFFFFFFFFFFF2E
S315270302B0FFFFFFFFFFFFFFFFFFFFFFFFFFFFFFFF1E
S315270302C0FFFFFFFFFFFFFFFFFFFFFFFFFFFFFFFF0E
S315270302D0FFFFFFFFFFFFFFFFFFFFFFFFFFFFFFFFFE
S315270302E0FFFFFFFFFFFFFFFFFFFFFFFFFFFFFFFFEE
S315270302F0FFFFFFFFFFFFFFFFFFFFFFFFFFFFFFFFDE
S31527030300FFFFFFFFFFFFFFFFFFFFFFFFFFFFFFFFCD
S31527030310FFFFFFFFFFFFFFFFFFFFFFFFFFFFFFFFBD
S31527030320FFFFFFFFFFFFFFFFFFFFFFFFFFFFFFFFAD
S31527030330FFFFFFFFFFFFFFFFFFFFFFFFFFFFFFFF9D
S31527030340FFFFFFFFFFFFFFFFFFFFFFFFFFFFFFFF8D
S31527030350FFFFFFFFFFFFFFFFFFFFFFFFFFFFFFFF7D
S7050200774938
