t_ms,ax,ay,az,gx,gy,gz,label
0,6.745605297851562,3.1265462768554686,1.9598467895507812,1.2765267175572519,5.191492366412214,2.4690190839694655,0
25,6.879680590820311,3.1983723266601563,2.1322293090820312,2.0704198473282442,3.0693549618320612,3.751461832061069,0
50,6.597164794921874,3.0762680419921877,2.1130756958007813,1.711641221374046,1.1151564885496184,5.545354961832061,0
75,6.618712609863281,3.0283840087890623,2.151382922363281,-0.9219465648854962,5.229660305343511,5.690393129770992,0
100,6.671385046386718,3.2103433349609376,2.0747684692382813,-3.9066793893129774,3.2296603053435113,3.751461832061069,0
125,6.745605297851562,3.1456998901367186,2.1322293090820312,-4.593702290076336,-2.564232824427481,0.6369580152671755,0
150,6.645048828125,3.1600651000976563,2.244756787109375,-4.876145038167939,-1.396293893129771,-1.0653320610687023,0
175,6.831796557617186,3.1792187133789063,2.15856552734375,-4.181488549618321,1.2830954198473283,-2.057698473282443,0
200,7.05924571533203,3.3539954345703125,2.2160263671875002,-3.1662213740458016,2.4586679389312978,-3.4546450381679388,0
225,7.102341345214843,3.282169384765625,2.340524853515625,-0.09751908396946563,0.7258435114503817,-3.416477099236641,0
250,6.889257397460937,3.195978125,2.6230406494140626,0.9330152671755725,0.9166832061068704,-1.218003816793893,0
275,6.855738574218749,2.98528837890625,2.790634765625,-1.4333969465648857,4.4357671755725185,1.0644389312977098,0
300,6.824613952636718,2.7889638427734376,2.596704431152344,-5.914312977099237,2.367064885496183,1.7743625954198472,0
325,6.611530004882812,2.6572827514648436,2.56079140625,-12.845610687022901,-1.9764465648854963,0.446118320610687,0
350,6.319437402343749,2.5471494750976564,2.175324938964844,-22.044083969465646,-3.8466755725190835,-2.050064885496183,0
375,6.372109838867186,2.4825060302734374,1.6031107421875,-31.95248091603053,-2.900110687022901,-6.546248091603053,0
400,6.527732946777342,2.939798547363281,1.117087805175781,-39.173854961832056,-3.777973282442748,-13.019530534351146,0
426,6.798277734375,3.289351989746094,0.31503024902343746,-44.30362595419847,-7.510797709923663,-20.309606870229008,0
451,7.164590588378906,3.8926908081054687,-0.7072938598632812,-48.792175572519085,-14.671103053435115,-27.080599236641223,0
476,7.186138403320311,5.039513403320313,-1.317815283203125,-53.57080152671755,-15.526064885496183,-35.69128625954198,0
501,7.837361254882812,5.2478089477539065,-0.9275604125976562,-45.26545801526717,-7.548965648854962,-41.7065534351145,0
526,8.701668054199217,5.087397436523437,-0.5468823486328125,-14.525,3.8327137404580154,-43.179835877862594,0
551,8.938694018554688,5.6428522216796875,-0.98262705078125,29.215458015267178,15.680041984732824,-36.981362595419846,0
576,8.890809985351563,5.9612810424804685,-1.164586376953125,70.3604961832061,37.81744656488549,-22.11113358778626,0
601,8.98657805175781,6.370689526367188,-0.5947663818359374,105.12385496183205,70.96248473282444,3.247645038167939,0
626,9.647377709960935,6.217460620117187,0.7028909179687499,140.3833969465649,111.20675954198474,34.55298854961833,0
651,9.079951916503905,7.934103210449218,2.0364612426757813,165.0398854961832,141.37469847328245,70.3316145038168,0
676,8.730398474121092,6.837558850097656,2.9055564453125,170.84141221374045,181.09225572519085,108.95756870229008,0
701,9.206844604492186,6.619686499023437,4.049984838867187,162.89484732824428,201.64187404580153,143.94230152671756,0
726,9.027279479980468,6.576590869140625,4.710784497070312,145.9864503816794,187.16095801526717,175.17130916030536,0
751,8.1390306640625,5.786504321289063,5.723531799316405,126.74217557251907,174.74874427480916,204.78962977099238,0
776,6.757576306152344,5.594968188476562,7.066678930664062,105.09332061068702,177.06935496183206,237.53008778625954,0
801,6.058469421386717,4.244638452148437,8.316452197265624,75.42919847328244,194.3288969465649,251.02627099236642,0
826,4.858974389648437,3.8807197998046874,8.967675048828124,37.253625954198476,211.35179770992366,251.02627099236642,0
852,3.300349108886718,3.399485266113281,9.307651684570311,-9.960114503816794,229.1380572519084,251.02627099236642,0
877,2.0673352539062497,2.994865185546875,10.358706213378905,-50.34942748091603,216.56553816793894,251.02627099236642,0
902,0.42491291503906226,1.041196630859375,10.610097387695312,-100.99064885496183,218.37469847328245,251.02627099236642,0
927,-0.6045937988281254,0.5408084838867188,10.887824780273437,-171.47919847328245,223.69530916030536,251.02627099236642,0
952,-2.0818162231445316,0.38039697265624994,10.8734595703125,-225.37996183206107,182.66477480916032,251.02627099236642,0
977,-2.163219079589844,-0.04098251953125001,9.618897900390625,-249.66240458015267,131.3059961832061,223.84306488549618,0
1002,-3.3387720947265627,-0.1798462158203125,7.890284301757812,-249.66240458015267,29.481568702290076,179.67512595419848,0
1027,-4.7321974609375,-1.2644195678710937,7.576643884277343,-249.66240458015267,-22.08331679389313,147.42321755725192,0
1052,-5.189489978027344,-2.6051724975585935,7.1097745605468745,-249.66240458015267,-13.74743893129771,118.8048969465649,0
1077,-6.032248962402344,-3.493421313476562,4.531219372558593,-249.66240458015267,-38.205454198473284,95.10260687022901,0
1102,-6.45602265625,-4.345757104492187,3.3772141723632814,-249.66240458015267,-62.03751526717558,73.87359923664123,0
1127,-6.003518542480469,-5.794249108886718,2.876826025390625,-249.66240458015267,-31.08331679389313,46.560622137404586,0
1152,-5.898173669433594,-6.488567590332031,2.2686988037109375,-243.8837786259542,-7.3504923664122135,13.178942748091602,0
1177,-6.216602490234375,-6.435895153808593,0.22165638427734372,-225.86087786259543,5.626606870229008,-21.721820610687022,0
1202,-6.2237850952148435,-6.519692211914062,-1.21247041015625,-209.2959923664122,10.76401145038168,-57.172202290076335,0
1228,-6.1471706420898435,-6.622642883300781,-2.0408641845703124,-189.51736641221373,13.855614503816794,-91.91266030534351,0
1253,-5.699454931640625,-6.5556052368164055,-3.0105158569335932,-172.59370229007635,30.565538167938932,-124.25617175572519,0
1278,-4.806417712402344,-6.433500952148437,-3.6808923217773435,-157.731106870229,50.72584351145038,-154.05006488549617,0
1303,-3.568615454101563,-6.194080786132812,-4.138184838867187,-140.79980916030536,64.5502709923664,-179.9889961832061,0
1328,-2.7234622680664065,-5.837344738769531,-4.899540966796875,-127.08225190839696,77.26782824427481,-199.71418702290077,0
1353,-1.5335440429687504,-5.1286610473632805,-5.615407263183593,-116.75400763358779,95.61897328244275,-213.71418702290077,0
1378,-0.034773803710937745,-4.455890380859374,-5.735117346191406,-105.6776717557252,106.27546183206107,-227.77525572519085,0
1403,0.9037532470703122,-3.4479314819335936,-6.352821374511719,-96.55553435114504,115.214393129771,-242.7447213740458,0
1428,1.4759674438476562,-2.612355102539062,-7.0926296875,-84.40286259541985,119.08462213740458,-249.24090458015266,0
1453,3.0298043212890624,-1.4727151123046875,-7.032774645996094,-61.921946564885495,109.75637786259543,-249.24090458015266,0
1478,4.145502294921874,-0.5365822631835937,-6.874757336425781,-33.37996183206107,80.11515648854962,-249.24090458015266,0
1503,3.918053137207031,0.5408084838867188,-6.398311206054688,-22.150954198473283,111.98538549618321,-249.24090458015266,0
1528,4.811090356445312,1.8145237670898435,-6.151708435058594,-4.815076335877863,160.08462213740458,-249.24090458015266,0
1553,6.587587988281249,2.911068127441406,-6.199592468261718,26.047519083969465,163.80217938931298,-249.24090458015266,0
1578,7.696103356933594,3.90466181640625,-5.261065417480468,69.73454198473281,104.06935496183206,-249.24090458015266,0
1603,6.250005554199219,4.433780383300781,-4.6002657592773435,89.81087786259542,124.0617213740458,-237.43174427480915,0
1629,7.389645544433592,6.009165075683594,-3.9993211425781245,97.82614503816794,204.4968358778626,-211.20273664122138,0
1654,9.036856286621092,7.996352453613281,-3.1541679565429686,133.94828244274808,196.68767557251908,-176.99662977099237,0
1679,10.29620635986328,8.872630261230467,-1.9929801513671874,169.887213740458,158.46630152671756,-144.79052290076336,0
1704,9.154172167968749,9.485545886230467,-1.0616357055664063,183.12385496183205,169.42813358778628,-108.53861450381679,0
1729,9.175719982910156,9.973963024902343,-0.41041285400390626,165.36812977099237,235.97011832061068,-54.09586641221374,0
1754,9.257122839355468,8.961215722656249,-0.22366512451171874,147.2612595419847,251.55027099236642,9.255278625954197,0
1779,10.085516613769531,7.962833630371094,1.4426992309570312,145.21545801526716,251.55027099236642,66.20184351145039,0
1804,9.355285107421874,7.69707724609375,3.42270400390625,161.82614503816794,236.1914923664122,113.6522251908397,0
1829,8.35450881347656,7.057825402832031,4.691630883789062,164.0551526717557,233.73347709923664,152.28581297709923,0
1854,8.615476794433594,6.710666162109375,6.056325830078125,154.44446564885496,233.71057633587787,180.7132938931298,0
1879,7.69131495361328,6.150422973632812,6.750644311523437,135.0551526717557,201.15332442748092,206.9194007633588,0
1904,7.2316282348632805,5.633275415039062,8.539112951660156,105.16202290076335,179.27546183206107,224.0110038167939,0
1929,6.307466394042968,4.634893322753906,10.136045458984373,70.71164122137404,178.0235534351145,242.2705458015267,0
1954,5.273171276855468,4.318858703613281,10.792056713867186,22.82614503816794,188.16095801526717,251.02627099236642,0
1979,5.452736401367187,4.5917976928710935,11.112879736328123,-19.578435114503815,158.83271374045802,251.02627099236642,0
2004,3.997061791992187,3.2486505615234376,11.776073596191406,-45.63950381679389,106.3288969465649,251.02627099236642,0
2029,2.0697294555664056,2.753050817871094,11.790438806152343,-97.18148854961832,124.48156870229008,251.02627099236642,0
2055,0.4919505615234372,1.280616796875,11.596508471679687,-134.90667938931298,82.38233206106871,251.02627099236642,0
2080,0.2668956054687497,0.44025201416015625,10.602914782714842,-176.66240458015267,71.7029427480916,235.102606870229,0
2105,-0.5878343872070317,0.00450731201171875,9.75536739501953,-194.49446564885497,19.794545801526716,202.35451526717557,0
2130,-1.710714965820313,-1.5038397338867187,9.29568067626953,-200.97538167938933,-10.113851145038167,175.49191984732823,0
2155,-1.7466279907226565,-2.3394161132812497,8.426585473632812,-202.70057251908398,-29.518431297709924,156.1255076335878,0
2180,-2.3571494140625004,-3.1534446777343748,7.741843798828124,-206.23492366412214,-27.38866030534351,138.58352290076337,0
2205,-2.4912247070312503,-4.226047021484375,6.683606665039062,-207.8456106870229,-19.716904580152672,120.56825572519084,0
2230,-2.785711511230469,-5.198092895507812,5.838453479003905,-200.731106870229,-28.709270992366413,102.06443893129772,0
2255,-2.594175378417969,-6.359280700683593,4.138570300292968,-197.8074427480916,-15.090950381679388,81.63695801526718,0
2280,-3.2932822631835936,-6.409558935546874,3.544808288574219,-196.8990458015267,-6.976446564885496,59.30871374045802,0
2305,-3.6428357055664065,-6.550816833496093,2.117864099121094,-191.2043893129771,-13.373393129770992,37.94230152671756,0
2330,-3.606922680664063,-6.766294982910155,1.5336788940429686,-191.47919847328245,9.893782442748092,12.713293893129771,0
2355,-3.3746851196289063,-7.304990356445312,0.0756100830078125,-183.16622137404582,10.046454198473283,-13.996629770992367,0
2380,-2.9940070556640626,-6.811784814453125,-0.9108010009765625,-173.58606870229008,2.6189732824427483,-44.52334732824427,0
2405,-2.596569580078125,-7.10148321533203,-1.2244414184570311,-158.13568702290078,-12.159652671755724,-78.9508282442748,0
2430,-2.630088403320313,-7.0631759887695305,-2.0121337646484374,-152.8303435114504,10.0998893129771,-110.3859427480916,0
2456,-2.1392770629882816,-6.256330029296874,-2.7639130859375,-152.17385496183206,22.382332061068702,-136.16456870229007,0
2481,-1.1504717773437503,-5.755941882324218,-3.446260559082031,-150.112786259542,11.61133969465649,-159.27907251908397,0
2506,-0.6740256469726567,-5.51891591796875,-4.320144165039062,-154.8456106870229,12.840347328244276,-178.3859427480916,0
2531,-0.3268664062500002,-4.419977355957031,-4.7127932373046875,-166.8990458015267,36.37469847328244,-194.63785114503816,0
2556,0.4727969482421872,-3.400047448730468,-5.5220333984375,-169.47919847328245,44.54263740458015,-209.24090458015266,0
2581,0.5470171997070308,-3.1989345092773434,-5.658502893066406,-162.96774809160306,51.183858778625954,-217.50808015267177,0
2606,1.0426169433593744,-1.8486047729492188,-5.960172302246094,-165.112786259542,118.51210305343511,-224.37830916030535,0
2631,3.4990678466796865,-0.038588317871093764,-7.272194812011718,-144.83797709923664,152.73347709923664,-235.11876717557251,0
2656,6.211698327636719,0.7084026000976562,-8.617736145019531,-90.22729007633589,100.4586679389313,-249.24090458015266,0
2681,6.192544714355468,1.7666397338867186,-8.227481274414062,-37.96011450381679,40.061721374045796,-249.24090458015266,0
2706,4.619554223632812,2.9421927490234374,-7.07347607421875,-22.99064885496183,90.93958396946566,-249.24090458015266,0
2731,5.8262318603515615,5.09218583984375,-6.446195239257812,-9.410496183206106,168.47393511450383,-242.32487404580152,0
2756,8.26592335205078,6.301257678222656,-6.642519775390625,24.955916030534354,153.3823320610687,-227.43937786259542,0
2781,8.368874023437499,7.191900695800781,-5.615407263183593,61.391030534351145,114.31362977099236,-215.30197328244273,0
2806,7.65300772705078,7.917343798828124,-4.401547021484375,83.26125954198473,171.0998893129771,-191.31724045801528,0
2831,9.309795275878905,8.465615979003905,-3.965802319335937,120.09332061068702,217.77164503816795,-155.3859427480916,0
2856,9.747934179687498,8.69785354003906,-3.522875012207031,169.14675572519084,204.55790458015267,-108.67601908396946,0
2882,9.362467712402342,9.033041772460937,-2.1318438476562496,202.4902671755725,206.55027099236642,-62.84395801526717,0
2907,8.876444775390624,8.836717236328123,-0.7456010864257813,219.83377862595418,234.22966030534351,-23.75235496183206,0
2932,8.785465112304685,8.76249698486328,-0.091984033203125,224.8490458015267,251.55027099236642,10.423217557251908,0
2957,9.838913842773437,8.989946142578123,1.7419744384765623,222.53606870229007,251.55027099236642,39.835431297709924,0
2982,10.145371655273436,8.405760937499998,2.7762695556640624,219.22309160305343,247.3059961832061,72.65985877862596,0
3007,11.17248416748047,7.740172875976563,4.021254418945312,209.32232824427481,218.36706488549618,115.78962977099236,0
3032,9.65216611328125,8.700247741699217,4.873590209960937,185.53606870229007,181.0998893129771,171.37741603053436,0
3057,8.287471166992187,7.519906323242187,5.979711376953125,151.12385496183205,177.31362977099238,224.47665267175572,0
3082,7.69131495361328,6.569408264160156,7.0738615356445305,102.45973282442748,237.11515648854962,251.02627099236642,0
3107,8.100723437499997,5.2861161743164065,7.782545227050781,67.15438931297709,236.84798091603054,251.02627099236642,0
3132,6.934747229003906,5.733831884765625,8.323634802246094,39.78034351145038,173.59607251908398,251.02627099236642,0
3157,4.88291640625,5.094580041503906,9.125692358398437,19.757442748091606,105.55790458015268,251.02627099236642,0
3182,3.3099259155273435,2.939798547363281,9.946903527832031,-9.318893129770993,102.35943129770993,251.02627099236642,0
3207,1.9715671874999998,0.428281005859375,10.454474279785156,-43.72347328244275,102.29072900763359,251.02627099236642,0
3232,1.133596606445312,1.579892004394531,10.58615537109375,-99.10515267175573,136.86324809160305,251.02627099236642,0
3257,0.20704056396484338,-0.5653126831054688,9.389054541015625,-132.9448473282443,113.11515648854962,251.02627099236642,0
3282,-0.022802795410156396,-1.6905874633789062,9.259767651367186,-159.525,92.97775190839695,217.63695801526717,0
3308,-1.0020312744140627,-1.544541162109375,8.907820007324219,-168.7158396946565,41.41286641221374,180.46901908396947,0
3333,-2.3523610107421877,-2.9379665283203122,8.70910126953125,-178.3952290076336,18.809812977099238,150.27817938931298,0
3358,-3.053862097167969,-3.5197575317382808,7.7107191772460935,-204.44866412213742,53.81744656488549,127.73619465648855,0
3383,-2.5438971435546875,-3.6610154296874997,7.0906209472656245,-213.02881679389313,37.14569083969465,105.8965,0
3408,-2.285323364257813,-4.242806433105469,5.539178271484374,-211.25019083969465,-0.06804961832061052,82.46901908396947,0
3433,-2.4193986572265627,-5.686510034179687,4.3516542480468745,-214.00591603053437,-14.991713740458014,59.59879007633588,0
3458,-2.5008015136718753,-6.024092468261718,3.068362158203125,-229.87614503816795,8.496835877862596,34.49191984732825,0
3483,-2.5702333618164066,-5.801431713867187,1.9742119995117184,-227.9601145038168,-22.617667938931298,8.957568702290075,0
3508,-3.489606799316406,-6.4813849853515615,0.7579575561523437,-226.93721374045802,-34.72453816793893,-13.592049618320612,0
3533,-3.5374908325195316,-6.651373303222655,-0.17578109130859373,-228.7387404580153,-10.41919465648855,-32.90502671755725,0
3558,-2.8886621826171877,-5.808614318847655,-0.4439316772460937,-230.81507633587788,25.206759541984734,-57.75998854961832,0
3583,-2.5438971435546875,-5.777489697265625,-1.9953743530273436,-221.59370229007635,34.96248473282442,-87.5538816793893,0
3608,-2.29968857421875,-5.255553735351562,-3.0607940917968746,-215.08225190839696,38.13805725190839,-116.95846183206106,0
3633,-1.6197353027343753,-4.501380212402343,-4.025657360839843,-210.89141221374047,50.04645419847328,-149.3859427480916,0
3658,-0.9110516113281253,-3.404835852050781,-5.466966760253906,-210.19675572519085,64.62660687022901,-178.32487404580152,0
3684,0.4129419067382809,-2.5908072875976558,-6.965736999511718,-205.27309160305344,58.2678282442748,-202.73708778625954,0
3709,1.3849877807617181,-1.8557873779296874,-7.731881530761719,-189.525,22.718209923664123,-221.37830916030535,0
3734,0.9516372802734372,-1.2165355346679687,-8.419017407226562,-182.8837786259542,22.176225190839695,-234.4241106870229,0
3759,0.5063157714843745,-0.09126075439453124,-8.143684216308593,-182.18148854961834,74.3059961832061,-246.24090458015266,0
3784,2.5413871826171874,1.4506051147460937,-7.296136828613281,-174.5479007633588,132.51973664122139,-249.24090458015266,0
3809,4.621948425292969,4.151264587402344,-9.125306896972656,-149.79980916030536,114.54263740458016,-249.24090458015266,0
3834,5.866933288574217,5.298087182617188,-10.578587304687499,-123.25782442748093,41.244927480916026,-249.24090458015266,0
3859,4.502238342285156,5.621304406738281,-8.75181143798828,-95.6776717557252,-13.73217175572519,-249.24090458015266,0
3884,2.5581465942382806,5.877483984375,-8.186779846191406,-74.9219465648855,46.7792786259542,-249.24090458015266,0
3909,3.0154391113281243,7.993958251953125,-8.332826147460937,-41.12041984732824,99.0998893129771,-249.24090458015266,0
3934,4.413652880859375,9.420902441406248,-8.569852111816406,9.009351145038167,65.74874427480917,-249.24090458015266,0
3959,3.4655490234374993,9.514276306152343,-8.198750854492188,44.436832061068706,44.16859160305343,-249.24090458015266,0
3984,2.1607091186523437,10.479139575195312,-7.741458337402343,60.62003816793893,105.55790458015268,-249.24090458015266,0
4009,3.357809948730468,11.882141748046873,-8.105376989746093,86.41393129770992,148.38996564885497,-236.85922519083968,0
4034,3.5732880981445305,12.849399218749998,-7.8444090087890626,123.26889312977099,151.0464541984733,-209.04243129770992,0
4060,2.735317517089843,13.385700390624999,-7.2841658203124995,143.34522900763358,186.48156870229008,-170.60731679389312,0
4085,3.709757592773437,13.85735811767578,-6.338456164550781,155.1925572519084,251.55027099236642,-118.52334732824427,0
4110,5.304295898437499,13.749619042968748,-5.6297724731445316,177.45973282442748,251.55027099236642,-66.14930152671755,0
4135,6.135083874511719,13.112761401367186,-4.303384753417968,190.1162213740458,251.55027099236642,-13.95082824427481,0
4160,7.46147159423828,11.623567968749999,-3.072765100097656,200.2459923664122,251.55027099236642,38.339248091603054,0
4185,7.152619580078125,10.845452429199218,-1.741588977050781,197.14675572519084,251.55027099236642,91.38504961832061,0
4210,6.831796557617186,9.669899414062499,-0.1925405029296875,169.9864503816794,251.55027099236642,152.83543129770993,0
4235,8.428729064941404,8.298021862792968,1.7156382202148437,112.97881679389313,251.55027099236642,218.04153816793894,0
4260,9.398380737304688,7.4049846435546876,3.4250982055664063,66.84141221374045,251.55027099236642,251.02627099236642,0
4285,7.619488903808594,5.288510375976562,4.531219372558593,34.757442748091606,251.55027099236642,251.02627099236642,0
4310,6.554069165039063,2.592639306640625,6.686000866699218,-23.555534351145038,251.55027099236642,251.02627099236642,0
4335,7.657796130371094,1.599045617675781,7.478481616210937,-69.27309160305344,251.55027099236642,251.02627099236642,0
4360,4.502238342285156,2.7578392211914062,7.674806152343749,-100.29599236641222,190.55027099236642,251.02627099236642,0
4385,1.3179501342773432,0.3373013427734375,7.332435314941406,-151.21202290076337,190.64187404580153,251.02627099236642,0
4410,1.7848194580078118,-2.56925947265625,7.986052368164062,-212.67003816793894,241.7411106870229,251.02627099236642,0
4436,0.8367156005859373,-2.830227453613281,7.473693212890624,-233.85324427480916,211.01591984732823,237.30108015267177,0
4461,-0.8248603515625004,-3.2563953491210933,6.638116833496093,-228.86851145038167,137.61897328244274,191.75909541984734,0
4486,-1.579033874511719,-5.250765332031249,5.417073986816406,-245.28835877862596,166.32126335877862,153.0110038167939,0
4511,-1.579033874511719,-5.245976928710937,4.61022802734375,-241.59370229007635,116.6113396946565,112.24764503816795,0
4536,-2.326024792480469,-5.008950964355468,3.200043249511719,-223.25782442748093,42.244927480916026,73.74382824427481,0
4561,-2.412216052246094,-6.289848852539062,1.9574525878906248,-222.8990458015267,33.08462213740458,39.392683206106874,0
4586,-1.799300427246094,-6.579547253417968,1.0045603271484373,-227.12041984732824,60.52737022900763,0.39268320610687024,0
4611,-1.6891671508789066,-5.698481042480468,0.06603327636718749,-216.9601145038168,40.4205,-41.935561068702285,0
4636,-1.8687322753906253,-6.766294982910155,-1.3345746948242188,-198.1509541984733,3.2830954198473283,-80.17983587786259,0
4661,-0.7075444702148441,-6.565182043457031,-1.0185400756835936,-187.74637404580153,9.870881679389313,-115.40884351145039,0
4686,-0.07786943359375043,-5.24358272705078,-2.1294496459960937,-177.6013358778626,26.512103053435116,-152.309606870229,0
4711,0.34590426025390597,-4.798261218261718,-3.9993211425781245,-163.70057251908398,-3.2894236641221375,-181.05006488549617,0
4736,-0.027591198730469113,-4.855722058105468,-5.318526257324219,-156.112786259542,-23.785606870229007,-201.24090458015266,0
4761,0.17112753906249978,-3.8142443359374996,-5.1796625610351565,-150.60896946564887,-15.144385496183205,-213.81342366412213,0
4786,0.7816489624023433,-2.9619085449218745,-5.512456591796875,-140.76164122137405,7.817446564885497,-225.11113358778627,0
4811,1.3347095458984373,-2.7224883789062497,-6.798142883300781,-121.34179389312978,15.588438931297711,-233.31724045801528,0
4837,1.79918466796875,-1.4703209106445312,-6.968131201171875,-101.01354961832061,20.42813358778626,-239.3477748091603,0
4862,2.4240713012695307,0.023660925292968746,-6.829267504882813,-88.24255725190841,40.183858778625954,-247.67601908396946,0
4887,3.2764070922851554,1.7953701538085935,-7.0950238891601565,-77.44103053435116,50.90904961832061,-249.24090458015266,0
4912,4.497449938964843,3.380331652832031,-7.985666906738281,-68.67003816793894,40.58843893129771,-249.24090458015266,0
4937,4.909252624511718,5.070638024902344,-8.347191357421874,-63.78454198473282,34.08462213740458,-249.24090458015266,0
4962,5.139095983886718,5.791292724609375,-8.622524548339843,-51.784541984732826,13.954851145038168,-249.24090458015266,0
4987,5.057693127441405,5.968463647460937,-8.691956396484375,-36.418129770992365,26.252561068702292,-249.24090458015266,0
5012,4.66504405517578,6.715454565429687,-8.193962451171874,-10.04408396946565,49.89378244274809,-249.24090458015266,0
5037,4.526180358886718,8.377030517578124,-7.006438427734375,29.35286259541985,64.93195038167939,-249.24090458015266,0
5062,4.413652880859375,9.626803784179685,-7.523585986328125,59.627671755725196,119.95485114503818,-249.24090458015266,0
5087,4.94037724609375,10.75447276611328,-7.047139855957031,98.33759541984732,147.73347709923664,-247.96609541984733,0
5112,5.503014636230469,11.412878222656248,-6.489290869140625,135.22309160305343,165.8937824427481,-212.67601908396946,0
5137,5.491043627929687,12.341828466796873,-5.921865075683594,157.84141221374045,197.16095801526717,-172.6836526717557,0
5162,4.909252624511718,13.838204504394529,-4.978549621582031,168.81087786259542,237.7029427480916,-125.13403435114503,0
5187,6.6067416015625,14.115931896972654,-4.3560571899414064,181.54370229007634,251.55027099236642,-75.4622786259542,0
5213,6.853344372558593,14.855740209960937,-2.9051709838867183,205.08568702290077,249.55790458015267,-31.53861450381679,0
5238,6.340985217285156,14.515763574218749,-3.0799477050781245,205.62003816793893,251.55027099236642,15.461385496183206,0
5263,6.5301271484375,13.833416101074217,-2.337745190429687,188.33759541984733,251.55027099236642,69.62169083969466,0
5288,7.336973107910155,12.636315270996093,-0.6785634399414062,163.46736641221372,251.55027099236642,120.24001145038169,0
5313,7.327396301269531,11.21415948486328,0.7986589843749999,132.54370229007634,251.55027099236642,176.43848473282443,0
5338,8.122271252441404,9.231760510253904,2.9582288818359377,108.0780534351145,251.55027099236642,233.91176717557252,0
5363,7.205292016601562,7.615674389648437,4.306164416503906,79.62767175572519,251.55027099236642,251.02627099236642,0
5388,5.316266906738281,6.569408264160156,5.395526171875,24.871946564885498,251.55027099236642,251.02627099236642,0
5413,4.7177164916992185,4.6133455078125,7.042736914062499,-49.868511450381675,251.55027099236642,251.02627099236642,0
5438,6.250005554199219,2.068309143066406,8.158434887695313,-69.5631679389313,251.55027099236642,251.02627099236642,0
5463,2.246900378417968,2.98528837890625,8.51756513671875,-99.14332061068703,200.626606870229,251.02627099236642,0
5488,-0.10899405517578176,2.4944770385742188,7.832823461914062,-159.63187022900763,220.95485114503816,251.02627099236642,0
5513,1.9284715576171871,-1.2979383911132811,8.139281274414062,-193.318893129771,155.91668320610688,251.02627099236642,0
5538,-0.7195154785156253,-1.333851416015625,7.377925146484374,-212.8456106870229,92.16859160305344,227.43848473282443,0
5563,-4.124070239257812,-2.803891235351562,5.905491125488281,-249.66240458015267,109.4968358778626,177.07207251908397,0
5588,-2.9556998291015626,-5.2794957519531245,5.175259619140625,-249.66240458015267,174.03882061068703,128.6140572519084,0
5614,-1.8878858886718752,-4.858116259765625,4.212790551757812,-249.66240458015267,117.43576717557252,78.85069847328245,0
5639,-2.208708911132813,-4.161403576660156,2.697260900878906,-249.66240458015267,30.252561068702292,40.99573664122138,0
5664,-1.9668945434570315,-5.906776586914062,1.0237139404296873,-238.19675572519085,-13.23598854961832,16.438484732824428,0
5689,-2.3691204223632814,-5.7487592773437495,0.4179809204101562,-235.1509541984733,-13.694003816793893,-7.485179389312977,0
5714,-2.9796418457031253,-5.791854907226562,-0.0584652099609375,-231.6166030534351,-0.06804961832061052,-30.41647709923664,0
5739,-2.328418994140625,-5.815796923828125,-1.5165340209960938,-224.2043893129771,7.680041984732824,-52.90502671755725,0
5764,-2.048297399902344,-6.060005493164062,-3.3768287109374997,-219.9448473282443,12.657141221374046,-78.11113358778626,0
5789,-2.227862524414063,-5.540463732910156,-3.6832865234374994,-211.14332061068703,24.199125954198475,-102.66075190839695,0
5814,-1.3037006835937504,-5.1478146606445305,-4.159732653808594,-194.42576335877862,43.08462213740458,-128.3477748091603,0
5839,-1.243845642089844,-4.872481469726562,-5.131778527832031,-175.90667938931298,66.35179770992367,-154.39357633587787,0
5864,-0.5351619506835941,-3.816638537597656,-5.46457255859375,-155.56316793893131,84.46630152671756,-177.30197328244273,0
5889,0.5613824096679685,-3.1031664428710934,-6.0583345703125,-131.32652671755727,85.18385877862596,-199.2943396946565,0
5914,1.988326599121093,-2.56925947265625,-6.740682043457031,-110.78454198473283,85.35179770992367,-222.897393129771,0
5939,2.9555840698242184,-1.0609124267578125,-6.778989270019531,-97.11278625954199,95.41286641221375,-248.8744923664122,0
5964,3.7384880126953117,0.36124335937499996,-6.635337170410156,-80.82270992366412,96.56553816793894,-249.24090458015266,0
5990,5.397669763183592,1.9964830932617186,-7.449365734863281,-72.54026717557252,114.61897328244275,-249.24090458015266,0
6015,6.281130175781249,2.6716479614257813,-7.961724890136718,-49.975381679389315,81.04645419847328,-249.24090458015266,0
6040,5.687368164062499,4.014795092773437,-7.0567166625976565,-28.50973282442748,45.20675954198473,-249.24090458015266,0
6065,5.603571105957031,5.468075500488281,-6.640125573730469,-12.036450381679389,64.07698854961832,-249.24090458015266,0
6090,6.015373791503905,7.278091955566406,-6.446195239257812,8.207824427480917,96.09225572519084,-249.24090458015266,0
6115,6.1997273193359375,8.987551940917967,-5.567523229980469,36.80324427480916,124.45103435114504,-249.24090458015266,0
6140,6.6067416015625,10.57490764160156,-5.517244995117188,65.04751908396946,178.97775190839695,-249.24090458015266,0
6165,6.091988244628905,11.779191076660155,-4.341691979980469,110.13912213740457,173.2907290076336,-241.34014122137404,0
6190,6.008191186523438,12.942773083496093,-3.498932995605468,145.7956106870229,188.35179770992366,-201.69891984732823,0
6215,6.513367736816405,14.429572314453123,-2.976997033691406,168.86431297709922,225.3288969465649,-158.515713740458,0
6240,7.413587561035155,15.169380627441404,-2.277890148925781,188.9635496183206,243.68767557251908,-112.6683854961832,0
6265,7.401616552734374,15.336974743652343,-0.9945980590820312,206.0398854961832,241.88614885496185,-64.95846183206106,0
6290,7.279512268066406,15.085583569335936,0.02293764648437499,211.21545801526716,251.55027099236642,-13.996629770992367,0
6315,8.174943688964841,14.015375427246092,0.6023344482421874,208.93301526717556,251.55027099236642,37.323980916030536,0
6340,7.573999072265624,13.270778710937499,1.3493253662109375,199.84141221374045,251.55027099236642,92.42321755725192,0
6365,7.104735546874999,11.343446374511718,2.31179443359375,173.7727099236641,251.55027099236642,150.86596564885497,0
6391,7.449500585937499,9.973963024902343,3.413127197265625,134.42919847328244,251.55027099236642,205.19420992366412,0
6416,7.205292016601562,9.332316979980467,4.694025085449218,90.48263358778625,251.55027099236642,249.56825572519085,0
6441,7.004179077148437,8.113668334960936,5.953375158691405,43.513167938931296,251.55027099236642,251.02627099236642,0
6466,6.736028491210937,6.3754779296874995,6.872748596191405,11.055152671755724,236.13042366412213,251.02627099236642,0
6491,5.198951025390624,5.0419076049804685,6.9613340576171865,-9.70057251908397,180.008286259542,251.02627099236642,0
6516,2.907700036621093,4.218302233886718,7.478481616210937,-44.15095419847328,186.68767557251908,251.02627099236642,0
6541,2.9124884399414057,2.784175439453125,8.419402868652343,-101.30362595419848,240.95485114503816,251.02627099236642,0
6566,3.542163476562499,1.2423095703125,7.914226318359375,-121.6776717557252,125.03882061068703,251.02627099236642,0
6591,1.104866186523437,2.5088422485351565,7.928591528320312,-138.76927480916032,57.13805725190839,251.02627099236642,0
6616,-0.6859966552734378,-0.4767272216796875,7.452145397949218,-166.10515267175572,50.809812977099234,239.45375190839695,0
6641,-0.8488023681640628,-2.985850561523437,6.760221118164062,-221.74637404580153,137.0464541984733,205.53008778625954,0
6666,-1.4018629516601566,-2.3106856933593747,6.52558935546875,-249.46393129770993,131.9090496183206,155.42321755725192,0
6691,-2.3523610107421877,-3.5269401367187494,5.479323229980468,-249.66240458015267,89.95485114503818,104.15604198473282,0
6716,-2.754586889648438,-5.080777014160156,4.433057104492187,-249.66240458015267,110.65714122137405,64.60642366412213,0
6742,-0.5160083374023441,-5.547646337890624,3.992523999023437,-249.66240458015267,87.03882061068703,22.629324427480917,0
6767,-1.1528659790039064,-5.380052221679687,2.2686988037109375,-226.31125954198473,-22.327591603053435,-14.59968320610687,0
6792,-2.237439331054688,-5.775095495605468,1.2559515014648437,-204.5479007633588,-88.86957633587785,-33.52334732824427,0
6817,-2.8479607543945313,-5.097536425781249,0.4682591552734374,-218.57080152671756,-25.434461832061068,-48.69891984732824,0
6842,-0.2023679199218753,-5.435118859863281,-1.5452644409179688,-242.79217557251908,64.63424045801527,-75.13403435114503,0
6867,-0.7434574951171877,-5.28188995361328,-1.3489399047851562,-223.8456106870229,9.718209923664123,-96.28670610687023,0
6892,-0.7075444702148441,-4.539687438964843,-3.2930316528320307,-222.56316793893131,46.3441641221374,-119.8592251908397,0
6917,-0.38911564941406285,-4.278719458007812,-4.2195876953125,-210.82270992366412,45.19912595419847,-144.32487404580152,0
6942,0.14479132080078072,-3.7280530761718746,-4.109454418945313,-192.85324427480916,59.03882061068702,-164.45464503816794,0
6967,0.8534750122070309,-3.3449808105468746,-4.538016516113281,-164.0364503816794,65.99301908396947,-184.41647709923663,0
6992,1.497515258789062,-2.3657523315429683,-5.395140710449219,-138.45629770992366,82.99301908396947,-204.5920496183206,0
7017,2.8047493652343745,-0.9579617553710937,-6.034392553710937,-125.2043893129771,118.4205,-227.40884351145039,0
7042,4.581246997070312,0.3684259643554687,-5.3879581054687495,-95.50973282442749,107.9701183206107,-249.24090458015266,0
7067,6.027344799804687,1.4841239379882811,-5.603436254882812,-61.00591603053435,69.65714122137405,-249.24090458015266,0
7092,6.6522314331054675,2.9038855224609375,-5.73272314453125,-41.03645038167939,60.3441641221374,-249.24090458015266,0
7117,6.372109838867186,4.038737109375,-5.57949423828125,-22.83797709923664,55.32889694656488,-249.24090458015266,0
7143,6.206909924316405,5.420191467285156,-5.644137683105469,-9.769274809160306,58.51973664122137,-249.24090458015266,0
7168,6.216486730957031,6.9572689331054685,-6.506050280761719,0.3528625954198473,79.32126335877864,-249.24090458015266,0
7193,5.965095556640624,8.324358081054687,-6.1948040649414065,17.413931297709926,88.39759923664123,-249.24090458015266,0
7218,6.338591015625,9.95002100830078,-4.976155419921875,42.33759541984733,115.18385877862596,-249.24090458015266,0
7243,6.917987817382811,10.438438146972654,-5.110230712890625,81.71164122137404,131.32126335877862,-229.88975954198472,0
7268,7.17416739501953,12.281973425292968,-4.904329370117187,116.1162213740458,152.74874427480916,-194.1951030534351,0
7293,7.540480249023436,13.005022326660155,-3.9298892944335932,143.94064885496184,184.626606870229,-157.897393129771,0
7318,7.3441557128906245,13.131915014648436,-2.720817456054687,173.27652671755726,195.06935496183206,-116.17983587786259,0
7343,7.107129748535155,13.809474084472654,-2.1318438476562496,195.91774809160304,201.14569083969465,-70.92792748091603,0
7368,7.293877478027343,13.996221813964842,-1.7703193969726563,208.04751908396946,206.214393129771,-30.966095419847328,0
7393,7.044880505371093,13.807079882812499,-0.8796763793945312,210.23072519083968,222.35179770992366,7.461385496183206,0
7418,7.377674536132811,13.299509130859374,-0.7599662963867188,212.40629770992365,216.28309541984734,44.072072519083974,0
7443,6.6905386596679675,13.64666837158203,0.11870571289062498,201.91774809160304,215.7945458015267,74.81253053435115,0
7468,6.879680590820311,12.45196174316406,0.8465430175781249,183.1009541984733,237.15332442748092,106.47665267175573,0
7493,7.044880505371093,11.015440747070311,1.5097368774414062,163.20019083969464,251.55027099236642,141.79726335877862,0
7519,7.064034118652343,11.31711015625,3.123428796386719,138.95591603053435,251.55027099236642,176.19420992366412,0
7544,7.114312353515625,10.052971679687499,4.61022802734375,111.05515267175572,251.55027099236642,211.7132938931298,0
7569,6.477454711914063,8.106485729980468,5.144134997558593,77.44446564885496,246.65714122137405,247.86596564885497,0
7594,5.215710437011718,6.799251623535156,6.30771700439453,18.20782442748092,251.55027099236642,251.02627099236642,0
7619,4.784754138183593,4.962898950195313,8.156040686035155,-64.15858778625955,251.55027099236642,251.02627099236642,0
7644,4.016215405273437,3.1887955200195313,8.819234545898437,-133.49446564885497,251.55027099236642,251.02627099236642,0
7669,1.341892150878906,2.9685289672851565,8.718678076171875,-198.2272900763359,226.0464541984733,251.02627099236642,0
7694,0.43688392333984316,0.4641940307617187,9.154422778320312,-249.66240458015267,243.8403473282443,251.02627099236642,0
7719,0.9803677001953122,-0.3809591552734375,9.365112524414062,-249.66240458015267,161.35179770992366,242.53772137404582,0
7744,-1.2414514404296877,0.03323773193359375,7.816064050292968,-249.66240458015267,25.06935496183206,192.9881030534351,0
7769,-3.587769067382813,-2.4591261962890623,5.7211375976562495,-249.66240458015267,70.67240839694657,143.91176717557252,0
7794,-4.061820996093751,-3.6059487915039057,4.684448278808593,-249.66240458015267,165.83271374045802,94.0491717557252,0
7819,-1.7825410156250001,-3.3018851806640623,4.174483325195312,-249.66240458015267,137.3823320610687,37.6522251908397,0
7844,-1.1432891723632814,-4.115913745117187,2.769086950683594,-249.66240458015267,-5.3581259541984725,-9.706553435114504,0
7869,-1.8447902587890628,-4.709675756835937,1.413968811035156,-249.66240458015267,5.786912213740457,-47.81342366412213,0
7895,-2.0937872314453125,-4.113519543457031,0.07800428466796874,-249.66240458015267,48.741110687022896,-82.49281297709923,0
7920,-0.5950169921875004,-4.719252563476562,-1.0257226806640625,-235.36469465648855,47.37469847328244,-110.14930152671755,0
7945,-0.13054187011718765,-4.491803405761718,-1.7822904052734374,-203.64713740458015,16.160958015267177,-134.75998854961833,0
7970,-0.36277943115234423,-4.494197607421874,-2.672933422851562,-173.56316793893131,0.7792786259541986,-156.1035,0
7995,-0.06350422363281272,-3.802273327636718,-3.5635764404296872,-155.2272900763359,28.22966030534351,-175.8744923664122,0
8020,0.7050345092773433,-2.5908072875976558,-3.783842993164062,-134.5479007633588,49.122790076335875,-195.62258396946564,0
8045,1.5717355102539061,-1.8773351928710935,-3.848486437988281,-105.02118320610687,43.0235534351145,-215.85159160305344,0
8070,2.0481816406249997,-1.333851416015625,-4.961790209960937,-89.47156488549619,66.43576717557252,-234.46991221374046,0
8095,2.9555840698242184,0.01647832031249999,-4.79419609375,-79.1662213740458,93.29836259541985,-246.92029389312978,0
8120,4.375345654296875,1.1992139404296873,-5.545975415039062,-56.15095419847328,74.29836259541985,-249.24090458015266,0
8145,6.472666308593749,2.7578392211914062,-5.550763818359375,-35.479198473282445,50.069354961832055,-249.24090458015266,0
8170,6.939535632324218,4.256609460449218,-4.763071472167969,-14.921946564885497,41.36706488549618,-249.24090458015266,0
8195,6.6067416015625,5.752985498046875,-4.688851220703125,5.062786259541984,37.58843893129771,-249.24090458015266,0
8220,7.69849755859375,6.928538513183594,-5.65610869140625,12.162022900763358,62.58080534351145,-249.24090458015266,0
8245,7.937917724609375,8.405760937499998,-4.7558888671875,26.35286259541985,62.57317175572519,-249.24090458015266,0
8271,7.533297644042968,9.200635888671874,-3.72159375,50.48263358778626,68.74874427480917,-249.24090458015266,0
8296,7.72962218017578,9.933261596679687,-3.446260559082031,75.7956106870229,105.43576717557252,-241.94319465648854,0
8321,8.850108557128905,11.611596960449218,-3.2786664428710934,106.86431297709923,144.19912595419848,-207.46227862595418,0
8346,9.36965031738281,13.096001989746092,-2.6777218261718745,142.8719465648855,154.5884389312977,-168.08823282442748,0
8371,9.07755771484375,13.507804675292967,-2.1414206542968746,171.0017175572519,173.43576717557252,-121.34014122137404,0
8396,8.55322755126953,13.54371770019531,-1.971432336425781,186.4520992366412,195.14569083969465,-69.34014122137404,0
8421,8.368874023437499,12.981080310058593,-1.2292298217773436,196.32232824427481,206.67240839694657,-17.64548473282443,0
8446,8.414363854980468,13.220500476074218,0.43952873535156245,209.0780534351145,210.26019465648855,25.255278625954197,0
8471,8.641813012695312,12.830245605468749,1.4259398193359374,217.97881679389312,224.87088167938933,56.247645038167946,0
8496,8.469430493164062,12.657863085937498,1.7970410766601561,226.57423664122138,212.74874427480916,83.04153816793894,0
8521,7.966648144531249,11.798344689941406,2.38840888671875,237.681106870229,172.27546183206107,110.38504961832061,0
8546,7.5165382324218735,11.609202758789062,2.8528840087890623,229.9635496183206,175.51973664122139,133.82779770992366,0
8571,7.509355627441406,11.135150830078123,3.8369008911132814,212.3986641221374,181.5121030534351,156.4995534351145,0
8596,6.9131994140624995,10.538994616699217,4.497700549316406,192.01698473282443,172.11515648854962,179.16367557251908,0
8621,6.0704404296874985,9.191059082031249,4.976540881347655,161.83377862595418,171.08462213740458,210.49191984732823,0
8647,5.795107238769531,7.2948513671874995,5.247085668945312,110.15438931297709,205.7258435114504,245.47665267175572,0
8672,4.885310607910156,6.346747509765625,5.879154907226562,58.34522900763359,194.54263740458015,251.02627099236642,0
8697,4.217328344726562,4.972475756835937,6.556713977050781,-3.173854961832061,188.3441641221374,251.02627099236642,0
8722,3.0489579345703124,3.313294006347656,6.652482043457031,-79.47919847328245,218.26782824427482,251.02627099236642,0
8747,2.254082983398437,1.330895031738281,6.60220380859375,-141.34942748091603,204.7258435114504,251.02627099236642,0
8772,1.2772487060546869,-0.15829840087890626,6.4298212890625,-193.57843511450383,204.80217938931298,251.02627099236642,0
8797,0.5302577880859372,-1.7719903198242186,6.729096496582031,-238.12041984732824,217.31362977099238,251.02627099236642,0
8822,1.133596606445312,-2.138303173828125,6.712337084960937,-249.66240458015267,164.71820992366412,229.7819961832061,0
8847,-0.9278110229492191,-1.9395844360351562,4.5144599609375,-235.40286259541986,37.27546183206107,181.8201641221374,0
8872,-1.8208482421875,-4.139855761718749,3.125822998046875,-242.74637404580153,35.03882061068702,147.7819961832061,0
8897,-1.2510282470703127,-5.942689611816406,3.4729822387695313,-249.66240458015267,76.87088167938931,113.82779770992367,0
8922,-2.057874206542969,-6.488567590332031,1.9143569580078124,-249.66240458015267,111.22966030534351,62.85069847328245,0
8950,-2.785711511230469,-5.720028857421874,0.5736040283203124,-249.66240458015267,103.94721755725192,7.331614503816794,0
8975,-2.0363263916015626,-5.700875244140624,0.4275577270507812,-249.66240458015267,77.90904961832061,-32.52334732824427,0
9000,-1.4952368164062502,-6.127043139648437,-1.2364124267578125,-239.525,70.19149236641222,-69.8210572519084,0
9025,-1.7681758056640628,-5.782278100585937,-2.0408641845703124,-223.77690839694657,60.27546183206107,-99.67601908396946,0
9050,-1.224692028808594,-5.890017175292968,-2.6681450195312495,-210.91431297709923,84.58080534351146,-125.82869083969466,0
9075,-0.18321430664062532,-4.822203234863281,-3.7287763549804684,-198.112786259542,113.01591984732825,-153.2180038167939,0
9100,0.8391098022460932,-3.955502233886718,-4.530833911132812,-179.64713740458015,112.97775190839695,-181.79052290076336,0
9125,1.969172985839843,-3.3545576171874996,-4.272260131835938,-152.95248091603054,110.00065267175573,-204.92792748091603,0
9150,2.773624743652343,-1.8917004028320312,-4.39197021484375,-125.61660305343511,105.40523282442749,-224.1798358778626,0
9175,4.966713464355468,-0.06013613281249999,-5.024039453125,-98.55553435114504,79.214393129771,-244.9889961832061,0
9201,4.9619250610351555,1.0100720092773436,-4.904329370117187,-73.09751908396947,53.7792786259542,-249.24090458015266,0
9226,4.315490612792968,2.44898720703125,-5.079106091308594,-65.6776717557252,85.62660687022901,-249.24090458015266,0
9251,4.284365991210937,4.026766101074219,-4.097483410644531,-55.99064885496183,122.16095801526718,-249.24090458015266,0
9276,6.427176477050781,5.420191467285156,-3.522875012207031,-34.227290076335876,126.51973664122137,-249.24090458015266,0
9301,7.509355627441406,6.066625915527344,-3.707228540039062,-2.502099236641221,70.58080534351146,-249.24090458015266,0
9326,6.831796557617186,7.220631115722656,-3.5204808105468746,7.642938931297709,65.4968358778626,-249.24090458015266,0
9351,5.910028918457031,9.159934460449218,-2.7902493041992185,14.933015267175572,96.87088167938931,-249.24090458015266,0
9376,6.542098156738281,11.209371081542967,-2.6298377929687495,26.383396946564886,136.10752290076337,-249.24090458015266,0
9401,6.8748921874999995,13.100790393066404,-1.6003310791015624,56.10095419847328,141.0235534351145,-249.24090458015266,0
9426,6.168602697753905,13.34021055908203,-1.732012170410156,90.77270992366411,138.99301908396947,-243.25617175572518,0
9451,5.960307153320312,13.775955261230468,-1.4183717529296875,119.29942748091602,185.9853854961832,-186.64548473282443,0
9476,6.206909924316405,14.216488366699217,-1.4303427612304687,153.78797709923663,212.8174465648855,-116.86685877862595,0
9501,6.135083874511719,15.15980382080078,-0.14705067138671873,178.4520992366412,244.18385877862596,-48.607316793893126,0
9526,6.063257824707031,15.454290624999999,1.0500501586914062,195.1009541984733,251.55027099236642,14.369782442748091,0
9551,6.743211096191405,14.944325671386718,1.7635222534179686,214.84141221374045,251.55027099236642,70.60642366412215,0
9576,7.13586016845703,14.929960461425779,2.5176957763671877,228.62003816793893,242.80217938931298,115.62932442748092,0
9602,7.435135375976562,13.673004589843748,2.702049304199219,242.89484732824428,212.75637786259543,152.88886641221373,0
9627,6.621106811523437,12.863764428710937,3.2718692993164065,242.99408396946563,200.19912595419848,182.81253053435114,0
9652,6.113536059570312,12.674622497558593,4.435451306152343,233.39103053435113,199.57317175572518,207.8583320610687,0
9677,6.503790930175781,11.985092419433592,4.593468615722656,217.9101145038168,180.6113396946565,230.26291221374046,0
9702,6.321831604003905,10.19901798095703,4.287010803222656,182.45973282442748,159.55027099236642,251.02627099236642,0
9727,4.796725146484374,8.353088500976561,4.528825170898437,117.73454198473281,176.214393129771,251.02627099236642,0
9752,4.995443884277343,5.415403063964844,5.950980957031249,38.7956106870229,212.13042366412213,251.02627099236642,0
9777,4.346615234374999,3.67481845703125,5.910279528808593,-52.71583969465649,235.82508015267177,251.02627099236642,0
9802,2.476743737792968,2.2071728393554686,7.076255737304687,-149.7158396946565,245.75637786259543,251.02627099236642,0
9827,1.9811439941406244,0.3827911743164062,6.808105151367187,-223.44866412213742,237.61897328244274,251.02627099236642,0
9852,0.3985766967773432,-1.238083349609375,6.477705322265624,-249.66240458015267,225.45103435114504,251.02627099236642,0
9877,0.7265823242187497,-2.2819552734374997,5.924644738769531,-249.66240458015267,187.63424045801528,216.8048969465649,0
9902,0.15676232910156207,-3.4790561035156244,5.2327204589843745,-249.66240458015267,111.6647748091603,162.02627099236642,0
9927,-0.8655617797851565,-3.7352356811523433,3.834506689453125,-249.66240458015267,84.78691221374046,107.16367557251908,0
9952,-0.9230226196289066,-4.106336938476562,3.118640393066406,-249.66240458015267,38.626606870229004,54.80489694656489,0
9977,-1.061886315917969,-5.329773986816406,1.4738238525390623,-245.57080152671756,39.36706488549618,2.2094770992366413,0
10002,-1.3276427001953128,-5.629049194335937,0.8609082275390624,-243.02118320610688,68.32126335877864,-41.0653320610687,0
10028,-0.3077127929687502,-4.985008947753906,0.6526126831054687,-244.1509541984733,110.35943129770993,-78.3859427480916,0
10053,1.3107675292968746,-4.412794750976562,-0.24281873779296873,-207.64713740458015,29.0998893129771,-114.91266030534351,0
10078,0.9851561035156244,-4.391246936035156,-1.7559541870117186,-191.8456106870229,10.832713740458015,-151.3477748091603,0
10103,1.2413356811523433,-3.1606272827148434,-2.366475610351562,-189.23492366412214,39.993019083969465,-181.81342366412213,0
10128,2.268448193359374,-2.265195861816406,-3.6354024902343745,-169.28835877862596,20.23729389312977,-208.37830916030535,0
10153,3.1207839843749996,-1.6762222534179687,-3.570759045410156,-151.0364503816794,20.73347709923664,-228.34014122137404,0
10178,3.5900475097656246,-0.21097083740234376,-3.6258256835937495,-126.92958015267176,52.76401145038167,-248.7828893129771,0
10203,4.5668817871093745,1.8719846069335937,-3.9993211425781245,-99.72347328244275,85.9319503816794,-249.24090458015266,0
10228,6.080017236328124,3.375543249511719,-4.312961560058594,-63.295992366412214,63.183858778625954,-249.24090458015266,0
10253,6.039315808105468,4.378713745117188,-3.764689379882812,-24.754007633587786,29.290729007633587,-249.24090458015266,0
10278,6.211698327636719,5.669188439941406,-4.011292150878906,-1.8227099236641222,33.27546183206107,-249.24090458015266,0
10303,6.056075219726561,7.594126574707031,-3.565970642089843,9.14675572519084,51.88614885496183,-249.24090458015266,0
10328,6.08241143798828,8.22619581298828,-2.9362956054687497,19.13912213740458,73.71820992366412,-249.24090458015266,0
10353,6.00579698486328,9.4400560546875,-2.3999944335937498,28.459732824427483,101.56553816793894,-249.24090458015266,0
10378,6.609135803222656,11.11120881347656,-2.0624119995117183,36.16202290076336,134.03118702290078,-240.24090458015266,0
10403,6.736028491210937,11.824680908203124,-1.0089632690429686,58.18492366412214,125.74874427480917,-224.55388167938932,0
10429,6.755182104492186,11.992275024414061,-1.1478269653320312,81.35286259541984,109.78691221374046,-196.0805992366412,0
10454,7.49977882080078,12.609979052734374,-0.532517138671875,96.34522900763358,147.87851526717557,-153.14930152671755,0
10479,8.423940661621092,12.677016699218749,-0.29070277099609376,125.74217557251907,170.55027099236642,-98.14930152671755,0
10504,7.799054028320312,13.50541047363281,-0.44632587890625,153.9864503816794,182.90141603053436,-37.424110687022896,0
10529,7.193321008300781,13.708917614746092,-0.6139199951171875,165.95591603053435,209.9319503816794,18.598790076335877,0
10554,7.052063110351562,13.273172912597655,1.39242099609375,178.17729007633588,236.214393129771,67.85833206106871,0
10579,7.755958398437499,13.02657014160156,3.171312829589844,202.3757633587786,241.0235534351145,107.56062213740458,0
10604,7.973830749511717,13.14867442626953,3.3796083740234373,229.4902671755725,213.7792786259542,140.11024045801528,0
10629,6.963477648925781,12.317886450195312,3.8584487060546873,241.34522900763358,194.50446946564887,175.46901908396947,0
10654,7.066428320312499,12.832639807128905,4.682054077148437,229.1925572519084,204.9090496183206,206.19420992366412,0
10679,6.810248742675781,12.418442919921874,5.40749718017578,213.84141221374045,169.32126335877862,230.65985877862596,0
10704,6.020162194824217,10.318728063964842,5.141740795898437,171.85667938931297,167.41286641221373,251.02627099236642,0
10729,5.175009008789062,8.338723291015624,6.049143225097656,101.42919847328244,210.35943129770993,251.02627099236642,0
10754,4.803907751464843,6.3754779296874995,6.592627001953124,19.917748091603055,238.66477480916032,251.02627099236642,0
10780,3.958754565429687,4.304493493652344,7.274974475097656,-61.53263358778626,243.76401145038167,251.02627099236642,0
10805,3.036986926269531,2.4896886352539065,7.792122033691405,-138.09751908396947,251.55027099236642,251.02627099236642,0
10830,1.5430050903320307,0.6102403320312499,7.911832116699218,-208.09751908396947,251.55027099236642,251.02627099236642,0
10855,0.5709592163085935,-1.065700830078125,8.507988330078124,-249.66240458015267,251.55027099236642,251.02627099236642,0
10880,-1.3444021118164065,-1.6714338500976562,7.495241027832031,-249.66240458015267,248.4434007633588,250.484286259542,0
10905,-3.214273608398438,-3.9626848388671867,5.979711376953125,-249.66240458015267,251.55027099236642,194.14077480916032,0
10930,-2.7402216796875,-3.816638537597656,6.2454677612304685,-249.66240458015267,251.55027099236642,128.65985877862596,0
10955,-2.0315379882812503,-3.845368957519531,5.153711804199218,-249.66240458015267,144.2372938931298,62.636958015267176,0
10980,-4.358702001953125,-5.746365075683594,3.027660729980469,-249.66240458015267,113.31362977099236,4.377416030534351,0
11005,-3.992389147949219,-4.352939709472656,1.4594586425781249,-249.66240458015267,188.31362977099238,-53.69891984732824,0
11030,-2.4265812622070313,-5.324985583496093,0.4634707519531249,-249.66240458015267,131.0998893129771,-105.27143893129771,0
11055,-0.6836024536132816,-4.831780041503905,0.03730285644531249,-214.50209923664121,42.618973282442745,-144.63785114503816,0
11080,-1.109770349121094,-5.585953564453124,-1.1406443603515624,-183.86851145038167,37.35943129770992,-170.95082824427482,0
11105,-0.11617666015625039,-5.140632055664062,-1.44231376953125,-159.6242366412214,64.11515648854962,-187.95082824427482,0
11130,1.322738537597656,-4.005780468749999,-2.4095712402343747,-122.63187022900765,53.618973282442745,-207.20273664122138,0
11155,1.9428367675781244,-3.8884645874023436,-3.0224868652343746,-84.99828244274809,47.626606870229004,-224.58441603053436,0
11181,2.457590124511718,-3.502998120117187,-3.4414721557617183,-55.234923664122135,57.35179770992366,-237.40884351145039,0
11206,2.809537768554687,-1.9922568725585938,-3.233176611328125,-30.616603053435114,72.51973664122137,-249.24090458015266,0
11231,3.805525659179687,-0.165481005859375,-3.3121852661132807,-11.18148854961832,77.00065267175573,-249.24090458015266,0
11256,4.8685511962890615,0.9023329345703124,-3.015304260253906,7.0475190839694655,80.4205,-249.24090458015266,0
11281,5.680185559082031,1.970146875,-2.8524985473632807,25.116221374045804,85.99301908396947,-249.24090458015266,0
11306,6.187756311035156,3.8328357666015624,-1.930730908203125,46.31469465648855,86.63424045801527,-249.24090458015266,0
11331,6.740816894531249,4.783333825683593,-2.0935366210937496,70.09332061068702,68.61897328244275,-249.24090458015266,0
11356,6.994602270507811,6.097750537109375,-2.8141913208007807,85.07041984732824,70.35943129770993,-249.24090458015266,0
11381,6.403234460449219,8.70503614501953,-2.0719888061523433,93.90248091603053,101.95485114503818,-249.24090458015266,0
11406,6.400840258789061,11.171063854980467,-1.28908486328125,112.81087786259542,135.41286641221373,-249.24090458015266,0
11431,5.541321862792969,13.756801647949217,-0.6139199951171875,141.74217557251907,145.96248473282444,-249.24090458015266,0
11456,5.519774047851562,14.063259460449217,-1.4686499877929686,173.22309160305343,140.14569083969465,-249.24090458015266,0
11481,5.361756738281249,15.00657491455078,-0.589977978515625,200.02461832061067,180.14569083969465,-212.00426335877862,0
11506,5.701733374023436,16.99136809082031,-0.08001302490234374,226.80324427480915,227.8556145038168,-142.0805992366412,0
11531,4.533362963867187,18.540416564941406,0.24559840087890625,241.23835877862595,251.55027099236642,-65.05769847328244,0
11556,5.498226232910155,17.771877832031247,-0.38407663574218753,239.6429389312977,251.55027099236642,19.751461832061068,0
11581,6.6306836181640625,17.07516514892578,0.789082177734375,226.0551526717557,251.55027099236642,105.56062213740458,0
11607,6.786306726074218,16.093542468261717,2.9582288818359377,224.93301526717556,251.55027099236642,182.43085114503816,0
11632,6.139872277832031,15.693710791015624,4.279828198242187,227.48263358778627,249.33653053435114,245.94993511450383,0
11657,5.524562451171874,14.678569287109374,4.641352648925781,210.268893129771,235.20675954198472,251.02627099236642,0
11682,5.139095983886718,13.342604760742185,5.405102978515624,172.58187022900762,241.87851526717557,251.02627099236642,0
11707,4.677015063476562,11.276408728027342,5.881549108886718,98.99408396946565,251.55027099236642,251.02627099236642,0
11732,3.8007372558593744,8.28365665283203,6.7530385131835935,6.795610687022901,251.55027099236642,251.02627099236642,0
11757,3.242888269042968,5.489623315429688,7.703536572265624,-90.15095419847329,251.55027099236642,251.02627099236642,0
11782,1.9811439941406244,3.2294969482421876,7.940562536621093,-198.525,251.55027099236642,251.02627099236642,0
11807,0.16633913574218706,0.8831793212890624,7.828035058593749,-249.66240458015267,251.55027099236642,251.02627099236642,0
11832,-0.9924544677734377,-1.24766015625,7.950139343261718,-249.66240458015267,251.55027099236642,251.02627099236642,0
11857,-1.9860481567382815,-2.3633581298828124,8.730649084472656,-249.66240458015267,245.45103435114504,250.65985877862596,0
11882,-1.291729675292969,-4.836568444824218,7.648469934082031,-249.66240458015267,152.48920229007635,195.26291221374046,0
11907,-2.7138854614257815,-2.7105173706054684,5.397920373535156,-249.66240458015267,111.22966030534351,134.11787404580153,0
11932,-4.4951714965820315,-3.694534252929687,1.8401367065429686,-249.66240458015267,161.38996564885497,60.85833206106871,0
11957,-2.7426158813476564,-6.7040457397460935,1.3876325927734374,-249.66240458015267,195.22966030534351,-12.469912213740459,0
11983,-1.7178975708007815,-5.265130541992187,0.8465430175781249,-249.66240458015267,101.83271374045802,-81.40884351145039,0
12008,-2.0746336181640626,-5.389629028320312,-0.17099268798828124,-215.44866412213742,4.4281335877862595,-124.91266030534351,0
12033,-2.0315379882812503,-5.37765802001953,-1.5596296508789063,-193.07461832061068,38.19149236641221,-161.43937786259542,0
12058,-1.358767321777344,-4.448707775878906,-2.3640814086914057,-167.2959923664122,64.35943129770992,-193.43937786259542,0
12083,0.712217114257812,-4.068029711914062,-3.8341212280273433,-133.85324427480916,48.0235534351145,-224.55388167938932,0
12108,0.5039215698242185,-4.271536853027343,-2.672933422851562,-104.93721374045802,49.47393511450382,-249.24090458015266,0
12133,1.2317588745117183,-3.6969284545898433,-3.6354024902343745,-78.23492366412215,70.38996564885497,-249.24090458015266,0
12158,1.8327034912109372,-0.9483849487304687,-4.1860688720703125,-63.13568702290076,117.11515648854962,-249.24090458015266,0
12183,2.6132132324218746,1.0100720092773436,-2.574771154785156,-33.08988549618321,141.86324809160305,-249.24090458015266,0
12208,3.8558038940429684,2.5471494750976564,-2.5005509033203124,1.7421755725190837,143.67240839694657,-249.24090458015266,0
12233,5.105577160644531,4.587009289550781,-2.4861856933593747,31.070419847328246,118.8556145038168,-249.24090458015266,0
12258,5.7879246337890615,6.08817373046875,-3.151773754882812,47.902480916030534,90.62660687022901,-249.24090458015266,0
12283,5.615542114257813,7.263726745605468,-2.4454842651367183,57.85667938931298,100.214393129771,-249.24090458015266,0
12308,5.105577160644531,9.782426892089843,-1.5620238525390624,76.65820610687022,113.08462213740458,-249.24090458015266,0
12333,5.407246569824218,12.135927124023436,-0.7958793212890625,98.93301526717556,129.61897328244274,-249.24090458015266,0
12358,5.194162622070312,14.381688281249998,-0.2212709228515625,121.38339694656489,145.4052328244275,-249.24090458015266,0
12384,4.339432629394531,14.616320043945311,-0.5253345336914063,153.681106870229,147.24492748091603,-249.24090458015266,0
12409,3.1590912109374996,15.985803393554686,-0.7192648681640625,164.08568702290077,224.36706488549618,-208.76762213740457,0
12434,2.4240713012695307,17.76948363037109,-0.3577404174804687,175.91774809160304,251.55027099236642,-121.34014122137404,0
12459,3.7648242309570303,18.07594144287109,0.16898394775390624,181.09332061068702,251.55027099236642,-40.248538167938925,0
12484,3.7983430541992185,16.701669689941404,1.3301717529296875,181.74980916030535,251.55027099236642,32.77436259541985,0
12509,5.239652453613281,14.793490966796874,2.175324938964844,174.16202290076336,251.55027099236642,106.2934465648855,0
12534,6.084805639648438,14.752789538574218,3.8225356811523437,175.69637404580152,251.55027099236642,171.03390458015267,0
12559,6.846161767578125,14.448725927734374,3.4729822387695313,181.35286259541985,240.29836259541986,224.11787404580153,0
12584,6.317043200683593,13.39048879394531,4.083503662109375,177.94064885496184,216.5121030534351,251.02627099236642,0
12609,5.6921565673828125,13.905242150878905,5.5918507080078115,173.45973282442748,202.54263740458015,251.02627099236642,0
12634,6.022556396484375,12.097619897460936,5.62536953125,164.7192748091603,185.64187404580153,251.02627099236642,0
12659,5.244440856933593,11.183034863281248,5.713954992675781,137.42919847328244,176.14569083969465,251.02627099236642,0
12684,4.6602556518554685,9.066560595703123,6.044354821777343,65.57423664122136,193.22202671755727,251.02627099236642,0
12709,3.4272417968749993,6.301257678222656,6.216737341308593,-39.112786259541984,220.1762251908397,251.02627099236642,0
12734,3.544557678222656,3.327659216308594,6.987670275878906,-133.49446564885497,223.008286259542,251.02627099236642,0
12759,2.5557523925781247,1.2111849487304687,7.219907836914062,-199.6242366412214,200.5350038167939,251.02627099236642,0
12785,1.1264140014648434,-0.9914805786132812,7.294128088378906,-249.66240458015267,209.68004198473284,251.02627099236642,0
12810,-0.7027560668945316,-3.222876525878906,6.480099523925781,-249.66240458015267,251.55027099236642,224.92703435114504,0
12835,-0.6955734619140628,-3.8621283691406245,7.655652539062499,-249.66240458015267,248.24492748091603,170.43085114503816,0
12860,-1.0187906860351565,-3.3401924072265623,6.513618347167968,-249.66240458015267,138.52737022900763,114.75146183206107,0
12885,-1.7633874023437501,-4.199710803222656,3.4873474487304685,-249.66240458015267,86.75637786259543,68.30871374045802,0
12910,-1.6245237060546878,-5.758336083984375,3.57593291015625,-249.66240458015267,47.50446946564885,38.827797709923665,0
12935,-0.8081009399414065,-6.222811206054687,1.6294469604492186,-249.66240458015267,87.91668320610687,3.469019083969466,0
12960,-1.4090455566406253,-4.487015002441406,0.540085205078125,-249.66240458015267,83.32126335877864,-39.622583969465644,0
12985,-0.3364432128906252,-5.717634655761718,-0.36971142578124994,-239.17385496183206,77.1762251908397,-75.05006488549618,0
13010,0.48955635986328083,-5.24358272705078,0.2264447875976562,-206.0364503816794,54.65714122137404,-106.5920496183206,0
13035,0.9324836669921872,-4.5660236572265624,-1.8732700683593748,-173.74637404580153,46.78691221374046,-138.5386145038168,0
13060,1.2317588745117183,-4.048876098632812,-2.0456525878906247,-128.6929389312977,-17.76270610687023,-161.14930152671755,0
13085,1.6244079467773433,-3.8333979492187495,-3.4630199707031246,-107.82270992366412,-17.800874045801525,-182.92792748091603,0
13110,1.930865759277343,-3.1749924926757807,-4.011292150878906,-103.66240458015268,18.80217938931298,-207.14930152671755,0
13135,2.9747376831054684,-2.794314428710937,-5.009674243164063,-101.76927480916031,71.77164503816795,-232.95082824427482,0
13160,3.2572534790039054,-0.759243017578125,-2.8596811523437498,-81.85324427480917,103.214393129771,-249.24090458015266,0
13186,4.365768847656249,0.7562866333007812,-3.419924340820312,-46.372328244274804,91.79454580152672,-249.24090458015266,0
13211,4.914041027832031,1.79776435546875,-3.024881066894531,-22.074618320610686,90.5731717557252,-249.24090458015266,0
13236,5.419217578124999,3.8041053466796875,-3.228388208007812,2.3146946564885496,69.94721755725192,-249.24090458015266,0
13261,5.304295898437499,5.046696008300781,-2.979391235351562,15.917748091603054,71.55790458015268,-249.24090458015266,0
13286,5.548504467773436,6.289286669921875,-3.1350143432617186,27.17729007633588,95.58843893129772,-249.24090458015266,0
13311,5.558081274414062,8.027477075195312,-2.8620753540039057,37.96354961832061,131.82508015267177,-249.24090458015266,0
13336,5.4671016113281246,9.626803784179685,-1.042482092285156,47.03225190839695,183.3288969465649,-249.24090458015266,0
13361,5.694550769042968,11.242889904785155,0.367702685546875,82.69637404580152,182.56553816793894,-249.24090458015266,0
13386,5.335420520019531,13.414430810546873,0.4419229370117187,126.78797709923664,135.83271374045802,-247.41647709923663,0
13411,5.603571105957031,14.226065173339842,-1.511745617675781,137.0780534351145,168.7258435114504,-205.7447213740458,0
13436,5.045722119140624,14.702511303710937,-0.33619260253906247,145.6047709923664,189.29836259541986,-149.34014122137404,0
13461,5.096000354003905,14.738424328613279,1.1099052001953125,160.59713740458014,214.26019465648855,-83.24853816793893,0
13486,4.9978380859375,15.097554577636718,1.7683106567382811,177.0780534351145,224.26019465648855,-13.698919847328245,0
13511,5.512591442871092,15.231629870605467,1.8760497314453124,182.91774809160304,230.7945458015267,51.392683206106874,0
13536,6.185362109374998,15.169380627441404,2.4530523315429686,180.3986641221374,238.07698854961833,111.15604198473282,0
13561,6.793489331054686,14.647444665527342,3.451434423828125,183.27652671755726,233.75637786259543,163.79726335877862,0
13586,6.958689245605467,13.66582198486328,4.33489483642578,186.8719465648855,222.9319503816794,205.2705458015267,0
13612,6.010585388183594,13.62751475830078,5.27342188720703,187.887213740458,204.9853854961832,235.4995534351145,0
13637,5.670608752441406,12.303521240234373,5.108221972656249,176.52080152671755,191.26782824427482,251.02627099236642,0
13662,5.304295898437499,11.25246671142578,6.41066767578125,154.3070610687023,192.008286259542,251.02627099236642,0
13687,5.627513122558594,9.315557568359374,6.630934228515624,115.39103053435115,187.65714122137405,251.02627099236642,0
13712,4.839820776367187,7.709048254394531,6.425032885742187,50.902480916030534,176.35943129770993,251.02627099236642,0
13737,3.9156589355468743,6.066625915527344,6.877536999511718,-35.486832061068704,177.45103435114504,251.02627099236642,0
13762,4.396893469238281,3.588627197265625,7.564672875976562,-129.16622137404582,210.008286259542,251.02627099236642,0
13787,3.681027172851562,2.283787292480469,8.084214636230469,-197.70057251908398,187.74874427480916,251.02627099236642,0
13812,2.4480133178710934,0.6581243652343749,7.734661193847655,-237.59370229007635,155.1227900763359,251.02627099236642,0
13837,0.6068722412109371,-1.1351326782226563,7.0547079223632805,-249.66240458015267,188.5350038167939,227.14840839694656,0
13862,0.015504431152343567,-2.1694277954101557,6.312505407714843,-249.66240458015267,218.24492748091603,188.88123282442749,0
13887,-0.12814766845703174,-2.1790046020507807,6.674029858398437,-249.66240458015267,133.82508015267177,144.69802671755727,0
13912,-0.3603852294921879,-2.1263321655273435,4.646141052246093,-249.66240458015267,52.611339694656486,99.62169083969466,0
13937,-1.3228542968750003,-3.8669167724609372,2.668530480957031,-249.66240458015267,43.95485114503816,55.759095419847334,0
13962,-1.397074548339844,-4.190133996582031,1.650994775390625,-249.66240458015267,106.6647748091603,9.690393129770992,0
13987,-0.7051502685546878,-3.3306156005859373,1.823377294921875,-249.66240458015267,103.1380572519084,-40.65311832061068,0
14012,0.10648409423828076,-4.194922399902343,-0.5301229370117188,-249.66240458015267,27.397599236641224,-84.11113358778626,0
14038,0.6978519042968747,-5.226823315429687,-1.087971923828125,-241.28835877862596,22.206759541984734,-118.08059923664122,0
14063,1.554976098632812,-3.5436995483398435,-1.511745617675781,-230.96774809160306,63.313629770992364,-157.1798358778626,0
14088,1.590889123535156,-2.7296709838867184,-2.3066205688476558,-198.7540076335878,40.4205,-187.8744923664122,0
14113,2.5605407958984374,-3.2875199707031246,-3.2643012329101557,-177.18148854961834,48.45103435114503,-213.1798358778626,0
14138,2.457590124511718,-3.043311401367187,-2.332956787109375,-150.21965648854962,78.27546183206107,-232.41647709923663,0
14163,2.491108947753906,-0.7472720092773437,-2.526887121582031,-123.99828244274809,130.16859160305344,-249.24090458015266,0
14188,3.147120202636718,1.0531676391601563,-2.5867421630859373,-92.33416030534352,152.41286641221373,-249.24090458015266,0
14213,4.425623889160156,3.361178039550781,-2.1988814941406245,-67.02881679389314,169.80217938931298,-249.24090458015266,0
14238,6.039315808105468,5.075426428222656,-2.0360757812499997,-32.70057251908397,146.4205,-249.24090458015266,0
14263,6.625895214843749,6.3754779296874995,-2.2180351074218745,4.223091603053435,90.45103435114504,-249.24090458015266,0
14288,6.027344799804687,7.325975988769531,-2.450272668457031,26.940648854961832,83.80981297709924,-249.24090458015266,0
14313,5.323449511718749,8.343511694335936,-2.5149161132812496,46.704007633587786,125.34416412213741,-249.24090458015266,0
14338,4.598006408691406,10.725742346191405,-1.6913107421875,76.25362595419847,172.9853854961832,-249.24090458015266,0
14363,4.0976182617187495,13.356969970703123,-0.43914327392578123,114.29179389312976,223.7945458015267,-249.24090458015266,0
14388,3.4248475952148434,16.083965661621093,0.9111864624023437,171.3986641221374,232.61897328244274,-239.60731679389312,0
14414,4.234087756347655,17.252336071777343,0.6190938598632811,228.59713740458014,218.10752290076337,-183.80579007633588,0
14439,4.150290698242187,17.635408337402342,1.653388977050781,250.6047709923664,221.94721755725192,-125.0271641221374,0
14464,3.2740128906249995,18.171709509277342,2.61825224609375,250.6047709923664,233.9319503816794,-64.56151526717557,0
14489,3.1423317993164055,18.061576232910156,1.8209830932617186,250.6047709923664,251.55027099236642,-3.996629770992366,0
14514,2.79517255859375,18.923488830566406,2.1968727539062503,250.6047709923664,251.55027099236642,56.522454198473284,0
14539,4.899675817871093,17.4079591796875,2.5440319946289063,239.8719465648855,251.55027099236642,119.85833206106871,0
14564,6.499002526855468,15.854122302246092,4.131387695312499,196.32996183206106,251.55027099236642,179.46901908396947,0
14589,6.783912524414062,13.842992907714843,4.794581555175781,159.6047709923664,251.55027099236642,226.36214885496184,0
14614,5.981854968261717,11.930025781249999,4.263068786621093,109.54370229007633,237.60370610687022,251.02627099236642,0
14639,4.305913806152343,11.767220068359373,5.836059277343749,58.68874045801527,231.93958396946564,251.02627099236642,0
14664,4.811090356445312,11.508646289062499,6.939786242675781,23.536068702290077,205.4205,251.02627099236642,0
14689,5.222893041992187,8.805592614746093,7.622133715820312,-12.402862595419847,183.4968358778626,251.02627099236642,0
14714,2.661097265624999,7.060219604492187,7.586220690917968,-58.14332061068702,171.52737022900763,251.02627099236642,0
14739,2.531810375976562,5.152040881347656,8.579814379882812,-120.53263358778626,185.61897328244274,251.02627099236642,0
14764,2.117613488769531,4.625316516113281,7.983658166503906,-193.56316793893131,172.73347709923664,251.02627099236642,0
14790,0.18070434570312477,3.052326025390625,7.045131115722656,-249.66240458015267,151.35179770992366,251.02627099236642,0
14815,-0.6740256469726567,0.5647505004882812,5.826482470703124,-249.66240458015267,189.52737022900763,229.40031679389313,0
14840,-1.1265297607421878,-1.1686515014648438,5.6636767578125,-249.66240458015267,232.11515648854962,188.02627099236642,0
14865,-0.9924544677734377,-2.485462414550781,5.321305920410156,-249.66240458015267,161.60370610687022,148.7056603053435,0
14890,-0.03956220703125046,-4.063241308593749,4.70599609375,-249.66240458015267,95.06935496183206,112.81253053435115,0
14915,-1.1456833740234378,-3.462296691894531,1.794646875,-249.66240458015267,116.61897328244275,62.14840839694657,0
14940,-1.2797586669921879,-3.095983837890625,0.9638588989257812,-249.66240458015267,123.61897328244275,8.094973282442748,0
14965,-0.5375561523437504,-4.144644165039062,-0.38407663574218753,-249.66240458015267,139.86324809160305,-47.40884351145038,0
14990,0.3674520751953123,-4.937124914550781,-0.7360242797851563,-249.66240458015267,118.54263740458016,-94.01953053435115,0
15015,0.326750646972656,-4.403217944335937,-1.7559541870117186,-249.66240458015267,116.19912595419848,-131.7828893129771,0
15040,0.6475736694335934,-2.7584014038085933,-2.277890148925781,-244.82270992366412,146.87088167938933,-166.48517938931298,0
15065,2.246900378417968,-3.043311401367187,-4.071147192382813,-197.60896946564887,118.87851526717557,-199.65311832061067,0
15090,2.828691381835937,-3.040917199707031,-3.7575067749023434,-151.7158396946565,131.84798091603054,-225.11876717557251,0
15115,3.001073901367187,-1.824662756347656,-2.7351826660156244,-99.78454198473283,155.20675954198472,-240.55388167938932,0
15140,4.052128430175781,-0.7736082275390624,-3.1852925781249994,-48.288358778625955,181.9090496183206,-249.24090458015266,0
15166,4.705745483398437,1.3332892333984374,-2.313803173828125,-3.1127862595419846,198.3288969465649,-249.24090458015266,0
15191,5.098394555664062,3.9286038330078124,-1.2819022583007813,43.7956106870229,183.56553816793894,-249.24090458015266,0
15216,6.27394757080078,6.183941796875,-1.068818310546875,90.16202290076335,152.0998893129771,-249.24090458015266,0
15241,6.79109512939453,7.215842712402344,-1.1909225952148437,129.04751908396946,127.87851526717557,-249.24090458015266,0
15266,6.027344799804687,8.168734973144531,-0.9562908325195312,161.32996183206106,121.00828625954199,-249.24090458015266,0
15291,5.0002322875976555,9.952415209960936,-0.6833518432617187,183.03225190839694,149.73347709923664,-249.24090458015266,0
15316,4.4184412841796865,12.823063000488279,0.3030592407226562,202.00935114503815,208.06172137404582,-249.24090458015266,0
15341,4.404076074218749,15.88045852050781,1.0548385620117187,233.33759541984733,228.19912595419848,-249.24090458015266,0
15366,4.068887841796874,17.41274758300781,1.612687548828125,250.6047709923664,230.59607251908398,-212.82869083969464,0
15391,2.646732055664062,18.145373291015623,1.7180324218749998,250.6047709923664,212.5121030534351,-166.0118969465649,0
15416,1.3921703857421868,18.617031018066406,1.1577892333984374,250.6047709923664,244.88614885496185,-106.76762213740457,0
15441,1.499909460449218,18.980949670410155,0.51135478515625,250.6047709923664,251.55027099236642,-31.79052290076336,0
15466,0.9396662719726558,19.203610424804687,1.2703167114257812,250.6047709923664,251.55027099236642,65.38504961832061,0
15491,3.111207177734374,19.483732019042968,2.072374267578125,226.5666030534351,251.55027099236642,179.82779770992366,0
15516,4.471113720703125,18.741529504394528,4.72514970703125,174.40629770992365,251.55027099236642,251.02627099236642,0
15541,4.540545568847656,17.460631616210936,7.2414556518554685,130.34522900763358,251.55027099236642,251.02627099236642,0
15567,4.6434962402343745,15.066429956054685,8.28772177734375,93.38339694656489,251.55027099236642,251.02627099236642,0
15592,3.7839778442382803,12.858976025390623,10.66276982421875,46.581870229007635,251.55027099236642,251.02627099236642,0
15617,3.302743310546875,10.759261169433593,10.303639575195312,-27.776908396946563,239.87088167938933,251.02627099236642,0
15642,1.4903326538085935,7.2373905273437495,9.594955883789062,-129.7387404580153,234.36706488549618,251.02627099236642,0
15667,0.19506955566406203,3.741856103515625,9.283709667968749,-226.58606870229008,244.3823320610687,251.02627099236642,0
15692,-0.6261416137695315,0.5671447021484375,8.756985302734375,-249.66240458015267,242.37469847328245,251.02627099236642,0
15717,-1.2749702636718752,-1.9563438476562498,8.620515808105468,-249.66240458015267,251.55027099236642,248.44611832061068,0
15742,-2.735433276367188,-1.6091846069335938,7.459328002929687,-249.66240458015267,205.90141603053436,181.82779770992366,0
15767,-3.4967894042968752,-2.4064537597656246,5.675647766113281,-249.66240458015267,130.43576717557252,117.34688167938931,0
15792,-3.4920010009765625,-3.780725512695312,4.70599609375,-249.66240458015267,98.60370610687023,65.2552786259542,0
15817,-2.788105712890625,-4.180557189941406,3.6190285400390625,-249.66240458015267,109.26019465648855,14.255278625954197,0
15842,-3.0227374755859375,-4.642638110351562,1.7467628417968748,-249.66240458015267,83.48920229007634,-33.301973282442745,0
15867,-2.725856469726563,-4.927548107910156,0.6071228515624999,-249.66240458015267,102.11515648854962,-72.85159160305344,0
15892,-0.8918979980468753,-4.506168615722656,0.08518688964843749,-249.66240458015267,141.0998893129771,-114.08823282442748,0
15917,0.6882750976562497,-4.647426513671874,-0.12789705810546875,-227.6395038167939,92.64187404580153,-156.0805992366412,0
15943,0.8127735839843746,-4.5037744140625,-1.2555660400390625,-174.09751908396947,52.22202671755725,-192.04243129770992,0
15968,1.2772487060546869,-4.240412231445312,-2.2443713256835935,-140.85324427480916,71.87088167938931,-220.85159160305344,0
15993,2.1511323120117183,-2.849381066894531,-2.6537798095703122,-109.8837786259542,102.80217938931298,-249.24090458015266,0
16018,3.0824767578124996,-2.4519435913085936,-2.3808408203124998,-69.99064885496183,111.77164503816795,-249.24090458015266,0
16043,3.1973984374999995,-0.9005009155273438,-1.71046435546875,-31.784541984732826,134.1227900763359,-249.24090458015266,0
16068,4.164655908203124,0.35166655273437497,-1.7056759521484375,8.81851145038168,148.20675954198472,-249.24090458015266,0
16093,4.964319262695311,1.8983208251953123,-0.8341865478515624,44.085687022900764,157.67240839694657,-249.24090458015266,0
16118,5.596388500976562,3.9884588745117187,-0.2715491577148437,82.74217557251907,128.55027099236642,-249.24090458015266,0
16143,5.6538493408203125,6.01155927734375,-0.3673172241210937,105.36812977099235,116.55027099236642,-249.24090458015266,0
16168,5.412034973144531,7.62046279296875,0.0013898315429687474,116.22309160305343,129.1914923664122,-249.24090458015266,0
16194,5.084029345703124,9.66271680908203,0.5783924316406249,132.82614503816794,142.6495076335878,-249.24090458015266,0
16219,4.298731201171875,11.752854858398436,0.33418386230468744,149.02461832061067,156.03882061068703,-249.24090458015266,0
16244,2.9914970947265616,14.238036181640624,0.8130241943359374,173.7727099236641,145.48156870229008,-249.24090458015266,0
16269,3.053746337890624,14.688146093749998,-0.427172265625,198.89484732824428,163.4205,-220.36304198473283,0
16294,2.8765754150390617,15.954678771972654,-1.0568473022460938,220.95591603053435,209.2372938931298,-146.2714389312977,0
16319,3.4032997802734366,17.417535986328122,-0.5157577270507813,240.20782442748092,244.43576717557252,-62.439377862595414,0
16344,3.206975244140624,18.00650959472656,1.3086239379882811,246.23072519083968,251.55027099236642,20.301080152671755,0
16369,3.6115953247070305,17.74554161376953,2.117864099121094,239.7192748091603,251.55027099236642,103.11024045801527,0
16394,4.030580615234374,18.54999337158203,4.7083902954101555,221.6429389312977,251.55027099236642,182.60642366412213,0
16419,6.297889587402342,18.81096135253906,6.374754650878906,208.59713740458014,251.55027099236642,251.02627099236642,0
16444,6.5564633666992185,17.31697951660156,7.535942456054687,208.32232824427481,251.55027099236642,251.02627099236642,0
16469,4.983472875976562,16.07917725830078,8.385884045410155,182.1543893129771,228.60370610687022,251.02627099236642,0
16494,4.277183386230468,15.38964718017578,9.058654711914063,136.80324427480915,205.66477480916032,251.02627099236642,0
16519,2.866998608398437,12.009034436035154,8.948521435546875,52.711641221374045,196.97775190839695,251.02627099236642,0
16545,3.022621716308593,8.587720263671875,9.362718322753905,-63.815076335877855,212.91668320610688,251.02627099236642,0
16570,1.294008117675781,5.147252478027344,9.551860253906248,-181.57843511450383,217.84798091603054,251.02627099236642,0
16595,0.49434476318359355,1.6732658691406248,9.135269165039062,-249.66240458015267,233.47393511450383,251.02627099236642,0
16620,-0.592622790527344,-0.165481005859375,8.998799670410156,-249.66240458015267,230.22202671755727,251.02627099236642,0
16645,-1.6197353027343753,-2.274772668457031,8.014782788085936,-249.66240458015267,239.4586679389313,196.47665267175572,0
16670,-2.4433406738281254,-2.8278332519531246,6.616569018554687,-249.66240458015267,251.55027099236642,122.4461183206107,0
16695,-2.2637755493164065,-3.2468185424804683,5.979711376953125,-249.66240458015267,231.75637786259543,50.36214885496184,0
16720,-2.1009698364257816,-4.554052648925781,5.268633483886719,-249.66240458015267,94.03882061068703,5.835431297709923,0
16745,-0.8440139648437504,-4.609119287109374,4.7850047485351554,-249.66240458015267,70.89378244274809,-27.851591603053436,0
16770,-1.090616735839844,-3.6203140014648434,1.3229891479492186,-249.66240458015267,63.10752290076336,-66.85159160305344,0
16795,0.3866056884765623,-4.132673156738281,-0.36013461914062495,-249.66240458015267,69.62660687022901,-100.84395801526718,0
16820,0.9348778686523436,-4.147038366699218,-0.2787317626953125,-249.66240458015267,71.4968358778626,-135.6149503816794,0
16846,0.9133300537109372,-3.522151733398437,-1.1909225952148437,-233.54026717557252,58.672408396946565,-163.0805992366412,0
16871,1.6220137451171874,-2.724882580566406,-2.579559558105468,-201.8303435114504,54.09225572519084,-185.65311832061067,0
16896,2.3905524780273435,-2.734459387207031,-3.151773754882812,-180.92958015267178,73.15332442748092,-209.46227862595418,0
16921,2.5054741577148434,-1.5948193969726563,-2.6777218261718745,-156.8990458015267,121.58843893129772,-232.83632442748092,0
16946,3.5756822998046873,0.5862983154296875,-1.9642497314453125,-117.50209923664123,143.50446946564887,-249.24090458015266,0
16971,5.194162622070312,1.3883558715820312,-2.4287248535156247,-67.48683206106871,122.33653053435116,-249.24090458015266,0
16996,6.513367736816405,3.318082409667969,-2.265919140625,-19.379961832061067,93.45103435114504,-249.24090458015266,0
17021,6.194938916015624,3.6245402221679686,-2.265919140625,20.688740458015268,63.54263740458015,-249.24090458015266,0
17046,5.474284216308592,4.163235595703125,-2.5915305664062496,40.24599236641222,73.64187404580153,-249.24090458015266,0
17071,4.9978380859375,6.109721545410156,-3.0751593017578123,52.8719465648855,88.83271374045802,-249.24090458015266,0
17096,5.052904724121093,8.491952197265624,-2.682510229492187,59.98645038167939,121.80981297709924,-249.24090458015266,0
17122,5.210922033691405,9.71299504394531,-2.203669897460937,76.01698473282443,127.75637786259543,-249.24090458015266,0
17147,4.808696154785156,9.784821093749999,-0.6737750366210937,91.36812977099235,177.26782824427482,-249.24090458015266,0
17172,3.568499694824218,12.035370654296873,-0.9562908325195312,124.681106870229,194.6113396946565,-249.24090458015266,0
17197,2.4121002929687494,13.567659716796873,0.28151142578125,141.4902671755725,251.55027099236642,-216.1264007633588,0
17222,2.1487381103515624,14.40563029785156,1.825771496582031,173.74980916030535,251.55027099236642,-161.30197328244273,0
17247,1.724964416503906,15.906794738769529,2.9558346801757813,212.83377862595418,251.55027099236642,-108.01189694656489,0
17272,1.7560890380859373,16.555623388671872,3.252715686035156,234.7574427480916,251.55027099236642,-62.05769847328244,0
17297,1.226970471191406,16.13184969482422,3.2359562744140624,248.18492366412212,251.55027099236642,-13.813423664122137,0
17322,0.35548106689453096,15.966649780273436,3.3987619873046877,233.65057251908397,251.55027099236642,43.78199618320611,0
17347,2.5653291992187492,15.545270288085936,4.275039794921875,208.73454198473283,251.55027099236642,113.86596564885497,0
17372,4.198174731445312,15.813420874023436,4.476152734375,185.66583969465648,251.55027099236642,181.16367557251908,0
17397,4.162261706542968,16.30662641601562,5.211172644042968,142.85667938931297,251.55027099236642,235.8048969465649,0
17422,3.096841967773437,15.638644152832029,6.0611142333984365,84.21545801526717,251.55027099236642,251.02627099236642,0
17448,3.542163476562499,14.63547365722656,8.397855053710936,24.20782442748092,251.55027099236642,251.02627099236642,0
17473,4.7296875,12.234089392089842,9.436938574218749,-15.288358778625955,224.9090496183206,251.02627099236642,0
17498,2.663491467285156,10.031423864746092,8.67079404296875,-69.62423664122137,160.9319503816794,251.02627099236642,0
17523,1.7560890380859373,7.653981616210937,9.02034748535156,-138.7158396946565,166.55027099236642,251.02627099236642,0
17548,1.6986281982421874,5.5327189453125,8.448133288574217,-215.92958015267178,170.69530916030536,251.02627099236642,0
17573,-0.09223464355468769,2.9685289672851565,7.471299011230468,-249.66240458015267,176.4968358778626,251.02627099236642,0
17598,-0.621353210449219,0.06675655517578125,7.3108875,-249.66240458015267,151.75637786259543,248.74382824427482,0
17623,-1.1361065673828128,-1.9898626708984375,6.075479443359375,-249.66240458015267,175.48920229007635,195.84306488549618,0
17648,-1.598187487792969,-3.352163415527343,6.389119860839843,-249.66240458015267,181.92431679389313,142.62169083969465,0
17673,-1.2462398437500002,-3.8381863525390623,5.601427514648437,-249.66240458015267,101.08462213740458,99.94230152671756,0
17698,-1.3755267333984378,-4.374487524414062,4.136176098632812,-249.66240458015267,80.01591984732825,53.10260687022901,0
17723,-1.5718512695312503,-5.097536425781249,2.57994501953125,-249.66240458015267,148.16859160305344,5.453751908396947,0
17748,-0.27898237304687523,-4.32420928955078,2.548820397949219,-249.66240458015267,122.79454580152672,-46.18746946564885,0
17773,0.45364333496093723,-4.949095922851562,1.5480441040039061,-249.66240458015267,97.1762251908397,-94.8210572519084,0
17798,1.191057446289062,-5.2411885253906245,-0.46069108886718746,-212.06698473282444,76.61897328244275,-136.2867061068702,0
17823,1.5430050903320307,-4.815020629882812,-1.5620238525390624,-186.56316793893131,115.22202671755726,-176.94319465648854,0
17852,1.9332599609374999,-2.7320651855468747,-1.4351311645507812,-130.05935114503816,86.214393129771,-215.7294541984733,0
17877,2.886152221679687,-2.9427549316406245,-1.8756642700195312,-87.05171755725192,84.71057633587786,-246.15693511450382,0
17902,3.530192468261718,-2.5477116577148435,-2.318591577148437,-45.62423664122137,80.18385877862596,-249.24090458015266,0
17927,4.123954479980468,-1.1686515014648438,-2.6633566162109372,-21.79980916030534,135.95485114503816,-249.24090458015266,0
17952,4.186203723144531,0.5647505004882812,-1.2555660400390625,16.749809160305343,156.48156870229008,-249.24090458015266,0
17977,4.964319262695311,1.9222628417968748,-0.3864708374023438,63.78797709923664,137.7411106870229,-249.24090458015266,0
18002,5.876510095214843,3.859171984863281,-0.3122505859375,101.3986641221374,127.84798091603054,-249.24090458015266,0
18027,5.85975068359375,6.770521203613281,0.12349411621093748,128.12385496183205,122.96248473282444,-249.24090458015266,0
18052,5.380910351562499,8.34111749267578,0.0756100830078125,146.20782442748092,108.42813358778626,-249.24090458015266,0
18077,5.558081274414062,9.483151684570311,-0.2787317626953125,150.1162213740458,127.71820992366412,-249.24090458015266,0
18102,4.744052709960937,10.644339489746093,0.5927576416015624,151.6429389312977,162.63424045801528,-249.24090458015266,0
18128,3.561317089843749,11.848622924804687,0.9542820922851561,161.2612595419847,197.74874427480916,-223.9355610687023,0
18153,3.302743310546875,13.469497448730467,1.7419744384765623,177.27652671755726,223.74874427480916,-170.26380534351145,0
18178,2.3187264282226554,15.26754289550781,2.9007680419921877,194.16202290076336,251.55027099236642,-114.07296564885496,0
18203,2.723346508789062,16.019322216796873,3.5136836669921876,224.94828244274808,251.55027099236642,-51.56151526717557,0
18228,2.230140966796874,16.08635986328125,3.2958113159179687,236.20019083969464,251.55027099236642,10.759095419847329,0
18253,2.3163322265624995,15.564423901367185,4.0140718139648435,230.58187022900762,251.55027099236642,80.9728358778626,0
18278,2.2373235717773436,15.954678771972654,5.761839025878905,219.43683206106869,251.55027099236642,156.7285610687023,0
18303,3.728911206054687,15.846939697265624,6.803316748046874,200.34522900763358,251.55027099236642,235.26291221374046,0
18328,3.2213404541015622,15.590760119628905,7.083438342285156,163.31469465648854,251.55027099236642,251.02627099236642,0
18353,2.7329233154296872,15.566818103027343,9.068231518554686,115.51316793893129,251.55027099236642,251.02627099236642,0
18378,2.249294580078124,15.19811104736328,9.537495043945311,64.40629770992366,251.55027099236642,251.02627099236642,0
18403,1.5525818969726561,12.349011071777342,9.808039831542969,-7.845610687022901,230.56553816793894,251.02627099236642,0
18428,1.0426169433593744,9.564554541015625,9.7242427734375,-97.89141221374047,204.65714122137405,251.02627099236642,0
18453,0.8989648437499995,6.782492211914063,10.222236718749999,-189.21965648854962,185.69530916030536,251.02627099236642,0
18478,-0.30053018798828157,4.433780383300781,10.32997579345703,-249.66240458015267,180.68767557251908,251.02627099236642,0
18503,-0.6788140502929692,2.5710914916992187,8.704312866210937,-249.66240458015267,207.91668320610688,247.4613854961832,0
18528,-1.8328192504882814,0.23913907470703122,8.371518835449217,-249.66240458015267,181.19912595419848,167.43848473282443,0
18553,-1.607764294433594,-2.5022218261718745,7.397078759765624,-249.66240458015267,97.16859160305344,112.72092748091603,0
18579,-3.5590386474609375,-2.7703724121093747,6.219131542968749,-249.66240458015267,73.54263740458016,81.82779770992367,0
18604,-2.26138134765625,-3.6155255981445307,5.005271301269531,-249.66240458015267,122.11515648854962,45.3697824427481,0
18629,-1.713109167480469,-4.530110632324218,4.650929455566406,-249.66240458015267,16.374698473282443,16.8583320610687,0
18654,-0.9254168212890628,-4.328997692871093,2.436292919921875,-249.66240458015267,3.4968358778625954,-11.179835877862596,0
18679,-1.8639438720703128,-5.040075585937499,0.645430078125,-249.66240458015267,59.51210305343511,-43.53861450381679,0
18704,-0.3220780029296879,-5.839738940429687,-0.8317923461914062,-249.66240458015267,146.32126335877862,-82.25617175572519,0
18729,0.4225187133789059,-5.2220349121093745,-1.05924150390625,-249.66240458015267,229.67240839694657,-134.37830916030535,0
18754,1.3945645874023436,-4.36969912109375,-1.720041162109375,-249.66240458015267,192.52737022900763,-181.05006488549617,0
18779,2.100854077148437,-4.261960046386719,-1.7152527587890625,-187.13568702290078,128.1227900763359,-211.85922519083968,0
18804,3.3673867553710934,-3.850157360839843,-1.8804526733398437,-141.40286259541986,145.46630152671756,-233.97372900763358,0
18829,3.994667590332031,-2.5884130859375,-2.172545275878906,-90.24255725190841,158.22202671755727,-249.24090458015266,0
18854,4.159867504882812,-1.8342395629882813,-1.9139714965820311,-37.8074427480916,175.03882061068703,-249.24090458015266,0
18879,4.60758321533203,-0.797550244140625,-1.0137516723632811,14.192557251908397,187.94721755725192,-249.24090458015266,0
18904,4.86376279296875,0.9047271362304686,-0.38886503906250003,58.92538167938932,206.16095801526717,-249.24090458015266,0
18929,4.8446091796875,2.6453117431640627,0.8609082275390624,107.39103053435115,192.95485114503816,-249.24090458015266,0
18954,5.998614379882812,4.606162902832031,0.9279458740234374,155.18492366412212,139.8556145038168,-249.24090458015266,0
18980,6.242822949218749,6.511947424316406,0.8776676391601562,177.40629770992365,145.51973664122139,-249.24090458015266,0
19005,5.479072619628906,7.230207922363281,0.7818995727539062,192.13148854961833,162.88614885496185,-249.24090458015266,0
19030,3.7456706176757804,8.312387072753905,1.1889138549804688,202.73454198473283,180.7258435114504,-249.24090458015266,0
19055,3.003468103027343,10.297180249023436,2.0963162841796876,195.8719465648855,244.0235534351145,-213.05006488549617,0
19080,2.685039282226562,12.054524267578124,3.3317243408203123,208.45973282442748,246.2907290076336,-171.03479770992365,0
19105,2.1822569335937496,13.866934924316405,3.961399377441406,218.73454198473283,248.22202671755727,-130.80579007633588,0
19130,1.3634399658203122,14.853346008300779,3.721979211425781,220.1009541984733,251.55027099236642,-85.93556106870228,0
19155,0.3028086303710933,15.092766174316404,4.4091150878906245,215.5666030534351,251.55027099236642,-32.13403435114503,0
19180,0.7265823242187497,14.822221386718748,4.152935510253906,208.46736641221372,251.55027099236642,35.201843511450384,0
19205,0.4081535034179682,15.61230793457031,3.8991501342773436,184.3070610687023,251.55027099236642,108.52245419847328,0
19230,0.9707908935546872,16.071994653320314,4.193636938476562,135.53606870229007,251.55027099236642,176.62169083969465,0
19255,2.3163322265624995,15.080795166015623,5.62536953125,86.94828244274808,251.55027099236642,236.9194007633588,0
19280,1.7129934082031246,14.005798620605468,7.844794470214843,45.98645038167939,251.55027099236642,251.02627099236642,0
19305,1.0737415649414057,13.610755346679685,9.168787988281249,23.070419847328246,242.1227900763359,251.02627099236642,0
19330,2.701798693847656,13.572448120117185,9.99718176269531,7.391030534351144,205.00065267175572,251.02627099236642,0
19355,2.697010290527343,11.918054772949217,10.581366967773437,-7.379961832061069,168.32126335877862,251.02627099236642,0
19380,0.9013590454101559,9.645957397460936,11.373847717285155,-42.738740458015265,156.008286259542,251.02627099236642,0
19405,0.4033651000976559,7.5246947265625,11.165552172851562,-101.08225190839696,147.38996564885497,251.02627099236642,0
19431,0.7433417358398433,6.966845739746094,10.428138061523436,-188.4104961832061,159.19912595419848,251.02627099236642,0
19456,0.03226384277343719,3.684395263671875,10.8734595703125,-249.66240458015267,152.19912595419848,251.02627099236642,0
19481,-1.5646686645507815,1.3452602416992185,9.46806319580078,-249.66240458015267,139.51973664122139,217.5758893129771,0
19506,-2.749798486328125,-1.027393603515625,8.563054968261717,-249.66240458015267,116.1380572519084,147.07970610687022,0
19531,-2.730644873046875,-2.7679782104492183,7.289339685058593,-249.66240458015267,72.12279007633589,96.65985877862596,0
19556,-2.4553116821289063,-3.9459254272460935,5.728320202636718,-249.66240458015267,90.1380572519084,54.98810305343512,0
19581,-2.5391087402343753,-4.7336177734375,5.895914318847655,-249.66240458015267,56.35179770992366,19.469019083969464,0
19606,-1.9956249633789065,-4.2284412231445305,4.294193408203125,-249.66240458015267,35.82508015267175,-14.424110687022901,0
19631,-1.626917907714844,-5.152603063964843,1.7419744384765623,-249.66240458015267,41.85561450381679,-51.859225190839695,0
19656,-1.0762515258789065,-5.566799951171874,1.2367978881835937,-249.66240458015267,60.0998893129771,-88.61495038167939,0
19681,-0.2981359863281252,-5.313014575195312,1.0811747802734375,-249.66240458015267,90.90904961832061,-128.40884351145039,0
19706,0.6212374511718748,-5.013739367675781,-0.36971142578124994,-249.37232824427483,99.80981297709924,-164.69891984732823,0
19731,1.6651093749999992,-4.838962646484375,-0.9945980590820312,-200.42576335877862,90.41286641221375,-194.27907251908397,0
19756,1.9811439941406244,-4.010568872070312,-1.5356876342773438,-153.46393129770993,78.58843893129772,-217.18746946564886,0
19781,2.9005174316406244,-3.1414736694335934,-1.3585167114257812,-115.90667938931298,121.14569083969467,-235.3325076335878,0
19806,4.621948425292969,-2.811073840332031,-1.7176469604492186,-61.01354961832061,112.55027099236642,-247.3477748091603,0
19831,4.576458593749999,-1.755230908203125,-1.193316796875,-15.349427480916031,114.67240839694657,-249.24090458015266,0
19857,4.617160021972656,-0.11999117431640624,-0.2691549560546875,29.452099236641224,120.6113396946565,-249.24090458015266,0
19882,5.321055310058593,0.6030577270507812,0.16419554443359374,77.26889312977099,104.25256106870229,-249.24090458015266,0
19907,5.361756738281249,1.9007150268554687,-0.29070277099609376,109.17729007633588,111.51210305343511,-249.24090458015266,0
19932,5.084029345703124,3.7562213134765625,-0.0057927734375000026,118.475,174.93958396946564,-249.24090458015266,0
19957,6.075228833007812,6.574196667480469,1.3589021728515625,156.0780534351145,153.7411106870229,-249.24090458015266,0
19982,6.56125177001953,7.4073788452148435,1.0069545288085937,187.73454198473283,130.6113396946565,-249.24090458015266,0
20007,4.277183386230468,8.772073791503905,1.1314530151367186,206.0398854961832,131.76401145038167,-249.24090458015266,0
20032,3.360204150390625,10.16071075439453,1.35411376953125,203.4520992366412,195.06172137404582,-239.94319465648854,0
20057,1.207816857910156,11.46315645751953,2.340524853515625,208.65057251908397,226.214393129771,-195.5920496183206,0
20082,0.7505243408203119,12.65068048095703,2.3620726684570315,210.66583969465648,247.4052328244275,-146.0805992366412,0
20107,1.0402227416992185,14.609137438964842,2.8121825805664065,193.84141221374045,251.55027099236642,-96.97372900763358,0
20132,0.9899445068359372,15.992985998535154,3.4657996337890626,182.13912213740457,251.55027099236642,-45.607316793893126,0
20157,1.9045295410156244,15.794267260742187,5.3452479370117185,170.76507633587786,251.55027099236642,14.865965648854962,0
20182,2.234929370117187,16.42394229736328,7.104986157226562,153.14675572519084,251.55027099236642,94.59879007633589,0
20207,3.041775329589843,17.11826077880859,8.093791442871092,136.4520992366412,251.55027099236642,189.03390458015267,0
20232,2.792778356933593,16.282684399414062,8.333211608886717,92.8337786259542,250.92431679389313,251.02627099236642,0
20257,2.491108947753906,16.536469775390625,8.421797070312499,33.00935114503817,224.9319503816794,251.02627099236642,0
20283,1.5813123168945307,15.289090710449218,8.63248681640625,-35.112786259541984,207.16859160305344,251.02627099236642,0
20308,-0.24546354980468799,13.419219213867185,10.519117724609375,-85.53263358778626,172.47393511450383,251.02627099236642,0
20333,-0.7458516967773441,10.627580078124998,11.608479479980469,-120.73110687022901,132.05408778625954,251.02627099236642,0
20358,-0.7721879150390627,7.625251196289062,9.975633947753906,-161.2959923664122,110.84798091603054,251.02627099236642,0
20383,-0.41545186767578146,5.329211804199218,10.602914782714842,-209.6013358778626,105.6647748091603,251.02627099236642,0
20408,-0.8751385864257815,4.316464501953125,10.71304805908203,-249.66240458015267,99.8556145038168,251.02627099236642,0
20433,-0.7506401000976566,1.5535557861328124,8.733043286132812,-249.66240458015267,85.91668320610687,248.62932442748092,0
20458,-1.9884423583984376,-0.5126402465820312,7.344406323242187,-249.66240458015267,85.84034732824428,185.75146183206107,0
20483,-2.6205115966796875,-2.2628016601562497,5.812117260742187,-249.66240458015267,107.71057633587786,131.40031679389313,0
20508,-2.431369665527344,-3.2779431640624996,6.233496752929687,-249.66240458015267,112.0998893129771,79.8965,0
20533,-1.540726647949219,-3.8094559326171873,5.642128942871093,-249.66240458015267,41.443400763358774,33.690393129770996,0
20558,-1.1217413574218753,-4.582783068847656,3.9254863525390626,-249.66240458015267,-0.8619427480916029,-2.2943396946564887,0
20583,-1.310883288574219,-4.970643737792968,2.1322293090820312,-249.66240458015267,44.88614885496183,-36.08059923664122,0
20608,-0.3316548095703129,-5.164574072265625,0.6430358764648437,-249.66240458015267,100.95485114503818,-69.67601908396946,0
20633,0.5972954345703121,-5.454272473144531,0.31503024902343746,-249.66240458015267,89.4968358778626,-101.12640076335877,0
20658,0.786437365722656,-5.44230146484375,-0.9682618408203125,-219.13568702290078,57.68767557251908,-123.76762213740457,0
20683,1.0905009765624998,-5.753547680664062,-1.5787832641601562,-175.8303435114504,48.86324809160305,-137.85159160305344,0
20709,1.8662223144531245,-5.459060876464843,-2.241977124023437,-157.92958015267178,114.33653053435116,-153.58441603053436,0
20734,2.251688781738281,-4.477438195800781,-2.4359074584960934,-120.59370229007634,126.9319503816794,-166.16456870229007,0
20759,2.960372473144531,-3.6681980346679683,-1.988191748046875,-79.27309160305344,119.51210305343511,-175.897393129771,0
20784,3.997061791992187,-3.3449808105468746,-2.0887482177734373,-38.66240458015267,111.4205,-185.34014122137404,0
20809,3.9539661621093742,-2.5117986328124995,-1.6386383056640625,-4.150954198473283,112.89378244274809,-194.73708778625954,0
20834,3.8773517089843743,-1.2739963745117187,-0.9993864624023437,28.52080152671756,120.27546183206107,-205.20273664122138,0
20859,5.0169916992187495,-0.21097083740234376,-1.030511083984375,61.58950381679389,105.20675954198474,-217.2714389312977,0
20884,4.7368701049804685,0.7251620117187499,0.05166806640624999,91.36812977099235,88.38233206106871,-229.98136259541985,0
20909,3.9635429687499997,2.5184190551757815,1.9574525878906248,141.08568702290077,-4.816141221374046,-240.99662977099237,0
20934,5.835808666992187,4.32604130859375,0.3820678955078125,160.71164122137404,-53.190187022900766,-249.24090458015266,0
20959,5.9004521118164055,5.298087182617188,0.8321778076171874,141.03225190839694,-15.442095419847327,-249.24090458015266,0
20984,5.649060937499999,7.232602124023437,-1.5165340209960938,79.27652671755725,165.24492748091603,-249.24090458015266,0
21009,4.86376279296875,9.322740173339842,0.45389394531249994,92.23835877862595,191.4586679389313,-249.24090458015266,0
21034,4.9212236328125,10.052971679687499,1.634235363769531,101.15438931297709,251.55027099236642,-239.7981564885496,0
21059,6.017767993164061,12.111985107421873,3.374819970703125,144.95591603053435,228.0235534351145,-194.7981564885496,0
21084,6.980237060546874,13.572448120117185,3.3341185424804687,182.94828244274808,166.26019465648855,-157.6836526717557,0
21109,5.73764639892578,14.139873913574217,3.7147966064453124,203.6047709923664,163.03882061068703,-115.37067557251908,0
21135,4.339432629394531,14.752789538574218,3.2838403076171874,203.1925572519084,230.9853854961832,-59.607316793893126,0
21160,4.954742456054687,15.071218359374999,3.068362158203125,207.3986641221374,251.55027099236642,10.385049618320611,0
21185,4.60758321533203,16.14860910644531,4.593468615722656,228.57423664122138,183.84798091603054,70.5758893129771,0
21210,4.205357336425781,16.79983195800781,5.730714404296874,211.52843511450382,227.626606870229,121.00337022900764,0
21235,5.242046655273437,16.292261206054686,7.021189099121093,190.68874045801527,247.43576717557252,172.9728358778626,0
21260,5.052904724121093,16.419153894042967,8.376307238769531,164.44446564885496,251.55027099236642,230.0873396946565,0
21285,5.127124975585937,15.992985998535154,8.115339257812499,142.21545801526716,217.71820992366412,251.02627099236642,0
21310,4.104800866699218,14.180575341796873,8.62530421142578,103.30706106870228,191.06935496183206,251.02627099236642,0
21335,3.7384880126953117,12.923619470214842,9.585379077148437,61.8337786259542,166.08462213740458,251.02627099236642,0
21360,2.677856677246093,10.981921923828123,8.967675048828124,19.429198473282444,121.44340076335878,251.02627099236642,0
21385,2.0553642456054684,8.338723291015624,8.563054968261717,-40.07461832061068,96.93958396946566,251.02627099236642,0
21410,0.47997955322265584,5.8679071777343745,7.801698840332031,-131.8303435114504,131.8937824427481,251.02627099236642,0
21435,-0.38911564941406285,2.935010144042969,6.877536999511718,-231.74637404580153,193.4052328244275,251.02627099236642,0
21460,-0.6740256469726567,0.447434619140625,6.812893554687499,-249.66240458015267,234.91668320610688,251.02627099236642,0
21485,-2.0650568115234376,-0.7520604125976562,5.950980957031249,-249.66240458015267,241.4205,247.484286259542,0
21510,-1.1983558105468752,-2.906841906738281,5.5870623046875,-249.66240458015267,147.95485114503816,198.33924809160305,0
21536,-1.3659499267578128,-3.704111059570312,4.629381640625,-249.66240458015267,126.52737022900764,142.47665267175572,0
21561,-1.9381641235351563,-4.245200634765625,4.085897863769531,-249.66240458015267,88.64950763358779,93.86596564885497,0
21586,-2.3523610107421877,-4.7551655883789055,1.6821193969726562,-249.66240458015267,92.50446946564885,45.6522251908397,0
21611,-2.64445361328125,-5.4231478515625,-0.04649420166015625,-249.66240458015267,113.58843893129772,0.8277977099236641,0
21636,-0.6644488403320317,-6.531663220214843,-0.00818697509765625,-249.66240458015267,149.05408778625954,-45.07296564885496,0
21661,-0.013225988769531405,-5.619472387695312,-0.5660359619140625,-241.38759541984734,100.00828625954199,-86.20273664122136,0
21686,0.19267535400390567,-5.483002893066406,-1.9450961181640625,-207.6013358778626,79.36706488549619,-119.04243129770992,0
21711,0.7912257690429683,-5.418359448242187,-1.6194846923828123,-185.2807251908397,98.02355343511451,-145.03479770992365,0
21736,1.83749189453125,-3.969867443847656,-2.950660815429687,-149.8303435114504,71.74874427480917,-168.83632442748092,0
21761,2.2756307983398436,-3.2276649291992183,-2.969814428710937,-115.02881679389314,46.756377862595414,-193.24853816793893,0
21786,3.056140539550781,-3.234847534179687,-3.7024401367187494,-90.34179389312978,44.21439312977099,-215.11876717557251,0
21811,3.2907723022460935,-2.3011088867187497,-3.4534431640624996,-74.4104961832061,92.19149236641222,-237.7981564885496,0
21836,3.568499694824218,-0.8957125122070313,-2.8572869506835934,-47.71583969465649,113.38996564885497,-249.24090458015266,0
21861,3.994667590332031,0.6461533569335937,-2.660962414550781,-21.4486641221374,148.35179770992366,-249.24090458015266,0
21886,4.593218005371093,1.81691796875,-2.392811828613281,8.322328244274809,167.9090496183206,-249.24090458015266,0
21911,5.565263879394531,3.370754846191406,-1.6146962890624998,37.68110687022901,187.9319503816794,-249.24090458015266,0
21937,6.3768982421875,4.802487438964843,-1.2196530151367186,69.87958015267175,187.65714122137405,-249.24090458015266,0
21962,6.745605297851562,6.3180170898437495,-0.8317923461914062,97.57423664122136,190.4205,-249.24090458015266,0
21987,6.091988244628905,8.305204467773436,0.0947636962890625,123.59713740458015,193.88614885496185,-249.24090458015266,0
22012,4.995443884277343,10.354641088867186,1.612687548828125,148.9864503816794,228.1914923664122,-249.24090458015266,0
22037,4.64589044189453,12.059312670898436,2.8600666137695314,188.23072519083968,246.56553816793894,-249.24090458015266,0
22062,4.892493212890624,14.123114501953124,2.263910400390625,226.03225190839694,250.63424045801528,-207.21037022900762,0
22087,4.62673682861328,15.511751464843748,2.8145767822265624,250.18492366412212,251.55027099236642,-141.5920496183206,0
22112,3.2883781005859367,16.036081628417968,3.3580605590820314,250.6047709923664,251.55027099236642,-66.29433969465649,0
22137,1.9236831542968744,17.18290422363281,3.9374573608398435,250.6047709923664,251.55027099236642,16.064438931297712,0
22162,2.9699492797851557,16.081571459960937,3.530443078613281,245.81851145038166,251.55027099236642,98.65985877862596,0
22187,3.1758506225585936,17.93707774658203,5.687618774414062,195.29942748091602,251.55027099236642,167.3697824427481,0
22212,3.5373750732421874,19.038410510253904,7.394684558105468,157.42919847328244,251.55027099236642,224.30871374045802,0
22237,3.5134330566406247,17.211634643554685,8.974857653808593,125.05515267175572,251.31362977099238,251.02627099236642,0
22262,4.542939770507812,13.737648034667966,8.065061022949218,79.21545801526717,239.7258435114504,251.02627099236642,0
22287,3.5948359130859373,14.75757794189453,10.205477307128906,25.383396946564886,211.57317175572518,251.02627099236642,0
22312,2.2756307983398436,11.76961427001953,9.87028907470703,-19.68530534351145,150.71057633587787,251.02627099236642,0
22338,2.622790039062499,9.954809411621092,9.573408068847655,-82.53263358778626,116.71057633587786,251.02627099236642,0
22363,1.6603209716796874,7.421744055175781,8.883877990722656,-155.64713740458015,107.37469847328245,251.02627099236642,0
22388,0.3099912353515619,4.934168530273437,8.51038253173828,-238.04408396946565,137.4586679389313,251.02627099236642,0
22413,-0.4178460693359378,2.2119612426757813,7.622133715820312,-249.66240458015267,177.54263740458015,251.02627099236642,0
22438,-0.7985241333007815,0.2965999145507812,7.104986157226562,-249.66240458015267,190.01591984732823,251.02627099236642,0
22463,-1.1408949707031253,-1.5110223388671875,6.348418432617187,-249.66240458015267,149.99301908396947,210.0873396946565,0
22488,-1.7945120239257815,-2.8805056884765623,5.2159610473632805,-249.66240458015267,124.7792786259542,161.04917175572518,0
22513,-2.134488659667969,-3.361740222167968,4.318135424804687,-249.66240458015267,120.26019465648855,107.40031679389314,0
22538,-2.5486855468750003,-3.270760559082031,1.662965783691406,-249.66240458015267,111.4968358778626,44.86596564885497,0
22563,-2.0937872314453125,-4.199710803222656,0.7675343627929687,-249.66240458015267,63.611339694656486,-8.920293893129772,0
22588,-1.9261931152343752,-5.3537160034179685,-0.5349113403320312,-249.66240458015267,111.4968358778626,-56.935561068702285,0
22613,-1.2222978271484377,-4.786290209960937,-1.5620238525390624,-249.66240458015267,173.8937824427481,-104.22563740458016,0
22638,0.6667272827148434,-4.2835078613281246,-0.2308477294921875,-249.66240458015267,126.65714122137405,-146.897393129771,0
22663,1.0545879516601557,-3.6634096313476556,-1.502168811035156,-195.86851145038167,67.25256106870229,-183.0118969465649,0
22688,1.7417238281249992,-2.8637462768554682,-3.369646105957031,-160.67767175572519,75.45103435114504,-215.73708778625954,0
22714,1.9284715576171871,-2.6626333374023434,-2.830950732421875,-136.45629770992366,126.23729389312977,-242.36304198473283,0
22739,2.811931970214843,-2.4256073730468746,-2.759124682617187,-88.73874045801527,120.8174465648855,-249.24090458015266,0
22764,3.582864904785156,-2.3082914916992183,-3.1350143432617186,-44.26545801526717,125.72584351145039,-249.24090458015266,0
22789,3.7935546508789058,-0.6299561279296875,-2.8692579589843747,-9.822709923664123,169.83271374045802,-249.24090458015266,0
22814,3.6115953247070305,1.81691796875,-1.4471021728515625,26.48263358778626,218.24492748091603,-249.24090458015266,0
22839,4.516603552246093,4.002824084472656,-0.6594098266601562,69.07041984732824,230.55790458015267,-249.24090458015266,0
22864,5.55329287109375,5.966069445800781,0.4131925170898437,109.7956106870229,235.92431679389313,-249.24090458015266,0
22889,6.352956225585937,8.08014951171875,1.4666412475585937,153.99408396946563,213.83271374045802,-249.24090458015266,0
22914,6.520550341796874,9.693841430664062,1.3876325927734374,184.68874045801527,196.77164503816795,-249.24090458015266,0
22939,6.185362109374998,10.902913269042967,1.9550583862304687,204.78034351145038,204.00065267175572,-249.24090458015266,0
22964,4.851791784667968,12.272396618652342,2.658953674316406,224.0780534351145,216.8174465648855,-237.30197328244273,0
22989,3.733699609374999,13.641879968261717,3.3676373657226564,250.6047709923664,211.45103435114504,-192.9889961832061,0
23014,4.368163049316406,15.710470202636717,2.6757130859375002,250.6047709923664,224.4586679389313,-140.6683854961832,0
23040,3.824679272460937,16.694487084960937,3.0085071166992186,250.6047709923664,251.55027099236642,-81.37830916030534,0
23065,2.7832015502929686,16.900388427734374,3.535231481933594,250.6047709923664,251.55027099236642,-6.821057251908397,0
23090,2.6754624755859373,17.474996826171875,4.717967102050781,250.6047709923664,251.55027099236642,71.71329389312977,0
23115,2.740105920410156,17.27867229003906,4.4091150878906245,239.8719465648855,251.55027099236642,148.69802671755727,0
23140,2.902911633300781,18.317755810546874,5.019636511230468,188.84141221374045,251.55027099236642,223.35451526717557,0
23165,3.5373750732421874,19.39275235595703,7.126533972167968,136.14675572519084,251.55027099236642,251.02627099236642,0
23190,3.561317089843749,17.884405310058593,7.562278674316405,98.54370229007633,227.4205,251.02627099236642,0
23215,2.306755419921875,16.012139611816405,8.704312866210937,46.22309160305343,224.58080534351146,251.02627099236642,0
23240,2.965160876464843,13.929184167480468,10.588549572753905,16.85667938931298,154.80217938931298,251.02627099236642,0
23265,2.2995728149414054,11.108814611816404,10.138439660644531,-23.463931297709923,103.20675954198474,251.02627099236642,0
23290,0.9779734985351558,9.066560595703123,9.166393786621093,-94.93721374045802,109.64950763358779,251.02627099236642,0
23315,-0.20955052490234394,6.195912805175781,8.960492443847656,-179.68530534351146,139.0998893129771,251.02627099236642,0
23340,-0.24306934814453163,3.531166357421875,8.35715362548828,-249.66240458015267,142.58080534351146,251.02627099236642,0
23365,-1.0211848876953127,1.3979326782226562,7.064284729003906,-249.66240458015267,164.28309541984734,251.02627099236642,0
23390,-1.7466279907226565,-0.3929301635742187,6.204766333007812,-249.66240458015267,202.96248473282444,211.690393129771,0
23415,-2.402639245605469,-1.7791729248046875,5.170471215820312,-249.66240458015267,166.75637786259543,151.39268320610688,0
23441,-1.9022510986328127,-3.531728540039062,4.076321057128906,-249.66240458015267,157.0998893129771,97.6140572519084,0
23466,-2.1488538696289066,-4.027328283691406,1.643812170410156,-249.66240458015267,189.03882061068703,35.47665267175573,0
23491,-1.8160598388671878,-4.060847106933593,0.7435923461914061,-249.66240458015267,197.06935496183206,-26.088232824427482,0
23516,-1.1145587524414065,-3.6969284545898433,0.8656966308593749,-249.66240458015267,93.16095801526718,-72.47754580152672,0
23541,0.5757476196289057,-3.993809460449218,-0.3290099975585937,-249.66240458015267,125.74111068702291,-123.97372900763358,0
23566,0.6188432495117184,-3.2947025756835933,-1.6577919189453125,-249.66240458015267,114.4586679389313,-174.56151526717557,0
23591,1.274854504394531,-2.765584008789062,-2.5029451049804683,-249.66240458015267,116.74111068702291,-217.11876717557251,0
23616,1.2341530761718746,-1.57327158203125,-2.5220987182617183,-231.54026717557252,187.91668320610688,-249.24090458015266,0
23641,2.905305834960937,-1.5900309936523438,-1.9163656982421875,-180.8837786259542,217.00065267175572,-249.24090458015266,0
23666,4.262818176269531,-1.09443125,-1.7128585571289061,-112.1662213740458,194.7792786259542,-249.24090458015266,0
23691,3.6714503662109372,-0.18942302246093748,-0.21648251953125,-50.234923664122135,217.4434007633588,-249.24090458015266,0
23716,4.533362963867187,1.4075094848632812,-0.666592431640625,15.772709923664122,224.97011832061068,-249.24090458015266,0
23741,4.502238342285156,3.2175259399414062,0.6310648681640625,68.50553435114503,251.55027099236642,-249.24090458015266,0
23766,5.048116320800781,5.446527685546875,1.586351330566406,119.59713740458015,251.55027099236642,-249.24090458015266,0
23791,5.359362536621093,7.4863875,2.682895690917969,160.36812977099237,251.55027099236642,-228.90502671755726,0
23817,5.613147912597655,9.732148657226562,3.9446399658203126,207.81851145038166,251.55027099236642,-201.15693511450382,0
23842,5.258806066894531,11.065718981933593,4.641352648925781,247.14675572519084,244.03118702290078,-170.99662977099237,0
23867,3.285983898925781,11.058536376953123,5.110616174316406,250.6047709923664,204.38996564885497,-124.59968320610686,0
23892,2.7664421386718745,12.57406602783203,5.266239282226562,250.6047709923664,230.5350038167939,-66.43174427480916,0
23917,2.7999609619140617,15.425560205078124,6.23110255126953,250.6047709923664,239.84798091603054,-6.027164122137405,0
23942,3.115995581054687,15.815815075683592,6.721913891601562,250.6047709923664,202.71820992366412,48.23237786259542,0
23967,2.0553642456054684,16.83813918457031,6.111392468261718,250.6047709923664,251.55027099236642,109.66749236641222,0
23992,2.301967016601562,19.153332189941406,5.883943310546875,250.6047709923664,251.55027099236642,173.54535496183206,0
24017,3.511038854980468,17.034463720703123,4.428268701171874,210.97881679389312,251.55027099236642,211.5987900763359,0
24043,1.4568138305664062,15.315426928710936,6.908661621093749,129.99408396946563,251.55027099236642,244.11024045801528,0
24068,1.8207324829101559,14.817432983398437,8.699524462890624,81.03225190839694,248.1914923664122,249.2552786259542,0
24093,1.8566455078125,13.438372827148436,9.85113546142578,60.56660305343512,168.18385877862596,251.02627099236642,0
24118,2.9579782714843743,10.431255541992186,9.908596301269531,53.68874045801527,123.52737022900764,251.02627099236642,0
24143,3.6690561645507804,10.031423864746092,10.222236718749999,54.03225190839695,87.5731717557252,251.02627099236642,0
24168,2.6515204589843746,9.964386218261717,9.877471679687499,40.8337786259542,85.84034732824428,251.02627099236642,0
24193,2.1846511352539055,9.420902441406248,9.393842944335937,13.375763358778626,75.82508015267176,251.02627099236642,0
24218,1.6028601318359375,7.795239514160156,8.867118579101561,-31.746374045801524,55.82508015267175,251.02627099236642,0
24243,1.6842629882812492,6.215066418457031,8.21110732421875,-95.99064885496183,73.37469847328245,251.02627099236642,0
24268,1.047405346679687,4.637287524414062,7.46411640625,-167.18148854961834,93.62660687022901,251.02627099236642,0
24293,0.1615507324218748,1.7283325073242186,7.2031484252929685,-247.6929389312977,145.06935496183206,251.02627099236642,0
24318,-0.20476212158203166,-0.35462293701171876,7.2606092651367184,-249.66240458015267,199.2907290076336,208.43085114503816,0
24343,-0.5423445556640627,-1.353005029296875,7.34201212158203,-249.66240458015267,175.9090496183206,152.690393129771,0
24368,-1.2175094238281252,-2.5477116577148435,5.488900036621093,-249.66240458015267,123.54263740458016,104.67512595419848,0
24393,-2.0554800048828126,-3.5724299682617184,3.9350631591796876,-249.66240458015267,150.43576717557252,60.09497328244275,0
24418,-1.2989122802734379,-4.6977047485351555,3.8105646728515623,-249.66240458015267,142.57317175572518,9.54535496183206,0
24443,-1.5670628662109378,-6.074370703124999,1.595928137207031,-249.66240458015267,142.47393511450383,-45.85159160305343,0
24469,-1.8519728637695314,-4.317026684570312,-0.589977978515625,-249.66240458015267,205.15332442748092,-107.68365267175572,0
24494,0.4488549316406245,-3.8932529907226554,-0.8844647827148437,-249.66240458015267,221.14569083969465,-167.5004465648855,0
24519,0.9444546752929686,-4.594754077148437,0.32939545898437494,-212.9219465648855,8.298362595419848,-195.94319465648854,0
24544,1.5597645019531248,-3.0002157714843745,-0.8892531860351562,-173.57080152671756,-22.174919847328244,-211.3325076335878,0
24569,2.328303234863281,-3.1414736694335934,-3.2140229980468744,-163.2807251908397,19.702942748091605,-226.56151526717557,0
24594,2.8239029785156244,-2.9236013183593745,-3.039246276855468,-166.79980916030536,131.48920229007635,-245.92792748091603,0
24619,2.663491467285156,-1.0513356201171875,-1.1095197387695312,-131.93721374045802,192.71820992366412,-249.24090458015266,0
24644,3.994667590332031,-1.4559557006835937,-0.3122505859375,-64.81507633587786,184.41286641221373,-249.24090458015266,0
24669,4.277183386230468,-0.2564606689453125,0.03969705810546874,-11.85324427480916,208.4205,-249.24090458015266,0
24694,4.071282043457031,2.403497375488281,0.8513314208984374,34.65820610687023,246.18385877862596,-249.24090458015266,0
24719,4.9260120361328115,4.915014916992187,2.0651916625976563,86.1162213740458,240.0998893129771,-249.24090458015266,0
24744,7.284300671386718,6.315622888183594,2.620646447753906,139.33759541984733,195.94721755725192,-249.24090458015266,0
24769,6.843767565917967,7.7258076660156245,2.9390752685546877,176.8490458015267,168.52737022900763,-249.24090458015266,0
24794,5.883692700195312,8.875024462890623,2.5823392211914062,197.46736641221372,184.51973664122139,-231.43937786259542,0
24819,4.277183386230468,10.527023608398435,3.152159216308594,208.69637404580152,226.26782824427482,-195.2943396946565,0
24844,4.246058764648437,11.944390991210936,3.721979211425781,231.2459923664122,232.7792786259542,-142.65311832061067,0
24869,3.6522967529296873,13.311480139160155,4.655717858886718,249.1162213740458,251.55027099236642,-81.44701145038168,0
24895,2.9388246582031243,14.40563029785156,5.450592810058593,250.6047709923664,251.55027099236642,-17.44701145038168,0
24920,2.155920715332031,15.29387911376953,6.3220822143554685,250.6047709923664,251.55027099236642,43.72092748091603,0
24945,1.3347095458984373,16.507739355468747,6.516012548828124,250.6047709923664,251.55027099236642,107.53008778625954,0
24970,1.5525818969726561,17.877222705078122,6.0419606201171865,250.6047709923664,251.55027099236642,163.14840839694656,0
24995,1.7680600463867187,17.288249096679685,6.336447424316406,235.52843511450382,251.55027099236642,219.60642366412213,0
25020,3.115995581054687,17.68808077392578,6.812893554687499,190.78034351145038,251.55027099236642,251.02627099236642,0
25045,3.0058623046874997,18.91391202392578,8.486440515136717,138.23835877862595,251.55027099236642,251.02627099236642,0
25070,2.529416174316406,16.823773974609374,10.61727999267578,89.70400763358778,251.55027099236642,251.02627099236642,0
25095,2.6706740722656246,14.824615588378904,11.371453515625,40.215458015267174,200.87088167938933,251.02627099236642,0
25120,1.4209008056640622,13.153462829589841,11.663546118164062,-24.929580152671754,137.66477480916032,251.02627099236642,0
25145,0.2214057739257811,11.171063854980467,10.985987048339842,-129.36469465648855,142.7945458015267,251.02627099236642,0
25170,-0.6429010253906253,6.981210949707031,9.89662529296875,-246.86851145038167,186.4205,251.02627099236642,0
25195,-1.4665063964843752,3.6389054321289063,9.573408068847655,-249.66240458015267,227.26019465648855,251.02627099236642,0
25220,-2.6013579833984375,1.1465415039062499,8.496017321777343,-249.66240458015267,226.8174465648855,251.02627099236642,0
25245,-2.730644873046875,-1.467926708984375,8.457710095214843,-249.66240458015267,203.38996564885497,202.05680534351146,0
25270,-3.118505541992188,-2.6578449340820307,6.839229772949218,-249.66240458015267,126.98538549618321,140.18657633587787,0
25295,-4.0450615844726565,-2.6434797241210934,4.962175671386718,-249.66240458015267,65.25256106870229,85.4079503816794,0
25321,-4.150406457519532,-3.6610154296874997,2.639800061035156,-249.66240458015267,125.6647748091603,29.850698473282442,0
25346,-3.1256881469726565,-5.159785668945312,3.11624619140625,-249.66240458015267,143.37469847328245,-31.500446564885497,0
25371,-2.8216245361328127,-4.238018029785156,0.6885257080078124,-249.66240458015267,72.59607251908398,-81.14930152671755,0
25396,-2.701914453125,-5.494973901367187,-0.29070277099609376,-214.02118320610688,32.23729389312977,-112.99662977099236,0
25421,-0.793735729980469,-6.3042140625,0.05885067138671875,-218.44866412213742,134.15332442748092,-144.14930152671755,0
25446,-0.14490708007812536,-4.230835424804687,-0.3864708374023438,-164.64713740458015,52.298362595419846,-174.44701145038167,0
25471,0.5518056030273435,-4.010568872070312,-0.6977170532226562,-130.14332061068703,47.27546183206107,-205.11113358778627,0
25496,0.7744663574218746,-4.71446416015625,-1.9379135131835936,-106.22729007633589,68.58080534351146,-228.85159160305344,0
25521,2.045787438964843,-3.6011603881835934,-1.9091830932617186,-81.58606870229008,79.22966030534351,-247.2714389312977,0
25546,1.9165005493164058,-2.6722101440429684,-1.7463773803710936,-57.25019083969465,77.1380572519084,-249.24090458015266,0
25571,2.254082983398437,-1.7887497314453125,-1.5644180541992188,-33.372328244274804,86.00065267175573,-249.24090458015266,0
25596,3.113601379394531,-1.7145294799804687,-1.2100762084960937,-3.0669847328244275,93.43576717557252,-249.24090458015266,0
25621,4.140713891601562,-0.6850227661132813,-1.6027252807617187,29.65820610687023,97.94721755725192,-249.24090458015266,0
25646,5.265988671874999,1.7355151123046875,-1.471044189453125,50.92538167938932,141.27546183206107,-249.24090458015266,0
25671,6.029739001464843,3.9740936645507814,-0.427172265625,81.33759541984732,152.2525610687023,-249.24090458015266,0
25696,6.214092529296875,5.937339025878906,0.8178125976562499,118.14675572519083,138.4205,-249.24090458015266,0
25722,5.5054088378906245,7.993958251953125,1.6174759521484374,144.99408396946563,154.99301908396947,-249.24090458015266,0
25747,5.165432202148437,10.855029235839842,2.637405859375,173.54370229007634,155.7945458015267,-249.24090458015266,0
25772,6.103959252929687,12.19099376220703,2.237574182128906,192.2841603053435,155.4434007633588,-249.24090458015266,0
25797,6.190150512695312,12.993051318359374,2.137017712402344,191.68874045801527,184.56553816793894,-224.88975954198472,0
25822,5.5054088378906245,13.407248205566404,2.5560030029296876,193.82614503816794,171.31362977099238,-178.88212595419847,0
25847,4.442383300781249,14.99460390625,2.7666927490234374,194.42919847328244,143.68767557251908,-127.62258396946564,0
25872,5.012203295898437,15.05685314941406,2.69486669921875,181.78797709923663,179.1380572519084,-61.737087786259536,0
25897,4.521391955566406,15.272331298828123,3.602269128417969,176.73454198473283,215.66477480916032,17.156041984732823,0
25922,3.2740128906249995,15.506963061523436,4.852042395019531,182.4520992366412,238.57317175572518,96.92703435114504,0
25947,4.509420947265625,15.875670117187498,6.025201208496093,192.5895038167939,251.55027099236642,167.22474427480915,0
25972,6.039315808105468,17.807790856933593,7.432991784667968,197.52080152671755,251.55027099236642,220.53772137404582,0
25997,4.614765820312499,18.231564550781247,8.661217236328124,200.62003816793893,250.03118702290078,251.02627099236642,0
26022,4.202963134765624,17.91074152832031,9.084990930175781,164.35286259541985,251.55027099236642,251.02627099236642,0
26047,2.828691381835937,17.039252124023434,10.583761169433593,100.20019083969466,240.74874427480916,251.02627099236642,0
26072,2.0122686157226557,14.348169458007812,10.854305957031249,29.67347328244275,192.50446946564887,251.02627099236642,0
26097,0.22619417724609336,12.083254687499998,10.54784814453125,-64.59370229007634,180.22966030534351,251.02627099236642,0
26122,-0.8918979980468753,8.197465393066405,11.2948390625,-160.55553435114504,183.77164503816795,251.02627099236642,0
26148,-2.122517651367188,4.6492585327148435,10.562213354492187,-249.66240458015267,194.5121030534351,251.02627099236642,0
26173,-3.322012683105469,0.7227678100585937,9.5710138671875,-249.66240458015267,225.28309541984734,251.02627099236642,0
26198,-4.44489326171875,-0.80712705078125,8.213501525878906,-249.66240458015267,220.11515648854962,229.4079503816794,0
26223,-4.4760178833007815,-2.198158215332031,7.0906209472656245,-249.66240458015267,197.68767557251908,148.32398091603054,0
26248,-4.727409057617187,-2.7416419921874997,5.7043781860351555,-249.66240458015267,116.15332442748092,81.23237786259543,0
26273,-4.301241162109375,-3.694534252929687,3.240744677734375,-249.66240458015267,133.43576717557252,25.58352290076336,0
26298,-3.5853748657226565,-4.4151889526367185,2.2064495605468752,-249.66240458015267,217.4968358778626,-30.25617175572519,0
26323,-1.9980191650390626,-4.668974328613281,1.4929774658203123,-249.66240458015267,216.2907290076336,-89.88975954198473,0
26348,-1.0283674926757815,-3.627496606445312,-0.1925405029296875,-249.66240458015267,137.47393511450383,-142.52334732824428,0
26373,-0.7602169067382816,-4.2859020629882805,-1.298661669921875,-220.27309160305344,114.8556145038168,-185.309606870229,0
26398,0.27168400878906196,-4.6785511352539055,-1.681733935546875,-183.8837786259542,145.61897328244274,-213.55388167938932,0
26423,1.3969587890624995,-4.252383239746093,-1.4351311645507812,-139.77690839694657,129.4052328244275,-230.3477748091603,0
26448,2.2061989501953123,-2.581230480957031,-1.9738265380859374,-104.95248091603054,144.0235534351145,-241.3477748091603,0
26473,1.9787497924804685,-2.5955956909179685,-1.4494963745117186,-68.69293893129772,176.48920229007635,-244.2943396946565,0
26498,2.7760189453125,-1.9754974609374998,-1.317815283203125,-25.34179389312977,204.7945458015267,-234.50808015267177,0
26523,4.1167718749999995,-1.1590746948242188,-1.107125537109375,15.230725190839694,230.09225572519085,-223.8744923664122,0
26549,4.260423974609375,0.17449562988281248,-0.1350796630859375,52.42919847328245,245.1380572519084,-212.90502671755726,0
26574,4.147896496582031,1.51046015625,1.382844189453125,91.09332061068702,250.37469847328245,-202.18746946564886,0
26599,4.562093383789062,2.7003783813476563,2.9223158569335936,128.2307251908397,249.93958396946564,-191.85159160305344,0
26624,4.782359936523437,5.250203149414062,4.404326684570312,161.3986641221374,237.56553816793894,-183.88212595419847,0
26649,5.354574133300781,6.995576159667968,5.42665079345703,193.92538167938932,200.00065267175572,-180.7447213740458,0
26674,4.576458593749999,7.790451110839843,6.132940283203125,218.69637404580152,178.09225572519085,-172.6683854961832,0
26699,4.1933863281249995,8.714612951660156,6.745855908203124,242.94064885496184,168.87088167938933,-147.46991221374046,0
26724,3.9132647338867184,10.481533776855468,6.645299438476562,250.6047709923664,168.7029427480916,-111.77525572519083,0
26749,4.231693554687499,12.372953088378905,6.38433145751953,250.6047709923664,184.8556145038168,-71.50808015267175,0
26774,3.3865403686523434,13.450343835449218,5.543966674804687,250.6047709923664,179.06935496183206,-23.30197328244275,0
26799,1.966778784179687,14.111143493652342,5.690012976074218,250.6047709923664,196.1380572519084,30.8583320610687,0
26824,1.2149994628906247,14.695328698730467,6.726702294921874,250.6047709923664,221.1380572519084,90.15604198473282,0
26849,1.124019799804687,15.978620788574217,7.6173453124999995,250.6047709923664,239.68004198473284,148.5758893129771,0
26874,1.79918466796875,16.74955372314453,8.615727404785156,235.92538167938932,251.55027099236642,203.4613854961832,0
26899,1.576523913574218,17.556399682617187,9.568619665527343,203.3070610687023,251.55027099236642,251.02627099236642,0
26924,1.590889123535156,18.45422530517578,10.370677221679687,143.4902671755725,251.55027099236642,251.02627099236642,0
26949,0.7433417358398433,18.22917034912109,11.845505444335936,74.0398854961832,251.4968358778626,251.02627099236642,0
26975,0.17591594238281205,16.119878686523435,12.987539636230467,-2.051717557251908,215.15332442748092,251.02627099236642,0
27000,-0.621353210449219,12.961926696777342,13.150345349121093,-88.84561068702291,173.3823320610687,251.02627099236642,0
27025,-1.4760832031250002,10.692223522949217,12.37941241455078,-170.99064885496185,123.35943129770993,251.02627099236642,0
27050,-2.9628824340820312,7.689894641113281,11.366665112304686,-249.66240458015267,122.71820992366412,251.02627099236642,0
27075,-3.4105981445312503,4.467299206542969,10.35631201171875,-249.66240458015267,161.08462213740458,251.02627099236642,0
27100,-4.619669982910157,2.441804602050781,9.156816979980468,-249.66240458015267,206.71057633587787,211.94993511450383,0
27125,-4.363490405273438,-0.18702882080078123,8.697130261230468,-249.66240458015267,223.2372938931298,127.17130916030534,0
27150,-4.847119140625001,-1.8988830078124999,7.078649938964843,-249.66240458015267,173.6113396946565,47.72092748091603,0
27175,-4.801629309082031,-2.2508306518554684,5.237508862304687,-249.66240458015267,140.9319503816794,-19.469912213740457,0
27200,-4.4784120849609375,-3.2300591308593747,3.721979211425781,-249.66240458015267,134.9319503816794,-74.08059923664122,0
27225,-3.2789170532226564,-3.608342993164062,3.84408349609375,-249.66240458015267,62.09225572519084,-114.60731679389313,0
27250,-2.237439331054688,-3.749600891113281,1.2822877197265623,-249.66240458015267,48.58080534351145,-151.59968320610687,0
27275,-1.569457067871094,-4.410400549316406,-0.90601259765625,-240.76164122137405,103.10752290076336,-186.96609541984733,0
27300,-0.3125011962890629,-3.8860703857421868,-0.34576940917968746,-219.91431297709923,190.20675954198472,-222.2180038167939,0
27325,0.7720721557617183,-3.435960473632812,0.5137489868164062,-157.00591603053437,161.8937824427481,-249.1798358778626,0
27351,1.9021353393554685,-3.435960473632812,-0.08240722656249999,-94.77690839694657,110.10752290076336,-249.24090458015266,0
27376,1.614831140136718,-2.4639145996093745,-0.5349113403320312,-56.68530534351145,112.04645419847328,-249.24090458015266,0
27401,1.9212889526367185,-1.57327158203125,-0.7288416748046875,-32.479198473282445,158.78691221374046,-249.24090458015266,0
27426,3.2333114624023436,-0.8047328491210938,0.11391730957031249,-0.5173664122137405,187.60370610687022,-249.24090458015266,0
27451,3.2931665039062494,-0.3522287353515625,1.4977658691406248,41.50553435114504,177.35943129770993,-249.24090458015266,0
27476,3.4607606201171865,1.271039990234375,2.0843452758789063,81.60477099236641,174.5350038167939,-244.62258396946564,0
27501,3.602018518066406,3.2678041748046875,2.5176957763671877,109.95591603053434,195.74874427480916,-232.67601908396946,0
27526,3.9515719604492183,5.707495666503906,3.8488718994140623,135.62767175572517,216.1914923664122,-220.96609541984733,0
27551,4.2484529663085935,7.546242541503906,5.280604492187499,168.49790076335879,218.8403473282443,-204.43937786259542,0
27576,3.7959488525390617,9.229366308593749,6.654876245117187,199.7956106870229,224.4052328244275,-177.50808015267177,0
27601,3.9683313720703115,10.40970772705078,7.296522290039062,228.5895038167939,212.2372938931298,-138.75235496183205,0
27626,2.979526086425781,11.733701245117187,7.325252709960937,249.44446564885496,195.16859160305344,-91.34014122137404,0
27651,1.3921703857421868,12.001851831054687,6.432215490722656,250.6047709923664,196.8174465648855,-35.69891984732824,0
27676,1.0928951782226557,12.954744091796874,7.104986157226562,243.57423664122138,251.55027099236642,23.644591603053435,0
27701,0.8510808105468746,13.716100219726561,8.007600183105469,245.8719465648855,251.55027099236642,85.24764503816795,0
27726,-0.04913901367187545,14.52055197753906,8.634881018066405,247.36812977099237,251.03882061068703,142.78962977099238,0
27751,-0.5998053955078126,15.57400070800781,9.271738659667967,243.2459923664122,251.55027099236642,195.28581297709923,0
27777,-0.1065998535156254,16.510133557128906,10.543059741210937,230.81087786259542,251.55027099236642,248.34688167938933,0
27802,0.26210720214843697,17.422324389648434,10.995563854980468,199.02461832061067,251.55027099236642,251.02627099236642,0
27827,-0.5567097656250004,18.33212102050781,11.584537463378906,136.9864503816794,251.55027099236642,251.02627099236642,0
27852,0.15915653076171843,18.904335217285155,11.852688049316406,49.12385496183206,251.55027099236642,251.02627099236642,0
27877,-1.828030847167969,18.159738500976562,12.180693676757812,-48.06698473282442,207.57317175572518,251.02627099236642,0
27902,-2.373908825683594,15.231629870605467,13.246113415527343,-137.2425572519084,153.77164503816795,251.02627099236642,0
27927,-2.855143359375,12.770390563964842,12.032253173828124,-226.26545801526717,133.19912595419848,251.02627099236642,0
27952,-3.714661755371094,8.307598669433592,11.80480401611328,-249.66240458015267,141.1227900763359,251.02627099236642,0
27977,-4.298846960449219,4.934168530273437,10.377859826660156,-249.66240458015267,153.71820992366412,251.02627099236642,0
28002,-5.199066784667968,2.4729292236328124,8.8431765625,-249.66240458015267,173.5884389312977,179.13314122137405,0
28027,-5.634811486816407,-0.04337672119140626,7.497635229492187,-249.66240458015267,186.3059961832061,103.10260687022901,0
28052,-5.644388293457031,-1.6690396484374999,6.793739941406249,-249.66240458015267,160.06172137404582,32.47665267175573,0
28077,-5.2852580444335935,-2.8134680419921874,5.409891381835937,-249.66240458015267,162.24492748091603,-37.72182061068702,0
28102,-4.653188806152343,-2.3489929199218746,2.8744318237304687,-249.66240458015267,179.008286259542,-105.7065534351145,0
28127,-3.958870324707031,-3.043311401367187,3.5998749267578125,-249.66240458015267,107.35943129770993,-155.5004465648855,0
28152,-2.5247435302734376,-4.664185925292968,1.3086239379882811,-249.66240458015267,83.6647748091603,-186.49281297709922,0
28178,-2.2541987426757815,-4.788684411621094,0.17616655273437498,-249.66240458015267,136.09225572519085,-210.55388167938932,0
28203,-0.9206284179687503,-3.6227082031249997,0.5089605834960937,-232.21202290076337,183.96248473282444,-234.64548473282443,0
28228,0.025081237792968558,-2.708123168945312,0.7124677246093749,-175.50209923664121,148.88614885496185,-249.24090458015266,0
28253,1.6938397949218746,-2.255619055175781,0.099552099609375,-123.73874045801527,133.3823320610687,-249.24090458015266,0
28278,1.9787497924804685,-1.5613005737304686,-0.0776188232421875,-80.51736641221375,134.91668320610688,-249.24090458015266,0
28303,1.7177818115234373,-0.9388081420898438,0.018149243164062495,-40.44103053435114,145.9090496183206,-249.24090458015266,0
28328,2.4504075195312494,0.011689916992187493,0.26475201416015626,0.6124045801526717,161.1914923664122,-249.24090458015266,0
28353,2.6491262573242187,0.7347388183593749,0.8034473876953124,39.37576335877863,191.1227900763359,-249.24090458015266,0
28378,3.992273388671874,1.4506051147460937,2.014913427734375,83.44446564885496,214.03118702290078,-243.21037022900762,0
28403,5.163038000488281,3.512012744140625,3.2120142578125,138.7956106870229,200.65714122137405,-229.97372900763358,0
28428,6.1255070678710934,5.298087182617188,3.9254863525390626,186.10858778625953,193.28309541984734,-215.24853816793893,0
28453,6.111141857910156,6.669964733886719,4.054773242187499,220.0551526717557,195.5350038167939,-187.7981564885496,0
28478,5.237258251953125,7.519906323242187,4.775427941894531,240.2459923664122,209.71820992366412,-144.18746946564886,0
28503,3.4392128051757807,8.554201440429686,5.603821716308593,250.6047709923664,220.41286641221373,-92.53861450381679,0
28528,1.7896078613281245,9.633986389160155,6.350812634277343,250.6047709923664,251.55027099236642,-41.72945419847328,0
28553,0.04184064941406218,12.054524267578124,7.344406323242187,250.6047709923664,251.0464541984733,-1.653118320610687,0
28579,0.0226870361328122,14.053682653808591,8.311663793945312,250.6047709923664,241.31362977099238,22.194209923664122,0
28604,1.1359908081054684,14.920383654785155,8.227866735839843,250.6047709923664,222.3059961832061,37.331614503816795,0
28629,0.11127249755859348,14.637867858886716,7.964504553222655,250.6047709923664,216.76401145038167,61.59115648854962,0
28654,-1.330036901855469,14.98023869628906,8.70191866455078,242.25362595419847,218.61897328244274,106.56825572519084,0
28679,0.8510808105468746,16.536469775390625,8.08900303955078,211.1696564885496,221.84798091603054,153.45375190839695,0
28704,1.191057446289062,16.325780029296872,7.320464306640624,173.9101145038168,193.71057633587787,197.04153816793894,0
28729,0.6906692993164061,15.997774401855468,8.754591101074219,115.99408396946565,224.1914923664122,251.02627099236642,0
28754,0.8750228271484373,17.039252124023434,10.497569909667968,61.81851145038168,226.09225572519085,251.02627099236642,0
28779,-0.027591198730469113,17.38162296142578,11.81198662109375,10.604770992366412,201.15332442748092,251.02627099236642,0
28804,-1.1720195922851566,16.433519104003903,12.056195190429687,-40.66240458015267,158.4434007633588,251.02627099236642,0
28829,-1.5646686645507815,14.372111474609374,11.95803292236328,-103.26545801526719,131.52737022900763,251.02627099236642,0
28854,-2.141671264648438,11.455973852539062,11.242166625976562,-161.7158396946565,100.61897328244275,251.02627099236642,0
28879,-2.788105712890625,7.646799011230469,10.722624865722656,-219.79980916030536,94.7029427480916,251.02627099236642,0
28904,-3.4824241943359375,4.395473156738281,9.884654284667969,-249.66240458015267,95.74874427480917,251.02627099236642,0
28929,-2.687549243164063,2.3867379638671875,9.037106896972656,-249.66240458015267,118.5731717557252,237.72092748091603,0
28955,-3.185543188476563,0.21998546142578124,7.5790380859374995,-249.66240458015267,152.78691221374046,156.72092748091603,0
28980,-3.8200066284179686,-1.525387548828125,6.113786669921875,-249.66240458015267,181.01591984732823,77.47665267175573,0
29005,-3.664383520507813,-2.4064537597656246,5.038790124511718,-249.66240458015267,159.46630152671756,7.011003816793893,0
29030,-3.5446734375,-3.3258271972656246,4.622199035644531,-249.66240458015267,115.56553816793894,-48.660751908396946,0
29055,-2.9844302490234376,-3.878887780761718,3.42270400390625,-249.66240458015267,108.86324809160305,-90.7447213740458,0
29080,-2.5223493286132816,-3.883676184082031,1.6845135986328124,-249.66240458015267,165.80981297709923,-133.95846183206106,0
29105,-1.2199036254882816,-4.142249963378906,1.823377294921875,-249.66240458015267,196.07698854961833,-174.20273664122138,0
29130,-0.12575346679687538,-3.895647192382812,2.1777191406250003,-249.66240458015267,162.66477480916032,-205.69128625954198,0
29155,0.5637766113281248,-3.9459254272460935,1.7683106567382811,-208.23492366412214,193.4205,-231.0118969465649,0
29180,0.9899445068359372,-2.839804260253906,1.4762180541992187,-140.3570610687023,175.4052328244275,-249.24090458015266,0
29205,2.2588713867187495,-2.370540734863281,0.7100735229492187,-84.1662213740458,170.5350038167939,-249.24090458015266,0
29230,3.003468103027343,-1.6403092285156249,1.2152500732421874,-32.8074427480916,171.58080534351146,-249.24090458015266,0
29255,3.5517402832031246,-1.8222685546875,1.7395802368164062,27.66583969465649,132.80981297709923,-249.24090458015266,0
29280,4.428018090820312,-1.5038397338867187,1.6893020019531249,71.45973282442748,120.56553816793894,-249.24090458015266,0
29305,4.0784646484375,-0.20857663574218752,2.4027740966796873,97.63530534351145,149.80981297709923,-234.45464503816794,0
29331,3.412876586914062,1.8576193969726562,3.4203098022460936,124.16202290076335,177.68767557251908,-215.4012099236641,0
29356,3.527798266601562,4.187177612304687,4.176877526855468,153.13148854961833,187.42813358778628,-198.56914885496184,0
29381,4.5501223754882805,5.791292724609375,4.586286010742187,176.52080152671755,182.626606870229,-184.56151526717557,0
29406,4.111983471679687,7.340341198730468,4.943022058105468,191.66583969465648,183.99301908396947,-170.41647709923663,0
29431,3.587653308105468,7.77369169921875,5.6828303710937496,212.58187022900762,163.19912595419848,-146.897393129771,0
29456,2.2612655883789055,9.408931433105467,5.809723059082031,221.72690839694656,177.00065267175572,-116.46991221374046,0
29481,1.9404425659179685,10.572513439941405,6.113786669921875,222.45973282442748,215.48156870229008,-75.69891984732824,0
29506,1.0234633300781244,11.963544604492187,6.9996412841796865,224.16202290076336,233.3441641221374,-28.149301526717558,0
29531,-0.003649182128906414,13.031358544921874,7.547913464355468,231.78797709923663,231.50446946564887,20.980469465648856,0
29556,0.20464636230468702,14.02974063720703,7.792122033691405,236.23072519083968,240.48920229007635,69.20947709923665,0
29581,-1.1408949707031253,15.128679199218748,8.857541772460937,240.99408396946563,246.1914923664122,118.73619465648855,0
29606,-0.9230226196289066,15.660191967773436,9.18075899658203,248.27652671755726,242.88614885496185,178.75909541984734,0
29631,-0.6620546386718753,16.53168137207031,9.542283447265625,232.06278625954198,251.55027099236642,243.19420992366412,0
29656,0.7720721557617183,17.465420019531248,10.634039404296875,194.8490458015267,251.55027099236642,251.02627099236642,0
29681,0.8989648437499995,19.74410144958496,11.519894018554687,139.23072519083968,251.55027099236642,251.02627099236642,0
29707,-1.751416394042969,19.74410144958496,11.653969311523436,66.75744274809159,251.55027099236642,251.02627099236642,0
29732,-2.469676892089844,18.111854467773437,10.978804443359374,-33.608969465648855,250.8403473282443,251.02627099236642,0
29757,-3.10414033203125,14.934748864746092,12.355470397949217,-134.98301526717557,202.61897328244274,251.02627099236642,0
29782,-3.015554870605469,11.97312141113281,11.553412841796874,-229.55553435114504,152.11515648854962,251.02627099236642,0
29807,-4.203078894042969,8.163946569824217,10.643616210937498,-249.66240458015267,133.67240839694657,251.02627099236642,0
29832,-4.990771240234375,5.032330798339844,10.54784814453125,-249.66240458015267,133.22966030534351,251.02627099236642,0
29857,-5.067385693359375,2.6548885498046877,9.116115551757812,-249.66240458015267,135.68767557251908,197.13314122137405,0
29882,-4.887820568847657,0.9933125976562499,7.461722204589843,-249.66240458015267,134.3441641221374,112.14840839694656,0
29907,-5.1152697265625005,-0.5198228515625,5.074703149414062,-249.66240458015267,129.09225572519082,36.09497328244275,0
29932,-4.605304772949219,-2.2125234252929684,3.3628489624023437,-249.66240458015267,170.41286641221373,-34.240904580152666,0
29957,-3.638047302246094,-3.414412658691406,3.9183037475585936,-249.66240458015267,128.23729389312976,-92.50808015267175,0
29982,-2.862325964355469,-3.464690893554687,2.649376867675781,-249.66240458015267,129.83271374045802,-137.9889961832061,0
30007,-2.0123843750000003,-3.5676415649414057,0.9063980590820312,-249.66240458015267,156.6113396946565,-178.25617175572518,0
30032,-1.0283674926757815,-3.158233081054687,1.2367978881835937,-249.66240458015267,172.80217938931298,-213.57678244274808,0
30057,0.24055938720703107,-3.021763586425781,0.9159748657226562,-249.66240458015267,174.24492748091603,-244.1798358778626,0
30082,1.461602233886718,-3.4599024902343745,0.6478242797851562,-200.81507633587788,201.31362977099238,-249.24090458015266,0
30108,2.5365987792968747,-4.147038366699218,0.252781005859375,-134.14332061068703,186.74874427480916,-249.24090458015266,0
30133,2.361822058105468,-3.692140051269531,0.15940714111328125,-78.8837786259542,180.22966030534351,-249.24090458015266,0
30158,2.778413146972656,-2.0521119140624995,0.48501856689453116,-25.67003816793893,165.3823320610687,-249.24090458015266,0
30183,3.264436083984375,-1.6881932617187498,1.0069545288085937,16.032251908396947,170.20675954198472,-232.44701145038167,0
30208,3.4440012084960934,-0.6586865478515624,1.3732673828125,49.10858778625954,191.35943129770993,-210.27907251908397,0
30233,3.357809948730468,0.6030577270507812,1.9622409912109375,80.52843511450381,208.0235534351145,-189.31724045801528,0
30258,2.998679699707031,1.7235441040039061,2.790634765625,111.88721374045801,216.77164503816795,-170.99662977099237,0
30283,3.149514404296874,3.1624593017578126,3.84408349609375,141.14675572519084,228.9090496183206,-158.24853816793893,0
30308,2.9172768432617184,5.202319116210937,4.950204663085937,171.74980916030535,234.73347709923664,-150.86685877862595,0
30333,2.4839263427734366,7.282880358886718,5.812117260742187,200.33759541984733,235.7258435114504,-143.05769847328244,0
30358,1.9021353393554685,8.872630261230467,6.851200781249999,224.01698473282443,250.50446946564887,-125.9889961832061,0
30383,1.595677526855468,9.590890759277343,8.349971020507812,247.17729007633588,251.55027099236642,-88.4241106870229,0
30408,1.0450111450195307,11.264437719726562,9.719454370117187,250.6047709923664,248.11515648854962,-37.77525572519084,0
30433,0.336327453613281,12.57406602783203,10.258149743652343,250.6047709923664,231.0464541984733,21.751461832061068,0
30458,-0.4824895141601564,14.235641979980468,9.422573364257811,250.6047709923664,237.6495076335878,82.95756870229008,0
30483,-1.3659499267578128,15.73441221923828,8.55587236328125,249.62003816793893,249.27546183206107,140.8048969465649,0
30509,-2.9245752075195313,16.21325255126953,9.046683703613281,217.97118320610687,251.55027099236642,193.82779770992366,0
30534,-3.6595951171875,16.589142211914062,9.44890958251953,189.50553435114503,251.55027099236642,249.9728358778626,0
30559,-2.086604626464844,17.496544641113278,9.87028907470703,146.40629770992365,251.55027099236642,251.02627099236642,0
30584,-2.6660014282226565,18.435071691894528,11.088937719726562,89.70400763358778,251.55027099236642,251.02627099236642,0
30609,-3.6188936889648438,17.47739102783203,11.14161015625,21.963549618320613,236.15332442748092,251.02627099236642,0
30634,-4.241386120605469,16.373664062499998,11.852688049316406,-58.27309160305343,214.87088167938933,251.02627099236642,0
30659,-4.250962927246094,15.195716845703123,13.188652575683593,-129.55553435114504,181.5884389312977,251.02627099236642,0
30684,-5.129634936523438,12.394500903320312,12.451238464355468,-189.0898854961832,118.19149236641222,251.02627099236642,0
30709,-5.373843505859375,9.025859167480467,11.503134606933592,-243.87614503816795,82.19149236641222,251.02627099236642,0
30734,-5.206249389648438,6.437727172851562,10.65558721923828,-249.66240458015267,89.51210305343511,251.02627099236642,0
30759,-5.974788122558594,3.739461901855469,9.214277819824218,-249.66240458015267,122.9319503816794,217.2552786259542,0
30784,-5.668330310058593,1.5152485595703125,8.316452197265624,-249.66240458015267,163.41286641221373,126.02627099236642,0
30809,-5.273287036132812,-0.47912142333984375,6.614174816894531,-249.66240458015267,183.4586679389313,34.94993511450382,0
30834,-5.261316027832031,-2.219706030273437,5.3835551635742185,-249.66240458015267,166.32126335877862,-41.05769847328244,0
30859,-5.304411657714844,-2.7033347656249997,4.275039794921875,-249.66240458015267,150.58080534351146,-100.37067557251908,0
30884,-4.1767426757812505,-3.5293343383789058,4.500094750976562,-249.66240458015267,120.42813358778626,-140.5004465648855,0
30910,-3.3339836914062504,-4.249989038085937,2.915133251953125,-249.66240458015267,128.3823320610687,-170.69891984732823,0
30935,-2.9748534423828126,-4.355333911132812,2.137017712402344,-249.66240458015267,170.1380572519084,-195.1798358778626,0
30960,-1.0954051391601565,-3.6035545898437498,2.3931972900390623,-248.85324427480916,195.54263740458015,-222.39357633587787,0
30985,0.4727969482421872,-3.292308374023437,1.653388977050781,-155.32652671755727,118.90141603053435,-242.44701145038167,0
31010,1.0258575317382808,-3.6634096313476556,0.7196503295898437,-93.49446564885497,114.69530916030534,-249.24090458015266,0
31035,1.351468957519531,-3.656227026367187,0.6861315063476562,-44.25019083969465,124.04645419847328,-249.24090458015266,0
31060,2.378581469726562,-2.8278332519531246,1.0739921752929686,-0.8227099236641221,135.45103435114504,-249.24090458015266,0
31085,2.9388246582031243,-2.0233814941406245,1.35411376953125,42.59713740458015,142.8556145038168,-249.24090458015266,0
31110,2.9364304565429684,-2.2221002319335934,1.6007165405273436,78.31469465648854,150.77164503816795,-246.60731679389312,0
31135,3.2333114624023436,-1.477503515625,2.034067041015625,113.67347328244274,151.47393511450383,-227.4775458015267,0
31160,3.3290795288085935,0.4043389892578124,2.8624608154296873,139.55896946564886,173.35943129770993,-208.8744923664122,0
31185,2.941218859863281,2.446593005371094,3.5950865234375,166.94064885496184,183.07698854961833,-194.27907251908397,0
31210,2.869392810058593,4.539125256347656,4.832888781738281,191.36812977099237,200.0464541984733,-181.00426335877862,0
31235,3.285983898925781,6.552648852539062,5.860001293945312,212.41393129770992,219.66477480916032,-165.77525572519085,0
31260,3.374569360351562,8.171129174804687,6.539954565429687,233.1009541984733,223.26782824427482,-141.24090458015266,0
31285,3.245282470703124,8.731372363281249,7.301310693359374,241.73454198473283,246.60370610687022,-99.88212595419847,0
31311,1.966778784179687,9.468786474609374,7.840006066894531,246.42919847328244,251.55027099236642,-33.0271641221374,0
31336,-0.06350422363281272,11.862988134765624,8.637275219726561,248.1543893129771,251.55027099236642,43.04153816793893,0
31361,-1.0690689208984379,14.01776962890625,8.864724377441405,250.6047709923664,249.15332442748092,108.1789427480916,0
31386,-2.1201234497070316,14.678569287109374,8.850359167480468,250.23835877862595,247.55790458015267,162.2705458015267,0
31411,-3.14244755859375,15.57400070800781,9.288498071289062,243.49790076335879,240.5350038167939,211.5224541984733,0
31436,-4.377855615234375,15.99538020019531,10.131257055664062,228.87958015267176,240.86324809160305,251.02627099236642,0
31461,-3.5111546142578125,15.38964718017578,9.403419750976562,186.0398854961832,251.55027099236642,251.02627099236642,0
31486,-3.2358214233398437,16.996156494140624,9.82001083984375,119.15438931297709,251.55027099236642,251.02627099236642,0
31511,-2.5031957153320317,17.556399682617187,11.438491162109374,43.085687022900764,234.01591984732823,251.02627099236642,0
31536,-3.152024365234375,16.402394482421872,12.252519726562499,-50.19675572519084,222.69530916030536,251.02627099236642,0
31561,-4.492777294921876,15.15262121582031,12.37941241455078,-134.27309160305344,179.75637786259543,251.02627099236642,0
31586,-4.734591662597657,12.428019726562498,12.891771569824218,-214.66240458015267,153.77164503816795,251.02627099236642,0
31611,-5.299623254394531,9.823128320312499,12.669110815429686,-249.66240458015267,107.90141603053435,251.02627099236642,0
31636,-5.5462260253906255,7.318793383789062,11.953244519042968,-249.66240458015267,72.54263740458016,251.02627099236642,0
31662,-6.6547413940429685,4.821641052246093,10.607703186035156,-249.66240458015267,65.08462213740458,235.58352290076337,0
31687,-5.984364929199218,2.336459729003906,9.52552403564453,-249.66240458015267,73.42813358778626,165.3163473282443,0
31712,-5.558197033691407,1.0771096557617188,7.725084387207031,-249.66240458015267,97.4586679389313,82.91176717557252,0
31737,-5.493553588867187,-0.8885299072265624,6.28856339111328,-249.66240458015267,107.24492748091603,1.4308511450381678,0
31762,-5.294834851074219,-2.246042248535156,5.012453906249999,-249.66240458015267,90.64950763358779,-62.431744274809155,0
31787,-4.411374438476562,-3.1917519042968747,3.9518225708007813,-249.66240458015267,117.58080534351146,-114.6683854961832,0
31812,-3.7960646118164063,-3.895647192382812,3.1880722412109375,-249.66240458015267,148.01591984732823,-162.26380534351145,0
31837,-2.6803666381835938,-3.6514386230468747,2.299823425292969,-249.66240458015267,176.87088167938933,-207.25617175572518,0
31862,-1.301306481933594,-3.062465014648437,0.7244387329101561,-249.66240458015267,171.06172137404582,-245.69891984732823,0
31887,-0.034773803710937745,-3.608342993164062,0.9447052856445312,-223.00591603053437,150.8403473282443,-249.24090458015266,0
31912,1.1862690429687497,-3.938742822265625,1.31580654296875,-157.95248091603054,122.6647748091603,-249.24090458015266,0
31937,0.9851561035156244,-2.705728967285156,0.5927576416015624,-109.08225190839696,158.77164503816795,-249.24090458015266,0
31962,1.9428367675781244,-2.207735021972656,1.0811747802734375,-51.15095419847328,190.19912595419848,-249.24090458015266,0
31987,3.039381127929687,-2.085630737304687,1.605504943847656,8.871946564885496,198.3823320610687,-249.24090458015266,0
32012,2.9124884399414057,-1.4918687255859375,2.3189770385742188,65.77270992366411,203.06172137404582,-249.24090458015266,0
32037,2.9507956665039057,0.41870419921875,2.86724921875,115.26889312977099,221.52737022900763,-234.01953053435113,0
32063,3.111207177734374,2.3915263671875002,3.683671984863281,162.62003816793893,214.80217938931298,-204.88975954198472,0
32088,3.8366502807617184,4.127322570800781,4.70599609375,199.681106870229,220.0998893129771,-183.515713740458,0
32113,3.7624300292968744,5.822417346191406,5.601427514648437,233.52080152671755,217.97775190839695,-162.13403435114503,0
32138,3.262041882324218,6.9572689331054685,6.010835998535156,250.6047709923664,223.28309541984734,-132.75998854961833,0
32163,2.589271215820312,8.580537658691405,6.025201208496093,250.6047709923664,225.1380572519084,-93.72945419847328,0
32188,1.322738537597656,10.649127893066405,6.238285156249999,250.6047709923664,247.56553816793894,-49.51571374045801,0
32213,-0.6740256469726567,12.310703845214842,6.6596646484374995,250.6047709923664,251.55027099236642,3.659858778625954,0
32238,-1.7059265625000002,13.649062573242187,7.813669848632812,240.89484732824428,251.55027099236642,63.85069847328245,0
32263,-2.5917811767578125,14.939537268066404,9.221460424804686,227.81087786259542,251.55027099236642,125.59115648854961,0
32288,-3.2693402465820314,15.65779776611328,10.57897276611328,221.01698473282443,251.55027099236642,181.28581297709923,0
32313,-5.47918837890625,16.502950952148435,11.170340576171874,194.72690839694656,251.55027099236642,236.65985877862596,0
32338,-3.515943017578125,16.184522131347656,10.418561254882812,156.20019083969464,245.6495076335878,251.02627099236642,0
32363,-2.230256726074219,17.046434729003906,10.763326293945312,85.46736641221374,238.50446946564887,251.02627099236642,0
32388,-3.3100416748046877,17.11347237548828,11.44088536376953,-1.4791984732824428,226.35179770992366,251.02627099236642,0
32413,-5.366660900878906,15.494992053222655,11.847899645996092,-89.2807251908397,194.7258435114504,251.02627099236642,0
32438,-5.01950166015625,14.25958399658203,12.252519726562499,-175.05935114503816,182.68767557251908,251.02627099236642,0
32463,-5.167942163085938,12.284367626953124,12.582919555664061,-232.58606870229008,122.44340076335878,251.02627099236642,0
32489,-6.163930053710938,9.291615551757811,12.60925577392578,-249.66240458015267,60.00828625954198,251.02627099236642,0
32514,-5.893385266113281,6.598138684082031,10.84712335205078,-249.66240458015267,40.87088167938931,251.02627099236642,0
32539,-5.175124768066406,3.9549400512695314,9.764944201660155,-249.66240458015267,55.496835877862594,251.02627099236642,0
32564,-5.414544934082031,1.5822862060546874,8.201530517578124,-249.66240458015267,76.79454580152672,173.7285610687023,0
32589,-4.825571325683594,-1.5972135986328124,7.535942456054687,-249.66240458015267,123.16095801526718,84.94993511450382,0
32614,-5.306805859375,-2.571653674316406,5.764233227539062,-249.66240458015267,155.66477480916032,-13.44701145038168,0
32639,-4.794446704101563,-2.887688293457031,4.152935510253906,-249.66240458015267,119.25256106870229,-94.35540839694656,0
32664,-4.262933935546875,-3.194146105957031,1.8377425048828124,-249.66240458015267,124.90141603053435,-155.85159160305344,0
32689,-4.1384354492187505,-4.3601223144531245,1.3996036010742186,-249.66240458015267,193.64187404580153,-204.24853816793893,0
32714,-2.4720710937500003,-4.867693066406249,1.8401367065429686,-249.66240458015267,251.55027099236642,-245.6683854961832,0
32739,-1.4904484130859377,-3.342586608886718,2.3165828369140624,-249.66240458015267,169.87088167938933,-249.24090458015266,0
32764,-0.17124329833984397,-2.9140245117187495,1.911962756347656,-184.78454198473284,62.3441641221374,-249.24090458015266,0
32789,2.0194512207031243,-3.6131313964843748,0.884850244140625,-146.67767175572519,75.41286641221375,-249.24090458015266,0
32814,3.1614854125976555,-3.6873516479492183,0.9255516723632812,-125.30362595419848,175.7029427480916,-249.24090458015266,0
32839,2.7760189453125,-3.139079467773437,1.3182007446289061,-70.01354961832061,177.86324809160305,-249.24090458015266,0
32864,2.7305291137695304,-3.2947025756835933,2.069980065917969,-18.761641221374045,187.45103435114504,-249.24090458015266,0
32890,3.635537341308593,-2.516587036132812,2.711626110839844,35.18492366412214,182.22966030534351,-247.69128625954198,0
32915,3.5948359130859373,-1.0393646118164062,3.214408459472656,77.74217557251907,197.03118702290078,-219.22563740458014,0
32940,4.0233980102539055,0.4330694091796875,4.169694921874999,117.70400763358778,203.91668320610688,-192.16456870229007,0
32965,4.3801340576171865,1.81691796875,5.321305920410156,156.17729007633588,199.3975992366412,-169.2180038167939,0
32990,4.499844140624999,2.9685289672851565,5.903096923828125,187.61240458015266,200.92431679389313,-147.46227862595418,0
33015,3.716940197753906,3.907056018066406,6.40348507080078,216.63530534351145,189.42813358778628,-117.24090458015267,0
33040,2.9507956665039057,5.20710751953125,6.23110255126953,232.97118320610687,187.71057633587787,-82.62258396946565,0
33065,2.455195922851562,6.789674816894531,6.501647338867187,234.5666030534351,210.06172137404582,-48.37830916030534,0
33090,1.152750219726562,8.166340771484373,6.846412377929687,235.1543893129771,216.32126335877862,-12.050064885496184,0
33115,-0.14730128173828172,9.715389245605467,7.155264392089843,229.06278625954198,228.3441641221374,23.850698473282442,0
33140,-0.9996370727539066,11.810315698242187,7.344406323242187,215.74980916030535,251.55027099236642,58.47665267175573,0
33165,-1.7394453857421879,12.9643208984375,7.516788842773437,202.35286259541985,251.55027099236642,94.2934465648855,0
33190,-2.3308131958007814,12.878129638671874,8.158434887695313,195.42919847328244,249.97011832061068,135.8048969465649,0
33215,-3.21906201171875,13.294720727539062,9.013164880371093,189.87958015267176,236.22966030534351,183.55298854961833,0
33240,-2.613328991699219,14.415207104492186,9.69790655517578,187.94828244274808,212.00065267175572,233.9728358778626,0
33265,-1.4952368164062502,15.415983398437499,9.075414123535156,161.33759541984733,219.69530916030536,251.02627099236642,0
33290,-1.1768079956054691,15.528510876464843,9.003588073730468,103.2841603053435,240.4205,251.02627099236642,0
33316,-2.8982389892578126,16.287472802734374,10.557424951171875,30.566603053435117,241.55790458015267,251.02627099236642,0
33341,-3.5374908325195316,15.21726466064453,12.075348803710936,-49.173854961832056,237.43576717557252,251.02627099236642,0
33366,-3.8726790649414067,15.605125329589843,13.138374340820311,-109.21202290076336,186.67240839694657,251.02627099236642,0
33391,-3.590163269042969,13.60836114501953,13.447226354980467,-154.31125954198473,126.16859160305344,251.02627099236642,0
33416,-4.4951714965820315,11.333869567871092,12.875012158203123,-195.4333969465649,87.20675954198474,251.02627099236642,0
33441,-5.261316027832031,8.640392700195312,11.852688049316406,-236.60896946564887,66.78691221374046,251.02627099236642,0
33466,-5.256527624511719,6.076202722167968,10.246178735351561,-249.66240458015267,52.7792786259542,251.02627099236642,0
33491,-5.656359301757813,3.1313346801757813,9.070625720214842,-249.66240458015267,70.54263740458016,188.16367557251908,0
33516,-5.337930480957031,0.9047271362304686,8.340394213867187,-249.66240458015267,75.12279007633589,109.46901908396947,0
33541,-5.385814514160156,-0.26843167724609374,6.750644311523437,-249.66240458015267,98.28309541984733,23.094973282442748,0
33566,-5.369055102539063,-2.3465987182617183,5.362007348632812,-249.66240458015267,147.7411106870229,-56.7065534351145,0
33591,-4.5693917480468755,-2.698546362304687,3.9278805541992186,-249.66240458015267,164.63424045801528,-130.98136259541985,0
33616,-3.7505747802734377,-3.1271084594726557,2.263910400390625,-249.66240458015267,150.16095801526717,-194.16456870229007,0
33641,-3.4608763793945316,-4.063241308593749,2.9031622436523437,-249.66240458015267,177.22202671755727,-240.43174427480915,0
33666,-2.4960131103515626,-4.192528198242187,2.86724921875,-249.66240458015267,199.55027099236642,-249.24090458015266,0
33691,-0.8583791748046878,-3.5269401367187494,2.3931972900390623,-245.05935114503816,154.46630152671756,-249.24090458015266,0
33717,-0.2215215332031253,-3.014580981445312,1.5528325073242186,-182.40286259541986,158.87851526717557,-249.24090458015266,0
33742,1.5525818969726561,-3.072041821289062,1.825771496582031,-133.6013358778626,207.54263740458015,-249.24090458015266,0
33767,1.7872136596679686,-3.4982097167968744,2.4338987182617187,-66.73874045801527,214.4434007633588,-249.24090458015266,0
33792,1.9356541625976558,-2.025775695800781,2.69486669921875,5.902480916030534,184.4052328244275,-249.24090458015266,0
33817,2.457590124511718,-0.7424836059570312,2.5200899780273436,60.03225190839695,181.35179770992366,-249.24090458015266,0
33842,2.5773002075195306,0.160130419921875,3.087515771484375,100.01698473282443,204.15332442748092,-245.55388167938932,0
33867,2.0481816406249997,1.6205934326171874,4.138570300292968,136.268893129771,233.7945458015267,-212.6149503816794,0
33892,1.8877701293945304,3.9309980346679687,5.247085668945312,179.2841603053435,228.66477480916032,-182.0118969465649,0
33917,2.5581465942382806,5.733831884765625,6.343630029296874,218.23072519083968,220.22202671755727,-160.11113358778627,0
33942,3.020227514648437,6.93093271484375,7.004429687499999,248.20019083969464,225.58080534351146,-139.1035,0
33967,2.2612655883789055,7.871853967285156,7.432991784667968,250.6047709923664,220.48156870229008,-107.37067557251908,0
33992,0.8654460205078123,9.162328662109374,7.389896154785156,250.6047709923664,204.3288969465649,-65.73708778625954,0
34017,-0.5112199340820314,10.412101928710936,6.927815234374999,250.6047709923664,241.08462213740458,-18.202736641221374,0
34042,-1.9597119384765627,12.444779138183593,6.793739941406249,247.27652671755726,251.55027099236642,36.10260687022901,0
34067,-4.0091485595703125,14.077624670410154,7.033160107421875,217.2841603053435,251.55027099236642,95.64459160305344,0
34092,-4.265328137207032,14.99460390625,7.792122033691405,197.25362595419847,251.55027099236642,154.59115648854961,0
34117,-4.918945190429687,15.339368945312499,8.108156652832031,172.34522900763358,251.55027099236642,206.2705458015267,0
34143,-5.175124768066406,15.145438610839841,8.009994384765625,139.1696564885496,251.55027099236642,251.02627099236642,0
34168,-4.705861242675781,15.394435583496092,8.112945056152343,93.52080152671755,251.55027099236642,251.02627099236642,0
34193,-2.7402216796875,15.770325244140624,8.527141943359375,40.78034351145038,251.55027099236642,251.02627099236642,0
34218,-3.6907197387695314,16.32099162597656,10.097738232421873,-15.341793893129772,240.5121030534351,251.02627099236642,0
34243,-5.220614599609375,16.46224952392578,11.534259228515625,-67.61660305343511,223.50446946564887,251.02627099236642,0
34268,-3.915774694824219,14.886864831542967,12.137598046874999,-125.25782442748093,197.4968358778626,251.02627099236642,0
34293,-4.1025224243164065,13.677792993164061,13.736924755859373,-178.89141221374047,145.008286259542,251.02627099236642,0
34318,-4.602910571289063,10.780808984374998,13.33709307861328,-222.525,71.84798091603054,251.02627099236642,0
34343,-4.916550988769531,9.346682189941404,11.570172253417967,-249.66240458015267,39.794545801526716,251.02627099236642,0
34368,-4.722620654296875,8.008323461914062,10.346735205078124,-249.66240458015267,53.611339694656486,251.02627099236642,0
34393,-5.081750903320312,4.59419189453125,10.114497644042968,-249.66240458015267,49.496835877862594,198.7056603053435,0
34418,-4.861484350585938,3.0068361938476564,8.51756513671875,-249.66240458015267,36.489202290076335,126.46138549618321,0
34443,-4.9476756103515624,1.0483792358398436,6.439398095703124,-249.66240458015267,49.53500381679389,56.60642366412214,0
34468,-4.859090148925781,-1.0537298217773436,5.206384240722656,-249.66240458015267,65.87088167938931,-3.0958664122137405,0
34493,-4.744168469238281,-2.4615203979492186,3.9709761840820312,-249.66240458015267,67.27546183206107,-51.981362595419846,0
34518,-3.535096630859375,-3.589189379882812,4.775427941894531,-249.66240458015267,92.48156870229008,-97.03479770992367,0
34544,-2.814441931152344,-3.3689228271484373,2.4506581298828127,-249.66240458015267,107.96248473282444,-141.31724045801528,0
34569,-2.182372692871094,-3.4311720703124995,1.2679225097656248,-249.66240458015267,140.55027099236642,-180.31724045801528,0
34594,-0.11138825683593767,-4.515745422363281,1.3229891479492186,-238.8990458015267,128.7029427480916,-212.17220229007634,0
34619,0.6140548461914057,-4.326603491210937,0.8010531860351562,-162.18148854961834,63.81744656488549,-232.82869083969464,0
34644,1.0450111450195307,-4.044087695312499,0.37967369384765626,-107.38759541984733,60.86324809160305,-246.1416679389313,0
34669,1.9811439941406244,-3.158233081054687,-0.3792882324218749,-68.04408396946566,102.45103435114504,-249.24090458015266,0
34694,2.287601806640625,-1.6570686401367187,0.22405058593749996,-32.41049618320611,153.1227900763359,-249.24090458015266,0
34719,2.9005174316406244,-1.2165355346679687,0.22883898925781246,17.726908396946566,145.16095801526717,-249.24090458015266,0
34744,3.2931665039062494,-0.5437648681640626,0.7962647827148437,51.253625954198476,193.76401145038167,-249.24090458015266,0
34769,2.591665417480468,1.1010516723632813,1.3612963745117186,92.10095419847327,212.99301908396947,-249.24090458015266,0
34794,3.580470703124999,1.828888977050781,2.577550817871094,133.3604961832061,216.71820992366412,-234.11113358778627,0
34819,3.8941111206054684,3.1241520751953127,4.447422314453124,170.66583969465648,233.68767557251908,-215.41647709923663,0
34844,2.8406623901367185,4.412232568359375,5.352430541992187,210.27652671755726,226.03118702290078,-189.54624809160305,0
34869,2.9675550781249997,5.276539367675781,7.193571618652343,241.50553435114503,215.7258435114504,-149.67601908396946,0
34894,4.693774475097656,6.8638950683593745,8.302086987304687,250.6047709923664,174.9853854961832,-108.61495038167939,0
34919,5.131913378906249,8.637998498535156,8.56784337158203,250.6047709923664,157.01591984732823,-66.48517938931298,0
34944,3.690603979492187,8.937273706054686,8.627698413085938,230.86431297709922,181.67240839694657,-9.43174427480916,0
34970,1.6794745849609374,8.891783874511718,10.710653857421875,203.93301526717556,175.42813358778628,59.339248091603054,0
34995,2.3713988647460935,8.882207067871093,11.663546118164062,195.2459923664122,107.29072900763359,115.32398091603054,0
35020,1.763271643066406,8.73616076660156,10.689106042480468,154.95591603053435,107.27546183206107,150.62932442748092,0
35045,0.1878869506835934,8.779256396484374,10.339552600097655,103.32996183206106,111.69530916030534,169.11024045801528,0
35070,-0.8200719482421879,8.74334337158203,11.017111669921874,59.73454198473283,99.40523282442749,171.14077480916032,0
35095,-0.13533027343750037,8.092120520019531,10.679529235839842,19.116221374045804,80.78691221374046,154.37741603053436,0
35120,0.252530395507812,6.62447490234375,10.176746887207031,-31.150954198473283,80.90141603053435,123.9346679389313,0
35145,-2.062662609863281,4.756997607421875,10.250967138671873,-82.73110687022901,105.13042366412215,97.20184351145039,0
35170,-2.0219611816406253,4.2709746704101565,10.681923437499998,-120.46393129770993,126.1380572519084,71.46138549618321,0
35195,-1.5814280761718753,4.043525512695312,10.629251000976561,-141.6242366412214,125.08462213740458,33.6522251908397,0
35220,-1.7753584106445315,2.0730975463867187,10.159987475585936,-153.60896946564887,112.1380572519084,4.621690839694656,0
35245,-2.8024709228515627,0.6461533569335937,9.705089160156248,-165.14332061068703,107.1380572519084,-4.759988549618321,0
35270,-2.615723193359375,1.0723212524414063,9.46806319580078,-177.7158396946565,121.18385877862596,-11.637851145038168,0
35295,-2.354755212402344,0.8855735229492186,9.243008239746093,-180.45629770992366,117.4968358778626,-23.63785114503817,0
35320,-2.527137731933594,0.4115215942382813,8.558266564941405,-177.318893129771,105.55790458015268,-32.31724045801526,0
35345,-3.0107664672851566,0.19364924316406248,8.278144970703124,-168.60896946564887,97.95485114503818,-36.05006488549618,0
35370,-3.204696801757813,0.1840724365234375,8.28772177734375,-151.9601145038168,96.27546183206107,-36.83632442748091,0
35396,-3.5446734375,-0.1750578125,8.132098669433592,-129.98301526717557,96.07698854961832,-35.05006488549618,0
35421,-3.963658728027344,-0.15829840087890626,8.426585473632812,-100.55553435114504,88.26782824427481,-30.149301526717558,0
35446,-3.973235534667969,-0.4958808349609375,8.393066650390624,-68.29599236641222,85.10752290076336,-23.729454198473285,0
35471,-4.413768640136719,-0.5317938598632812,8.067455224609374,-38.1662213740458,68.90141603053435,-14.11876717557252,0
35496,-4.657977209472657,-0.6658691528320313,8.345182617187499,-8.944847328244276,57.64187404580152,-3.8439580152671753,0
35521,-4.993165441894531,-0.80712705078125,8.213501525878906,19.01698473282443,41.985385496183206,5.690393129770992,0
35546,-4.897397375488281,-0.9244429321289063,8.136887072753906,40.581870229007635,34.748744274809155,12.133141221374045,0
35571,-5.553408630371093,-0.7137531860351563,8.270962365722655,54.30706106870229,32.931950381679385,15.05680534351145,0
35596,-5.766492578125,0.06196815185546874,9.053866308593749,63.8719465648855,37.3823320610687,15.491919847328244,0
35621,-5.869443249511718,0.5671447021484375,9.108932946777342,69.14675572519083,47.39759923664122,11.026270992366412,0
35646,-5.661147705078125,0.46658823242187497,8.558266564941405,70.66583969465648,40.87088167938931,4.6751259541984735,0
35671,-6.554184924316406,0.7060083984375,8.620515808105468,58.52843511450382,54.45866793893129,1.4766526717557251,0
35696,-6.525454504394531,1.0292256225585936,9.37229512939453,44.391030534351145,75.32126335877864,-0.16456870229007647,0
35721,-6.6738950073242185,1.4601819213867187,9.398631347656249,36.10858778625954,75.84798091603054,-1.752354961832061,0
35746,-6.999506433105469,1.2040023437499998,9.453697985839844,30.688740458015268,64.22202671755726,-0.33250763358778623,0
