t_ms,ax,ay,az,gx,gy,gz,label
0,6.398446057128905,2.9637405639648438,3.2862345092773437,-1.2807251908396946,-2.5795,-3.4012099236641222,0
25,6.5181561401367185,3.0164130004882814,3.3293301391601564,-2.525,-2.045148854961832,-3.981362595419847,0
50,6.67617344970703,3.0930274536132814,3.1449766113281252,-1.9143129770992364,-1.9306450381679388,-4.76762213740458,0
75,6.75278790283203,3.1433056884765627,3.166524426269531,-0.7616412213740459,-4.625301526717557,-4.508080152671756,0
100,6.680961853027344,3.1720361083984376,3.125822998046875,-1.0288167938931299,-3.480263358778626,-2.8134236641221375,0
125,6.733634289550781,3.1983723266601563,3.19286064453125,-2.0975190839694657,0.35943129770992366,-1.4088435114503817,0
150,6.82940235595703,3.1313346801757813,3.123428796386719,-1.509732824427481,0.2220267175572519,0.0873396946564885,0
175,6.621106811523437,3.203160729980469,3.125822998046875,0.43683206106870226,-1.7398053435114504,0.9881030534351145,0
200,6.611530004882812,3.224708544921875,3.204831652832031,0.3223282442748091,0.22966030534351156,1.4003167938931296,0
225,6.573222778320312,3.25343896484375,3.23116787109375,-0.9982824427480915,0.1762251908396948,2.1636755725190837,0
250,6.570828576660156,3.265409973144531,3.1689186279296875,-1.837977099236641,0.237293893129771,2.7132938931297708,0
275,6.475060510253905,3.3108998046875,3.17370703125,-1.0669847328244275,-0.9535458015267175,2.675125954198473,0
300,6.463089501953124,3.5000417358398437,3.262292492675781,-0.8685114503816794,0.6876755725190841,2.2323778625954196,0
325,6.635472021484374,3.5934156005859377,3.4250982055664063,-0.4639312977099237,1.0540877862595421,1.5071870229007633,0
350,6.695327062988281,3.94296904296875,3.403550390625,-0.2349236641221374,-0.9840801526717557,2.4690190839694655,0
376,6.475060510253905,4.033948706054687,3.4155213989257813,0.03988549618320608,-0.8848435114503816,5.278179389312977,0
401,6.513367736816405,4.223090637207031,3.432280810546875,1.2688931297709924,0.44340076335877876,9.54535496183206,0
426,6.654625634765623,4.400261560058594,3.4634054321289063,3.826145038167939,-0.1520190839694655,12.919400763358778,0
451,6.685750256347656,4.165629797363281,3.4203098022460936,8.085687022900764,-8.816141221374044,15.988103053435115,0
476,6.317043200683593,3.887902404785156,3.250321484375,10.81851145038168,-20.953545801526715,20.73619465648855,0
501,5.795107238769531,3.744250305175781,3.1306114013671875,8.253625954198473,-13.411561068702289,23.8965,0
526,5.785530432128906,3.6293286254882813,3.2479272827148438,4.016984732824428,2.954851145038168,23.469019083969464,0
551,6.051286816406249,3.6389054321289063,3.109063586425781,0.5513358778625954,11.489202290076337,20.20184351145038,0
576,6.309860595703124,3.4114562744140624,2.9462578735351563,0.742175572519084,4.023553435114504,15.858332061068701,0
601,6.472666308593749,3.2175259399414062,3.1497650146484375,2.8872137404580154,-9.663469465648854,14.690393129770992,0
626,6.290706982421875,2.844030480957031,3.3197533325195314,5.726908396946564,-15.716904580152672,16.301080152671755,0
651,6.319437402343749,2.8751551025390625,3.3580605590820314,4.345229007633588,-4.991713740458016,17.949935114503816,0
676,6.388869250488281,2.800934851074219,3.2910229125976564,-0.8761450381679389,8.046454198473283,17.957568702290075,0
701,6.463089501953124,2.659676953125,3.010901318359375,-6.975381679389313,14.832713740458015,16.942301526717557,0
726,6.589982189941405,2.4537756103515624,2.716414514160156,-12.257824427480916,14.847980916030535,14.491919847328244,0
751,6.532521350097656,2.0802801513671874,2.764298547363281,-16.86851145038168,9.535003816793894,10.476652671755724,0
776,6.379292443847656,1.6086224243164062,2.587127624511719,-19.83034351145038,10.855614503816794,5.293446564885496,0
802,6.345773620605468,1.1728777221679687,2.539243591308594,-19.525,13.78691221374046,0.11024045801526716,0
827,6.781518322753905,0.7802286499023436,2.54163779296875,-17.128053435114502,8.603706106870229,-5.378309160305344,0
852,6.996996472167967,0.22237966308593748,2.5009363647460936,-16.066984732824427,13.214393129770993,-14.332507633587786,0
877,7.451894787597655,-0.33786352539062503,2.5224841796875,-14.02881679389313,19.000652671755727,-21.515713740458015,0
902,8.071993017578123,-0.38574755859375,2.9462578735351563,-9.586068702290076,9.09225572519084,-23.851591603053436,0
927,8.445488476562499,-1.0130283935546875,2.9414694702148436,-5.631870229007634,-5.91537786259542,-23.75998854961832,0
952,8.550833349609373,-1.4846861206054687,2.682895690917969,-5.921946564885497,-10.59476717557252,-19.57678244274809,0
977,8.536468139648438,-1.8007207397460936,2.953440478515625,-13.02881679389313,2.6418740458015266,-13.393576335877864,0
1002,8.807012927246092,-1.9515554443359375,2.615858044433594,-17.51736641221374,9.344164122137405,-6.057698473282443,0
1027,8.811801330566407,-2.226888635253906,2.654165270996094,-16.98301526717557,5.718209923664123,0.13314122137404572,0
1052,9.084740319824217,-2.5213754394531245,2.7762695556640624,-17.456297709923664,23.57317175572519,-1.4393778625954199,0
1077,9.654560314941406,-3.100772241210937,3.221591064453125,-8.53263358778626,34.50446946564885,-8.94319465648855,0
1102,9.520485021972654,-3.8286095458984373,3.3963677856445313,11.245992366412214,7.93958396946565,-13.744721374045803,0
1127,9.082346118164061,-5.384840625,3.1353998046875,27.963549618320613,-22.480263358778625,-17.874492366412213,0
1152,8.148607470703123,-6.337732885742187,3.2838403076171874,28.398664122137404,-11.503164122137404,-18.660751908396946,0
1178,8.079175622558594,-6.0671880981445305,3.7459212280273437,20.230725190839696,32.122790076335875,-18.668385496183205,0
1203,6.841373364257811,-2.5908072875976558,4.287010803222656,20.406297709923667,37.46630152671755,-15.737087786259544,0
1228,4.076070446777343,0.9214865478515624,4.39235567626953,19.31469465648855,41.03882061068702,-13.27907251908397,0
1253,1.3299211425781245,7.280486157226562,4.519248364257812,15.551335877862595,27.825080152671756,-11.614950381679389,0
1278,-0.6812082519531253,15.413589196777343,4.5527671875,-0.05171755725190841,12.962484732824429,-7.691286259541986,0
1303,-0.09462884521484405,19.74410144958496,4.780216345214844,0.13148854961832057,-25.342858778625953,-8.065332061068702,0
1328,0.6403910644531248,19.74410144958496,4.287010803222656,-3.2349236641221375,-9.869576335877863,-27.698919847328245,0
1353,4.1359254882812495,11.908477966308592,4.504883154296874,-18.250190839694657,101.16859160305344,-69.49281297709923,0
1378,9.489360400390623,2.9733173706054687,3.863237109375,-5.349427480916031,146.13042366412213,-102.62258396946565,0
1403,11.162907360839842,4.084226940917969,2.790634765625,10.620038167938931,61.82508015267175,-105.56914885496182,0
1428,5.778347827148436,7.5246947265625,6.161670703124999,40.253625954198476,-166.48026335877861,-41.95846183206107,0
1453,1.5645529052734375,5.707495666503906,6.676424060058593,6.436832061068702,-114.63293511450381,39.85833206106871,0
1478,3.0082565063476556,5.18795390625,5.230326257324219,-41.51736641221374,48.54263740458015,88.83543129770993,0
1503,5.474284216308592,5.338788610839844,4.172089123535156,-37.372328244274804,45.19149236641221,96.5758893129771,0
1528,5.459919006347655,5.571026171875,3.46101123046875,-17.731106870229006,-9.022248091603053,78.02627099236642,0
1553,5.311478503417968,5.4752581054687495,3.1497650146484375,-2.7998091603053434,-45.63293511450382,50.36214885496184,0
1578,4.899675817871093,4.546307861328125,4.038013830566406,9.963549618320611,-54.85430916030535,26.980469465648856,0
1604,5.376121948242187,4.855159875488281,4.579103405761718,27.070419847328246,-25.5795,8.652225190839694,0
1629,6.549280761718749,5.082609033203125,3.4418576171875,38.1925572519084,-36.48789694656489,4.072072519083969,0
1654,6.130295471191405,3.607780810546875,4.45699912109375,39.520801526717555,-60.64820229007634,13.759095419847329,0
1679,6.096776647949219,4.218302233886718,4.193636938476562,21.29942748091603,-3.1672862595419846,27.39268320610687,0
1704,7.339367309570311,5.482440710449219,3.3772141723632814,1.6124045801526719,19.283095419847328,35.385049618320615,0
1729,7.4782310058593735,3.579050390625,2.9678056884765627,0.13148854961832057,-40.77797328244275,40.690393129770996,0
1754,5.704127575683594,2.312517712402344,3.11624619140625,-5.601335877862596,-40.35049236641222,42.71329389312977,0
1779,6.240428747558593,2.439410400390625,2.8073941772460937,-22.952480916030535,24.855614503816795,37.20947709923664,0
1804,8.47661309814453,2.839242077636719,3.2646866943359374,-17.761641221374045,8.825080152671756,23.911767175572518,0
1829,7.724833776855468,2.245480065917969,3.080333166503906,4.30706106870229,-61.66346946564886,14.8965,0
1854,6.2188809326171866,1.8576193969726562,2.9582288818359377,8.070419847328244,-68.8237748091603,14.22474427480916,0
1879,6.463089501953124,1.769033935546875,2.627829052734375,-9.059351145038168,-21.442095419847327,10.446118320610687,0
1904,7.521326635742187,2.006059899902344,2.8696434204101564,-18.234923664122135,-1.5565992366412211,3.514820610687023,0
1929,7.4183759643554685,2.0515497314453124,2.7140203125,-7.754007633587786,-44.67110305343512,-0.6683854961832062,0
1954,6.412811267089842,1.6660832641601562,2.551214599609375,-0.975381679389313,-66.55659923664122,-0.09586641221374048,0
1980,6.245217150878905,1.350048645019531,2.3620726684570315,-4.86087786259542,-29.69400381679389,1.8354312977099236,0
2005,6.827008154296874,1.1920313354492187,1.631841162109375,-11.70057251908397,-3.58713358778626,5.278179389312977,0
2030,7.066428320312499,0.9550053710937499,1.5695919189453125,-14.005916030534351,-15.709270992366413,8.621690839694656,0
2055,6.872497985839844,0.9526111694335937,1.873655529785156,-13.555534351145038,-19.785606870229007,10.201843511450381,0
2080,6.757576306152344,0.332512939453125,2.148988720703125,-6.921946564885497,-12.358125954198472,7.812530534351144,0
2105,6.091988244628905,0.03563193359375,2.0867394775390626,-3.3723282442748093,8.794545801526718,5.942301526717557,0
2130,6.276341772460937,0.3492723510742187,2.024490234375,-7.822709923664123,39.58843893129771,3.942301526717557,0
2155,7.226839831542969,0.6389707519531249,1.9885772094726561,-10.38759541984733,48.64950763358778,-1.149301526717557,0
2180,7.856514868164061,0.30617672119140626,1.7347918334960937,-4.03645038167939,10.77164503816794,-8.576782442748092,0
2205,6.422388073730468,0.10506378173828124,1.7180324218749998,-4.784541984732825,-9.220721374045802,-8.7828893129771,0
2230,6.475060510253905,-0.6467155395507812,2.512907373046875,-12.899045801526718,31.183858778625954,-9.706553435114504,0
2255,8.069598815917967,-0.16787520751953125,2.558397204589844,-10.929580152671756,55.39759923664122,-11.60731679389313,0
2280,8.75673469238281,-0.24209545898437498,2.290246618652344,3.406297709923664,14.42813358778626,-12.301973282442749,0
2305,8.04805100097656,-0.5724952880859375,2.587127624511719,11.360496183206106,-16.06804961832061,-11.248538167938932,0
2330,7.808630834960936,-0.6706575561523438,2.639800061035156,3.4826335877862595,14.26782824427481,-8.614950381679389,0
2355,8.213250915527343,-0.34744033203125,2.711626110839844,-0.6395038167938932,25.535003816793893,-0.9508282442748092,0
2380,8.11269444580078,-0.682628564453125,2.7858463623046874,6.4902671755725185,-3.686370229007634,6.705660305343511,0
2406,7.030515295410155,-1.2979383911132811,2.761904345703125,7.513167938931297,-2.6253015267175575,10.094973282442748,0
2431,7.236416638183592,-1.9276134277343748,2.7092319091796875,2.3146946564885496,19.977751908396947,8.514820610687023,0
2456,8.230010327148438,-2.0880249389648435,2.6014928344726562,2.444465648854962,12.069354961832062,1.3697824427480916,0
2481,8.060022009277343,-3.491027111816406,2.5464261962890626,6.314694656488549,-7.533698473282442,-9.149301526717558,0
2506,6.6139242065429675,-4.537293237304687,2.4889653564453127,-1.6776717557251906,31.92431679389313,-10.866858778625955,0
2531,7.8134192382812495,-5.427936254882812,2.321371240234375,-6.227290076335878,72.3059961832061,-1.7294541984732823,0
2556,7.890033691406249,-5.7296056640624995,1.650994775390625,7.230725190839694,28.565538167938932,4.178942748091603,0
2581,8.47661309814453,-3.3737112304687495,3.0420259399414062,-3.1662213740458016,57.626606870229004,-5.714187022900764,0
2606,11.155724755859374,-1.0226052001953125,4.310952819824219,-2.479198473282443,58.260194656488544,-24.653118320610687,0
2631,9.673713928222654,-0.16787520751953125,4.7466975219726555,5.329961832061068,-4.793240458015267,-24.691286259541986,0
2656,6.977842858886718,-1.5134165405273436,5.524813061523437,13.001717557251908,-31.854309160305345,-8.492812977099238,0
2681,3.302743310546875,-0.644321337890625,6.865565991210937,-2.570801526717557,52.35943129770992,12.05680534351145,0
2706,1.179086437988281,4.97726416015625,6.676424060058593,-26.303625954198473,96.50446946564885,37.644591603053435,0
2731,-0.40826926269531283,15.499780456542966,4.947810461425781,-44.357061068702286,49.10752290076336,54.46138549618321,0
2756,2.474349536132812,19.74410144958496,3.8225356811523437,-70.84561068702291,41.313629770992364,23.77436259541985,0
2781,6.008191186523438,14.115931896972654,4.152935510253906,-63.227290076335876,47.03882061068702,-66.40884351145039,0
2806,15.565844213867187,0.7802286499023436,5.002877099609375,-41.19675572519084,144.1227900763359,-174.69128625954198,0
2832,13.336842468261718,3.818470556640625,-0.3673172241210937,66.91011450381679,-91.63293511450381,-226.75235496183205,0
2857,-0.4920663208007814,6.557437255859375,10.016335375976562,14.223091603053435,-248.71690458015266,-38.37067557251908,0
2882,5.426400183105469,2.010848303222656,8.151252282714843,-70.01354961832061,58.22966030534351,79.4995534351145,0
2907,8.438305871582031,4.1057747558593745,2.213632165527344,-61.738740458015265,6.290729007633589,122.3316145038168,0
2932,3.2189462524414054,2.6093987182617187,5.441016003417968,-21.257824427480916,-62.46499618320611,135.14840839694656,0
2957,1.9260773559570312,2.9541637573242188,4.947810461425781,-5.334160305343512,40.7029427480916,122.11024045801527,0
2982,4.662649853515624,1.4984891479492186,2.991747705078125,-0.05935114503816796,53.40523282442748,89.16367557251908,0
3007,3.7959488525390617,1.0076778076171875,4.416297692871093,17.70400763358779,-2.9535458015267175,52.72092748091603,0
3032,3.4176649902343748,1.4649703247070311,4.775427941894531,21.925381679389314,-7.9077442748091595,18.469019083969464,0
3057,2.9723434814453116,1.280616796875,5.010059704589843,20.765076335877865,-2.2359885496183205,-11.347774809160306,0
3082,4.677015063476562,1.1896371337890623,4.4067208862304685,20.98645038167939,-9.777973282442748,-33.05769847328244,0
3107,5.66821455078125,1.9653584716796872,4.564738195800781,28.849045801526717,-28.793240458015266,-52.15693511450382,0
3132,5.723281188964843,2.743474011230469,3.949428369140625,21.383396946564886,-22.89247709923664,-56.68365267175572,0
3157,6.6306836181640625,2.743474011230469,4.619804833984374,27.887213740458016,-55.02988167938932,-43.05769847328244,0
3182,6.862921179199218,3.9405748413085937,4.267857189941406,33.72690839694657,-52.27415648854962,-30.248538167938932,0
3207,5.92918253173828,4.333223913574218,3.243138879394531,18.711641221374048,-17.281790076335877,-15.378309160305342,0
3232,6.920382019042967,2.935010144042969,4.2582803833007805,13.963549618320611,-6.1291183206106865,3.346881679389313,0
3258,6.779124121093749,3.703548876953125,4.603045422363281,19.276526717557253,6.947217557251909,21.194209923664122,0
3283,7.140648571777343,4.256609460449218,3.630999548339844,15.833778625954197,-1.945912213740458,36.81253053435115,0
3308,6.733634289550781,2.5136306518554687,3.554385095214844,10.28416030534351,-17.373393129770992,44.07970610687023,0
3333,7.1957152099609365,2.3292771240234376,3.757892236328125,6.505534351145037,0.14569083969465657,40.16367557251909,0
3358,6.965871850585937,3.1744303100585936,3.2551098876953124,4.230725190839695,-1.014614503816794,33.194209923664125,0
3383,6.388869250488281,2.341248132324219,3.4825590454101563,9.97881679389313,-37.938278625954204,28.293446564885496,0
3408,6.319437402343749,0.5096838623046874,3.9278805541992186,19.452099236641224,-41.44972900763359,23.659858778625953,0
3433,6.039315808105468,0.57193310546875,3.0827273681640626,21.65820610687023,-29.88484351145038,23.70566030534351,0
3458,6.12071866455078,1.4194804931640623,2.56079140625,16.13912213740458,-30.205454198473284,24.957568702290075,0
3483,6.953900842285155,0.45701142578125,2.9749882934570313,21.749809160305343,-48.2970572519084,21.568255725190838,0
3508,6.707298071289062,-0.5078518432617187,3.0731505615234376,33.81851145038168,-61.2970572519084,19.843064885496183,0
3533,6.853344372558593,-0.10562596435546875,2.6517710693359375,26.589503816793894,-29.121484732824428,14.110240458015268,0
3558,7.1214949584960925,-0.0840781494140625,2.180113342285156,5.719274809160305,14.802179389312977,8.774362595419847,0
3583,7.904398901367187,0.19125504150390624,2.5272725830078127,-4.2883587786259545,8.489202290076335,9.446118320610687,0
3608,7.313031091308592,0.14097680664062498,2.4147451049804687,-1.7845419847328245,-37.77797328244275,15.949935114503816,0
3633,6.6163184082031234,-0.19899982910156247,2.1633539306640626,-7.9448473282442755,-34.2207213740458,16.56825572519084,0
3658,6.635472021484374,-1.0417588134765625,2.551214599609375,-19.311259541984732,14.222026717557252,11.690393129770992,0
3684,7.372886132812499,-0.9220487304687499,2.704443505859375,-18.70820610687023,36.22202671755725,7.3621488549618315,0
3709,7.935523522949217,-0.36419974365234375,2.6230406494140626,-8.639503816793894,14.458667938931299,5.178942748091603,0
3734,7.846938061523436,-0.5724952880859375,2.5560030029296876,-2.02118320610687,-13.068049618320611,1.644591603053435,0
3759,7.573999072265624,-0.0840781494140625,2.7978173706054688,-10.670038167938932,3.657141221374046,-2.218003816793893,0
3784,7.6649787353515615,-0.18702882080078123,2.5655798095703126,-21.02118320610687,22.901416030534353,-2.317240458015267,0
3809,7.885245288085936,-0.16787520751953125,2.3692552734375,-17.67767175572519,-0.25888931297709905,-1.0958664122137405,0
3834,7.427952770996092,-0.3163157104492187,2.4913595581054686,-10.883778625954198,-20.90774427480916,-2.0271641221374046,0
3859,6.917987817382811,-0.6802343627929688,2.3812262817382814,-14.654770992366412,1.3136297709923666,-2.469912213740458,0
3884,6.920382019042967,-0.9483849487304687,2.089133679199219,-18.463931297709923,18.405232824427483,-3.2714389312977095,0
3909,7.325002099609374,-1.6690396484374999,2.4386871215820314,-14.746374045801527,16.993019083969465,-3.8286908396946564,0
3934,7.336973107910155,-2.2125234252929684,2.876826025390625,-2.8532442748091604,7.893782442748092,-6.492812977099237,0
3959,7.585970080566406,-3.1079548461914057,2.6326174560546876,3.360496183206107,8.489202290076335,-10.676019083969466,0
3984,7.902004699707031,-3.8621283691406245,2.625434851074219,6.96354961832061,-0.8695763358778623,-16.431744274809162,0
4009,7.535691845703124,-4.515745422363281,2.4722059448242186,6.780343511450381,-8.220721374045802,-19.218003816793892,0
4034,7.25078184814453,-4.963461132812499,2.4219277099609378,-1.8990458015267175,-3.4878969465648857,-13.225637404580153,0
4060,7.609912097167968,-5.459060876464843,2.6661362792968752,-13.639503816793894,24.313629770992367,-8.408843511450382,0
4085,8.380845031738282,-5.305831970214843,3.037237536621094,-14.250190839694657,49.4205,-14.12640076335878,0
4110,9.580340063476562,-5.854104150390625,2.589521826171875,-3.639503816793893,45.435767175572515,-27.82869083969466,0
4135,8.548439147949217,-5.868469360351562,2.2686988037109375,12.97881679389313,0.7792786259541986,-36.77525572519084,0
4160,7.437529577636718,-4.623484497070312,2.8265477905273437,11.810877862595419,17.527370229007634,-36.00426335877862,0
4185,8.886021582031248,-4.996979956054687,2.5153015747070313,3.7879770992366413,53.03882061068702,-38.08059923664122,0
4210,6.329014208984375,-3.2492127441406247,2.9486520751953127,3.1467557251908396,22.008286259541986,-26.45464503816794,0
4235,4.430412292480468,-0.9603559570312499,3.4155213989257813,-6.578435114503817,13.985385496183207,-11.576782442748092,0
4260,1.8494629028320304,3.0307782104492187,4.038013830566406,-10.265458015267177,-15.526064885496183,-6.187469465648856,0
4285,-0.216733129882813,9.806368908691406,5.546360876464843,-9.807442748091603,-30.304690839694658,-6.309606870229008,0
4310,0.21422316894531201,16.663362463378906,7.605374304199218,-5.7311068702290076,10.153324427480916,-12.614950381679389,0
4335,2.737711718749999,18.344092028808593,7.270186071777343,-16.01354961832061,99.64950763358779,-32.05006488549618,0
4360,5.70652177734375,14.800673571777342,5.397920373535156,-26.761641221374045,139.75637786259543,-62.59204961832061,0
4385,15.776533959960936,-0.8574052856445312,2.232785778808594,-29.914312977099236,183.08462213740458,-117.40884351145039,0
4410,16.98740144958496,2.75544501953125,-0.6426504150390625,-10.448664122137405,50.6647748091603,-169.9889961832061,0
4435,4.250847167968749,6.574196667480469,7.679594555664062,48.78797709923664,-248.71690458015266,-74.76762213740457,0
4461,2.2804192016601554,2.2981525024414062,8.084214636230469,-15.563167938931299,-38.83140839694657,9.24001145038168,0
4486,7.303454284667969,3.8639603881835938,3.645364758300781,-37.372328244274804,90.26782824427481,48.17894274809161,0
4511,8.723215869140624,3.33005341796875,3.585509716796875,-17.891412213740455,15.328896946564885,47.14840839694657,0
4536,5.835808666992187,3.294140393066406,4.0332254272460935,-0.4333969465648855,-36.86194274809161,41.58352290076336,0
4561,4.095224060058593,2.669253759765625,4.397144079589843,-6.578435114503817,-3.5184312977099235,38.40795038167939,0
4586,5.201345227050781,2.21914384765625,4.275039794921875,-6.03645038167939,27.374698473282443,24.919400763358777,0
4611,5.292324890136718,2.6189755249023436,4.030831225585937,4.177290076335877,25.519736641221375,4.774362595419847,0
4636,5.3186611083984365,2.724320397949219,4.138570300292968,14.665839694656489,-3.564232824427481,-9.462278625954198,0
4661,5.007414892578124,2.573485693359375,4.306164416503906,21.765076335877865,-28.205454198473284,-18.126400763358777,0
4686,4.2484529663085935,3.332447619628906,4.368413659667969,16.8337786259542,-26.152019083969464,-20.897393129770993,0
4711,5.172614807128905,2.94698115234375,3.731556018066406,10.291793893129771,-15.090950381679388,-23.966095419847328,0
4736,5.718492785644531,3.3156882080078125,3.7459212280273437,12.650572519083969,-30.69400381679389,-24.523347328244274,0
4761,5.215710437011718,4.503212231445312,3.7267676147460937,17.99408396946565,-41.78560687022901,-22.973729007633587,0
4786,5.081635144042968,3.7466445068359375,2.8552782104492187,5.001717557251908,-10.442095419847329,-19.874492366412213,0
4811,6.704903869628905,3.7657981201171875,3.592692321777344,7.0475190839694655,-20.72453816793893,-15.042431297709925,0
4836,7.435135375976562,4.675594750976562,3.616634338378906,26.66583969465649,-57.060416030534356,-11.286706106870229,0
4862,5.73764639892578,5.4752581054687495,2.6661362792968752,30.50553435114504,-87.26652290076335,-2.538614503816794,0
4887,5.9746723632812495,4.0100066894531246,3.7435270263671874,9.14675572519084,-17.41156106870229,12.285812977099237,0
4912,7.827784448242187,4.448145593261719,3.8799965209960936,11.482633587786259,36.65714122137404,21.446118320610687,0
4937,8.502949316406248,5.985223059082031,3.2838403076171874,30.688740458015268,-8.090950381679388,33.81253053435115,0
4962,7.387251342773436,4.32604130859375,3.094698376464844,39.84904580152672,-53.63293511450382,47.690393129770996,0
4987,6.336196813964842,3.4425808959960937,4.308558618164062,31.85667938931298,5.634240458015267,59.560622137404586,0
5012,7.143042773437499,4.32604130859375,3.712402404785156,22.383396946564886,51.81744656488549,68.31634732824428,0
5037,7.365703527832031,4.539125256347656,3.2383504760742188,21.719274809160307,8.496835877862596,73.28581297709924,0
5062,6.731240087890625,3.0068361938476564,2.9510462768554686,19.14675572519084,-31.2588893129771,73.07970610687023,0
5087,5.869327490234375,2.6572827514648436,3.3676373657226564,12.108587786259541,-19.846675572519082,69.75909541984733,0
5112,5.912423120117187,1.6086224243164062,3.223985266113281,5.497900763358778,6.680041984732824,63.46138549618321,0
5137,6.068046228027343,1.4601819213867187,2.876826025390625,1.6658396946564884,11.58080534351145,56.056805343511456,0
5162,6.532521350097656,0.7419214233398437,2.5344551879882813,2.5055343511450383,-13.503164122137404,45.46901908396947,0
5187,6.554069165039063,0.24153327636718747,2.88640283203125,3.352862595419847,-34.92301145038168,34.76672900763359,0
5212,5.471890014648436,-0.4575736083984375,2.8361245971679687,-1.1127862595419846,-21.61003435114504,30.621690839694658,0
5238,5.749617407226562,-1.4463788940429687,2.548820397949219,-10.173854961832062,20.12279007633588,23.102606870229007,0
5263,6.551674963378905,-0.9842979736328126,2.7140203125,-15.143320610687024,41.748744274809155,15.812530534351145,0
5288,7.585970080566406,-0.8190980590820313,2.9223158569335936,-7.822709923664123,7.855614503816794,11.499553435114503,0
5313,6.649837231445312,-1.4703209106445312,2.8816144287109373,-0.01354961832061069,-24.526064885496183,7.3621488549618315,0
5338,6.460695300292968,-1.7695961181640625,3.3867909790039064,-5.486832061068703,1.2449274809160307,7.011003816793893,0
5363,7.176561596679687,-1.630732421875,3.5615677001953125,-20.13568702290076,51.23729389312977,6.972835877862595,0
5388,8.316201586914062,-2.2891378784179683,3.4250982055664063,-18.34179389312977,39.53500381679389,2.514820610687023,0
5413,7.890033691406249,-2.5094044311523436,3.4418576171875,-13.769274809160306,3.985385496183206,-2.3630419847328246,0
5438,7.746381591796875,-3.3066735839843746,3.642970556640625,-17.960114503816794,8.42813358778626,-11.042431297709925,0
5463,7.763141003417968,-3.356951818847656,3.7746516479492187,-24.379961832061067,26.183858778625954,-14.324874045801527,0
5488,8.043262597656248,-3.692140051269531,3.393973583984375,-21.36469465648855,11.199125954198474,-13.309606870229008,0
5513,6.989813867187499,-3.991415258789062,3.1353998046875,-14.654770992366412,-16.213087786259543,-9.828690839694657,0
5538,6.2619765625,-4.635455505371093,3.2766577026367187,-19.32652671755725,11.069354961832062,-1.0653320610687023,0
5563,7.9259467163085935,-4.774319201660155,3.1497650146484375,-20.555534351145038,43.298362595419846,2.430851145038168,0
5588,8.773494104003905,-4.882058276367187,2.8265477905273437,-12.128053435114504,21.840347328244274,-2.798156488549618,0
5614,8.47661309814453,-4.611513488769531,3.2646866943359374,-0.18148854961832062,-27.846675572519082,-6.011896946564886,0
5639,10.025661572265623,-4.807838024902344,4.018860217285156,-11.677671755725191,26.4586679389313,-21.248538167938932,0
5664,11.854831640624997,-4.240412231445312,3.7626806396484374,-14.425763358778626,47.39759923664122,-31.73708778625954,0
5689,10.061574597167969,-4.877269873046875,3.2670808959960937,0.9330152671755725,-2.9688129770992364,-23.27907251908397,0
5714,6.855738574218749,-6.622642883300781,2.5057247680664063,15.97118320610687,-18.327591603053435,-8.477545801526718,0
5739,5.136701782226562,-6.229993811035156,2.4626291381835936,4.261259541984733,69.214393129771,-2.088232824427481,0
5764,6.204515722656249,-4.2859020629882805,2.2878524169921874,0.1696564885496183,101.56553816793894,-2.7599885496183205,0
5789,4.540545568847656,-1.1542862915039063,2.5727624145507813,13.551335877862595,31.870881679389313,-7.9813625954198475,0
5814,2.084094665527343,3.4114562744140624,4.073926855468749,27.81851145038168,-34.747438931297715,-20.538614503816795,0
5839,0.6715156860351557,9.660322607421874,6.1712475097656245,31.604770992366415,-51.41919465648855,-38.34014122137404,0
5864,0.1878869506835934,15.509357263183592,7.401867163085937,52.81087786259542,-103.37339312977099,-45.65311832061068,0
5889,-2.658818823242188,19.387963952636717,6.702760278320312,28.17729007633588,-62.46499618320611,-37.660751908396946,0
5914,0.21661737060546837,12.906860058593749,8.36433623046875,-72.0746183206107,245.97775190839695,-52.25617175572519,0
5939,16.98740144958496,-6.682497924804687,-1.6290614990234373,-88.6013358778626,251.55027099236642,-150.4241106870229,0
5964,12.771810876464844,9.217395300292967,-3.688074926757812,10.100954198473282,-118.4268282442748,-210.13403435114503,0
5990,0.14000291748046845,5.9062144042968745,8.89345479736328,35.40629770992366,-248.71690458015266,-95.5538816793893,0
6015,1.0234633300781244,2.6093987182617187,7.217513635253906,-28.463931297709923,16.57317175572519,-2.76762213740458,0
6040,5.673002954101562,3.9932472778320314,2.86724921875,-44.71583969465649,100.3288969465649,48.20947709923664,0
6065,7.978619152832031,2.834453674316406,3.8416892944335936,-12.074618320610687,8.023553435114504,56.40795038167939,0
6090,5.251623461914062,2.650100146484375,4.3516542480468745,21.184923664122138,-32.434461832061075,49.91940076335878,0
6115,4.973896069335937,3.337236022949219,4.078715258789062,15.63530534351145,5.710576335877862,44.42321755725191,0
6141,6.032133203124999,2.5878509033203128,4.44981651611328,17.16965648854962,6.817446564885497,33.35451526717558,0
6166,6.501396728515624,2.6908015747070313,4.737120715332031,27.154389312977102,5.458667938931297,19.530087786259543,0
6191,7.435135375976562,3.5958098022460936,4.990906091308593,35.16965648854962,-1.5489656488549617,9.804896946564885,0
6216,7.1214949584960925,4.40265576171875,4.193636938476562,38.72690839694657,-30.94591221374046,2.980469465648855,0
6241,6.470272106933593,4.464905004882812,4.519248364257812,33.42156488549618,-53.938278625954204,0.19420992366412215,0
6266,7.0472747070312485,3.6939720703125,5.160894409179687,36.642938931297714,-48.816141221374046,-2.9737290076335876,0
6291,6.3002837890625,4.187177612304687,4.928656848144531,40.66583969465649,-34.31232442748092,0.6369580152671755,0
6316,6.075228833007812,4.354771728515625,3.6764893798828124,24.383396946564886,-18.961179389312978,11.858332061068701,0
6341,6.348167822265624,2.726714599609375,3.3820025756835936,6.0551526717557245,-0.678736641221374,19.323980916030536,0
6366,7.645825122070312,2.1257699829101564,3.9039385375976563,6.719274809160305,1.504469465648855,19.05680534351145,0
6391,6.628289416503905,2.8464246826171875,3.8752081176757813,18.00935114503817,-17.24362213740458,19.461385496183205,0
6416,6.247611352539061,2.5471494750976564,3.1497650146484375,12.14675572519084,-1.3657595419847328,22.934667938931298,0
6441,6.542098156738281,1.970146875,2.800211572265625,-3.6624045801526717,20.672408396946565,26.42321755725191,0
6466,7.597941088867187,1.4649703247070311,3.5136836669921876,3.8414122137404583,5.832713740458015,27.148408396946564,0
6491,6.953900842285155,1.7259383056640625,3.530443078613281,24.039885496183206,-29.152019083969464,25.949935114503816,0
6517,5.8262318603515615,1.599045617675781,3.4825590454101563,28.528435114503818,-26.861942748091604,27.05680534351145,0
6542,5.366545141601562,1.2949820068359374,3.0444201416015626,13.597137404580153,24.328896946564885,28.438484732824428,0
6567,6.6306836181640625,1.3237124267578124,3.15455341796875,-1.005916030534351,60.0998893129771,26.621690839694658,0
6592,7.487807812499999,1.0483792358398436,3.80577626953125,4.329961832061069,30.95485114503817,22.843064885496183,0
6617,7.054457312011718,1.3165298217773436,3.9230921508789063,6.97118320610687,-3.770339694656488,23.56062213740458,0
6642,6.5780111816406235,0.9981010009765624,3.92069794921875,-0.6853053435114503,-6.213087786259543,27.407950381679388,0
6667,6.396051855468749,0.2965999145507812,4.152935510253906,-10.662404580152671,15.28309541984733,27.06443893129771,0
6692,6.6881444580078115,-0.1032317626953125,4.2965876098632805,-12.433396946564885,28.718209923664123,26.606423664122136,0
6717,6.90601680908203,-0.20618243408203127,4.2391267700195305,-10.242557251908398,24.4586679389313,25.08733969465649,0
6742,6.7599705078125,-0.4408141967773438,4.061955847167968,-10.173854961832062,15.389965648854963,20.51482061068702,0
6767,6.544492358398437,-0.23491285400390624,4.208002148437499,-16.227290076335876,17.41286641221374,16.675125954198474,0
6792,6.707298071289062,-0.548553271484375,4.275039794921875,-23.608969465648855,31.840347328244274,13.652225190839694,0
6817,6.709692272949218,-0.27082587890625,4.181665930175781,-31.227290076335876,43.37469847328244,13.453751908396946,0
6842,7.13586016845703,-0.17745201416015624,4.337289038085937,-34.21965648854962,37.19912595419847,12.537721374045802,0
6867,7.080793530273437,-0.43841999511718754,4.270251391601562,-31.983015267175574,13.993019083969466,10.40031679389313,0
6893,6.621106811523437,-0.5748894897460938,4.289405004882812,-31.7692748091603,4.061721374045802,8.148408396946564,0
6918,6.465483703613281,-0.7831850341796874,4.205607946777343,-31.532633587786258,3.1227900763358782,6.270545801526717,0
6943,6.4798489135742185,-1.0872486450195311,4.071532653808593,-29.547900763358776,5.93958396946565,4.331614503816794,0
6968,6.1470548828124985,-1.1375268798828124,4.081109460449218,-17.563167938931297,-11.365759541984731,4.156041984732824,0
6993,5.876510095214843,-1.5038397338867187,4.327712231445312,-4.876145038167939,-15.251255725190838,3.484286259541985,0
7018,5.397669763183592,-1.9132482177734376,4.287010803222656,2.2459923664122137,-1.457362595419847,1.7209274809160306,0
7043,5.486255224609374,-1.793538134765625,4.5144599609375,3.490267175572519,23.0998893129771,1.163675572519084,0
7068,6.4080228637695305,-1.793538134765625,4.5958628173828115,8.80324427480916,28.206759541984734,-0.23327099236641236,0
7093,6.640260424804686,-1.7504425048828125,4.804158361816405,17.97881679389313,5.08462213740458,-3.447011450381679,0
7118,6.5397039550781235,-2.119149560546875,5.187230627441406,15.558969465648854,8.42813358778626,-6.653118320610687,0
7143,7.210080419921874,-2.428001574707031,5.29257550048828,10.055152671755724,17.626606870229008,-7.309606870229008,0
7168,7.61470050048828,-2.542923254394531,5.306940710449219,8.459732824427482,2.7334770992366413,-5.187469465648856,0
7193,7.502173022460936,-2.8661404785156246,5.342853735351562,6.2765267175572514,-11.800874045801526,-1.866858778625954,0
7218,7.4183759643554685,-3.7855139160156246,4.899926428222655,0.37576335877862593,-10.793240458015267,-2.966095419847328,0
7243,7.643430920410155,-4.185345593261719,4.9142916381835935,-2.6089694656488547,-5.961179389312978,-7.9737290076335885,0
7269,7.976224951171875,-5.1478146606445305,5.8528186889648435,5.917748091603053,-6.938278625954197,-12.004263358778626,0
7294,8.941088220214844,-6.586729858398437,5.790569445800781,11.482633587786259,0.24492748091603067,-21.27143893129771,0
7319,9.07755771484375,-8.229152197265625,5.335671130371093,3.7727099236641224,19.252561068702292,-33.19510305343511,0
7344,8.981789648437498,-8.980931518554687,4.615016430664062,-0.05171755725190841,-5.235988549618321,-39.164568702290076,0
7369,6.865315380859374,-7.276259936523437,5.093856762695312,-7.647137404580153,-6.9001106870229005,-45.866858778625954,0
7394,5.179797412109374,-3.8908587890624995,5.1776538208007805,-30.379961832061067,95.76401145038169,-35.118767175572515,0
7419,3.4200591918945307,1.8576193969726562,5.6660709594726555,-27.425763358778624,108.90141603053435,-5.60731679389313,0
7444,0.6499678710937498,10.462380163574217,6.465734313964843,-22.036450381679387,64.23729389312977,33.95756870229008,0
7469,-0.611776403808594,18.12143127441406,6.956545654296875,-11.051717557251909,31.59607251908397,56.751461832061075,0
7494,1.143173413085937,19.74410144958496,6.439398095703124,-6.37232824427481,50.04645419847328,35.34688167938932,0
7519,5.024174304199218,10.969950915527342,6.468128515625,0.05515267175572519,94.34416412213741,-34.27907251908397,0
7544,10.099881823730467,-1.6570686401367187,4.655717858886718,32.46736641221374,104.99301908396947,-114.32487404580152,0
7569,9.623435693359372,-0.13196218261718748,1.394815197753906,39.29179389312977,55.01591984732824,-170.22563740458014,0
7594,1.056982153320312,7.555819348144531,5.941404150390625,47.070419847328246,-199.93827862595418,-122.37830916030534,0
7619,-0.7243038818359377,2.815300061035156,7.653258337402343,26.627671755725192,-205.5031641221374,-49.25617175572519,0
7644,0.815167785644531,2.324488720703125,5.56790869140625,-24.815076335877862,-18.54896564885496,-5.385942748091604,0
7670,3.9324183471679683,2.446593005371094,4.892743823242187,-33.234923664122135,8.695309160305344,3.4079503816793895,0
7695,5.198951025390624,2.401103173828125,5.697195581054687,-14.128053435114504,-47.63293511450382,-8.011896946564885,0
7720,5.184585815429687,2.5950335083007814,5.012453906249999,-7.379961832061069,-35.07568320610687,-22.317240458015267,0
7745,6.812642944335937,3.4042736694335938,5.045972729492187,-8.494465648854963,-23.976446564885496,-28.28670610687023,0
7770,7.356126721191406,4.567855676269531,5.802540454101562,11.024618320610687,-74.28942366412214,-29.22563740458015,0
7795,5.749617407226562,5.044301806640625,5.127375585937499,21.68110687022901,-99.75507251908397,-22.64548473282443,0
7820,6.71448067626953,4.062679125976563,5.697195581054687,14.078053435114503,-47.755072519083974,-12.218003816793894,0
7845,7.245993444824218,4.800093237304687,5.397920373535156,3.30706106870229,2.4815687022900765,1.2858129770992366,0
7870,7.487807812499999,5.875089782714843,4.854436596679687,5.978816793893129,-17.602400763358776,19.88886641221374,0
7895,7.4925962158203125,4.112957360839843,4.741909118652344,14.001717557251908,-43.747438931297715,36.636958015267176,0
7920,7.1574079833984365,3.1049984619140627,4.7275439086914055,14.933015267175572,-10.73217175572519,48.056805343511456,0
7945,7.02093848876953,3.6197518188476563,3.9685819824218753,11.13912213740458,19.000652671755727,56.3697824427481,0
7970,7.562028063964843,3.0666912353515623,4.433057104492187,13.13148854961832,-0.2207213740458014,58.30871374045802,0
7995,7.370491931152343,2.446593005371094,4.452210717773437,14.963549618320611,-17.716904580152672,53.80489694656489,0
8021,7.004179077148437,1.8408599853515624,4.021254418945312,7.757442748091603,-18.617667938931298,49.003370229007636,0
8046,6.939535632324218,1.8600135986328123,3.8249298828125,3.5818702290076336,-34.701637404580154,41.636958015267176,0
8071,6.798277734375,1.6684774658203123,3.5998749267578125,-0.7082061068702291,-36.94591221374046,32.323980916030536,0
8096,7.0233326904296876,1.522431164550781,3.587903918457031,2.2459923664122137,-40.510797709923665,22.377416030534352,0
8121,6.060863623046875,0.9262749511718749,3.075544763183594,-0.9219465648854962,-24.56423282442748,18.59115648854962,0
8146,4.521391955566406,0.5408084838867188,2.4051682983398437,-11.341793893129772,0.6571412213740458,27.911767175572518,0
8171,5.950730346679687,1.0196488159179686,3.3293301391601564,-20.97538167938931,25.214393129770993,33.392683206106874,0
8196,6.491819921875,-0.05295352783203125,3.156947619628906,-22.402862595419847,19.76401145038168,30.781996183206108,0
8221,5.998614379882812,-1.09443125,2.92471005859375,-22.34179389312977,6.771645038167939,24.59115648854962,0
8246,5.9363651367187495,-1.1590746948242188,3.4083387939453127,-25.33416030534351,7.443400763358779,19.797263358778626,0
8271,5.759194213867187,-0.8143096557617188,3.3317243408203123,-33.37996183206107,22.7411106870229,14.56825572519084,0
8296,6.4439358886718745,-0.9507791503906249,3.6477589599609375,-38.67003816793893,35.428133587786256,7.667492366412214,0
8321,6.810248742675781,-1.38173544921875,3.4418576171875,-31.624236641221373,19.855614503816795,-0.6989198473282444,0
8346,6.793489331054686,-0.9364139404296874,3.2742635009765624,-22.196755725190837,-3.457362595419847,-9.324874045801527,0
8371,6.925170422363281,-1.4415904907226562,3.38439677734375,-14.341793893129772,-5.91537786259542,-21.41647709923664,0
8397,7.176561596679687,-2.092813342285156,3.597480725097656,-7.86851145038168,9.138057251908396,-29.07296564885496,0
8422,7.4566831909179685,-2.1550625854492185,3.3652431640625,-2.7769083969465647,12.649507633587787,-31.43174427480916,0
8447,7.612306298828124,-2.413636364746093,3.23116787109375,3.742175572519084,-1.9688129770992364,-33.179835877862594,0
8472,7.643430920410155,-2.5501058593749995,3.642970556640625,10.093320610687023,-6.228354961832061,-32.65311832061068,0
8497,7.607517895507812,-2.911630310058593,3.3987619873046877,14.13912213740458,1.6189732824427483,-29.40884351145038,0
8522,7.535691845703124,-2.64587392578125,3.5232604736328126,15.116221374045802,4.977751908396947,-20.11876717557252,0
8547,7.166984790039062,-2.1933698120117184,3.8871791259765627,4.078053435114503,30.863248091603054,-7.7523549618320615,0
8572,7.856514868164061,-1.7001642700195312,4.480941137695312,-12.937213740458015,82.45103435114504,6.217110687022901,0
8597,8.536468139648438,-1.6546744384765624,4.756274328613281,-20.150954198473283,98.84798091603054,20.759095419847327,0
8622,8.055233605957032,-1.5517237670898436,4.818523571777344,-13.937213740458015,72.82508015267176,29.88123282442748,0
8647,7.684132348632812,-2.2891378784179683,4.691630883789062,-11.670038167938932,76.38996564885497,27.835431297709924,0
8672,7.523720837402343,-2.983456359863281,4.598257019042968,-1.7311068702290076,60.481568702290076,20.484286259541985,0
8697,6.8389791625976555,-3.2659721557617183,4.935839453124999,12.368129770992367,28.95485114503817,11.209477099236642,0
8722,4.904464221191406,-4.939519116210937,4.631775842285156,17.452099236641224,12.031187022900763,4.224744274809161,0
8747,6.372109838867186,-5.265130541992187,4.169694921874999,-3.937213740458015,90.55027099236642,-6.95082824427481,0
8772,9.036856286621092,-5.825373730468749,2.9845651000976563,1.5360687022900765,50.443400763358774,-25.202736641221374,0
8798,7.571604870605468,-6.706439941406249,3.9877355957031253,27.261259541984735,-55.9764465648855,-37.26380534351145,0
8823,4.471113720703125,-7.968184216308592,6.860777587890625,27.887213740458016,18.214393129770993,-39.0653320610687,0
8848,1.5477934936523434,-4.724040966796874,7.315675903320312,-5.433396946564886,143.48920229007635,-9.859225190839695,0
8873,-0.7195154785156253,4.6109513061523435,7.571855480957031,-47.87614503816794,166.68004198473284,14.8965,0
8898,-1.6628309326171877,13.605966943359373,7.875919091796875,-54.64713740458015,113.25256106870229,11.781996183206106,0
8923,-0.7985241333007815,19.74410144958496,9.85113546142578,-6.769274809160306,26.519736641221375,-11.874492366412214,0
8948,-0.6692372436523442,16.9482724609375,10.449685876464843,49.1925572519084,1.6113396946564886,-51.65311832061068,0
8973,5.8645390869140614,6.250979443359375,9.228643029785156,64.60477099236641,121.15332442748092,-106.94319465648854,0
8998,8.742369482421875,2.796146447753906,6.750644311523437,89.14675572519083,71.9701183206107,-134.98136259541985,0
9023,4.808696154785156,4.800093237304687,7.629316320800781,56.940648854961836,-98.80087404580152,-95.43174427480916,0
9048,-0.6620546386718753,2.815300061035156,10.258149743652343,4.116221374045802,-162.04514885496184,-7.164568702290076,0
9073,2.603636425781249,2.1066163696289064,8.103368249511718,-64.89141221374047,17.634240458015267,40.58352290076336,0
9098,5.160643798828124,2.3292771240234376,6.314899609374999,-61.2043893129771,-22.319958015267176,49.62932442748092,0
9123,2.9196710449218743,1.838465783691406,7.119351367187499,-43.68530534351145,-42.686370229007636,46.18657633587787,0
9148,2.8382681884765617,1.7833991455078124,6.800922546386718,-33.45629770992366,15.305996183206107,39.17894274809161,0
9173,4.557304980468749,1.5559499877929686,6.046749023437499,-14.830343511450382,16.7029427480916,21.88123282442748,0
9199,4.74165850830078,1.4146920898437498,6.360389440917968,11.925381679389313,-19.26652290076336,3.0491717557251907,0
9224,4.803907751464843,1.6660832641601562,6.875142797851562,30.406297709923667,-33.373393129770996,-14.561515267175572,0
9249,4.890099011230468,2.1880192260742186,6.846412377929687,40.627671755725196,-47.90774427480916,-24.966095419847328,0
9274,4.6051890136718745,2.216749645996094,6.729096496582031,41.81851145038168,-60.060416030534356,-28.706553435114504,0
9299,4.928406237792968,2.245480065917969,7.0930151489257804,46.27652671755725,-75.51843129770992,-23.584416030534353,0
9324,5.105577160644531,3.63651123046875,6.805710949707031,46.8719465648855,-78.96881297709923,-17.4241106870229,0
9349,5.718492785644531,5.1496466796875,5.723531799316405,38.902480916030534,-80.07568320610686,-10.645484732824428,0
9374,4.892493212890624,4.1057747558593745,6.001259191894531,38.06278625954199,-91.90774427480916,6.346881679389313,0
9399,4.969107666015624,3.5431373657226564,6.41066767578125,49.22309160305343,-73.75507251908397,23.38504961832061,0
9424,5.933970935058594,5.3028755859375,5.412285583496093,46.98645038167939,-27.26652290076336,27.86596564885496,0
9449,6.75278790283203,5.554266760253906,4.5910744140625,46.61240458015267,-25.716904580152672,26.827797709923665,0
9474,6.187756311035156,4.09619794921875,4.5527671875,58.23835877862596,-64.53369847328244,28.102606870229007,0
9499,5.74482900390625,3.385120056152344,4.7634569335937496,60.955916030534354,-68.87720992366411,28.301080152671755,0
9524,6.060863623046875,3.6436938354492185,4.330106433105469,28.20782442748092,-1.396293893129771,28.74382824427481,0
9549,7.320213696289062,3.4976475341796873,4.121810888671875,2.9406488549618324,-1.4726297709923664,34.04153816793893,0
9574,6.570828576660156,3.06190283203125,4.140964501953125,4.29942748091603,-47.5795,44.24001145038168,0
9599,5.577234887695313,2.901491320800781,4.150541308593749,1.322328244274809,-19.006980916030535,50.16367557251909,0
9625,6.431964880371093,2.5782740966796873,3.9661877807617185,-7.242557251908397,15.855614503816794,50.072072519083974,0
9650,6.853344372558593,3.5168011474609373,4.231944165039062,-2.410496183206107,-9.518431297709924,47.636958015267176,0
9675,6.6139242065429675,2.0132425048828124,3.604663330078125,1.475,-31.655835877862597,39.568255725190845,0
9700,5.89805791015625,1.7474861206054686,3.3005997192382814,-0.776908396946565,-29.92301145038168,31.033904580152672,0
9725,6.072834631347656,1.4865181396484375,3.1353998046875,-7.135687022900764,-11.068049618320611,26.469019083969464,0
9750,5.917211523437499,1.0268314208984375,2.9271042602539064,-10.433396946564885,-11.755072519083969,23.102606870229007,0
9775,5.191768420410155,0.37082016601562495,3.221591064453125,-8.815076335877864,-22.35049236641221,22.8965,0
9800,5.002626489257812,-0.7951560424804688,3.3053881225585937,-18.29599236641221,12.367064885496184,18.20184351145038,0
9825,4.988261279296874,-0.35941134033203126,3.834506689453125,-31.441030534351142,38.35179770992366,16.148408396946564,0
9850,6.151843286132812,-0.8430400756835937,4.030831225585937,-33.85324427480916,21.59607251908397,7.407950381679389,0
9875,7.042486303710937,-1.2356891479492187,4.174483325195312,-28.00591603053435,-7.526064885496183,-7.4164770992366424,0
9900,6.953900842285155,-1.4368020874023437,4.440239709472656,-25.731106870229006,-15.152019083969464,-18.676019083969464,0
9925,7.114312353515625,-2.3394161132812497,4.531219372558593,-28.67003816793893,12.130423664122137,-30.11876717557252,0
9950,7.724833776855468,-2.8230448486328124,4.327712231445312,-19.4868320610687,8.44340076335878,-35.27143893129771,0
9975,8.244375537109374,-3.1271084594726557,4.452210717773437,-3.402862595419847,-22.213087786259543,-37.248538167938925,0
10001,8.067204614257811,-3.5963719848632807,4.164906518554687,0.742175572519084,-25.23598854961832,-36.04243129770992,0
10026,8.03607999267578,-3.426383666992187,3.8225356811523437,-2.1280534351145035,-12.266522900763357,-27.401209923664123,0
10051,8.512526123046875,-3.3354040039062496,3.8249298828125,1.2230916030534351,-12.59476717557252,-12.958461832061069,0
10076,8.043262597656248,-2.578836279296875,3.7531038330078124,5.757442748091603,-17.08331679389313,3.2629122137404583,0
10101,8.306624780273438,-1.563694775390625,3.975764587402344,2.520801526717557,5.481568702290076,14.812530534351145,0
10126,8.340143603515624,-1.065700830078125,3.796199462890625,-1.6471374045801528,21.664774809160306,19.499553435114503,0
10151,8.014532177734374,-0.37377655029296875,3.7243734130859374,-3.4333969465648853,33.23729389312977,21.873599236641223,0
10176,7.9259467163085935,-0.012252099609375011,3.5041068603515626,-0.7463740458015268,30.809812977099238,22.346881679389313,0
10201,6.666596643066405,0.12900579833984374,3.6764893798828124,5.772709923664122,8.764011450381679,25.92703435114504,0
10226,6.364927233886719,-0.2660374755859375,3.7602864379882814,8.16202290076336,2.1991259541984736,25.01863740458015,0
10251,6.357744628906249,-1.03697041015625,3.5041068603515626,-0.9219465648854962,24.405232824427483,16.980469465648856,0
10276,7.796659826660156,-1.0106341918945312,3.535231481933594,-6.883778625954199,29.183858778625954,6.843064885496183,0
10301,8.34253780517578,-2.066477124023437,2.934286865234375,0.6963740458015267,-23.10621755725191,-1.538614503816794,0
10326,7.279512268066406,-3.445537280273437,3.137794006347656,12.581870229007633,-79.32759160305343,-4.889759541984733,0
10351,6.798277734375,-2.6530565307617184,3.7171908081054688,-7.837977099236642,19.466301526717558,-8.477545801526718,0
10377,9.91313409423828,-1.9635264526367189,2.5464261962890626,-15.105152671755725,70.68004198473282,-12.401209923664123,0
10402,9.506119812011718,-2.054506115722656,2.635011657714844,20.67347328244275,-33.9001106870229,-11.324874045801527,0
10427,6.872497985839844,-3.1702040893554684,1.564803515625,39.03225190839695,-114.66346946564884,-10.363041984732824,0
10452,2.5365987792968747,-3.675380639648437,1.8568961181640624,-17.441030534351142,47.748744274809155,-9.11113358778626,0
10477,4.123954479980468,-1.602002001953125,2.8887970336914064,-52.563167938931294,179.55027099236642,-2.7141870229007634,0
10502,5.397669763183592,1.4506051147460937,4.3325006347656245,-9.128053435114504,89.08462213740458,3.911767175572519,0
10527,3.4990678466796865,6.447303979492188,5.225537854003906,44.59713740458015,-42.30469083969466,3.0568053435114506,0
10552,1.5453992919921875,12.538153002929686,6.575867590332031,58.69637404580153,-74.41919465648854,-4.76762213740458,0
10577,2.175074328613281,13.488651062011717,6.6213574218749995,53.66583969465649,-68.61766793893129,-22.28670610687023,0
10602,1.8781933227539058,14.340986853027342,6.681212463378905,34.66583969465649,-47.686370229007636,-28.836324427480918,0
10627,4.222116748046874,5.2262611328125,6.695577673339843,-0.69293893129771,112.36706488549619,-51.68365267175572,0
10652,16.944904370117186,-5.274707348632812,1.5145252807617187,-13.525,217.52737022900763,-117.24090458015267,0
10677,10.013690563964843,5.353153820800781,2.7140203125,27.238358778625955,-38.190187022900766,-137.84395801526716,0
10702,2.5054741577148434,6.8064342285156245,8.546295556640624,38.59713740458015,-218.373393129771,-50.56151526717557,0
10727,3.053746337890624,2.8560014892578125,6.52558935546875,-32.731106870229006,10.11515648854962,23.965202290076334,0
10752,7.427952770996092,3.119363671875,3.5902981201171875,-48.70820610687023,37.741110687022896,46.08733969465649,0
10777,7.5141440307617176,2.2789988891601562,3.6980371948242188,-25.63187022900763,-44.67110305343512,36.94993511450382,0
10803,6.242822949218749,3.0283840087890623,3.516077868652344,-15.55553435114504,-38.373393129770996,17.843064885496183,0
10828,5.886086901855468,3.0690854370117187,3.3676373657226564,-9.257824427480916,-11.113851145038167,1.7896297709923665,0
10853,6.664202441406249,3.772980725097656,3.7794400512695314,8.009351145038169,-10.526064885496183,-11.698919847328245,0
10878,8.064810412597655,4.28773408203125,4.155329711914062,33.53606870229008,-37.78560687022901,-23.48517938931298,0
10903,6.554069165039063,5.09218583984375,4.148147106933593,39.69637404580153,-46.48026335877863,-18.721820610687022,0
10928,5.574840686035155,4.201542822265625,4.8400713867187495,20.36812977099237,-6.877209923664122,4.461385496183206,0
10953,6.434359082031249,3.7945285400390625,5.1968074340820305,13.46736641221374,39.07698854961832,28.01100381679389,0
10978,7.550057055664062,5.484834912109375,4.416297692871093,17.039885496183206,27.64950763358779,39.84306488549618,0
11003,6.798277734375,4.706719372558593,3.9374573608398435,24.78797709923664,-34.35812595419848,44.8965,0
11028,5.708915979003906,3.313294006347656,3.7602864379882814,17.33759541984733,-18.05278244274809,50.48428625954199,0
11053,6.903622607421874,3.2103433349609376,3.961399377441406,7.0475190839694655,24.000652671755727,47.30871374045802,0
11078,7.760746801757812,2.925433337402344,3.3221475341796873,8.505534351145037,3.1456908396946566,41.201843511450384,0
11103,6.894045800781249,2.1928076293945313,2.9031622436523437,8.070419847328244,-26.297057251908395,34.3697824427481,0
11128,6.293101184082031,1.8743788085937498,2.800211572265625,-5.998282442748092,-12.686370229007633,26.5758893129771,0
11153,6.384080847167968,1.4146920898437498,3.094698376464844,-17.120419847328243,5.389965648854962,17.491919847328244,0
11179,6.027344799804687,0.03563193359375,2.4458697265625,-16.815076335877862,-11.281790076335877,12.2171106870229,0
11204,5.704127575683594,0.23913907470703122,2.4410813232421877,-23.47919847328244,-8.495530534351145,14.156041984732823,0
11229,6.04410421142578,0.6102403320312499,2.3357364501953124,-30.273091603053434,7.153324427480916,17.491919847328244,0
11254,5.955518749999999,1.2063965454101562,2.615858044433594,-28.67003816793893,13.618973282442749,19.24764503816794,0
11279,6.252399755859375,0.49053024902343745,2.3668610717773437,-24.1662213740458,18.61133969465649,17.01863740458015,0
11304,6.621106811523437,0.2965999145507812,2.378832080078125,-18.036450381679387,22.328896946564885,7.461385496183206,0
11329,6.611530004882812,0.4617998291015625,3.0827273681640626,-5.357061068702291,9.321263358778626,-2.9737290076335876,0
11354,6.5301271484375,0.19364924316406248,3.4442518188476563,5.2765267175572514,4.328896946564885,-10.370675572519085,0
11379,7.104735546874999,-0.12956798095703123,3.2551098876953124,6.070419847328244,0.9395839694656489,-17.393576335877864,0
11404,6.625895214843749,-0.06013613281249999,3.0923041748046876,1.5971374045801525,-26.41156106870229,-21.004263358778626,0
11429,6.520550341796874,-0.24209545898437498,2.9606230834960936,-8.837977099236642,-31.70163740458015,-25.889759541984734,0
11454,7.162196386718748,-0.7664256225585937,2.8792202270507814,-17.63187022900763,-13.869576335877863,-33.240904580152666,0
11479,7.791871423339843,0.02844932861328124,3.3532721557617187,-13.349427480916031,-26.144385496183205,-38.53861450381679,0
11504,7.504567224121092,-0.3929301635742187,3.4370692138671877,-3.441030534351145,-51.54896564885497,-39.45464503816794,0
11529,7.332184704589843,-1.1638630981445313,3.2072258544921874,-0.028816793893129744,-36.9001106870229,-36.622583969465644,0
11555,7.990590161132812,-1.0704892333984375,3.2718692993164065,0.7116412213740457,-7.648202290076336,-34.79052290076336,0
11580,8.385633435058594,-0.4671504150390625,3.3772141723632814,2.253625954198473,-2.5031641221374046,-29.905026717557252,0
11605,8.067204614257811,-0.8885299072265624,3.221591064453125,6.444465648854962,-9.88484351145038,-21.40884351145038,0
11630,7.672161340332031,-1.0585182250976561,3.214408459472656,6.9330152671755725,2.1456908396946566,-12.095866412213741,0
11655,8.2156451171875,-0.41926638183593745,3.4681938354492186,1.8414122137404578,25.29836259541985,-5.43937786259542,0
11680,8.371268225097655,-0.65389814453125,3.34608955078125,-1.0440839694656487,24.489202290076335,0.24001145038167937,0
11705,7.952282934570312,-0.376170751953125,3.223985266113281,-0.4486641221374046,9.374698473282443,7.522454198473282,0
11730,8.002561169433594,0.03563193359375,3.3987619873046877,-4.792175572519084,15.138057251908398,12.804896946564885,0
11755,8.531679736328122,-0.24927806396484373,3.583115515136719,-9.85324427480916,29.06935496183206,13.140774809160305,0
11780,8.593928979492187,-0.586860498046875,3.49931845703125,-8.937213740458015,20.26782824427481,16.56825572519084,0
11805,8.028897387695313,-1.3194862060546875,3.171312829589844,-3.7845419847328245,-3.464996183206107,21.55298854961832,0
11830,6.855738574218749,-1.8294511596679686,3.4681938354492186,-4.906679389312978,12.4205,22.22474427480916,0
11855,7.013755883789062,-2.1167553588867185,3.540019885253906,-14.036450381679389,68.64950763358779,19.90413358778626,0
11880,8.151001672363279,-2.655450732421875,3.0444201416015626,-9.143320610687024,63.72584351145038,14.72856106870229,0
11905,6.527732946777342,-2.8469868652343746,3.5184720703125,8.46736641221374,22.38996564885496,8.171309160305343,0
11930,5.989037573242187,-3.6442560180664056,3.7890168579101564,-6.456297709923665,110.25256106870229,5.156041984732824,0
11956,9.230786621093749,-2.7320651855468747,4.028437023925781,-3.837977099236641,123.15332442748092,-5.43937786259542,0
11981,9.125441748046875,-1.5948193969726563,4.447422314453124,24.78797709923664,23.73347709923664,-24.61495038167939,0
12006,6.345773620605468,-2.3633581298828124,4.536007775878906,40.024618320610685,-11.541332061068701,-48.309606870229004,0
12031,4.243664562988281,-2.6267203125,4.3133470214843745,25.63530534351145,80.86324809160305,-58.08823282442748,0
12056,5.680185559082031,-0.9268371337890624,4.3157412231445305,29.97881679389313,70.27546183206107,-57.37830916030534,0
12081,4.013821203613281,1.9078976318359373,4.401932482910156,40.16965648854962,-29.029881679389312,-51.57678244274809,0
12106,0.693063500976562,7.093738427734375,3.980552990722656,12.162022900763358,-66.48789694656489,-30.98136259541985,0
12131,-1.2366630371093752,15.059247351074218,4.287010803222656,-26.906679389312977,-37.02988167938932,-3.416477099236641,0
12156,0.8079851806640623,19.28501328125,4.665294665527343,-35.983015267175574,-13.762706106870228,3.484286259541985,0
12181,2.0098744140625,14.396053491210935,5.484111633300781,-15.479198473282443,11.847980916030535,-18.63021755725191,0
12206,6.3314084106445305,6.236614233398437,5.690012976074218,3.2459923664122137,108.58843893129772,-70.30197328244275,0
12231,12.874761547851563,0.9645821777343749,3.5711445068359375,37.31469465648855,104.12279007633589,-121.59968320610686,0
12256,6.350562023925781,5.4728639038085936,5.170471215820312,61.8337786259542,-88.01461450381679,-96.5920496183206,0
12281,1.988326599121093,4.6492585327148435,8.05787841796875,42.84904580152672,-111.44209541984732,-15.118767175572518,0
12306,2.924459448242187,4.330829711914062,6.362783642578124,-19.105152671755725,64.07698854961832,46.48428625954199,0
12332,5.072058337402343,4.527154248046875,5.484111633300781,-32.54026717557252,69.68004198473282,64.96520229007633,0
12357,5.771165222167968,3.5407431640625,5.218355249023437,-17.967748091603053,10.603706106870229,52.18657633587787,0
12382,4.770388928222656,3.9453632446289064,5.675647766113281,-4.219656488549619,-23.640568702290075,31.08733969465649,0
12407,5.158249597167968,4.093803747558593,5.900702722167968,-2.9448473282442746,-5.648202290076336,12.54535496183206,0
12432,6.094382446289061,4.261397863769531,5.278210290527343,2.1314885496183207,-17.342858778625953,-0.6760190839694656,0
12457,5.107971362304687,4.05789072265625,5.366795751953124,11.13912213740458,-54.5795,-5.77525572519084,0
12482,4.334644226074218,4.4984238281249995,5.867183898925781,13.032251908396946,-35.48026335877863,0.15604198473282438,0
12507,5.933970935058594,4.7976990356445315,5.27342188720703,12.551335877862595,9.351797709923664,5.522454198473282,0
12532,6.4822431152343745,5.410614660644531,4.873590209960937,23.413931297709926,-13.92301145038168,13.308713740458014,0
12557,4.808696154785156,4.991629370117187,4.605439624023437,15.413931297709924,-30.510797709923665,35.14840839694657,0
12582,4.8493975830078115,3.8807197998046874,5.261450878906249,-3.7998091603053434,33.58843893129771,54.16367557251909,0
12607,6.922776220703125,4.570249877929688,6.018018603515625,5.787977099236641,38.305996183206105,58.644591603053435,0
12632,6.19733311767578,4.634893322753906,5.175259619140625,18.062786259541987,-21.816141221374046,54.48428625954199,0
12657,5.792713037109375,4.93895693359375,4.842465588378905,5.108587786259542,-41.14438549618321,44.90413358778626,0
12682,6.101565051269531,3.840018371582031,4.397144079589843,-14.983015267175572,-25.716904580152672,27.690393129770992,0
12707,6.63786622314453,3.701154675292969,4.729938110351562,-13.295992366412214,-44.58713358778626,11.980469465648854,0
12733,6.170996899414061,3.732279296875,4.3133470214843745,6.528435114503816,-103.5031641221374,7.217110687022901,0
12758,6.321831604003905,2.403497375488281,3.57593291015625,6.9330152671755725,-71.28179007633588,3.7056603053435113,0
12783,6.625895214843749,1.730726708984375,2.8241535888671874,4.016984732824428,-13.587133587786258,1.6903931297709924,0
12808,6.853344372558593,1.749880322265625,2.56079140625,8.078053435114503,2.6189732824427483,7.942301526717557,0
12833,6.8772863891601554,2.1760482177734377,2.702049304199219,6.749809160305343,2.138057251908397,20.06443893129771,0
12858,6.594770593261718,2.56390888671875,3.15455341796875,2.3604961832061067,3.7869122137404583,29.033904580152672,0
12883,7.080793530273437,2.0707033447265624,3.7483154296875,4.63530534351145,1.9853854961832063,29.35451526717557,0
12908,7.1598021850585924,1.7379093139648436,3.8105646728515623,7.726908396946564,-10.037515267175571,26.293446564885496,0
12933,6.75278790283203,0.9837357910156249,3.6238169433593748,-4.341793893129771,-8.41919465648855,21.026270992366413,0
12958,6.745605297851562,0.4522230224609375,3.068362158203125,-21.456297709923664,-5.846675572519084,15.751461832061068,0
12983,6.465483703613281,0.08112176513671873,2.8361245971679687,-30.906679389312977,-24.07568320610687,11.583522900763358,0
13008,5.965095556640624,0.1266115966796875,2.819365185546875,-39.51736641221374,-27.816141221374046,6.919400763358778,0
13033,5.519774047851562,-0.06971293945312501,3.00132451171875,-47.25019083969465,-4.029881679389312,2.6903931297709924,0
13058,6.587587988281249,-0.9340197387695313,2.663742077636719,-44.34942748091603,16.099889312977098,-1.4393778625954199,0
13083,7.102341345214843,-0.8262806640625,2.8361245971679687,-28.4486641221374,-15.190187022900762,-5.309606870229008,0
13108,6.992208068847655,-0.7257241943359375,3.489741650390625,-18.83797709923664,-26.274156488549618,-9.034797709923664,0
13134,6.843767565917967,-2.0233814941406245,3.669306774902344,-19.525,13.76401145038168,-10.27907251908397,0
13159,7.475836804199218,-1.9563438476562498,3.4945300537109376,-17.074618320610686,27.054087786259544,-3.2867061068702292,0
13184,7.674555541992187,-1.6379150268554687,3.7052197998046874,-10.311259541984732,0.13805725190839713,4.011003816793893,0
13209,7.4949904174804685,-1.6522802368164062,3.9015443359375,-6.983015267175573,-10.793240458015267,5.0186374045801525,0
13234,7.562028063964843,-2.066477124023437,3.597480725097656,-8.082251908396946,11.09225572519084,3.6369580152671754,0
13259,7.375280334472655,-2.2340712402343748,3.1593418212890625,-1.3723282442748093,-1.2894236641221375,7.3621488549618315,0
13284,7.018544287109374,-2.0281698974609372,3.4298866088867186,4.864312977099236,-9.411561068702289,10.820164122137404,0
13309,7.164590588378906,-1.9467670410156248,3.72916181640625,1.2994274809160307,27.27546183206107,9.904133587786259,0
13334,8.677726037597655,-2.157456787109375,3.4969242553710935,-0.34179389312977104,27.92431679389313,11.323980916030534,0
13359,8.028897387695313,-2.1263321655273435,3.9685819824218753,-6.578435114503817,-20.678736641221374,21.255278625954197,0
13384,6.90601680908203,-2.753613000488281,4.119416687011718,-35.02881679389313,0.008286259541984808,25.69802671755725,0
13409,8.493372509765624,-3.337798205566406,3.2646866943359374,-58.097519083969466,42.50446946564885,17.690393129770992,0
13434,8.481401501464841,-4.2835078613281246,2.716414514160156,-29.349427480916027,-20.449729007633586,11.499553435114503,0
13459,6.757576306152344,-5.257947937011719,2.436292919921875,10.28416030534351,-35.930645038167945,5.690393129770992,0
13484,6.4798489135742185,-5.641020202636718,2.6517710693359375,37.29942748091603,27.535003816793893,-10.927927480916031,0
13509,7.708074365234375,-4.850933654785155,2.46502333984375,52.627671755725196,53.626606870229004,-20.546248091603054,0
13534,7.715256970214843,-6.464625573730468,3.214408459472656,69.00935114503817,15.44340076335878,-21.721820610687022,0
13560,7.198109411621092,-2.413636364746093,5.484111633300781,67.17729007633588,-18.88484351145038,-13.905026717557252,0
13585,5.6179363159179685,2.477717626953125,5.780992639160155,35.05515267175573,-35.884843511450384,-17.210370229007633,0
13610,2.622790039062499,5.635669616699219,5.531995666503906,-13.36469465648855,-8.106217557251908,-28.92029389312977,0
13635,2.3139380249023436,10.050577478027343,4.761062731933594,-32.8837786259542,24.160958015267177,-44.72945419847328,0
13660,2.641943652343749,13.45513223876953,3.853660302734375,-13.112786259541986,-20.190187022900762,-54.57678244274809,0
13685,0.3866056884765623,16.031293225097656,2.4482639282226564,8.421564885496183,-81.96117938931297,-55.88975954198473,0
13710,-0.4824895141601564,12.17184014892578,4.808946765136718,-3.7692748091603057,28.80217938931298,-69.40884351145039,0
13735,10.4374642578125,1.4099036865234373,3.4969242553710935,-6.051717557251909,251.55027099236642,-115.05769847328244,0
13760,16.98740144958496,4.244638452148437,-0.9371372192382812,40.78797709923664,177.63424045801528,-152.57678244274808,0
13785,7.447106384277343,6.289286669921875,7.552701867675781,96.49026717557251,-248.71690458015266,-50.51571374045801,0
13810,1.423295007324218,4.2159080322265625,8.634881018066405,17.123854961832063,-37.67110305343512,56.90413358778626,0
13835,3.750459020996093,4.081832739257813,5.187230627441406,-47.75400763358778,126.76401145038169,110.78962977099236,0
13860,6.194938916015624,3.389908459472656,3.4562228271484376,-41.08988549618321,69.68767557251908,96.9346679389313,0
13885,4.657861450195312,2.887126110839844,3.4179156005859377,-4.166221374045802,-30.159652671755726,44.835431297709924,0
13910,3.544557678222656,3.0954216552734377,4.138570300292968,5.016984732824427,-36.77033969465649,-1.4775458015267176,0
13935,4.5860354003906245,2.911068127441406,5.110616174316406,5.9406488549618315,-24.297057251908395,-26.874492366412213,0
13961,6.465483703613281,3.397091064453125,5.728320202636718,6.681106870229007,-33.12911832061069,-31.050064885496184,0
13986,6.527732946777342,3.792134338378906,5.187230627441406,1.6658396946564884,-42.77033969465649,-24.218003816793892,0
14011,6.6881444580078115,4.065073327636719,4.576709204101562,-8.616603053435115,-29.54896564885496,-14.424110687022901,0
14036,7.032909497070311,4.244638452148437,4.677265673828124,-12.265458015267177,-7.945912213740458,-2.004263358778626,0
14061,6.544492358398437,5.843965161132813,4.275039794921875,-7.2883587786259545,-21.213087786259543,16.011003816793895,0
14086,5.280353881835937,5.2478089477539065,3.597480725097656,-4.7311068702290076,-29.472629770992366,35.331614503816795,0
14111,5.560475476074218,3.8041053466796875,3.6980371948242188,-5.227290076335878,10.031187022900763,45.011003816793895,0
14136,6.384080847167968,3.722702490234375,3.911121142578125,3.7192748091603054,26.222026717557252,41.6140572519084,0
14161,5.854962280273436,3.5814445922851563,3.69085458984375,8.696374045801527,15.054087786259542,34.31634732824428,0
14186,6.132689672851561,3.744250305175781,3.578327111816406,7.184923664122137,6.199125954198474,25.323980916030536,0
14211,7.4925962158203125,2.6812247680664063,4.41150928955078,13.016984732824428,-13.23598854961832,12.430851145038167,0
14236,6.7599705078125,2.0539439331054687,4.330106433105469,14.688740458015268,-26.686370229007633,4.751461832061069,0
14261,6.618712609863281,2.152106201171875,4.028437023925781,2.3452290076335878,-3.7245381679389316,4.72856106870229,0
14286,7.260358654785155,2.6955899780273436,3.92069794921875,-1.5631679389312976,-11.59476717557252,7.140774809160305,0
14311,7.528509240722655,2.401103173828125,3.8560545043945313,-3.1127862595419846,-29.090950381679388,9.949935114503816,0
14336,7.327396301269531,1.6924194824218748,3.451434423828125,-9.86087786259542,-32.49553053435115,14.05680534351145,0
14362,6.400840258789061,1.5080659545898436,3.065967956542969,-13.983015267175572,-36.86194274809161,19.255278625954197,0
14387,6.824613952636718,1.3644138549804687,3.26947509765625,-16.570801526717556,-23.358125954198474,17.659858778625953,0
14412,7.169378991699218,0.5767215087890625,3.4777706420898435,-3.410496183206107,-35.13675190839695,11.171309160305343,0
14437,6.755182104492186,0.1553420166015625,3.156947619628906,1.4826335877862595,-31.732171755725194,4.988103053435114,0
14462,6.290706982421875,-0.4072953735351562,2.8026057739257815,-1.952480916030534,-15.930645038167938,1.331614503816794,0
14487,6.2188809326171866,-0.42884318847656255,2.6038870361328126,-8.150954198473283,5.626606870229008,-0.2867061068702291,0
14512,7.0472747070312485,-0.06013613281249999,2.4219277099609378,-10.761641221374045,4.92431679389313,-2.8134236641221375,0
14537,6.664202441406249,0.3732143676757812,2.5440319946289063,-8.486832061068702,-21.655835877862597,-0.805790076335878,0
14562,5.7520116088867175,-0.029011511230468745,2.9103448486328127,-15.822709923664123,-0.9001106870229005,2.3697824427480914,0
14587,6.149449084472656,-0.6084083129882812,3.2886287109375,-17.64713740458015,33.748744274809155,4.04917175572519,0
14612,7.119100756835937,-0.23012445068359375,3.152159216308594,-11.70057251908397,31.993019083969465,-0.7981564885496183,0
14637,6.920382019042967,-0.13196218261718748,3.1018809814453125,-3.4639312977099235,1.0922557251908398,-7.134034351145038,0
14662,6.712086474609374,-0.5988315063476563,3.240744677734375,-1.8227099236641222,-5.808507633587785,-13.59968320610687,0
14687,7.064034118652343,-0.009857897949218764,3.2814461059570315,-6.845610687022901,14.222026717557252,-20.553881679389313,0
14712,7.928340917968749,0.040420336914062494,3.027660729980469,-10.990648854961833,24.710576335877864,-24.64548473282443,0
14737,8.426334863281248,-0.23251865234375,2.9678056884765627,-3.074618320610687,0.8021793893129772,-23.836324427480918,0
14762,7.746381591796875,-0.2373070556640625,3.0516027465820312,8.375763358778626,-21.38866030534351,-16.553881679389313,0
14788,7.7751120117187495,-0.8095212524414063,2.876826025390625,7.383396946564885,2.6495076335877865,-8.301973282442749,0
14813,7.880456884765624,-0.88374150390625,2.8816144287109373,2.81087786259542,27.199125954198475,2.316347328244275,0
14838,7.995378564453124,-1.6953758666992187,2.943863671875,9.192557251908397,12.954851145038168,12.537721374045802,0
14863,7.885245288085936,-1.161468896484375,3.164130224609375,13.444465648854962,0.8556145038167939,17.980469465648856,0
14888,8.428729064941404,-1.295544189453125,3.0923041748046876,2.8185114503816795,30.970118320610688,13.507187022900762,0
14913,8.979395446777342,-1.9084598144531248,2.9414694702148436,8.421564885496183,3.1914923664122137,10.713293893129771,0
14938,8.366479821777343,-2.655450732421875,2.9199216552734377,28.566603053435117,-72.19018702290076,12.865965648854962,0
14963,6.010585388183594,-4.704887353515624,2.8744318237304687,29.5131679389313,-59.67110305343512,14.232377862595419,0
14988,6.396051855468749,-4.925153906249999,3.147370812988281,14.520801526717557,28.878515267175572,15.682759541984732,0
15013,8.01692637939453,-3.672986437988281,3.094698376464844,26.383396946564886,12.970118320610688,5.927034351145037,0
15038,7.952282934570312,-2.7607956054687497,3.0420259399414062,14.97881679389313,42.565538167938925,-15.363041984732824,0
15063,8.043262597656248,-2.6195377075195307,3.8584487060546873,14.787977099236642,55.21439312977099,-21.202736641221374,0
15088,8.522102929687499,-1.6235498168945313,4.301376013183593,29.589503816793894,23.29836259541985,-17.317240458015267,0
15113,5.565263879394531,0.34208974609375,4.600651220703124,38.03988549618321,-12.968812977099237,-15.775255725190839,0
15138,3.2692244873046867,3.270198376464844,4.864013403320312,6.29942748091603,54.260194656488544,1.9041335877862595,0
15163,1.5813123168945307,9.016282360839842,5.105827770996093,-0.25782442748091605,11.351797709923664,36.47665267175573,0
15188,-0.07308103027343771,15.794267260742187,4.732332312011718,3.3452290076335878,-29.373393129770992,64.05680534351146,0
15214,-2.232650927734375,19.74410144958496,4.093080468749999,-8.914312977099238,-2.9764465648854963,56.94993511450382,0
15239,2.177468530273437,12.104802502441405,4.641352648925781,-45.50209923664122,160.48156870229008,-30.653118320610687,0
15264,11.902715673828123,1.7115730957031248,2.3429190551757815,-2.6166030534351146,159.95485114503816,-159.76762213740457,0
15289,16.98740144958496,1.0244372192382811,0.04927386474609374,42.61240458015267,43.51210305343511,-230.86685877862595,0
15314,8.107906042480469,6.480822802734375,8.005205981445311,66.87958015267175,-200.6711030534351,-119.32487404580152,0
15339,5.962701354980468,4.093803747558593,7.775362622070312,12.039885496183206,-38.95354580152672,27.469019083969464,0
15364,6.08241143798828,3.9645168579101564,4.64853525390625,-8.990648854961833,47.63424045801526,96.05680534351146,0
15389,6.099170849609375,3.339630224609375,3.95900517578125,-2.6318702290076335,19.176225190839695,90.69802671755725,0
15414,5.491043627929687,2.5136306518554687,3.9159095458984376,15.009351145038167,-1.2665229007633587,50.07970610687023,0
15439,4.655467248535156,3.0307782104492187,4.310952819824219,23.810877862595422,-12.777973282442748,9.652225190839694,0
15464,5.4311885864257805,3.212737536621094,4.691630883789062,22.620038167938933,-11.25125572519084,-12.492812977099238,0
15489,6.360138830566405,3.588627197265625,4.612622229003906,24.688740458015268,-28.174919847328244,-24.26380534351145,0
15514,5.835808666992187,4.455328198242188,4.703601892089843,23.32232824427481,-27.69400381679389,-27.179835877862597,0
15539,6.04410421142578,4.373925341796875,4.143358703613281,14.620038167938931,-1.777973282442748,-20.744721374045803,0
15564,6.422388073730468,5.075426428222656,5.237508862304687,8.230725190839694,34.83271374045801,-7.630217557251909,0
15589,6.6905386596679675,6.377872131347656,4.904714831542968,12.108587786259541,23.046454198473285,7.033904580152671,0
15614,5.7879246337890615,6.380266333007812,4.416297692871093,12.024618320610687,-26.678736641221374,24.766729007633586,0
15640,4.875733801269531,4.6301049194335935,4.071532653808593,-7.929580152671756,2.0769885496183207,37.41558396946565,0
15665,6.2619765625,4.807275842285156,4.540796179199218,-17.815076335877862,42.73347709923664,36.5377213740458,0
15690,6.8365849609375,5.290904577636718,3.8464776977539064,-10.379961832061069,11.702942748091603,32.018637404580154,0
15715,6.036921606445312,4.2709746704101565,3.262292492675781,-8.295992366412214,-40.26652290076336,29.36978244274809,0
15740,5.876510095214843,3.128940478515625,3.645364758300781,-17.34179389312977,-29.73980534351145,24.90413358778626,0
15765,6.384080847167968,2.6668595581054686,3.9398515625,-19.227290076335876,-4.426828244274809,18.339248091603054,0
15790,6.384080847167968,2.350824938964844,3.4298866088867186,-14.441030534351146,-2.0680496183206105,13.858332061068701,0
15815,6.56125177001953,2.401103173828125,3.4873474487304685,-6.70057251908397,-24.40392748091603,15.606423664122136,0
15840,5.921999926757812,1.7235441040039061,3.659729968261719,-3.5937022900763353,-39.060416030534356,21.01100381679389,0
15865,5.823837658691406,1.251886376953125,3.630999548339844,-10.18148854961832,-16.480263358778625,26.407950381679388,0
15890,6.702509667968749,1.49130654296875,3.8009878662109373,-13.921946564885497,8.08462213740458,25.117874045801525,0
15915,6.819825549316406,0.6509417602539062,3.654941564941406,-7.441030534351145,-2.9840801526717553,22.499553435114503,0
15940,6.391263452148437,0.49053024902343745,3.4753764404296876,-10.005916030534351,-13.083316793893129,20.42321755725191,0
15965,6.099170849609375,0.08591016845703124,3.547202490234375,-18.456297709923664,-21.014614503816794,14.018637404580153,0
15990,6.0871998413085935,-0.38574755859375,3.688460388183594,-26.723473282442747,-15.991713740458014,3.0491717557251907,0
16015,5.9363651367187495,-0.3522287353515625,3.6980371948242188,-38.83797709923664,-3.9535458015267175,-8.370675572519085,0
16040,6.252399755859375,-0.1750578125,3.374819970703125,-49.50209923664122,3.58843893129771,-15.843958015267177,0
16066,6.917987817382811,-0.29955629882812496,3.547202490234375,-45.1280534351145,-9.457362595419847,-23.64548473282443,0
16091,7.190926806640625,-0.8789531005859375,3.853660302734375,-34.99828244274809,-25.136751908396946,-27.584416030534353,0
16116,7.078399328613281,-0.3977185668945312,3.4777706420898435,-37.99064885496183,-18.945912213740456,-27.26380534351145,0
16141,7.5907584838867175,-1.0633066284179686,3.3532721557617187,-35.02118320610687,-29.41156106870229,-25.09586641221374,0
16166,7.459077392578124,-1.4152542724609374,3.1689186279296875,-24.273091603053434,-32.53369847328245,-21.889759541984734,0
16191,7.202897814941406,-1.5972135986328124,3.0516027465820312,-21.150954198473283,-0.2207213740458014,-19.668385496183205,0
16216,7.741593188476561,-1.1494978881835938,3.0611795532226562,-19.32652671755725,21.11515648854962,-13.706553435114504,0
16241,8.26592335205078,-0.7999444458007813,3.0635737548828126,-10.38759541984733,7.206759541984733,-8.355408396946565,0
16266,7.99777276611328,-0.8981067138671874,3.2359562744140624,-2.0822519083969464,-2.800874045801527,-5.462278625954199,0
16291,8.2156451171875,-0.3211041137695312,3.219196862792969,-4.349427480916031,19.45103435114504,-1.5920496183206105,0
16316,8.517314526367187,-0.15111579589843752,3.176101232910156,-5.433396946564886,23.061721374045803,7.789629770992366,0
16341,8.536468139648438,-0.38574755859375,3.056391149902344,0.6353053435114504,2.1456908396946566,16.980469465648856,0
16366,6.920382019042967,-1.6690396484374999,2.649376867675781,-3.738740458015267,19.000652671755727,25.827797709923665,0
16391,8.251558142089841,-1.2835731811523436,2.3716494750976564,-22.616603053435114,88.71820992366412,35.5377213740458,0
16417,9.067980908203126,-1.7217120849609375,2.232785778808594,13.200190839694656,-24.05278244274809,31.659858778625953,0
16442,5.419217578124999,-4.135067358398437,2.4769943481445313,22.711641221374048,-6.136751908396947,19.01100381679389,0
16467,6.039315808105468,-4.309844079589843,2.754721740722656,4.581870229007634,83.28309541984733,5.71329389312977,0
16492,7.794265624999999,-3.6131313964843748,3.0156897216796876,19.062786259541987,36.51973664122137,-12.45464503816794,0
16517,6.388869250488281,-3.347375012207031,3.6764893798828124,28.536068702290077,0.7945458015267176,-33.97372900763359,0
16542,7.957071337890624,-2.696152160644531,4.638958447265624,24.375763358778627,46.88614885496183,-44.40120992366412,0
16567,8.670543432617187,-1.257236962890625,5.266239282226562,31.215458015267178,38.115156488549616,-37.25617175572519,0
16592,7.815813439941405,-0.8669820922851562,5.1393465942382806,32.955916030534354,-10.526064885496183,-21.553881679389313,0
16617,5.115153967285155,-0.9579617553710937,5.972528771972656,24.444465648854962,-28.319958015267176,2.843064885496183,0
16642,1.6172253417968747,2.7506566162109376,5.943798352050781,-19.044083969465646,19.191492366412213,32.22474427480916,0
16667,-0.6812082519531253,8.479981188964842,4.904714831542968,-40.93721374045801,1.6495076335877863,48.247645038167946,0
16692,-2.639665209960938,15.53569348144531,6.1520938964843745,-5.754007633587786,-55.510797709923665,38.78962977099237,0
16717,-3.982812341308594,18.743923706054687,8.029147998046874,20.436832061068703,112.23729389312977,-25.370675572519083,0
16742,10.901939379882812,9.973963024902343,4.847253991699218,45.085687022900764,251.55027099236642,-143.0271641221374,0
16767,16.98740144958496,0.05717974853515624,3.2742635009765624,120.45209923664122,74.3059961832061,-215.56914885496184,0
16792,10.23395711669922,7.4863875,10.200688903808594,83.18492366412214,-248.71690458015266,-94.85159160305344,0
16817,1.9045295410156244,3.090633251953125,11.170340576171874,-37.83034351145038,-59.96117938931298,80.690393129771,0
16843,4.827849768066406,4.565461474609375,4.897532226562499,-89.23492366412215,92.7792786259542,143.14840839694656,0
16868,5.340208923339843,2.6141871215820314,2.0963162841796876,-34.08225190839695,-6.266522900763359,106.6140572519084,0
16893,2.627578442382812,3.0547202270507814,3.8680255126953123,11.505534351145037,-15.91537786259542,37.2171106870229,0
16918,3.099236169433593,3.1145752685546877,5.730714404296874,17.887213740458016,12.672408396946565,-6.8668587786259545,0
16943,5.419217578124999,2.1473177978515627,6.2454677612304685,12.062786259541985,0.16095801526717568,-24.75235496183206,0
16968,6.041710009765624,2.1497119995117187,6.204766333007812,0.32996183206106866,-26.06804961832061,-33.3859427480916,0
16993,6.470272106933593,2.6070045166015627,5.7785984374999995,-14.35706106870229,-26.08331679389313,-31.256171755725195,0
17018,6.326620007324219,3.1528824951171877,5.2518740722656245,-13.066984732824428,-38.60240076335878,-16.905026717557252,0
17043,6.034527404785156,3.351601232910156,4.607833825683593,-2.7311068702290076,-50.35812595419848,-5.714187022900764,0
17068,5.593994299316406,3.9693052612304687,3.5017126586914062,5.513167938931297,-33.7321717557252,0.32398091603053436,0
17093,5.574840686035155,3.8136821533203125,3.650153161621094,22.528435114503818,-21.686370229007633,3.1026068702290077,0
17118,6.194938916015624,4.378713745117188,4.581497607421874,41.12385496183206,-2.4726297709923664,-0.08823282442748093,0
17143,6.427176477050781,6.071414318847656,4.3157412231445305,48.81087786259542,-15.54896564885496,6.102606870229007,0
17168,4.700957080078124,5.101762646484375,4.131387695312499,34.8719465648855,-5.831408396946564,23.094973282442748,0
17193,5.1869800170898435,4.452933996582031,4.557555590820312,18.772709923664124,41.04645419847328,37.820164122137406,0
17218,6.534915551757812,4.467299206542969,4.461787524414062,19.230725190839696,43.63424045801526,37.90413358778626,0
17244,6.288312780761719,5.034725,3.949428369140625,18.31469465648855,-5.41919465648855,34.20947709923664,0
17269,5.122336572265624,3.8711429931640624,4.37320206298828,4.879580152671755,-22.88484351145038,38.201843511450384,0
17294,5.620330517578124,3.1049984619140627,4.902320629882812,-14.051717557251909,16.473935114503817,44.91940076335878,0
17319,6.6833560546875,3.0355666137695314,5.2351146606445305,-7.563167938931299,-4.556599236641221,45.43848473282443,0
17344,6.187756311035156,2.4729292236328124,4.674871472167968,-1.3875954198473281,-38.72453816793893,41.881232824427485,0
17369,6.029739001464843,2.068309143066406,3.949428369140625,-15.349427480916031,-31.243622137404582,37.43085114503817,0
17394,6.003402783203124,1.599045617675781,3.556779296875,-34.31125954198473,-19.92301145038168,34.201843511450384,0
17419,5.912423120117187,0.7012199951171875,3.4370692138671877,-41.929580152671754,-12.052782442748091,33.18657633587787,0
17444,5.759194213867187,-0.20618243408203127,3.710008203125,-29.967748091603053,-13.74743893129771,35.49955343511451,0
17469,5.711310180664062,-0.1032317626953125,3.9087269409179686,-15.471564885496184,-4.213087786259543,39.24001145038168,0
17494,6.130295471191405,-0.1702694091796875,3.78662265625,-12.013549618320612,14.359431297709925,37.2934465648855,0
17519,6.362533032226561,-0.4456026000976563,3.659729968261719,-11.250190839694657,-0.05278244274809141,33.3697824427481,0
17544,6.0871998413085935,-1.07527763671875,3.4849532470703126,-10.70057251908397,-15.541332061068701,26.01100381679389,0
17569,6.1231128662109375,-1.372158642578125,3.9063327392578127,-12.69293893129771,-5.068049618320611,14.37741603053435,0
17595,5.766376818847655,-2.0233814941406245,3.9159095458984376,-12.433396946564885,1.1380572519083971,4.033904580152671,0
17620,6.058469421386717,-2.286743676757812,3.8943617309570313,-12.891412213740459,2.603706106870229,-4.057698473282443,0
17645,6.767153112792967,-1.9970452758789061,4.255886181640625,-13.563167938931299,8.786912213740457,-15.973729007633587,0
17670,7.140648571777343,-2.056900317382812,4.504883154296874,-9.555534351145038,7.4205000000000005,-28.836324427480918,0
17695,7.4399237792968735,-1.812691748046875,4.253491979980469,-8.280725190839695,5.6571412213740455,-35.72182061068702,0
17720,7.830178649902343,-1.4535614990234373,4.002100805664062,-5.639503816793893,-11.411561068702289,-36.72945419847328,0
17745,7.916369909667968,-1.22850654296875,4.196031140136718,-5.822709923664123,-12.045148854961832,-32.622583969465644,0
17770,7.717651171874999,-1.4008890625,4.021254418945312,-4.150954198473283,-6.648202290076336,-21.172202290076335,0
17795,7.772717810058594,-1.7001642700195312,3.9326689575195313,-1.7005725190839693,2.718209923664122,-8.004263358778626,0
17820,7.741593188476561,-2.219706030273437,3.9039385375976563,2.9177480916030536,7.473935114503817,3.7667290076335878,0
17845,7.176561596679687,-2.102390148925781,3.9039385375976563,1.7192748091603054,20.160958015267177,15.430851145038167,0
17870,7.310636889648436,-2.5860188842773435,4.0332254272460935,2.0322519083969466,26.27546183206107,21.04153816793893,0
17895,7.475836804199218,-2.6722101440429684,4.339683239746093,5.154389312977099,21.870881679389313,21.537721374045802,0
17920,7.667372937011717,-3.213299719238281,4.310952819824219,4.016984732824428,28.11515648854962,12.827797709923663,0
17945,7.758352600097655,-3.148656274414062,4.160118115234375,-0.12805343511450384,30.748744274809162,5.37741603053435,0
17971,7.444712182617187,-3.778331311035156,3.949428369140625,6.039885496183206,0.1762251908396948,2.583522900763359,0
17996,6.44633009033203,-4.412794750976562,4.586286010742187,15.482633587786259,-16.167286259541985,0.07970610687022894,0
18021,6.1446606811523425,-4.628272900390624,4.655717858886718,-1.0822519083969464,53.71057633587786,-5.027164122137405,0
18046,6.86770958251953,-4.71446416015625,4.210396350097656,-0.7616412213740459,49.16859160305343,-5.927927480916031,0
18071,6.4535126953125,-9.045574963378906,3.573538708496094,17.765076335877865,-0.08331679389312963,-8.45464503816794,0
18096,4.758417919921874,-8.214786987304688,3.834506689453125,31.192557251908397,-4.671103053435115,-16.233270992366414,0
18121,3.6690561645507804,-3.854945764160156,4.7083902954101555,21.375763358778627,22.527370229007634,-23.75998854961832,0
18146,3.511038854980468,-0.42884318847656255,4.612622229003906,4.704007633587786,28.93195038167939,-42.614950381679385,0
18171,1.6579267700195306,4.4984238281249995,4.255886181640625,-3.02881679389313,-6.9153778625954185,-61.53861450381679,0
18196,0.8917822387695309,12.071283679199217,4.150541308593749,-15.212022900763358,-34.556599236641226,-67.63021755725191,0
18221,-0.5136141357421877,19.69921016845703,4.612622229003906,11.711641221374045,-100.44209541984732,-55.859225190839695,0
18246,-1.3276427001953128,19.74410144958496,9.214277819824218,12.574236641221374,46.09225572519084,-72.36304198473282,0
18271,16.339171350097654,4.771362817382812,7.045131115722656,37.024618320610685,251.55027099236642,-167.92792748091603,0
18296,16.98740144958496,3.8615661865234374,0.3557316772460938,111.23835877862595,101.41286641221375,-206.56914885496184,0
18321,2.646732055664062,8.566172448730468,12.017887963867187,81.82614503816794,-248.71690458015266,-17.843958015267177,0
18347,1.351468957519531,4.519971643066406,8.948521435546875,-40.8456106870229,58.443400763358774,117.82016412213741,0
18372,5.172614807128905,3.29174619140625,3.7985936645507814,-71.40286259541985,67.43576717557252,134.26291221374046,0
18397,3.678632971191406,2.379555358886719,4.660506262207031,-34.27309160305343,-53.510797709923665,80.9346679389313,0
18422,0.7624953491210933,2.432227795410156,5.237508862304687,-15.38759541984733,-38.503164122137406,16.308713740458014,0
18447,2.7137697021484373,3.128940478515625,4.808946765136718,-11.952480916030535,1.8785152671755725,-24.973729007633587,0
18472,4.727293298339843,2.5040538452148438,5.304546508789062,-2.2120229007633587,-18.88484351145038,-50.14930152671755,0
18497,5.902846313476561,2.891914514160156,5.124981384277343,3.658206106870229,-32.816141221374046,-60.88975954198473,0
18522,6.12071866455078,3.5622909790039063,4.947810461425781,-3.9906488549618317,-12.991713740458014,-60.118767175572515,0
18547,6.034527404785156,3.854383581542969,4.545584582519531,-0.776908396946565,-18.121484732824428,-52.53861450381679,0
18572,5.828626062011717,5.451316088867188,4.382778869628906,15.13912213740458,-46.5795,-41.92029389312977,0
18597,4.78714833984375,5.80086953125,4.638958447265624,23.36812977099237,-48.068049618320615,-26.56914885496183,0
18622,4.796725146484374,5.561449365234375,4.160118115234375,18.436832061068703,-7.793240458015267,-5.737087786259543,0
18647,5.491043627929687,5.712284069824219,4.61022802734375,18.887213740458016,8.42813358778626,10.499553435114503,0
18672,4.9212236328125,6.964451538085937,4.691630883789062,21.734541984732825,4.451034351145038,23.751461832061068,0
18697,4.279577587890625,5.36033642578125,4.169694921874999,16.94828244274809,6.481568702290076,39.9346679389313,0
18723,5.105577160644531,4.314070300292968,5.002877099609375,11.047519083969465,16.496835877862594,49.99573664122138,0
18748,5.603571105957031,4.879101892089843,5.2901812988281245,10.719274809160305,19.351797709923666,48.323980916030536,0
18773,5.965095556640624,5.254991552734375,4.172089123535156,6.81087786259542,1.9930190839694657,38.30871374045802,0
18798,6.671385046386718,3.8472009765625,3.7794400512695314,1.3986641221374045,-42.40392748091603,27.88886641221374,0
18823,5.953124548339843,3.119363671875,4.466575927734374,-3.639503816793893,-47.10621755725191,23.323980916030536,0
18848,6.640260424804686,2.355613342285156,4.2582803833007805,-10.990648854961833,1.8021793893129772,22.178942748091604,0
18873,6.822219750976562,3.1504882934570313,4.049984838867187,-0.975381679389313,-15.022248091603053,26.22474427480916,0
18898,6.908411010742186,2.403497375488281,4.205607946777343,8.345229007633588,-35.94591221374046,31.24001145038168,0
18923,7.018544287109374,2.5591204833984373,4.375596264648437,10.100954198473282,-32.327591603053435,33.056805343511456,0
18948,6.439147485351561,2.71713779296875,4.011677612304687,-3.074618320610687,-15.808507633587787,34.35451526717558,0
18973,6.793489331054686,1.8264947753906249,3.7650748413085937,-13.776908396946565,-29.07568320610687,32.62169083969466,0
18998,6.745605297851562,1.5248253662109374,4.674871472167968,-12.219656488549619,-46.77797328244275,24.92703435114504,0
19023,6.585193786621093,0.5048954589843749,4.540796179199218,-8.173854961832062,-35.83140839694657,15.804896946564885,0
19048,6.815037145996093,-0.16787520751953125,4.282222399902343,-6.158587786259543,-33.373393129770996,12.636958015267176,0
19073,6.324225805664061,-0.4025069702148437,3.8799965209960936,-16.112786259541984,-25.73217175572519,13.026270992366412,0
19098,6.065652026367187,-0.37856495361328124,3.279051904296875,-40.8074427480916,14.634240458015269,13.148408396946564,0
19124,7.573999072265624,-0.2971620971679687,2.8361245971679687,-52.70057251908397,20.130423664122137,5.621690839694656,0
19149,7.396828149414062,-0.8095212524414063,2.8361245971679687,-39.40286259541985,-30.816141221374043,-2.60731679389313,0
19174,6.44633009033203,-1.4200426757812499,3.200043249511719,-22.242557251908394,-45.61003435114504,-6.721820610687023,0
19199,6.460695300292968,-1.8390279663085938,3.161736022949219,-26.50209923664122,31.382332061068702,-10.676019083969466,0
19224,7.636248315429687,-1.5972135986328124,2.9199216552734377,-30.036450381679387,80.01591984732825,-8.821057251908398,0
19249,8.52689133300781,-0.8765588989257813,2.915133251953125,-17.899045801526714,51.27546183206107,-4.447011450381679,0
19274,9.307401074218749,-0.7496662109375,3.087515771484375,-0.4181297709923665,0.38233206106870243,-3.447011450381679,0
19299,8.244375537109374,-0.481515625,2.9606230834960936,5.528435114503816,-20.57186641221374,-0.920293893129771,0
19324,7.554845458984373,-1.0633066284179686,3.0132955200195313,4.5971374045801525,-10.518431297709924,8.552988549618322,0
19350,7.356126721191406,-1.0920370483398436,2.7834521606445315,6.864312977099236,-6.1138511450381685,18.957568702290075,0
19375,7.389645544433592,-0.8286748657226563,2.7786637573242188,6.284160305343511,-1.694003816793893,20.453751908396946,0
19400,7.310636889648436,-1.0010573852539062,3.46101123046875,6.566603053435114,10.199125954198474,16.606423664122136,0
19425,7.722439575195312,-1.6091846069335938,3.219196862792969,13.772709923664122,6.008286259541984,13.430851145038167,0
19450,7.336973107910155,-2.4710972045898436,2.7762695556640624,23.780343511450383,-32.18255343511451,9.133141221374045,0
19475,6.003402783203124,-2.9140245117187495,3.568750305175781,20.276526717557253,-15.04514885496183,2.446118320610687,0
19500,7.320213696289062,-3.1558388793945307,3.5208662719726562,11.933015267175572,30.023553435114504,-6.492812977099237,0
19525,8.550833349609373,-3.2468185424804683,3.3676373657226564,24.475,-15.617667938931298,-15.958461832061069,0
19550,6.898834204101562,-4.233229626464843,3.80577626953125,37.704007633587786,-62.27415648854962,-22.714187022900763,0
19575,5.103182958984374,-5.851709948730468,4.066744250488281,14.169656488549618,33.313629770992364,-19.27907251908397,0
19600,7.681738146972655,-6.150985156249999,3.6094517333984375,-4.112786259541985,90.86324809160305,-15.011896946564885,0
19625,7.765535205078124,-6.28506044921875,5.211172644042968,17.81851145038168,45.22202671755725,-20.744721374045803,0
19650,5.297113293457031,-6.2180228027343745,5.1585002075195305,45.81851145038168,-4.548965648854962,-24.492812977099238,0
19676,-0.07786943359375043,2.8368478759765625,5.285392895507812,49.642938931297714,-26.251255725190838,-15.958461832061069,0
19701,-3.0778041137695316,19.10544815673828,6.221525744628906,16.32232824427481,-0.3199580152671755,4.3545152671755725,0
19726,1.4137182006835936,19.74410144958496,4.181665930175781,-31.471564885496182,66.50446946564885,-16.836324427480918,0
19751,8.845320153808593,16.0288990234375,3.4418576171875,-23.51736641221374,37.08462213740458,-98.46991221374046,0
19776,14.392685400390626,4.2302732421875,1.9598467895507812,-8.441030534351146,80.16859160305344,-196.5920496183206,0
19801,14.92659237060547,4.055496520996093,-0.40083604736328127,1.0169847328244275,26.26019465648855,-221.22563740458014,0
19826,4.401681872558593,7.7808743041992185,6.724308093261718,36.97881679389313,-248.71690458015266,-69.80579007633588,0
19851,-0.17842590332031305,3.6580590454101563,7.306099096679687,-7.471564885496184,-63.388660305343514,74.10260687022901,0
19876,1.538216687011718,4.3475891235351565,3.030054931640625,-47.295992366412214,106.23729389312977,136.50718702290078,0
19901,4.648284643554687,4.084226940917969,1.9406931762695312,-29.196755725190837,59.76401145038167,127.19420992366412,0
19926,4.3992876708984365,2.5232074584960937,3.080333166503906,12.345229007633588,-18.61003435114504,72.62932442748092,0
19951,2.567723400878906,2.935010144042969,4.061955847167968,23.406297709923667,-14.464996183206106,14.003370229007633,0
19976,3.922841540527343,2.966134765625,4.751485925292968,23.84141221374046,10.75637786259542,-28.011896946564885,0
20001,4.9427714477539055,3.0834506469726564,4.53361357421875,20.398664122137404,14.359431297709925,-54.668385496183205,0
20026,7.071216723632811,2.6333407348632814,4.2965876098632805,15.925381679389313,19.680041984732824,-61.51571374045801,0
20051,7.296271679687499,3.8902966064453124,4.33489483642578,16.85667938931298,7.970118320610688,-60.52334732824427,0
20077,7.152619580078125,4.718690380859375,4.253491979980469,20.8337786259542,-24.518431297709924,-47.56151526717557,0
20102,6.654625634765623,5.032330798339844,3.8249298828125,9.253625954198473,-22.678736641221374,-25.63785114503817,0
20127,6.563645971679686,5.221472729492187,3.607057531738281,-0.8379770992366412,-1.9535458015267175,-5.385942748091604,0
20152,6.264370764160156,5.970857849121094,3.0228723266601563,-2.273091603053435,0.13042366412213746,5.881232824427481,0
20177,5.292324890136718,6.576590869140625,2.8624608154296873,-3.837977099236641,-7.411561068702289,16.522454198473284,0
20202,5.785530432128906,6.114509948730468,3.525654675292969,-5.234923664122138,11.977751908396947,22.77436259541985,0
20227,6.340985217285156,6.193518603515625,3.6094517333984375,1.64293893129771,10.28309541984733,24.835431297709924,0
20252,5.785530432128906,6.351535913085938,3.2575040893554688,1.2230916030534351,-9.274156488549618,28.461385496183205,0
20277,5.567658081054687,5.137675671386718,2.3931972900390623,-11.456297709923664,-5.365759541984733,32.690393129770996,0
20302,6.999390673828125,4.055496520996093,3.48016484375,-13.54026717557252,22.60370610687023,31.163675572519082,0
20327,7.681738146972655,4.282945678710937,4.698813488769531,10.238358778625955,15.962484732824429,30.07970610687023,0
20352,7.310636889648436,4.318858703613281,4.073926855468749,28.94828244274809,-17.190187022900762,33.24001145038168,0
20377,6.915593615722655,3.5239837524414064,3.3532721557617187,21.650572519083973,-23.2588893129771,33.759095419847334,0
20402,6.86770958251953,2.9278275390625,3.1210345947265625,-2.6853053435114504,7.229660305343511,35.59879007633588,0
20427,7.39203974609375,3.222314343261719,3.2958113159179687,-14.563167938931299,11.336530534351146,38.9346679389313,0
20452,7.69849755859375,2.73629140625,3.84408349609375,-10.410496183206106,-16.39629389312977,38.2934465648855,0
20478,6.393657653808593,2.132952587890625,3.8895733276367186,-1.1051526717557252,-35.12148473282443,42.27054580152672,0
20503,5.663426147460936,1.1704835205078123,3.8105646728515623,-7.593702290076337,-1.228354961832061,46.560622137404586,0
20528,6.089594042968749,1.1154168823242188,3.659729968261719,-20.120419847328243,26.977751908396947,47.255278625954205,0
20553,6.671385046386718,0.8448720947265624,3.374819970703125,-21.2043893129771,10.954851145038168,42.2934465648855,0
20578,6.360138830566405,-0.34983453369140627,3.2934171142578124,-13.983015267175572,-23.793240458015266,37.85833206106871,0
20603,5.378516149902343,-0.04577092285156251,3.6980371948242188,-16.303625954198473,-18.625301526717557,37.47665267175573,0
20628,5.82144345703125,-1.1566804931640624,4.164906518554687,-26.2043893129771,18.977751908396947,33.560622137404586,0
20653,6.573222778320312,-1.9970452758789061,4.100263073730468,-26.349427480916027,31.7411106870229,24.820164122137403,0
20678,6.767153112792967,-1.7576251098632811,4.040408032226562,-17.79980916030534,10.466301526717558,15.73619465648855,0
20703,7.50696142578125,-2.6434797241210934,4.248703576660156,-9.082251908396946,1.7945458015267177,4.262912213740458,0
20729,7.528509240722655,-2.976273754882812,4.473758532714843,-5.013549618320611,14.28309541984733,-1.8286908396946564,0
20754,7.600335290527343,-3.0792244262695307,4.2391267700195305,0.574236641221374,12.870881679389313,-3.9355610687022904,0
20779,7.394433947753906,-2.9475433349609372,4.263068786621093,4.13912213740458,-5.434461832061068,-1.2485381679389311,0
20804,6.901228405761718,-3.1462620727539057,4.236732568359375,3.4368320610687024,-0.6863702290076334,3.4079503816793895,0
20829,6.41520546875,-3.0792244262695307,4.4450281127929685,-0.6624045801526718,16.382332061068702,9.102606870229007,0
20854,6.27394757080078,-2.5381348510742185,4.665294665527343,-9.212022900763358,38.611339694656486,14.163675572519084,0
20879,7.39203974609375,-2.5955956909179685,4.665294665527343,-12.082251908396946,41.985385496183206,11.820164122137404,0
20904,6.961083447265625,-2.4830682128906245,4.203213745117187,-7.815076335877864,5.771645038167939,8.667492366412214,0
20929,5.986643371582031,-2.3106856933593747,4.600651220703124,-2.2654580152671753,-42.2207213740458,11.476652671755724,0
20954,5.957912951660156,-2.5309522460937495,4.873590209960937,-12.944847328244276,-12.487896946564884,9.927034351145037,0
20979,7.186138403320311,-2.6746043457031248,4.4067208862304685,-26.418129770992365,27.359431297709925,5.285812977099236,0
21004,7.260358654785155,-3.2563953491210933,4.172089123535156,-18.17385496183206,0.2907290076335878,-1.4088435114503817,0
21029,5.85975068359375,-4.056058703613281,4.069138452148437,0.16202290076335873,-27.213087786259543,-11.889759541984732,0
21054,5.256411865234375,-4.0392992919921875,4.217578955078125,-10.005916030534351,84.65714122137405,-33.05006488549618,0
21079,8.598717382812499,-2.2340712402343748,4.248703576660156,6.429198473282442,109.7792786259542,-46.301973282442745,0
21104,8.390421838378906,-1.5948193969726563,4.215184753417968,43.7956106870229,3.1456908396946566,-47.85159160305343,0
21130,5.85256807861328,-2.4351841796874996,4.3325006347656245,45.894847328244275,-44.41919465648855,-49.32487404580152,0
21155,3.1423317993164055,-0.8526168823242187,4.665294665527343,-3.8990458015267175,77.26782824427481,-45.08059923664122,0
21180,5.261200268554687,2.9637405639648438,4.777822143554687,-29.86087786259542,91.20675954198474,-34.431744274809155,0
21205,2.809537768554687,7.385831030273438,5.946192553710937,-22.31889312977099,-38.79324045801527,-27.378309160305342,0
21230,0.5063157714843745,12.188599560546873,6.405879272460937,-17.250190839694657,-72.97644656488549,-34.59968320610687,0
21255,0.6068722412109371,16.950666662597655,6.444186499023437,-3.2349236641221375,-56.13675190839695,-73.15693511450381,0
21280,4.02100380859375,10.85024083251953,6.276592382812499,-23.70057251908397,196.09225572519085,-145.56151526717557,0
21305,16.98740144958496,4.871919287109375,0.8010531860351562,39.711641221374045,188.1914923664122,-205.77525572519085,0
21330,13.063903479003905,9.945232604980468,3.573538708496094,97.2841603053435,-193.24362213740457,-164.37067557251908,0
21355,-0.7027560668945316,3.741856103515625,9.994787561035155,77.70400763358778,-238.13675190839695,-6.332507633587786,0
21380,-1.253422448730469,3.684395263671875,5.809723059082031,0.5666030534351145,125.65714122137405,102.67512595419848,0
21405,3.2716186889648435,3.859171984863281,4.440239709472656,-16.86851145038168,167.75637786259543,136.37741603053436,0
21430,4.633919433593749,3.5072243408203123,4.071532653808593,21.772709923664124,36.59607251908397,98.11024045801527,0
21455,2.4312539062499994,3.301322998046875,5.230326257324219,36.06278625954199,-12.816141221374044,32.5377213740458,0
21481,3.0824767578124996,3.0307782104492187,6.214343139648437,25.421564885496185,4.626606870229008,-17.882125954198475,0
21506,5.488649426269531,3.0499318237304687,5.6469173461914055,16.345229007633588,-6.617667938931298,-41.172202290076335,0
21531,5.59160009765625,3.8831140014648438,6.144911291503906,14.864312977099237,-49.47262977099237,-41.44701145038167,0
21556,5.610753710937499,4.041131311035156,6.161670703124999,9.925381679389313,-50.48026335877863,-28.77525572519084,0
21581,6.427176477050781,4.587009289550781,4.974146679687499,-0.3494274809160306,-31.503164122137402,-12.508080152671756,0
21606,6.618712609863281,5.336394409179688,4.524036767578124,0.14675572519083968,-48.98408015267176,0.6827595419847328,0
21631,5.658637744140624,6.408996752929688,4.64853525390625,7.719274809160305,-73.09095038167939,10.667492366412214,0
21656,5.007414892578124,5.894243395996094,4.452210717773437,7.8261450381679385,-43.258889312977104,21.804896946564885,0
21681,5.62990732421875,6.001982470703124,4.133781896972656,6.29179389312977,-8.518431297709924,29.995736641221374,0
21706,5.723281188964843,6.385054736328125,3.7890168579101564,6.360496183206107,-1.3886603053435111,33.36214885496184,0
21731,5.673002954101562,5.506382727050781,3.7435270263671874,14.024618320610687,-16.793240458015266,36.58352290076336,0
21756,6.293101184082031,4.026766101074219,4.555161389160156,28.597137404580153,-22.56423282442748,40.45375190839695,0
21781,6.032133203124999,4.792910632324219,4.603045422363281,27.48263358778626,8.550270992366412,45.45375190839695,0
21806,6.609135803222656,4.5175774414062495,4.030831225585937,14.28416030534351,27.832713740458015,48.30108015267176,0
21831,6.920382019042967,4.4792702148437495,3.607057531738281,6.4902671755725185,7.313629770992366,48.36214885496184,0
21856,7.243599243164062,3.7801633300781248,3.9087269409179686,7.215458015267175,-22.73980534351145,47.255278625954205,0
21882,6.338591015625,3.0068361938476564,3.9254863525390626,11.444465648854962,-32.08331679389313,47.247645038167946,0
21907,5.799895642089843,2.1066163696289064,3.8129588745117187,7.749809160305343,-11.274156488549618,48.072072519083974,0
21932,6.0129795898437495,1.81691796875,3.7531038330078124,-1.7769083969465647,8.153324427480916,45.377416030534356,0
21957,6.403234460449219,1.1800603271484373,3.796199462890625,-7.547900763358779,3.7105763358778625,42.247645038167946,0
21982,6.582799584960937,0.7826228515624999,3.63339375,-6.715839694656489,-24.358125954198474,39.27817938931298,0
22007,6.020162194824217,0.16731302490234373,3.741132824707031,-4.563167938931298,-42.060416030534356,33.43085114503817,0
22032,5.8621448852539055,-0.5844662963867188,3.9254863525390626,-12.486832061068702,-18.816141221374046,26.759095419847327,0
22057,5.763982617187499,-0.5126402465820312,3.8871791259765627,-29.525,19.94721755725191,23.781996183206108,0
22082,6.513367736816405,-0.8597994873046875,3.681277783203125,-36.76164122137404,15.458667938931299,21.446118320610687,0
22107,6.977842858886718,-1.1375268798828124,3.5065010620117185,-39.173854961832056,-3.022248091603053,13.850698473282442,0
22132,7.123889160156248,-0.8597994873046875,3.4418576171875,-44.8456106870229,-7.5794999999999995,6.438484732824427,0
22157,7.0616399169921875,-1.4008890625,3.3580605590820314,-41.15858778625954,-23.73980534351145,-0.6302175572519085,0
22182,7.030515295410155,-2.4902508178710936,3.3652431640625,-28.120419847328243,-29.976446564885496,-7.0958664122137405,0
22207,7.322607897949218,-3.0504940063476558,3.5065010620117185,-13.311259541984732,-23.41919465648855,-13.958461832061069,0
22232,7.49977882080078,-3.0504940063476558,3.7267676147460937,-4.120419847328245,-7.159652671755724,-17.29433969465649,0
22258,7.35373251953125,-3.512574926757812,3.5041068603515626,-4.891412213740458,26.26019465648855,-13.584416030534351,0
22283,7.854120666503905,-3.309067785644531,3.702825598144531,1.7498091603053436,31.840347328244274,-3.301973282442748,0
22308,7.837361254882812,-2.6530565307617184,4.066744250488281,7.5971374045801525,17.527370229007634,6.9041335877862595,0
22333,8.014532177734374,-2.775160815429687,4.401932482910156,0.5818702290076335,35.57317175572519,12.125507633587786,0
22358,8.064810412597655,-3.2396359374999997,4.193636938476562,-10.410496183206106,68.09225572519084,10.927034351145037,0
22383,7.803842431640624,-3.215693920898437,3.6238169433593748,-16.097519083969463,55.51973664122137,8.293446564885496,0
22408,6.738422692871093,-3.081618627929687,3.3484837524414064,-18.01354961832061,33.01591984732824,2.2094770992366413,0
22433,5.680185559082031,-3.1654156860351557,3.4107329956054686,-22.525,43.59607251908397,-7.584416030534351,0
22458,5.649060937499999,-3.5484879516601557,3.190466442871094,-21.441030534351142,37.86324809160305,-15.29433969465649,0
22483,5.038539514160155,-3.423989465332031,3.3796083740234373,-8.471564885496184,-6.991713740458014,-22.019530534351144,0
22508,4.533362963867187,-4.175768786621093,4.287010803222656,-0.6547709923664123,13.664774809160306,-33.75998854961832,0
22533,6.743211096191405,-3.3401924072265623,5.223143652343749,9.375763358778626,66.06935496183206,-49.53098091603053,0
22558,8.239587133789062,-2.0784481323242185,5.110616174316406,29.383396946564886,17.023553435114504,-58.27143893129771,0
22583,7.320213696289062,-0.23970125732421874,6.051537426757812,29.383396946564886,-7.938278625954197,-70.67601908396946,0
22608,6.357744628906249,0.9382459594726562,6.379543054199218,2.711641221374046,84.50446946564885,-66.86685877862595,0
22634,5.517379846191406,1.2758283935546875,6.439398095703124,2.1009541984732825,81.214393129771,-37.744721374045795,0
22659,1.3730167724609372,6.9572689331054685,8.230260937499999,13.551335877862595,66.71820992366412,-4.927927480916031,0
22684,-0.5423445556640627,14.127902905273436,8.251808752441406,26.467366412213742,77.25256106870229,12.24001145038168,0
22709,0.5302577880859372,16.215646752929686,6.142517089843749,26.7956106870229,85.214393129771,0.6522251908396947,0
22734,4.365768847656249,11.376965197753904,6.7171254882812494,23.742175572519084,100.4968358778626,-44.6302175572519,0
22759,7.7008917602539055,4.247032653808594,4.935839453124999,28.757442748091606,76.16859160305344,-99.7065534351145,0
22784,8.601111584472655,4.601374499511719,4.366019458007812,5.841412213740457,-8.24362213740458,-124.36304198473282,0
22809,3.206975244140624,6.404208349609375,6.662058850097655,6.505534351145037,-222.51843129770992,-69.53861450381679,0
22834,0.037052246093749464,3.5407431640625,6.839229772949218,-21.914312977099236,-168.8619427480916,3.178942748091603,0
22859,1.3466805541992182,3.7801633300781248,4.679659875488281,-64.54026717557252,-1.8848435114503816,37.98046946564886,0
22884,4.253241369628905,3.875931396484375,4.081109460449218,-56.616603053435114,5.367064885496183,40.48428625954199,0
22909,4.413652880859375,3.492859130859375,4.093080468749999,-21.074618320610686,-48.434461832061075,22.55298854961832,0
22934,4.609977416992187,3.5024359375,4.37320206298828,-2.1585877862595417,-49.510797709923665,1.9194007633587784,0
22960,5.373727746582031,3.772980725097656,4.852042395019531,11.29942748091603,-44.243622137404586,-17.248538167938932,0
22985,5.893269506835936,4.44096298828125,5.668465161132812,31.116221374045804,-62.816141221374046,-28.561515267175572,0
23010,6.046498413085938,5.372307434082031,6.0036533935546865,44.772709923664124,-66.25888931297709,-30.821057251908396,0
23035,5.926788330078124,6.447303979492188,5.950980957031249,40.45973282442748,-56.90774427480916,-17.11876717557252,0
23060,6.367321435546875,6.511947424316406,5.783386840820312,34.68110687022901,-51.0527824427481,3.2094770992366413,0
23085,6.168602697753905,6.480822802734375,5.527207263183593,34.80324427480916,-44.755072519083974,21.308713740458014,0
23110,5.069664135742187,6.2054896118164065,4.861619201660155,32.78797709923664,-26.85430916030534,41.339248091603054,0
23135,6.08241143798828,5.508776928710938,4.490517944335937,21.345229007633588,8.015919847328245,51.78962977099237,0
23160,7.109523950195311,5.748197094726562,4.301376013183593,15.49026717557252,17.695309160305342,52.835431297709924,0
23185,7.17416739501953,5.159223486328125,3.8321124877929686,20.436832061068703,-1.2894236641221375,56.15604198473283,0
23210,6.879680590820311,3.5431373657226564,3.8081704711914064,27.413931297709926,-15.41919465648855,59.99573664122138,0
23235,6.510973535156249,2.6979841796875,4.559949792480468,30.955916030534354,6.8708816793893135,64.60642366412213,0
23260,6.896440002441406,2.3197003173828126,4.44981651611328,33.1543893129771,27.863248091603054,65.96520229007633,0
23285,7.138254370117187,2.1281641845703123,4.071532653808593,36.33759541984733,3.138057251908397,60.08733969465649,0
23311,6.901228405761718,1.1249936889648438,4.167300720214843,27.803244274809163,-10.373393129770992,50.18657633587787,0
23336,6.810248742675781,0.2439274780273437,3.911121142578125,11.597137404580153,-1.625301526717557,42.064438931297715,0
23361,6.3768982421875,-0.16308680419921875,3.7746516479492187,1.826145038167939,-7.022248091603053,39.65985877862596,0
23386,5.8621448852539055,-1.11358486328125,3.530443078613281,-7.5173664122137405,0.7182099236641223,35.90413358778626,0
23411,6.058469421386717,-1.2787847778320311,3.4179156005859377,-10.212022900763358,-3.8314083969465647,31.491919847328244,0
23436,6.293101184082031,-1.0561240234375,3.540019885253906,-11.914312977099238,-0.44209541984732814,23.5758893129771,0
23461,6.314648999023437,-1.2859673828125,3.4873474487304685,-15.38759541984733,-7.24362213740458,15.369782442748091,0
23486,5.7137043823242175,-1.566088977050781,3.223985266113281,-19.83034351145038,-21.39629389312977,8.003370229007635,0
23511,5.823837658691406,-1.5205991455078125,3.7890168579101564,-32.418129770992365,5.832713740458015,0.0873396946564885,0
23536,6.671385046386718,-1.0920370483398436,3.9087269409179686,-41.26545801526717,32.97775190839695,-8.27143893129771,0
23561,6.927564624023437,-0.9914805786132812,3.659729968261719,-38.26545801526717,15.641874045801528,-11.43174427480916,0
23586,6.671385046386718,-1.30512099609375,3.7171908081054688,-28.02118320610687,-23.526064885496183,-11.034797709923664,0
23611,6.886863195800781,-1.2979383911132811,3.8967559326171877,-24.807442748091603,-21.014614503816794,-16.553881679389313,0
23636,6.985025463867188,-1.4415904907226562,3.592692321777344,-31.441030534351142,11.557904580152671,-25.538614503816795,0
23661,7.408799157714843,-1.7288946899414062,3.5232604736328126,-31.983015267175574,20.58843893129771,-28.698919847328245,0
23686,8.031291589355469,-1.4080716674804687,3.604663330078125,-23.784541984732822,-11.327591603053435,-26.7828893129771,0
23712,7.380068737792969,-1.1734399047851563,4.2199731567382806,-4.792175572519084,-70.41156106870228,-17.324874045801526,0
23737,6.357744628906249,-1.4056774658203124,4.236732568359375,-5.143320610687023,-32.54133206106871,-3.5920496183206105,0
23762,6.850950170898437,-1.5014455322265625,4.222367358398437,-14.2043893129771,39.72584351145038,8.430851145038169,0
23787,7.949888732910156,-1.5397527587890625,3.8464776977539064,-14.257824427480916,59.73347709923664,16.820164122137406,0
23812,7.578787475585936,-1.6834048583984373,3.5328372802734376,-8.112786259541986,36.46630152671755,21.38504961832061,0
23837,6.680961853027344,-3.0648592163085935,3.3125707275390623,-6.234923664122138,29.206759541984734,20.156041984732823,0
23862,6.156631689453124,-3.859734167480468,3.336512744140625,-9.02881679389313,51.64187404580152,17.07970610687023,0
23887,5.850173876953124,-4.537293237304687,3.4370692138671877,-1.0822519083969464,45.6647748091603,13.530087786259541,0
23912,5.256411865234375,-4.48462080078125,3.8009878662109373,10.688740458015268,25.687675572519083,11.178942748091602,0
23937,6.594770593261718,-4.204499206542969,4.897532226562499,7.322328244274809,70.73347709923665,-0.20273664122137414,0
23962,8.826166540527343,-3.512574926757812,5.3835551635742185,11.933015267175572,76.12279007633589,-15.393576335877864,0
23987,8.565198559570312,-3.1127432495117184,5.397920373535156,31.238358778625955,-7.869576335877863,-21.553881679389313,0
24012,6.352956225585937,-4.238018029785156,4.600651220703124,35.10858778625954,-58.64056870229008,-30.477545801526716,0
24037,4.7368701049804685,-3.933954418945312,4.909503234863281,-4.471564885496184,58.95485114503816,-36.752354961832054,0
24062,7.145436975097655,-0.3809591552734375,6.164064904785156,-14.502099236641222,80.19149236641222,-36.988996183206105,0
24088,6.202121520996093,2.879943505859375,5.953375158691405,3.116221374045802,-36.61003435114504,-40.424110687022896,0
24113,2.6395494506835933,7.555819348144531,6.357995239257812,9.826145038167938,-126.0298816793893,-42.935561068702285,0
24138,0.9755792968749994,12.447173339843749,6.118575073242187,-10.150954198473283,-78.90774427480916,-42.3859427480916,0
24163,-1.1504717773437503,15.437531213378904,5.5726970947265615,-24.456297709923664,-38.09858396946565,-33.126400763358774,0
24188,-2.5989637817382816,16.529287170410154,7.760997412109374,-52.1662213740458,124.18385877862596,-35.52334732824427,0
24213,6.209304125976561,3.895085009765625,6.5471371704101555,-25.761641221374045,251.55027099236642,-81.97372900763358,0
24238,16.98740144958496,1.733120910644531,1.5169194824218748,39.016984732824426,193.92431679389313,-133.72182061068702,0
24263,6.154237487792968,7.347523803710938,5.419468188476562,80.18492366412214,-151.2054541984733,-93.67601908396946,0
24288,1.7345412231445305,3.224708544921875,8.302086987304687,19.100954198473286,-40.12148473282443,-3.218003816793893,0
24313,4.356192041015625,3.75143291015625,5.448198608398437,-17.99064885496183,60.069354961832055,49.55298854961833,0
24338,4.672226660156249,3.2965345947265625,4.919080041503905,-22.29599236641221,44.496835877862594,62.09497328244275,0
24363,4.918829431152343,3.279775183105469,5.134558190917968,-3.456297709923664,9.07698854961832,49.44611832061069,0
24388,4.296336999511718,3.8807197998046874,5.8145114624023435,20.902480916030537,-14.25125572519084,33.60642366412214,0
24413,4.260423974609375,3.9980356811523436,5.946192553710937,29.047519083969465,-2.510797709923664,22.35451526717557,0
24438,4.674620861816406,4.036342907714843,6.168853308105468,33.10095419847328,-3.3886603053435116,18.58352290076336,0
24463,4.669832458496093,4.065073327636719,6.956545654296875,34.902480916030534,-17.22835496183206,18.04917175572519,0
24489,4.957136657714843,3.7945285400390625,7.701142370605468,28.29942748091603,0.9395839694656489,18.293446564885496,0
24514,5.455130603027343,5.108945251464844,7.550307666015624,20.910114503816796,11.92431679389313,23.636958015267176,0
24539,5.766376818847655,5.865512976074219,7.097803552246093,14.268893129770992,-11.854309160305343,27.835431297709924,0
24564,5.203739428710937,5.556660961914062,6.123363476562499,3.1009541984732825,-35.2970572519084,31.59115648854962,0
24589,5.0169916992187495,3.6508764404296876,5.816905664062499,-8.135687022900763,-32.67873664122138,37.11024045801527,0
24614,5.447947998046874,3.246256359863281,6.006047595214843,-2.7463740458015264,-29.9001106870229,39.04153816793893,0
24639,5.6394841308593735,3.5048301391601564,5.601427514648437,2.9330152671755725,-21.90774427480916,35.575889312977104,0
24664,5.893269506835936,2.669253759765625,5.278210290527343,6.192557251908396,-25.90774427480916,28.24764503816794,0
24689,6.1087476562499985,2.06591494140625,5.747473815917968,23.86431297709924,-46.190187022900766,25.446118320610687,0
24714,5.234864050292968,2.0635207397460937,5.697195581054687,38.1925572519084,-51.327591603053435,30.438484732824428,0
24739,5.62990732421875,1.3883558715820312,4.626987438964843,27.406297709923667,-7.71690458015267,35.194209923664125,0
24764,7.056851513671874,1.1872429321289062,4.7466975219726555,18.085687022900764,-1.1596526717557252,34.84306488549618,0
24789,7.166984790039062,1.1345704956054687,5.249479870605469,24.13148854961832,-30.732171755725194,32.385049618320615,0
24814,6.3314084106445305,1.1225994873046874,5.223143652343749,19.910114503816796,-19.73217175572519,30.659858778625953,0
24840,7.210080419921874,0.9406401611328125,4.7850047485351554,5.658206106870229,5.069354961832062,24.407950381679388,0
24865,7.734410583496094,1.3165298217773436,4.480941137695312,-9.70057251908397,-3.686370229007634,17.476652671755726,0
24890,7.27711806640625,1.0292256225585936,4.282222399902343,-19.723473282442747,-42.13675190839695,15.980469465648854,0
24915,5.883692700195312,0.41870419921875,3.8009878662109373,-34.01354961832061,-51.15201908396947,18.407950381679388,0
24940,5.321055310058593,-0.14872159423828127,3.240744677734375,-48.96774809160305,-34.64820229007634,18.789629770992367,0
24965,4.777571533203124,-0.3618055419921875,2.9797766967773436,-58.49446564885496,-18.07568320610687,17.22474427480916,0
24990,4.9212236328125,-0.4456026000976563,3.049208544921875,-65.70057251908398,-3.564232824427481,13.018637404580153,0
25015,4.870945397949218,-0.8933183105468749,2.9007680419921877,-67.75400763358779,-3.58713358778626,6.606423664122137,0
25040,5.732857995605468,-1.4224368774414062,3.279051904296875,-65.70057251908398,-6.495530534351145,-3.5996832061068704,0
25065,6.269159167480468,-1.7791729248046875,3.4825590454101563,-60.93721374045801,-13.449729007633588,-16.92029389312977,0
25090,6.635472021484374,-2.073659729003906,3.6477589599609375,-53.746374045801524,-29.08331679389313,-25.79815648854962,0
25115,6.724057482910156,-2.210129223632812,4.038013830566406,-49.357061068702286,-26.991713740458014,-32.27143893129771,0
25140,7.4566831909179685,-2.341810314941406,3.9518225708007813,-43.40286259541985,-8.022248091603053,-35.744721374045795,0
25165,7.981013354492187,-2.18618720703125,4.53361357421875,-17.952480916030535,-35.518431297709924,-32.34014122137404,0
25190,7.078399328613281,-3.024157788085937,4.852042395019531,15.841412213740458,-52.6558358778626,-26.45464503816794,0
25216,6.396051855468749,-3.1031664428710934,4.646141052246093,24.276526717557253,11.069354961832062,-18.22563740458015,0
25241,7.102341345214843,-2.8637462768554682,4.361231054687499,22.49026717557252,67.76401145038169,-0.10350000000000004,0
25266,7.8876394897460935,-1.9491612426757812,4.248703576660156,19.02461832061069,66.58080534351146,19.24764503816794,0
25291,7.954677136230468,-2.0688713256835936,4.308558618164062,21.253625954198476,35.14569083969465,28.90413358778626,0
25316,7.550057055664062,-2.9092361083984373,3.9015443359375,25.849045801526717,-10.55659923664122,26.88123282442748,0
25341,6.925170422363281,-2.6051724975585935,4.263068786621093,20.475,-31.915377862595417,11.72856106870229,0
25366,7.801448229980468,-2.4040595581054682,3.654941564941406,-1.5326335877862594,-5.1291183206106865,-12.248538167938932,0
25391,8.275500158691404,-3.3234329956054682,2.9654114868164063,-7.54026717557252,-43.14438549618321,-31.637851145038166,0
25416,7.128677563476562,-4.326603491210937,3.2862345092773437,-1.9143129770992364,-69.03751526717556,-42.6302175572519,0
25441,7.880456884765624,-4.817414831542968,3.702825598144531,-11.845610687022901,55.794545801526716,-50.676019083969464,0
25466,10.502107702636717,-2.679392749023437,2.9606230834960936,12.016984732824428,61.29072900763359,-48.50808015267175,0
25491,9.843702246093748,-3.500603918457031,3.0539969482421876,45.60477099236641,0.489202290076336,-38.32487404580152,0
25516,6.601953198242186,-5.322591381835937,3.1306114013671875,57.60477099236641,19.60370610687023,-31.905026717557252,0
25541,5.9363651367187495,-2.930783923339843,4.152935510253906,28.612404580152674,123.83271374045802,-13.416477099236642,0
25566,4.988261279296874,0.5527794921875,5.110616174316406,7.513167938931297,106.48156870229008,8.575889312977099,0
25591,0.757706945800781,7.227813720703125,5.977317175292968,-12.189122137404581,68.22966030534351,18.507187022900762,0
25617,-0.3053185913085943,14.192546350097654,6.118575073242187,-16.066984732824427,50.183858778625954,14.446118320610687,0
25642,1.7728484497070305,14.724059118652342,4.2582803833007805,4.63530534351145,14.970118320610688,-10.7828893129771,0
25667,0.8031967773437496,14.343381054687498,3.5184720703125,19.238358778625955,-7.068049618320611,-46.72945419847328,0
25692,0.7337649291992183,9.545400927734374,6.099421459960937,28.85667938931298,21.89378244274809,-80.77525572519083,0
25717,6.2619765625,4.0674675292968745,6.065902636718749,29.245992366412214,160.65714122137405,-114.89739312977099,0
25742,12.58745734863281,3.6939720703125,3.659729968261719,33.78797709923664,97.24492748091603,-120.13403435114503,0
25767,8.028897387695313,5.62848701171875,6.906267419433593,47.35286259541985,-163.71690458015266,-50.737087786259536,0
25792,2.2421119750976555,4.294916687011718,7.813669848632812,5.032251908396947,-131.5413320610687,29.949935114503816,0
25817,1.7920020629882805,3.6987604736328126,6.199977929687499,-45.07461832061068,28.27546183206107,63.194209923664125,0
25842,4.60758321533203,3.3539954345703125,5.153711804199218,-40.71583969465649,53.252561068702285,55.11787404580153,0
25867,5.603571105957031,3.9357864379882814,4.368413659667969,-0.35706106870229015,-6.839041984732823,27.285812977099237,0
25892,5.361756738281249,4.788122229003906,4.540796179199218,18.223091603053437,-39.44972900763359,1.6216908396946565,0
25917,5.66821455078125,4.24942685546875,5.836059277343749,23.245992366412214,-51.42682824427481,-6.714187022900764,0
25942,5.874115893554687,4.74742080078125,6.286169189453124,34.42156488549618,-58.39629389312977,-6.569148854961832,0
25967,5.637089929199218,5.738620288085937,5.287787097167969,26.65820610687023,-31.335225190839697,-2.9431946564885494,0
25993,6.04410421142578,5.535113146972656,5.1585002075195305,15.391030534351145,-21.167286259541985,8.293446564885496,0
26018,6.178179504394531,5.274145166015625,5.723531799316405,15.787977099236642,-12.976446564885496,17.377416030534352,0
26043,5.962701354980468,7.100921032714844,5.352430541992187,14.016984732824428,0.18385877862595423,26.827797709923665,0
26068,6.5564633666992185,4.7402381958007815,4.241520971679687,12.513167938931298,-32.80087404580153,39.98810305343512,0
26093,6.755182104492186,3.2342853515625,4.978935083007812,12.238358778625955,-49.251255725190845,49.85833206106871,0
26118,6.010585388183594,3.696366271972656,5.180048022460937,3.5055343511450383,-8.129118320610687,53.76672900763359,0
26143,7.348944116210936,4.500818029785156,4.3708078613281245,-7.303625954198473,10.847980916030535,50.522454198473284,0
26168,7.818207641601561,2.791358044433594,3.128217199707031,-6.410496183206107,-34.510797709923665,42.84306488549618,0
26193,7.056851513671874,1.9749352783203125,3.2359562744140624,0.7269083969465648,-49.6558358778626,35.59879007633588,0
26218,6.996996472167967,2.1568946044921877,3.4586170288085936,9.734541984732823,-33.381026717557255,32.072072519083974,0
26243,7.123889160156248,1.8695904052734373,3.19286064453125,16.30706106870229,-28.56423282442748,32.56825572519084,0
26268,7.076005126953125,1.2662515869140625,3.204831652832031,16.162022900763358,-28.54896564885496,34.003370229007636,0
26293,6.149449084472656,1.0124662109375,3.190466442871094,10.7956106870229,-32.21308778625954,39.85069847328245,0
26318,5.866933288574217,0.7323446166992187,3.413127197265625,-1.1967557251908398,-23.602400763358776,43.99573664122138,0
26343,5.790318835449217,0.45461722412109373,3.11624619140625,-12.921946564885497,-11.938278625954197,39.5377213740458,0
26369,5.948336145019531,-0.08647235107421875,2.625434851074219,-20.379961832061067,-15.014614503816794,28.682759541984733,0
26394,6.266764965820312,-0.24448966064453123,2.8792202270507814,-22.815076335877862,-31.106217557251906,17.08733969465649,0
26419,5.73764639892578,-0.24448966064453123,2.8911912353515623,-23.50973282442748,-45.060416030534356,12.949935114503816,0
26444,5.495832031249999,-0.14872159423828127,3.0587853515625,-32.1280534351145,-20.06804961832061,11.865965648854962,0
26469,5.701733374023436,-0.864587890625,3.070756359863281,-39.242557251908394,12.305996183206107,10.2171106870229,0
26494,6.192544714355468,-1.0585182250976561,3.049208544921875,-36.8074427480916,16.298362595419846,8.919400763358778,0
26519,6.707298071289062,-0.8047328491210938,3.559173498535156,-28.64713740458015,2.7945458015267177,7.316347328244275,0
26544,6.862921179199218,-1.1087964599609375,3.9518225708007813,-15.937213740458015,-12.610034351145037,3.614057251908397,0
26569,7.054457312011718,-1.6235498168945313,3.8871791259765627,-11.54026717557252,-10.464996183206106,-1.9508282442748093,0
26594,6.8006719360351555,-1.8940946044921876,3.8249298828125,-13.257824427480916,-0.625301526717557,-3.4699122137404577,0
26619,7.573999072265624,-1.4631383056640626,3.57593291015625,-16.586068702290074,-1.5184312977099235,-0.3401412213740459,0
26644,8.12466545410156,-1.5780599853515624,3.1449766113281252,-14.998282442748092,-20.04514885496183,3.713293893129771,0
26669,7.624277307128906,-2.1263321655273435,2.8720376220703123,-9.135687022900763,-37.006980916030535,8.308713740458016,0
26694,7.310636889648436,-2.8637462768554682,2.378832080078125,-10.479198473282443,-7.953545801526717,7.415583969465649,0
26719,7.849332263183594,-2.966696948242187,2.1154698974609376,-9.120419847328245,22.7411106870229,1.163675572519084,0
26745,8.488584106445312,-3.2372417358398433,1.7323976318359373,1.5818702290076336,21.672408396946565,-9.317240458015268,0
26770,8.538862341308594,-2.9236013183593745,1.7850700683593748,13.742175572519084,7.298362595419848,-15.63785114503817,0
26795,8.663360827636719,-2.858957873535156,2.127440905761719,20.16202290076336,-1.5947671755725188,-15.439377862595421,0
26820,8.261134948730469,-2.772766613769531,2.266304602050781,18.268893129770994,-1.9688129770992364,-9.530980916030535,0
26845,7.454288989257813,-2.878111486816406,2.3931972900390623,14.352862595419847,-9.159652671755724,0.07970610687022894,0
26870,6.822219750976562,-3.4694792968749995,2.697260900878906,-2.723473282442748,38.794545801526716,8.40795038167939,0
26895,7.53808604736328,-3.4072300537109372,3.2646866943359374,-15.379961832061069,75.78691221374046,15.423217557251908,0
26920,7.432741174316406,-4.149432568359375,3.2670808959960937,-9.937213740458015,56.03118702290076,19.995736641221374,0
26945,7.030515295410155,-4.115913745117187,3.432280810546875,-2.2120229007633587,49.489202290076335,12.2171106870229,0
26970,8.84771435546875,-4.309844079589843,3.757892236328125,3.2994274809160307,80.48156870229008,-17.09586641221374,0
26995,9.534850231933593,-3.811850134277343,3.228773669433594,15.345229007633588,68.214393129771,-47.0271641221374,0
27020,9.041644689941407,-3.56524736328125,2.7978173706054688,35.23835877862596,4.4357671755725185,-63.88975954198473,0
27045,7.408799157714843,-3.704111059570312,3.508895263671875,50.59713740458015,-34.434461832061075,-70.35540839694656,0
27070,5.66821455078125,-3.445537280273437,4.416297692871093,20.085687022900764,36.57317175572519,-55.77525572519084,0
27095,4.677015063476562,0.0930927734375,5.4218623901367184,-15.059351145038168,76.6113396946565,-20.744721374045803,0
27121,3.0848709594726555,4.184783410644531,5.809723059082031,-43.13568702290076,78.4968358778626,8.156041984732825,0
27146,0.27168400878906196,10.357035290527342,6.389119860839843,-46.983015267175574,68.26019465648855,11.133141221374045,0
27171,-1.1600485839843753,16.083965661621093,5.378766760253906,-20.31889312977099,24.42813358778626,-9.44701145038168,0
27196,-1.5263614379882815,16.69209288330078,4.181665930175781,-13.54790076335878,41.626606870229004,-51.126400763358774,0
27221,4.86376279296875,8.544624633789061,6.348418432617187,10.543702290076336,161.97775190839695,-132.13403435114503,0
27246,11.565133239746093,4.6851715576171875,2.213632165527344,75.89484732824427,124.87088167938931,-194.3325076335878,0
27271,11.534008618164062,6.772915405273437,2.658953674316406,86.95591603053434,-80.6940038167939,-179.99662977099237,0
27296,5.766376818847655,4.783333825683593,6.882325402832031,83.04751908396946,-248.71690458015266,-76.43937786259542,0
27321,0.24534779052734335,3.4569461059570314,6.820076159667968,22.459732824427483,-164.2054541984733,26.675125954198474,0
27346,1.0809241699218748,3.5072243408203123,6.295745996093749,-31.70820610687023,77.41286641221375,89.4079503816794,0
27371,4.071282043457031,3.86635458984375,4.861619201660155,-25.97538167938931,125.60370610687023,109.17130916030534,0
27396,5.718492785644531,4.855159875488281,4.500094750976562,9.940648854961832,42.57317175572519,94.34688167938931,0
27421,5.385698754882811,5.1903481079101565,5.263845080566406,30.536068702290077,-18.464996183206107,55.68275954198474,0
27446,5.213316235351562,4.998811975097656,5.816905664062499,38.91774809160305,-43.434461832061075,24.278179389312978,0
27471,5.531745056152343,4.0291603027343745,6.9613340576171865,34.581870229007635,-27.136751908396946,11.88123282442748,0
27496,6.908411010742186,5.104156848144531,6.5471371704101555,31.154389312977102,1.9243167938931298,13.323980916030534,0
27522,7.672161340332031,6.610109692382812,6.123363476562499,26.589503816793894,-24.449729007633586,23.377416030534352,0
27547,6.494214123535156,6.492793811035156,5.35003634033203,11.910114503816793,-48.92301145038168,37.2171106870229,0
27572,6.965871850585937,3.4593403076171874,4.806552563476562,0.291793893129771,-26.617667938931298,50.02627099236641,0
27597,6.872497985839844,3.1073926635742186,4.808946765136718,7.719274809160305,3.9319503816793895,57.255278625954205,0
27622,7.0257268920898435,3.7753749267578125,4.478546936035156,21.66583969465649,1.58843893129771,59.6522251908397,0
27647,6.666596643066405,2.7003783813476563,3.470588037109375,23.284160305343512,-12.449729007633588,57.45375190839695,0
27672,6.455906896972656,1.6732658691406248,3.7076140014648438,16.64293893129771,-5.052782442748091,51.48428625954199,0
27697,6.259582360839842,1.4601819213867187,4.150541308593749,13.780343511450381,10.275461832061069,44.881232824427485,0
27722,5.62990732421875,1.3069530151367186,3.9446399658203126,14.864312977099237,-1.464996183206107,39.644591603053435,0
27747,5.529350854492187,0.715585205078125,3.7052197998046874,9.963549618320611,-12.304690839694656,33.27817938931298,0
27772,5.768771020507812,0.3875795776367187,3.4490402221679686,-0.7311068702290077,-12.037515267175571,25.117874045801525,0
27797,6.084805639648438,0.6102403320312499,3.681277783203125,-10.089885496183207,-17.816141221374046,18.23237786259542,0
27822,5.663426147460936,0.1840724365234375,3.7626806396484374,-10.85324427480916,-34.41919465648855,11.843064885496183,0
27847,5.119942370605468,-0.6275619262695312,3.489741650390625,-11.86087786259542,-36.243622137404586,8.659858778625955,0
27872,5.464707409667969,-0.510246044921875,3.221591064453125,-18.921946564885495,-15.022248091603053,2.9270343511450383,0
27897,5.778347827148436,-0.7807908325195312,3.056391149902344,-25.754007633587786,-9.152019083969465,-3.889759541984733,0
27923,5.754405810546875,-0.7329067993164062,2.8600666137695314,-25.715839694656488,-29.69400381679389,-5.43937786259542,0
27948,5.948336145019531,-0.4958808349609375,2.8720376220703123,-31.028816793893128,-21.510797709923665,-7.889759541984732,0
27973,6.733634289550781,-0.13196218261718748,2.8624608154296873,-39.69293893129771,-1.7092709923664122,-14.75998854961832,0
27998,7.305848486328125,-0.06013613281249999,3.262292492675781,-40.19675572519084,3.0846221374045806,-23.676019083969464,0
28023,7.483019409179687,-0.14872159423828127,3.4346750122070313,-29.63950381679389,-10.694003816793893,-30.233270992366414,0
28048,7.4566831909179685,-0.2660374755859375,3.516077868652344,-20.074618320610686,-18.70163740458015,-32.81342366412213,0
28073,7.811025036621094,-0.20618243408203127,4.045196435546875,-15.173854961832062,-17.716904580152672,-32.69128625954198,0
28098,7.471048400878906,0.006901513671874998,4.030831225585937,-17.128053435114502,-3.4191946564885494,-27.179835877862597,0
28123,7.894822094726561,-0.5317938598632812,3.8321124877929686,-18.36469465648855,12.313629770992367,-20.332507633587788,0
28148,8.100723437499997,-0.6969937744140625,3.4250982055664063,-14.448664122137405,10.649507633587787,-15.332507633587788,0
28173,7.9642539428710935,-0.9220487304687499,3.4490402221679686,-8.71583969465649,2.275461832061069,-12.851591603053436,0
28198,7.9474945312499985,-1.1303442749023438,3.4849532470703126,-6.738740458015267,1.2525610687022901,-10.592049618320612,0
28223,8.143819067382811,-1.61157880859375,3.3101765258789064,-4.654770992366412,4.176225190839695,-9.7828893129771,0
28248,8.060022009277343,-1.7241062866210937,2.9845651000976563,-1.242557251908397,-3.144385496183206,-5.454645038167939,0
28273,7.820601843261717,-1.5900309936523438,2.9007680419921877,-1.5402671755725188,2.1304236641221372,0.4766526717557252,0
28299,8.079175622558594,-1.372158642578125,3.037237536621094,-2.3188931297709923,18.76401145038168,5.759095419847328,0
28324,8.84771435546875,-1.3314572143554686,3.3724257690429686,0.45973282442748087,27.08462213740458,9.201843511450381,0
28349,8.761523095703126,-1.1159790649414063,3.250321484375,3.5055343511450383,15.93958396946565,12.659858778625955,0
28374,8.471824694824218,-1.5493295654296875,3.3724257690429686,0.4902671755725191,10.977751908396947,15.079706106870228,0
28399,7.779900415039061,-2.1790046020507807,3.6717009765625,-2.708206106870229,21.07698854961832,17.308713740458014,0
28424,7.540480249023436,-2.945149133300781,3.693248791503906,-10.631870229007633,45.05408778625954,17.2171106870229,0
28449,8.208462512207031,-3.2851257690429683,4.935839453124999,-19.654770992366412,63.03882061068702,8.820164122137404,0
28474,7.69849755859375,-3.7663603027343746,4.7850047485351554,-20.99064885496183,64.4968358778626,2.133141221374046,0
28499,7.770323608398436,-4.975432141113281,3.669306774902344,-19.044083969465646,26.641874045801526,-1.538614503816794,0
28524,7.415981762695311,-4.822203234863281,4.0332254272460935,-23.00591603053435,1.6189732824427483,-17.13403435114504,0
28549,6.046498413085938,-4.982614746093749,4.524036767578124,-35.02118320610687,39.35943129770992,-28.553881679389313,0
28575,5.933970935058594,-5.3465333984375,4.136176098632812,-26.876145038167937,48.23729389312977,-27.889759541984734,0
28600,4.732081701660156,-3.474267700195312,5.022030712890625,-7.341793893129771,18.91668320610687,-22.813423664122137,0
28625,1.236547277832031,3.1600651000976563,5.950980957031249,0.658206106870229,-39.884843511450384,-9.546248091603054,0
28650,-0.8392255615234379,8.058601696777343,6.0228070068359365,-7.021183206106871,-60.884843511450384,4.812530534351145,0
28675,-2.4265812622070313,18.066364636230468,6.5854443969726555,-14.624236641221374,-15.312324427480917,-3.9202938931297706,0
28700,-0.19279111328125031,19.74410144958496,6.630934228515624,-16.250190839694657,46.3441641221374,-55.179835877862594,0
28725,4.602794812011718,11.30992755126953,9.037106896972656,-7.181488549618321,207.52737022900763,-131.54624809160305,0
28750,14.306494140624999,1.0388024291992186,4.717967102050781,48.03225190839695,251.55027099236642,-184.9889961832061,0
28775,12.977712219238281,6.100144738769531,2.0580090576171877,70.94064885496182,107.31362977099236,-186.14930152671755,0
28800,3.429635998535156,7.608491784667969,8.330817407226561,90.52080152671755,-248.71690458015266,-84.01953053435115,0
28825,0.5877186279296871,1.1848487304687498,8.115339257812499,26.612404580152674,-136.23598854961833,7.530087786259542,0
28850,2.2181699584960937,2.791358044433594,6.755432714843749,-18.311259541984732,18.96248473282443,63.36214885496184,0
28875,3.599624316406249,3.4210330810546874,6.425032885742187,-19.36469465648855,20.214393129770993,88.84306488549619,0
28900,3.2883781005859367,4.26858046875,5.618186926269531,-3.746374045801527,-0.5031641221374046,81.67512595419848,0
28925,4.064099438476562,3.854383581542969,5.3835551635742185,-8.311259541984732,6.443400763358779,57.08733969465649,0
28951,6.52294454345703,3.9118444213867187,5.783386840820312,2.085687022900763,-5.304690839694656,35.011003816793895,0
28976,6.23564034423828,5.274145166015625,5.697195581054687,25.566603053435117,-68.95354580152672,22.07970610687023,0
29001,5.574840686035155,4.924591723632813,6.0419606201171865,24.917748091603055,-77.71690458015267,19.461385496183205,0
29026,6.4439358886718745,3.8998734130859374,6.267015576171874,26.29942748091603,-44.571866412213744,23.08733969465649,0
29051,7.133465966796874,5.3986436523437495,5.541572473144531,36.72690839694657,-42.95354580152672,25.598790076335877,0
29076,5.854962280273436,4.651652734375,4.4067208862304685,31.963549618320613,-53.90774427480916,35.90413358778626,0
29101,5.701733374023436,3.849595178222656,4.117022485351562,12.726908396946564,-24.69400381679389,47.194209923664125,0
29126,7.801448229980468,3.279775183105469,4.567132397460937,10.658206106870228,-13.510797709923663,49.20947709923664,0
29151,7.31542529296875,3.0068361938476564,4.205607946777343,17.84141221374046,-27.23598854961832,46.698026717557255,0
29176,5.780742028808594,2.5974277099609377,3.559173498535156,19.81851145038168,-49.823774809160305,46.36214885496184,0
29201,5.450342199707031,1.1321762939453124,2.8217593872070315,-2.8532442748091604,-14.449729007633588,43.86596564885497,0
29226,6.7623647094726556,0.8736025146484374,3.0827273681640626,-17.876145038167937,14.512103053435116,35.12550763358779,0
29251,7.131071765136718,1.6589006591796873,3.2934171142578124,-5.425763358778626,-16.312324427480917,27.568255725190838,0
29276,6.015373791503905,1.4194804931640623,3.3700315673828123,11.558969465648854,-53.54896564885497,26.652225190839694,0
29301,5.014597497558593,0.5743273071289062,3.123428796386719,12.29942748091603,-34.77797328244275,28.90413358778626,0
29326,5.313872705078125,0.5599620971679687,3.243138879394531,1.5360687022900765,22.344164122137403,30.2171106870229,0
29351,6.419993872070312,0.7395272216796874,3.3963677856445313,6.322328244274809,27.06935496183206,26.499553435114503,0
29377,6.647443029785156,0.428281005859375,3.4394634155273436,15.894847328244275,-4.632935114503816,21.323980916030536,0
29402,5.931576733398436,-0.1606926025390625,3.710008203125,17.574236641221376,-19.487896946564884,19.652225190839694,0
29427,6.149449084472656,-0.510246044921875,4.310952819824219,11.95591603053435,5.122790076335878,16.812530534351147,0
29452,6.281130175781249,-0.5940431030273438,4.071532653808593,0.7956106870229007,29.496835877862598,15.255278625954197,0
29477,6.403234460449219,-0.720935791015625,3.8105646728515623,-6.448664122137405,16.55027099236641,14.22474427480916,0
29502,6.618712609863281,-0.4456026000976563,3.92069794921875,-12.341793893129772,7.25256106870229,7.522454198473282,0
29527,6.587587988281249,-0.13675058593749997,4.1265992919921874,-14.456297709923664,6.130423664122137,-0.4393778625954198,0
29552,7.073610925292969,-0.3522287353515625,4.287010803222656,-11.395229007633588,-3.1825534351145035,-9.019530534351146,0
29577,7.107129748535155,-0.2971620971679687,4.061955847167968,-0.5020992366412214,-37.3352251908397,-16.027164122137403,0
29602,7.236416638183592,-0.3426519287109375,4.275039794921875,-0.6013358778625953,-32.90774427480916,-24.30197328244275,0
29627,7.717651171874999,-0.6730517578125,4.267857189941406,-11.441030534351146,3.9624847328244277,-30.126400763358777,0
29652,8.28028856201172,-0.816703857421875,3.84408349609375,-13.273091603053436,-5.945912213740458,-26.714187022900763,0
29677,8.028897387695313,-1.0226052001953125,3.4681938354492186,-6.5173664122137405,-44.816141221374046,-20.378309160305342,0
29702,7.765535205078124,-1.9252192260742185,3.4250982055664063,-9.998282442748092,-27.365759541984733,-16.59968320610687,0
29727,7.839755456542968,-2.296320483398437,3.4490402221679686,-12.967748091603054,0.321263358778626,-10.653118320610687,0
29752,8.00495537109375,-2.6147493041992185,3.233562072753906,-7.738740458015268,1.0846221374045801,-4.958461832061069,0
29778,7.928340917968749,-2.973879553222656,3.3053881225585937,-0.04408396946564885,-6.5794999999999995,-2.6607519083969464,0
29803,7.679343945312499,-3.1175316528320307,3.530443078613281,0.13148854961832057,13.130423664122137,-0.637851145038168,0
29828,7.633854113769531,-2.8278332519531246,4.222367358398437,-8.69293893129771,37.931950381679385,2.575889312977099,0
29853,8.876444775390624,-2.1454857788085935,4.581497607421874,-15.952480916030536,33.115156488549616,4.972835877862595,0
29878,8.766311499023438,-3.0002157714843745,4.540796179199218,-21.2043893129771,-10.434461832061068,14.354515267175572,0
29903,7.442317980957031,-3.682563244628906,4.969358276367187,-38.608969465648855,-15.113851145038169,26.5758893129771,0
29928,6.795883532714844,-4.113519543457031,4.512065759277343,-65.92958015267176,39.37469847328244,26.42321755725191,0
29953,7.068822521972655,-4.958672729492187,3.4921358520507813,-71.09751908396947,60.3823320610687,17.133141221374046,0
29978,6.831796557617186,-5.770307092285155,2.9271042602539064,-38.63187022900763,26.91668320610687,1.9499351145038166,0
30003,5.979460766601561,-4.9419133178710934,2.0316728393554686,-0.5479007633587786,-10.854309160305343,-18.63785114503817,0
30028,5.687368164062499,-3.7831197143554682,2.5081189697265627,0.9253816793893129,55.64187404580152,-37.14930152671755,0
30053,8.359297216796875,-2.5094044311523436,2.42671611328125,21.627671755725192,31.985385496183206,-46.622583969465644,0
30078,6.194938916015624,-1.9635264526367189,3.5807213134765625,54.635305343511455,-62.5795,-38.26380534351145,0
30103,1.8159440795898432,1.0268314208984375,4.887955419921875,69.18492366412214,-62.571866412213744,-28.538614503816795,0
30128,0.20943476562499974,6.0929621337890625,6.1161808715820305,40.8337786259542,51.85561450381679,-19.500446564885497,0
30153,1.0545879516601557,14.063259460449217,6.104209863281249,18.238358778625955,57.38996564885496,-7.324874045801527,0
30178,1.179086437988281,16.93390725097656,3.750709631347656,18.536068702290077,-17.26652290076336,-15.958461832061069,0
30204,-1.540726647949219,17.261912878417967,4.2582803833007805,3.108587786259542,22.75637786259542,-57.69128625954198,0
30229,3.5373750732421874,10.091278906249999,6.729096496582031,-1.005916030534351,209.35179770992366,-127.12640076335879,0
30254,11.488518786621093,3.897479211425781,3.872813916015625,44.68110687022901,208.214393129771,-161.85922519083968,0
30279,16.521130676269532,4.261397863769531,2.266304602050781,39.8337786259542,12.138057251908398,-140.64548473282443,0
30304,7.483019409179687,5.3794900390625,8.496017321777343,22.589503816793894,-189.30469083969464,-44.15693511450382,0
30329,3.135149194335937,4.481664416503906,7.772968420410155,-33.7692748091603,-50.34285877862596,46.95756870229008,0
30354,4.109589270019531,4.570249877929688,5.431439196777343,-52.418129770992365,26.283095419847328,83.07207251908397,0
30379,5.227681445312499,3.241467956542969,4.349260046386719,-28.66240458015267,16.130423664122137,70.47665267175573,0
30404,4.973896069335937,3.0259898071289064,3.9542167724609376,-3.3723282442748093,-3.1672862595419846,32.07970610687023,0
30429,5.704127575683594,2.872760900878906,5.366795751953124,12.604770992366412,1.0998893129770995,1.3545152671755725,0
30454,6.975448657226562,3.5335605590820314,6.2287083496093745,28.02461832061069,-10.709270992366411,-13.851591603053436,0
30479,7.296271679687499,4.915014916992187,5.881549108886718,29.429198473282444,-50.434461832061075,-11.882125954198473,0
30504,6.769547314453125,4.007612487792969,5.876760705566405,15.223091603053435,-69.35049236641221,-1.4775458015267176,0
30529,6.455906896972656,4.13450517578125,6.020412805175781,2.391030534351145,-6.5718664122137405,7.598790076335877,0
30554,7.58357587890625,5.05387861328125,5.412285583496093,7.345229007633588,13.122790076335878,14.354515267175572,0
30580,6.803066137695311,6.353930114746094,4.808946765136718,15.368129770992367,-16.56423282442748,21.965202290076334,0
30605,5.47667841796875,5.389066845703125,3.9015443359375,9.230725190839694,-40.64056870229008,34.34688167938932,0
30630,5.237258251953125,3.4976475341796873,3.911121142578125,0.5437022900763359,-9.663469465648854,47.73619465648855,0
30655,5.871721691894531,2.937404345703125,4.3157412231445305,7.345229007633588,14.512103053435116,50.62932442748092,0
30680,6.209304125976561,4.05789072265625,3.566356103515625,13.520801526717557,4.91668320610687,48.11787404580153,0
30705,5.704127575683594,3.684395263671875,2.781057958984375,8.078053435114503,-22.434461832061068,44.560622137404586,0
30730,5.390487158203125,3.0379608154296873,2.9486520751953127,0.23072519083969464,-22.823774809160305,40.27054580152672,0
30755,5.795107238769531,1.7115730957031248,3.7985936645507814,9.620038167938931,-27.098583969465647,32.90413358778626,0
30780,5.354574133300781,1.4577877197265623,3.69085458984375,21.284160305343512,-34.518431297709924,28.17130916030534,0
30805,5.435976989746092,1.022043017578125,3.2670808959960937,19.772709923664124,-26.10621755725191,24.507187022900762,0
30830,5.8645390869140614,0.7658634399414062,3.1689186279296875,12.268893129770992,-12.640568702290075,19.59115648854962,0
30855,6.290706982421875,0.2702636962890625,3.027660729980469,5.6047709923664115,-14.548965648854962,13.461385496183206,0
30880,6.403234460449219,0.41870419921875,2.9223158569335936,-0.5402671755725191,-22.70163740458015,8.957568702290075,0
30905,6.266764965820312,0.05957395019531249,3.106669384765625,-7.326526717557252,-23.022248091603053,7.972835877862595,0
30930,6.611530004882812,-0.18463461914062498,3.4657996337890626,-10.54026717557252,-18.793240458015266,8.2552786259542,0
30955,6.781518322753905,-0.057741931152343745,3.4969242553710935,-11.960114503816794,-20.358125954198474,7.858332061068702,0
30981,6.848555969238281,-0.31870991210937494,3.4107329956054686,-12.87614503816794,-30.358125954198474,5.491919847328244,0
31006,6.5780111816406235,-0.06731873779296874,3.7746516479492187,-21.784541984732822,-14.25125572519084,4.171309160305343,0
31031,6.8748921874999995,0.04760294189453125,3.949428369140625,-32.76164122137404,14.512103053435116,2.1560419847328243,0
31056,7.147831176757811,0.10027537841796874,3.6381821533203125,-31.906679389312977,9.550270992366412,1.2171106870229007,0
31081,7.054457312011718,-0.38814176025390623,3.4586170288085936,-23.250190839694657,-11.006980916030534,-3.6989198473282445,0
31106,6.953900842285155,-0.63474453125,3.681277783203125,-18.608969465648855,0.5502709923664123,-11.683652671755725,0
31131,7.5141440307617176,-0.5844662963867188,4.064350048828125,-8.815076335877864,10.977751908396947,-17.584416030534353,0
31156,7.202897814941406,-0.8669820922851562,3.8799965209960936,8.31469465648855,-2.8314083969465647,-21.27907251908397,0
31181,6.781518322753905,-1.2548427612304687,3.8105646728515623,18.543702290076336,-2.457362595419847,-22.042431297709925,0
31206,7.3441557128906245,-1.027393603515625,3.956610974121094,14.841412213740458,38.88614885496183,-21.149301526717558,0
31231,8.033685791015625,-1.0345762084960937,3.9470341674804685,14.63530534351145,46.32889694656488,-15.492812977099238,0
31256,7.976224951171875,-1.2356891479492187,3.8201414794921873,18.31469465648855,21.92431679389313,-6.164568702290077,0
31281,7.619488903808594,-1.1997761230468749,3.92069794921875,12.650572519083969,12.084622137404581,4.033904580152671,0
31307,8.167761083984374,-0.7568488159179687,4.119416687011718,-2.105152671755725,28.641874045801526,9.73619465648855,0
31332,8.687302844238282,-0.625167724609375,4.006889208984375,-8.502099236641222,24.61897328244275,10.39268320610687,0
31357,8.795041918945312,-0.36419974365234375,3.980552990722656,-11.601335877862596,10.59607251908397,7.262912213740457,0
31383,8.675331835937499,-0.4312373901367188,3.8680255126953123,-12.448664122137405,-3.90774427480916,4.858332061068702,0
31408,8.141424865722655,-0.8957125122070313,4.164906518554687,-8.86087786259542,-16.716904580152672,6.148408396946564,0
31433,7.332184704589843,-1.7719903198242186,4.057167443847656,-9.85324427480916,0.4510343511450383,10.621690839694656,0
31458,7.265147058105469,-2.265195861816406,4.181665930175781,-16.578435114503815,39.36706488549618,11.598790076335877,0
31483,7.487807812499999,-2.535740649414062,4.179271728515625,-15.189122137404581,45.756377862595414,14.781996183206106,0
31508,8.567592761230468,-3.3354040039062496,4.152935510253906,-8.486832061068702,29.565538167938932,14.041538167938931,0
31533,7.296271679687499,-3.376105432128906,4.215184753417968,-5.082251908396947,-3.0680496183206105,14.484286259541985,0
31558,7.21247462158203,-4.920365502929687,3.973370385742187,-19.47919847328244,19.58843893129771,17.033904580152672,0
31583,8.838137548828126,-6.720805151367187,3.393973583984375,-27.731106870229006,24.832713740458015,15.781996183206106,0
31608,8.687302844238282,-5.152603063964843,3.2120142578125,-25.05171755725191,-21.373393129770992,0.8354312977099236,0
31633,5.076846740722655,-2.370540734863281,2.9127390502929686,-27.746374045801524,24.59607251908397,-8.469912213740459,0
31658,3.654690954589843,-0.8789531005859375,4.3325006347656245,-2.02881679389313,97.51210305343511,-3.752354961832061,0
31683,0.1280319091796871,4.661229541015625,5.206384240722656,37.37576335877863,91.7792786259542,17.568255725190838,0
31708,-1.2127210205078127,11.410484020996092,5.280604492187499,67.26125954198473,6.702942748091603,40.705660305343514,0
31733,-2.062662609863281,19.74410144958496,5.467352221679687,80.49026717557251,-44.92301145038168,30.476652671755726,0
31758,1.0282517333984371,18.84448017578125,6.398696667480468,49.8719465648855,76.58080534351146,-33.744721374045795,0
31784,10.15494846191406,4.998811975097656,4.631775842285156,36.09332061068702,205.16095801526717,-129.32487404580152,0
31809,16.98740144958496,1.2231559570312498,2.5368493896484376,72.475,62.36706488549618,-205.0653320610687,0
31834,7.57639327392578,7.503146911621093,7.229484643554687,91.49790076335877,-193.53369847328244,-164.36304198473283,0
31859,2.421677099609375,4.2159080322265625,9.274132861328125,49.078053435114505,-163.0680496183206,-38.25617175572519,0
31884,1.9093179443359372,3.4210330810546874,6.757826916503905,-11.318893129770993,29.847980916030536,60.59115648854962,0
31909,4.009032800292968,3.3252650146484375,5.950980957031249,-37.242557251908394,86.15332442748092,94.75909541984733,0
31934,4.514209350585937,3.0355666137695314,5.764233227539062,-28.18148854961832,43.9472175572519,81.62169083969466,0
31959,4.145502294921874,2.8847319091796875,5.314123315429687,-5.158587786259543,-14.381026717557251,46.72092748091603,0
31984,3.884534313964843,2.966134765625,5.323700122070312,-0.45629770992366414,-17.464996183206107,7.980469465648855,0
32009,5.687368164062499,2.8655782958984375,4.938233654785155,4.536068702290076,-31.052782442748093,-22.41647709923664,0
32034,6.3768982421875,4.01958349609375,5.5726970947265615,13.177290076335877,-53.36575954198474,-39.19510305343511,0
32059,5.740040600585936,4.915014916992187,5.3452479370117185,12.177290076335877,-51.86194274809161,-42.248538167938925,0
32084,6.242822949218749,5.216684326171875,4.739514916992187,7.665839694656488,-34.99171374045802,-34.981362595419846,0
32109,6.386475048828124,5.312452392578125,5.302152307128906,5.29942748091603,-34.63293511450382,-19.584416030534353,0
32134,5.428794384765625,5.178377099609375,5.888731713867187,6.085687022900763,-20.41919465648855,-0.8668587786259542,0
32159,5.888481103515624,5.7170724731445315,5.249479870605469,5.070419847328244,-10.106217557251908,18.148408396946564,0
32185,5.574840686035155,5.463287097167969,4.358836853027343,-2.4639312977099235,-20.022248091603053,31.58352290076336,0
32210,5.684973962402343,3.9190270263671874,4.162512316894531,-16.066984732824427,-17.57186641221374,37.72856106870229,0
32235,5.541321862792969,3.65566484375,4.435451306152343,-18.234923664122135,-9.770339694656489,40.72856106870229,0
32260,5.962701354980468,3.684395263671875,4.231944165039062,-17.288358778625952,0.45866793893129776,37.377416030534356,0
32285,6.6067416015625,2.822482666015625,3.7267676147460937,-16.028816793893128,-1.060416030534351,29.522454198473284,0
32310,7.078399328613281,2.132952587890625,3.4370692138671877,-9.86851145038168,-31.289423664122136,21.59115648854962,0
32335,6.680961853027344,1.749880322265625,3.374819970703125,-1.2196564885496182,-61.21308778625954,15.980469465648854,0
32360,6.285918579101561,1.321318225097656,3.3724257690429686,-2.441030534351145,-44.96117938931298,12.24001145038168,0
32385,6.439147485351561,1.0459850341796875,3.1114577880859375,-17.715839694656488,2.58080534351145,11.73619465648855,0
32410,6.843767565917967,0.9478227661132812,3.1497650146484375,-22.593702290076333,3.435767175572519,13.88123282442748,0
32435,6.350562023925781,0.7826228515624999,3.240744677734375,-16.891412213740455,-20.85430916030534,16.308713740458014,0
32460,6.096776647949219,0.1840724365234375,3.4538286254882813,-16.02118320610687,-8.9001106870229,16.530087786259543,0
32485,6.271553369140624,0.13379420166015624,3.554385095214844,-17.570801526717556,12.351797709923664,15.003370229007633,0
32510,6.41520546875,0.4115215942382813,3.7722574462890623,-18.570801526717556,14.588438931297711,11.8965,0
32535,6.589982189941405,0.2535042846679687,3.6381821533203125,-20.097519083969463,10.489202290076337,5.873599236641221,0
32560,6.357744628906249,0.2630810913085937,3.8081704711914064,-28.105152671755725,14.695309160305344,0.12550763358778627,0
32585,5.641878332519531,0.447434619140625,3.834506689453125,-36.96774809160305,20.07698854961832,-1.93556106870229,0
32611,5.9363651367187495,0.04760294189453125,3.8943617309570313,-45.929580152671754,43.46630152671755,-3.530980916030534,0
32636,7.071216723632811,-0.2277302490234375,4.002100805664062,-37.85324427480916,35.37469847328244,-7.653118320610687,0
32661,7.533297644042968,-0.1798462158203125,4.53361357421875,-20.074618320610686,5.481568702290076,-14.737087786259542,0
32686,7.109523950195311,-0.7161473876953125,4.567132397460937,-10.059351145038168,-2.144385496183206,-20.737087786259544,0
32711,7.0616399169921875,-0.9507791503906249,4.701207690429687,-7.097519083969466,3.7334770992366413,-21.56914885496183,0
32736,7.588364282226562,-1.15189208984375,4.873590209960937,-1.624236641221374,4.0998893129770995,-22.126400763358777,0
32761,7.765535205078124,-1.3170920043945311,4.950204663085937,4.360496183206107,-3.7169045801526717,-21.019530534351144,0
32786,7.432741174316406,-1.5613005737304686,5.079491552734375,4.2688931297709924,-4.945912213740458,-14.859225190839695,0
32811,7.214868823242187,-1.5229933471679686,5.019636511230468,-0.7463740458015268,1.5350038167938933,-4.370675572519084,0
32836,7.485413610839843,-1.5110223388671875,4.899926428222655,-4.5097328244274815,8.901416030534351,6.698026717557251,0
32861,7.509355627441406,-1.2859673828125,4.9142916381835935,-7.929580152671756,18.504469465648857,13.598790076335877,0
32886,7.751169995117187,-1.2309007446289062,4.871196008300781,-8.150954198473283,22.939583969465648,16.514820610687025,0
32911,7.906793103027343,-1.3961006591796874,4.8951380249023435,-8.105152671755725,27.336530534351144,16.476652671755726,0
32936,7.899610498046875,-1.0728834350585936,4.761062731933594,-7.112786259541985,16.565538167938932,16.8583320610687,0
32961,7.001784875488281,-1.1854109130859374,4.583891809082031,-9.677671755725191,13.893782442748092,17.35451526717557,0
32986,6.841373364257811,-1.5804541870117186,4.4833353393554685,-17.288358778625952,36.65714122137404,14.140774809160305,0
33012,6.815037145996093,-1.5493295654296875,4.301376013183593,-17.32652671755725,32.52737022900763,13.507187022900762,0
33037,6.068046228027343,-1.4439846923828124,4.174483325195312,-0.3112595419847328,-11.640568702290075,14.797263358778626,0
33062,5.720886987304687,-3.0600708129882808,4.251097778320312,9.704007633587786,22.57317175572519,5.8965,0
33087,7.327396301269531,-2.1167553588867185,4.662900463867187,11.97118320610687,68.27546183206107,-8.050064885496184,0
33112,8.352114611816404,-2.3825117431640623,5.342853735351562,19.902480916030537,18.687675572519083,-18.668385496183205,0
33137,7.861303271484375,-4.068029711914062,5.52960146484375,27.749809160305343,-33.869576335877866,-31.66838549618321,0
33162,7.0472747070312485,-5.3465333984375,5.718743395996094,6.459732824427481,-9.342858778625954,-32.91266030534351,0
33187,7.49977882080078,-4.721646765136718,6.934997839355468,-12.143320610687024,1.4968358778625954,-16.27907251908397,0
33212,6.350562023925781,-4.154220971679687,7.124139770507812,-8.944847328244276,-18.846675572519082,-6.508080152671756,0
33237,2.965160876464843,0.8089590698242187,7.332435314941406,-25.387595419847326,4.687675572519084,1.6598587786259542,0
33262,1.2700661010742182,6.574196667480469,7.478481616210937,-47.89141221374046,35.51973664122137,5.369782442748091,0
33287,0.42970131835937453,12.775178967285155,7.741843798828124,-44.70057251908397,58.741110687022896,-3.6760190839694658,0
33312,-2.0818162231445316,15.372887768554685,7.409049768066406,-8.899045801526718,34.176225190839695,-10.477545801526718,0
33337,-1.473689001464844,14.345775256347654,8.086608837890624,-2.1127862595419846,136.33653053435114,-33.68365267175572,0
33362,8.950665026855468,3.279775183105469,7.3539831298828116,31.85667938931298,222.22202671755727,-92.46991221374046,0
33388,15.297693627929686,1.9222628417968748,4.140964501953125,76.49790076335877,27.825080152671756,-126.1951030534351,0
33413,3.542163476562499,5.647640625,8.845570764160156,39.627671755725196,-231.51843129770992,-39.64548473282442,0
33438,0.31477963867187464,3.4521577026367187,8.589391186523438,-55.95248091603053,-16.167286259541985,57.003370229007636,0
33463,3.0250159179687497,4.2709746704101565,3.8871791259765627,-75.57843511450382,38.741110687022896,90.42321755725192,0
33488,3.4847026367187492,2.822482666015625,2.9989303100585936,-46.1662213740458,-20.090950381679388,77.14840839694656,0
33513,3.3506273437499994,2.2311148559570313,3.607057531738281,-7.0669847328244275,-45.243622137404586,39.65985877862596,0
33538,3.523009863281249,1.8456483886718749,4.880772814941405,26.84141221374046,-49.64820229007634,6.698026717557251,0
33563,3.7839778442382803,2.209567041015625,6.056325830078125,41.1543893129771,-37.503164122137406,-8.882125954198473,0
33588,4.763206323242187,2.90867392578125,6.156882299804687,37.131488549618325,-34.16728625954199,-9.752354961832062,0
33613,5.0193859008789055,3.1935839233398435,5.761839025878905,28.726908396946566,-41.31232442748092,-6.668385496183206,0
33638,5.182191613769531,2.824876867675781,5.7953578491210935,19.276526717557253,-30.35049236641221,-3.8363244274809163,0
33663,6.2188809326171866,2.283787292480469,6.298140197753906,34.070419847328246,-44.60240076335878,-1.370675572519084,0
33688,5.471890014648436,3.710731481933594,5.618186926269531,34.1543893129771,-39.243622137404586,2.995736641221374,0
33713,5.218104638671874,3.856777783203125,4.636564245605468,14.039885496183206,-17.56423282442748,13.484286259541985,0
33738,6.063257824707031,3.25343896484375,4.775427941894531,1.9635496183206107,-4.884843511450381,23.033904580152672,0
33763,6.757576306152344,3.282169384765625,5.582273901367187,15.078053435114503,-17.839041984732823,23.90413358778626,0
33789,6.345773620605468,3.4641287109375,5.043578527832031,22.589503816793894,-21.029881679389312,21.36978244274809,0
33814,6.156631689453124,2.0898569580078123,3.8560545043945313,11.963549618320611,-18.06804961832061,22.812530534351144,0
33839,6.75278790283203,1.6828426757812498,4.538401977539062,3.8872137404580154,-8.92301145038168,22.293446564885496,0
33864,7.605123693847655,1.8911382202148437,5.338065332031249,14.429198473282442,-13.587133587786258,16.026270992366413,0
33889,7.57639327392578,2.6908015747070313,5.37637255859375,18.99408396946565,-9.029881679389312,8.423217557251908,0
33914,7.425558569335936,2.432227795410156,4.775427941894531,15.902480916030534,-18.9001106870229,6.033904580152671,0
33939,7.128677563476562,1.6205934326171874,4.799369958496094,12.238358778625955,-33.03751526717558,7.148408396946564,0
33964,6.865315380859374,1.1034458740234374,4.969358276367187,11.7956106870229,-32.205454198473284,10.88886641221374,0
33989,6.673779248046874,0.8927561279296874,4.72514970703125,8.574236641221374,-20.686370229007633,16.873599236641223,0
34014,6.585193786621093,0.5096838623046874,4.2582803833007805,3.1543893129770995,-10.449729007633588,19.90413358778626,0
34039,6.807854541015625,0.44982882080078124,4.193636938476562,-2.7158396946564887,-3.6024007633587787,17.117874045801525,0
34064,7.035303698730467,0.44025201416015625,4.210396350097656,-3.3494274809160305,-12.945912213740458,10.37741603053435,0
34089,7.066428320312499,0.14337100830078123,3.9183037475585936,-7.876145038167939,-19.40392748091603,6.011003816793893,0
34114,6.5780111816406235,0.011689916992187493,3.721979211425781,-13.166221374045803,-28.503164122137402,7.789629770992366,0
34139,6.034527404785156,0.07393916015624999,3.9230921508789063,-20.1662213740458,-19.39629389312977,12.514820610687023,0
34165,6.340985217285156,0.19843764648437498,3.99731240234375,-29.929580152671754,12.878515267175572,15.827797709923663,0
34190,7.0472747070312485,0.2535042846679687,3.9159095458984376,-28.63950381679389,10.817446564885497,14.06443893129771,0
34215,7.05924571533203,0.17688983154296872,3.9685819824218753,-18.70057251908397,-17.358125954198474,7.331614503816794,0
34240,6.3768982421875,-0.13435638427734373,4.208002148437499,-17.784541984732822,-10.40392748091603,0.24001145038167937,0
34265,6.2954953857421865,-0.8717704956054688,3.9661877807617185,-18.97538167938931,13.046454198473283,-2.798156488549618,0
34290,6.31225479736328,-1.0920370483398436,3.99731240234375,-17.01354961832061,16.77164503816794,-4.2027366412213745,0
34315,6.812642944335937,-1.61157880859375,3.9661877807617185,-14.708206106870229,12.11515648854962,-6.988996183206107,0
34340,6.841373364257811,-2.277166870117187,3.8201414794921873,-12.051717557251909,7.26782824427481,-11.042431297709925,0
34365,7.09755294189453,-2.7224883789062497,3.863237109375,-8.952480916030535,1.5655381679389313,-13.828690839694657,0
34390,7.219657226562499,-2.892476696777343,3.7243734130859374,-5.586068702290077,0.7258435114503817,-14.149301526717558,0
34415,7.597941088867187,-3.3641344238281246,3.674095178222656,0.2536259541984732,-5.846675572519084,-11.996629770992367,0
34440,7.657796130371094,-3.452719885253906,3.7171908081054688,3.0169847328244277,-5.991713740458016,-7.7599885496183205,0
34465,7.803842431640624,-3.3737112304687495,3.540019885253906,-0.37232824427480915,3.504469465648855,-0.19510305343511447,0
34490,7.899610498046875,-3.3234329956054682,3.7363444213867187,0.6734732824427481,0.6647748091603054,8.781996183206108,0
34515,7.724833776855468,-3.723264672851562,3.891967529296875,1.192557251908397,9.878515267175572,14.980469465648854,0
34541,7.253176049804687,-3.579612573242187,3.9518225708007813,-6.013549618320611,49.83271374045801,16.003370229007633,0
34566,6.999390673828125,-3.4575082885742185,4.016466015624999,-16.776908396946563,92.55027099236642,9.003370229007633,0
34591,6.448724291992186,-4.010568872070312,4.073926855468749,-9.066984732824428,69.96248473282444,-0.7294541984732824,0
34616,5.811866650390624,-4.544475842285156,4.157723913574218,-2.708206106870229,44.08462213740458,-13.080599236641222,0
34641,5.945941943359375,-4.451101977539062,4.521642565917968,-3.3646946564885494,39.57317175572519,-36.07296564885496,0
34666,6.202121520996093,-3.831003747558593,4.519248364257812,-0.7158396946564886,33.92431679389313,-54.424110687022896,0
34691,7.602729492187499,-4.647426513671874,4.45699912109375,23.910114503816796,-19.19782061068702,-61.33250763358778,0
34716,6.211698327636719,-2.655450732421875,5.340459533691406,26.85667938931298,-40.94591221374046,-61.77525572519084,0
34741,7.2316282348632805,0.2918115112304687,6.0802678466796864,-7.318893129770993,38.51973664122137,-53.71418702290076,0
34766,7.310636889648436,1.8624078002929687,5.7402912109374995,-14.36469465648855,11.832713740458015,-33.59204961832061,0
34791,4.040157421875,4.539125256347656,6.827258764648437,-10.830343511450382,-23.449729007633586,-5.843958015267176,0
34816,1.2700661010742182,9.212606896972655,8.146463879394531,-4.53263358778626,12.825080152671756,12.87359923664122,0
34841,2.0577584472656243,13.074454174804686,9.077808325195312,11.696374045801527,75.75637786259543,2.843064885496183,0
34866,3.5517402832031246,12.212541577148436,7.318070104980468,25.31469465648855,88.43576717557252,-30.462278625954198,0
34891,3.281195495605468,10.88854805908203,5.790569445800781,11.765076335877863,58.7029427480916,-60.96609541984733,0
34917,4.894887414550781,5.5494783569335935,5.974922973632812,-4.204389312977099,37.122790076335875,-83.54624809160305,0
34942,4.823061364746093,3.2342853515625,5.2351146606445305,-5.784541984732825,-2.312324427480916,-86.01953053435115,0
34967,4.0042443969726556,4.761786010742187,4.279828198242187,-15.830343511450382,-56.04514885496184,-67.33250763358778,0
34992,3.1566970092773436,5.329211804199218,4.155329711914062,-22.952480916030535,-120.96117938931297,-37.05769847328244,0
35017,2.251688781738281,4.285339880371094,4.978935083007812,-19.929580152671754,-129.72453816793893,-5.706553435114504,0
35042,1.5525818969726561,4.129716772460937,5.053155334472656,-7.776908396946565,-73.47262977099236,16.194209923664122,0
35067,1.87579912109375,4.299705090332031,4.035619628906249,5.108587786259542,-18.56423282442748,32.98046946564886,0
35092,2.9747376831054684,5.152040881347656,4.382778869628906,18.910114503816796,-8.220721374045802,43.20947709923664,0
35117,4.009032800292968,6.030712890625,4.880772814941405,30.13148854961832,-8.510797709923663,44.12550763358779,0
35142,4.198174731445312,5.669188439941406,3.8201414794921873,34.765076335877865,-22.57186641221374,41.392683206106874,0
35167,4.346615234374999,4.031554504394531,3.8273240844726564,24.085687022900764,1.336530534351145,40.6522251908397,0
35192,5.1486727905273435,2.5710914916992187,4.842465588378905,28.955916030534354,33.489202290076335,34.85069847328245,0
35217,5.840597070312499,0.9957067993164062,4.638958447265624,50.078053435114505,45.45103435114503,26.270545801526715,0
35242,5.141490185546874,0.33969554443359373,3.8225356811523437,50.91774809160305,65.84034732824428,22.40031679389313,0
35268,5.792713037109375,-0.22054764404296875,4.622199035644531,43.391030534351145,87.88614885496183,20.73619465648855,0
35293,6.747999499511718,-0.4575736083984375,5.601427514648437,51.49026717557252,84.24492748091603,13.323980916030534,0
35318,6.589982189941405,-0.6634749511718749,5.994076586914062,56.18492366412214,84.04645419847328,2.1865763358778625,0
35343,6.922776220703125,0.8616315063476562,6.106604064941406,54.436832061068706,82.1762251908397,-11.034797709923664,0
35368,6.999390673828125,0.11703479003906249,6.559108178710937,55.06278625954199,48.88614885496183,-23.836324427480918,0
35393,6.6905386596679675,1.4146920898437498,6.896690612792968,49.36049618320611,36.71820992366412,-26.676019083969464,0
35418,6.56125177001953,1.8887440185546873,7.116957165527343,41.80324427480916,24.14569083969466,-28.79052290076336,0
35443,5.567658081054687,2.4537756103515624,6.9421804443359365,27.894847328244275,35.313629770992364,-31.1035,0
35468,5.524562451171874,2.7602334228515626,7.047525317382812,20.82614503816794,34.3441641221374,-30.218003816793892,0
35493,5.1486727905273435,3.588627197265625,6.970910864257812,18.627671755725192,22.153324427480918,-29.088232824427482,0
35518,4.777571533203124,3.6484822387695313,6.712337084960937,17.52080152671756,15.214393129770993,-30.45464503816794,0
35543,4.3992876708984365,3.3539954345703125,6.702760278320312,16.055152671755724,10.168591603053436,-30.324874045801526,0
35568,4.308308007812499,4.012400891113281,6.877536999511718,10.933015267175572,18.878515267175572,-30.401209923664123,0
35593,4.281971789550781,4.512789038085938,6.858383386230468,8.116221374045802,22.58843893129771,-29.340141221374047,0
35618,4.375345654296875,4.2733688720703125,6.738673303222655,9.833778625954197,16.168591603053436,-25.469912213740457,0
35643,4.265212377929687,4.558278869628906,6.9780934692382806,9.902480916030534,12.702942748091603,-22.469912213740457,0
35669,4.049734228515624,4.512789038085938,7.181600610351562,9.391030534351145,22.863248091603054,-20.508080152671756,0
35694,3.843832885742187,4.852765673828125,7.1672354003906245,10.505534351145037,17.657141221374047,-17.050064885496184,0
35719,3.618777929687499,4.443357189941406,7.286945483398437,10.543702290076336,16.61133969465649,-13.385942748091603,0
35744,3.7217286010742185,4.601374499511719,7.136110778808593,9.97118320610687,15.473935114503817,-10.93556106870229,0
35769,11.931446093749997,7.929314807128906,18.510962866210935,-23.387595419847326,-11.22835496183206,-3.4088435114503812,0
35794,3.300349108886718,3.6484822387695313,6.051537426757812,-17.731106870229006,11.061721374045803,12.774362595419847,0
35819,3.5182214599609374,4.620528112792969,8.189559509277343,-10.578435114503817,3.9014160305343513,-2.4546450381679388,0
35844,6.702509667968749,6.480822802734375,9.99718176269531,-21.4868320610687,-7.006980916030534,12.690393129770992,0
35869,1.3730167724609372,3.9740936645507814,4.7634569335937496,-1.2578244274809163,11.359431297709925,-5.27907251908397,0
35894,1.595677526855468,3.399485266113281,4.885561218261718,-8.36469465648855,22.64950763358779,-2.218003816793893,0
35919,4.0018501953125,4.017189294433593,7.655652539062499,-19.85324427480916,38.489202290076335,3.949935114503817,0
35944,1.5717355102539061,3.82804736328125,5.249479870605469,-17.402862595419847,30.634240458015267,3.514820610687023,0
35969,2.553358190917968,3.3108998046875,6.556713977050781,-24.82270992366412,53.51973664122137,6.614057251908396,0
35994,1.7321470214843746,3.2271027465820312,4.9142916381835935,-43.4486641221374,104.29072900763359,7.545354961832061,0
36019,3.056140539550781,4.24942685546875,7.717901782226562,-31.372328244274808,67.71820992366412,7.583522900763358,0
36044,2.436042309570312,4.175206604003906,7.813669848632812,-16.044083969465646,23.657141221374047,5.072072519083969,0
