t_ms,ax,ay,az,gx,gy,gz,label
0,6.352956225585937,3.796922741699219,1.835348303222656,-1.6089694656488547,0.6037061068702291,-12.095866412213741,0
25,6.685750256347656,4.21111962890625,1.8688671264648435,-1.0975190839694657,3.1456908396946566,-15.523347328244274,0
50,7.1214949584960925,4.543913659667969,1.6964846069335937,-0.4333969465648855,1.5197366412213742,-17.11113358778626,0
75,7.370491931152343,4.359560131835938,1.7323976318359373,1.039885496183206,0.12279007633587802,-14.821057251908398,0
100,7.207686218261718,4.340406518554688,1.7252150268554687,3.7879770992366413,-1.060416030534351,-8.301973282442749,0
125,6.946718237304688,4.1057747558593745,1.662965783691406,4.642938931297709,6.046454198473283,-0.5233473282442748,0
150,6.6905386596679675,4.089015344238281,1.902385949707031,4.291793893129771,11.153324427480916,4.850698473282443,0
175,6.625895214843749,4.156052990722656,1.9526641845703123,2.665839694656489,9.015919847328245,6.240011450381679,0
200,6.302677990722656,4.165629797363281,1.9766062011718748,1.6811068702290077,5.229660305343511,3.0415381679389313,0
225,6.032133203124999,3.9860646728515623,2.091527880859375,1.7192748091603054,6.916683206106871,-2.7447213740458016,0
250,6.020162194824217,4.244638452148437,2.1633539306640626,2.711641221374046,7.176225190839695,-10.584416030534351,0
275,5.881298498535156,4.098592150878906,2.2016611572265625,3.352862595419847,8.435767175572519,-19.95082824427481,0
300,5.92918253173828,4.112957360839843,2.1872959472656253,2.5131679389312978,13.275461832061069,-29.393576335877864,0
325,6.036921606445312,4.0483139160156245,2.0651916625976563,1.7650763358778625,15.649507633587787,-37.53098091603053,0
350,6.242822949218749,4.531942651367188,2.1729307373046876,2.757442748091603,16.909049618320612,-44.37067557251908,0
375,6.487031518554686,5.0419076049804685,2.4602349365234377,3.4673664122137406,18.550270992366414,-48.08059923664122,0
401,6.470272106933593,5.28372197265625,2.3692552734375,5.093320610687022,18.54263740458015,-48.90502671755725,0
426,6.843767565917967,5.355548022460938,2.539243591308594,4.80324427480916,21.512103053435116,-46.95846183206107,0
451,7.183744201660155,5.650034826660156,2.6014928344726562,5.505534351145037,18.313629770992367,-39.88212595419847,0
476,7.375280334472655,5.805657934570313,2.781057958984375,3.291793893129771,13.557904580152671,-29.034797709923666,0
501,7.61470050048828,5.949310034179687,2.9701998901367186,-4.1738549618320615,21.038820610687022,-15.195103053435115,0
526,7.858909069824217,6.497582214355469,3.1401882080078125,-12.303625954198473,22.73347709923664,0.8506984732824427,0
551,8.546044946289062,6.921355908203124,3.118640393066406,-20.456297709923664,19.008286259541986,18.316347328244273,0
576,8.780676708984373,7.608491784667969,3.393973583984375,-21.074618320610686,-3.671103053435114,41.24001145038168,0
601,8.071993017578123,7.132045654296875,3.164130224609375,-20.50973282442748,-16.167286259541985,67.14840839694656,0
626,8.340143603515624,6.315622888183594,2.9965361083984376,-24.49446564885496,-8.92301145038168,86.56825572519084,0
651,9.522879223632813,7.112892041015625,2.5153015747070313,-27.402862595419847,-18.182553435114503,110.33924809160305,0
676,9.75990518798828,7.036277587890625,2.3453132568359374,-17.593702290076333,-55.34285877862596,148.2171106870229,0
701,9.661742919921874,6.12648095703125,2.3141886352539065,-5.7234732824427486,-77.27415648854961,189.78962977099238,0
726,7.916369909667968,6.480822802734375,2.606281237792969,-11.983015267175572,-66.70927099236641,229.15604198473284,0
751,7.911581506347656,4.7593918090820315,2.704443505859375,-47.33416030534351,-2.1367519083969464,251.02627099236642,0
776,8.493372509765624,4.716296179199219,2.9294984619140627,-78.29599236641222,16.099889312977098,251.02627099236642,0
802,7.875668481445312,4.421809375,3.164130224609375,-80.53263358778626,-34.442095419847334,251.02627099236642,0
827,6.211698327636719,2.949375354003906,2.723597119140625,-61.13568702290076,-88.2207213740458,251.02627099236642,0
852,5.086423547363281,-0.03619411621093749,1.81380048828125,-56.01354961832061,-66.40392748091602,251.02627099236642,0
877,3.3697809570312494,0.4426462158203125,1.4091804077148435,-71.59370229007634,10.344164122137405,251.02627099236642,0
902,3.3841461669921866,-3.1702040893554684,1.0021661254882812,-83.5631679389313,17.489202290076335,251.02627099236642,0
927,2.5437813842773433,-4.127884753417968,0.195320166015625,-69.70057251908398,-41.823774809160305,251.02627099236642,0
952,1.1312024047851557,-4.372093322753906,0.3030592407226562,-65.2043893129771,-33.03751526717558,251.02627099236642,0
977,0.796014172363281,-4.7168583618164055,-0.5732185668945312,-53.479198473282445,-39.694003816793895,251.02627099236642,0
1002,-1.416228161621094,-5.830162133789062,-0.7575720947265625,-28.33416030534351,-75.81614122137404,251.02627099236642,0
1027,-3.6236820922851565,-6.222811206054687,-0.9515024291992187,-17.891412213740455,-38.09095038167939,251.02627099236642,0
1052,-4.1192818359375,-6.608277673339843,-0.6785634399414062,-33.47156488549618,63.2678282442748,251.02627099236642,0
1077,-5.258921826171875,-4.973037939453125,-1.8349628417968749,4.581870229007634,-62.2207213740458,242.11024045801528,0
1103,-8.625169360351563,-6.364069104003906,-0.7791199096679687,17.971183206106872,-68.5795,225.65985877862596,0
1128,-8.3330767578125,-7.731158251953125,-0.4942099121093749,18.887213740458016,-24.77033969465649,199.20947709923664,0
1153,-11.237243371582032,-6.945860107421875,-1.0448762939453125,32.50553435114504,-46.31232442748092,157.7285610687023,0
1178,-11.146263708496093,-7.726369848632812,-0.3122505859375,36.56660305343512,-45.35812595419848,103.4079503816794,0
1203,-11.766361938476564,-8.554763623046876,0.40361571044921873,34.35286259541985,-38.205454198473284,26.537721374045802,0
1228,-12.683341174316407,-8.945018493652343,0.8680908325195311,30.29942748091603,-8.610034351145037,-52.3859427480916,0
1253,-11.498211352539062,-8.300978247070313,1.2104616699218749,32.0398854961832,-27.289423664122136,-124.78288931297709,0
1278,-10.370542370605468,-7.848474133300781,1.2344036865234373,20.65820610687023,-60.99171374045802,-183.7294541984733,0
1303,-8.809522888183594,-8.260276818847656,2.2399683837890625,2.925381679389313,-63.7321717557252,-235.53098091603053,0
1329,-6.807970300292968,-8.269853625488281,1.835348303222656,-19.99828244274809,-37.877209923664125,-249.24090458015266,0
1354,-4.557420739746094,-7.944242199707031,1.6462063720703124,-29.32652671755725,-31.915377862595417,-249.24090458015266,0
1379,-3.0778041137695316,-7.0990890136718745,0.8465430175781249,-41.02118320610687,-17.518431297709924,-249.24090458015266,0
1404,-2.4146102539062504,-6.617854479980468,0.5951518432617187,-44.280725190839696,-9.197820610687023,-249.24090458015266,0
1429,0.28126081542968695,-6.24675322265625,0.3222128540039062,-39.929580152671754,-7.526064885496183,-249.24090458015266,0
1454,1.3107675292968746,-5.121478442382812,0.17856075439453123,-29.937213740458013,-27.5795,-249.24090458015266,0
1479,2.158314916992187,-2.756007202148437,-0.21169411621093748,-41.44103053435114,-0.45736259541984725,-249.24090458015266,0
1504,3.5756822998046873,-1.7672019165039061,-0.17817529296874998,-35.7692748091603,-9.342858778625954,-249.24090458015266,0
1529,5.634695727539062,-3.3114619873046873,-0.8270039428710937,-33.65477099236641,1.3899656488549619,-249.24090458015266,0
1554,6.513367736816405,0.23435067138671872,0.08518688964843749,-31.799809160305344,0.9624847328244276,-249.24090458015266,0
1579,6.822219750976562,2.707560986328125,-0.40801865234375,-22.066984732824427,-28.510797709923665,-249.24090458015266,0
1604,7.782294616699217,0.44025201416015625,-1.1789515869140625,-21.547900763358776,18.199125954198475,-249.24090458015266,0
1629,8.708850659179685,2.6764363647460936,-0.9993864624023437,-19.899045801526714,72.7792786259542,-224.0271641221374,0
1654,10.614635180664063,6.686724145507812,-0.47984470214843744,-4.670038167938932,8.802179389312977,-182.4241106870229,0
1679,9.362467712402342,4.462510803222656,-0.896435791015625,2.3146946564885496,-27.648202290076334,-158.84395801526716,0
1704,8.301836376953123,4.074650134277343,-1.3441515014648437,4.97118320610687,-5.1214847328244275,-156.85159160305344,0
1729,7.755958398437499,5.142464074707031,-0.9778386474609375,-2.311259541984733,41.565538167938925,-163.45464503816794,0
1755,8.364085620117187,5.776927514648437,-0.9778386474609375,8.673473282442748,8.298362595419848,-171.94319465648854,0
1780,6.958689245605467,5.9995882690429685,-0.8222155395507812,26.70400763358779,-46.26652290076336,-184.40884351145039,0
1805,5.876510095214843,5.537507348632812,-0.5660359619140625,27.459732824427483,-48.83904198473283,-189.64548473282443,0
1830,6.455906896972656,7.934103210449218,-0.5564591552734375,4.665839694656488,-4.426828244274809,-181.44701145038167,0
1855,6.767153112792967,8.26450303955078,-0.6402562133789063,-7.441030534351145,2.389965648854962,-168.97372900763358,0
1880,6.448724291992186,8.587720263671875,-0.11353184814453125,-8.845610687022901,-0.6024007633587787,-153.20273664122138,0
1905,6.053681018066405,9.140780847167967,-0.4415374755859375,-8.189122137404581,12.389965648854963,-125.36304198473282,0
1930,7.547662854003906,11.240495703125,-0.9443198242187499,-14.921946564885497,44.84034732824427,-81.81342366412214,0
1955,10.305783166503904,12.15268653564453,-1.0352994873046875,-17.35706106870229,36.21439312977099,-18.363041984732824,0
1980,11.103052319335937,11.85819973144531,-1.1957109985351562,-2.7463740458015264,-8.144385496183206,65.31634732824428,0
2005,10.214803503417968,12.13353292236328,-0.896435791015625,5.894847328244275,-7.472629770992366,153.55298854961833,0
2030,8.644207214355468,11.31711015625,-0.5780069702148437,5.131488549618321,23.878515267175572,228.83543129770993,0
2055,9.10868233642578,9.856647143554687,-0.25478974609375,-0.807442748091603,44.2678282442748,251.02627099236642,0
2081,8.107906042480469,10.462380163574217,0.367702685546875,-14.845610687022901,39.84034732824427,251.02627099236642,0
2106,7.245993444824218,9.997905041503905,1.18173125,-29.234923664122135,21.695309160305342,251.02627099236642,0
2131,7.365703527832031,6.040289697265625,0.8872444458007812,-35.58606870229008,6.863248091603053,251.02627099236642,0
2156,5.955518749999999,4.584615087890625,1.1314530151367186,-52.70057251908397,36.3441641221374,251.02627099236642,0
2181,5.627513122558594,3.734673498535156,1.5600151123046875,-72.0746183206107,55.87088167938931,251.02627099236642,0
2206,5.522168249511718,1.0172546142578125,0.9063980590820312,-72.2043893129771,27.26019465648855,251.02627099236642,0
2231,4.851791784667968,-0.6395329345703125,0.4131925170898437,-57.67767175572519,-22.182553435114503,251.02627099236642,0
2256,2.646732055664062,-2.162245190429687,0.20968537597656248,-55.18148854961832,-17.05278244274809,251.02627099236642,0
2282,1.3801993774414054,-3.692140051269531,0.24559840087890625,-57.31125954198473,1.222026717557252,251.02627099236642,0
2307,0.32914484863281235,-4.118307946777343,-0.2763375610351563,-43.68530534351145,-10.991713740458014,251.02627099236642,0
2332,-0.2717997680664066,-4.965855334472656,-0.6713808349609375,-29.746374045801524,-22.961179389312978,251.02627099236642,0
2357,-2.237439331054688,-5.8612867553710934,-0.7982735229492187,-21.372328244274808,-12.396293893129771,251.02627099236642,0
2382,-3.5063662109375002,-6.352098095703124,-1.1262791503906249,-25.692938931297707,23.672408396946565,251.02627099236642,0
2407,-3.4608763793945316,-6.337732885742187,-1.3321804931640624,-12.318893129770993,-2.686370229007634,251.02627099236642,0
2432,-5.53664921875,-7.0607817871093745,-1.032905285644531,-13.212022900763358,13.695309160305344,251.02627099236642,0
2457,-6.154353247070313,-6.546028430175781,-0.9036183959960937,1.8108778625954196,-22.510797709923665,243.51482061068702,0
2482,-6.269274926757813,-8.202815979003907,-1.2747196533203125,8.391030534351145,-30.58713358778626,233.7056603053435,0
2507,-7.633969873046875,-6.5723646484375,-0.800667724609375,-4.7311068702290076,15.321263358778626,219.9194007633588,0
2532,-8.440815832519531,-6.9506485107421865,-0.13986806640625,-10.334160305343511,6.985385496183206,197.1255076335878,0
2557,-9.341035656738281,-8.53800421142578,0.34376066894531243,-11.731106870229008,-8.869576335877863,153.47665267175572,0
2582,-13.681723266601562,-8.224363793945313,-0.781514111328125,-19.63950381679389,-29.45736259541985,85.31634732824428,0
2607,-14.095920153808592,-9.009661938476563,-0.8892531860351562,-15.761641221374047,-34.503164122137406,-4.141667938931298,0
2632,-14.759114013671873,-7.503709094238281,-0.9275604125976562,4.704007633587786,-54.22835496183206,-97.47754580152672,0
2658,-12.161405212402343,-7.683274218749999,-0.01776378173828125,19.696374045801527,-76.36575954198473,-180.11113358778627,0
2683,-11.062466650390625,-7.199645483398437,0.5736040283203124,16.253625954198473,-76.40392748091602,-236.6683854961832,0
2708,-9.247661791992186,-7.127819433593749,0.4562881469726562,2.2459923664122137,-51.884843511450384,-249.24090458015266,0
2733,-6.788816687011718,-7.927482788085936,0.39403890380859374,-3.6776717557251906,-35.07568320610687,-249.24090458015266,0
2758,-4.148012255859375,-8.097471105957032,0.9279458740234374,-1.3494274809160305,-24.213087786259543,-249.24090458015266,0
2783,-3.887044274902344,-7.561169934082031,0.06842747802734374,-7.273091603053436,6.565538167938932,-249.24090458015266,0
2808,-2.5055899169921876,-6.51490380859375,-0.33140419921875,-12.402862595419847,24.405232824427483,-249.24090458015266,0
2833,0.9324836669921872,-5.899593981933593,0.5712098266601562,1.0627862595419848,-11.037515267175571,-249.24090458015266,0
2858,1.966778784179687,-5.772701293945312,0.18813756103515625,14.650572519083969,-82.80850763358778,-249.24090458015266,0
2883,1.3466805541992182,-4.745588781738281,0.12588831787109375,-5.4028625954198475,-94.9382786259542,-249.24090458015266,0
2908,1.5262456787109366,-1.5517237670898436,-0.666592431640625,-50.868511450381675,9.08462213740458,-249.24090458015266,0
2933,5.9004521118164055,-3.6298908081054684,-0.4319606689453125,-48.43339694656488,9.977751908396947,-249.24090458015266,0
2958,5.421611779785155,-0.9483849487304687,-0.8054561279296875,-39.486832061068704,-33.90774427480916,-249.24090458015266,0
2983,4.5668817871093745,4.7785454223632815,0.14983033447265623,-38.7692748091603,-52.006980916030535,-249.24090458015266,0
3008,5.756800012207031,3.0259898071289064,-1.3106326782226563,-60.90667938931298,44.45103435114503,-249.24090458015266,0
3033,8.950665026855468,2.1688656127929686,-1.499774609375,-51.486832061068704,139.74874427480916,-249.24090458015266,0
3059,8.12705965576172,7.65877001953125,-0.5732185668945312,25.734541984732825,-51.64820229007634,-249.24090458015266,0
3084,6.666596643066405,7.136834057617187,-1.3752761230468749,33.772709923664124,-70.73980534351145,-249.24090458015266,0
3109,6.427176477050781,6.076202722167968,-2.0695946044921874,16.207824427480915,59.298362595419846,-235.88975954198472,0
3134,7.791871423339843,9.009099755859374,-1.4878036010742186,42.00171755725191,38.741110687022896,-208.26380534351145,0
3159,7.413587561035155,9.727360253906248,-1.4471021728515625,52.55896946564886,-4.8924770992366415,-185.50808015267177,0
3184,7.437529577636718,8.57814345703125,-1.25077763671875,45.719274809160304,-15.190187022900762,-161.14930152671755,0
3209,8.447882678222655,9.456815466308592,-1.0855777221679688,42.48263358778626,-53.78560687022901,-131.95846183206106,0
3234,7.38485714111328,9.926078991699217,-0.9251662109375,19.17729007633588,-29.632935114503816,-89.21037022900764,0
3259,7.916369909667968,10.481533776855468,-0.9586850341796874,-4.280725190839695,9.58080534351145,-35.85159160305343,0
3284,8.871656372070312,10.668281506347656,-0.9131952026367187,-21.79217557251908,35.64950763358778,16.92703435114504,0
3309,9.419928552246091,11.221342089843748,-1.0760009155273438,-31.1662213740458,27.08462213740458,70.63695801526718,0
3334,9.573157458496095,10.886153857421874,-1.011357470703125,-24.608969465648855,-12.770339694656489,124.22474427480917,0
3360,8.299442175292967,10.40970772705078,-1.0927603271484374,-30.99828244274809,21.466301526717558,180.0644389312977,0
3385,8.862079565429685,10.21817159423828,-0.7288416748046875,-43.76164122137404,73.4205,227.22474427480915,0
3410,10.71040324707031,9.973963024902343,-0.23324193115234373,-45.7692748091603,61.52737022900763,251.02627099236642,0
3435,9.896374682617186,9.370624206542967,-0.23803033447265623,-36.601335877862596,-6.526064885496183,251.02627099236642,0
3460,8.309018981933594,8.80080421142578,0.06603327636718749,-34.418129770992365,-27.61003435114504,251.02627099236642,0
3485,6.8389791625976555,6.622080700683593,0.8704850341796874,-45.47156488549618,6.451034351145038,251.02627099236642,0
3510,6.264370764160156,4.476876013183594,0.9758299072265624,-68.01354961832061,49.54263740458015,251.02627099236642,0
3535,5.124730773925781,2.815300061035156,0.33897226562499994,-70.99828244274809,22.283095419847328,251.02627099236642,0
3560,5.060087329101562,1.1633009155273437,-0.0967724365234375,-61.06698473282442,-6.74743893129771,251.02627099236642,0
3585,2.7448943237304686,-1.104008056640625,-0.589977978515625,-52.53263358778626,-19.91537786259542,251.02627099236642,0
3610,1.406535595703125,-2.688969555664062,-0.6833518432617187,-55.227290076335876,11.275461832061069,251.02627099236642,0
3635,0.5805360229492185,-4.719252563476562,-0.9945980590820312,-41.70057251908397,0.015919847328244474,251.02627099236642,0
3660,0.10648409423828076,-5.1861218872070305,-1.1382501586914062,-37.06698473282442,8.09225572519084,251.02627099236642,0
3685,-3.187937390136719,-3.933954418945312,-1.6937049438476561,-39.25019083969465,4.244927480916031,251.02627099236642,0
3710,-2.833595544433594,-5.550040539550781,-0.9203778076171875,-10.112786259541986,-37.85430916030535,251.02627099236642,0
3736,-3.4034155395507812,-6.878822460937499,-0.4487200805664062,-0.3341603053435115,-36.99171374045802,251.02627099236642,0
3761,-4.624458386230469,-6.4957501953125,-1.087971923828125,2.162022900763359,-24.510797709923665,251.02627099236642,0
3786,-6.132805432128906,-6.29703145751953,-1.566812255859375,15.032251908396946,-53.34285877862596,251.02627099236642,0
3811,-7.677065502929687,-7.2235875,-1.3034500732421874,14.765076335877863,-21.098583969465647,251.02627099236642,0
3836,-8.562920117187499,-7.190068676757812,-1.030511083984375,-6.906679389312978,56.35943129770992,249.86596564885497,0
3861,-9.661858679199218,-6.51490380859375,-1.193316796875,-17.784541984732822,68.80981297709924,229.28581297709923,0
3886,-10.174217834472657,-6.289848852539062,-1.51892822265625,-28.402862595419847,71.99301908396947,194.35451526717557,0
3911,-11.265973791503907,-6.936283300781249,-1.432736962890625,-11.807442748091603,14.512103053435116,147.62169083969465,0
3936,-11.182176733398435,-7.070358593749999,-1.6601861206054687,1.704007633587786,0.6266068702290077,88.72092748091603,0
3961,-12.79586865234375,-5.4231478515625,-0.858128564453125,13.078053435114503,-46.77033969465649,-76.24853816793893,0
3986,-11.986628491210936,-6.23957061767578,0.51135478515625,7.352862595419847,-52.28179007633588,-126.35540839694656,0
4011,-10.868536315917968,-6.622642883300781,1.08596318359375,-4.021183206106871,-68.54896564885496,-164.75235496183205,0
4036,-10.569261108398436,-6.538845825195312,0.5664214233398437,-28.49446564885496,-61.86194274809161,-193.56914885496184,0
4061,-10.514194470214843,-7.039233972167968,-0.7551778930664063,-47.58606870229008,-25.632935114503816,-217.22563740458014,0
4086,-8.922050366210938,-7.477372875976562,-1.3824587280273437,-47.12041984732824,12.374698473282443,-238.57678244274808,0
4112,-6.482358874511719,-8.018462451171875,-1.4590731811523436,-23.64713740458015,1.8403473282442748,-249.24090458015266,0
4137,-6.106469213867188,-7.654543798828124,-1.8972120849609375,-7.761641221374045,12.328896946564885,-249.24090458015266,0
4162,-5.05780888671875,-6.823755822753905,-1.9738265380859374,3.8719465648854965,45.37469847328244,-249.24090458015266,0
4187,-2.3236305908203128,-6.806996411132812,-1.5620238525390624,26.238358778625955,47.64187404580152,-249.24090458015266,0
4212,-0.12575346679687538,-6.9865615356445305,-0.7791199096679687,47.60477099236641,43.244927480916026,-249.24090458015266,0
4237,0.04902325439453081,-5.040075585937499,-0.8365807495117187,59.1543893129771,47.672408396946565,-249.24090458015266,0
4262,-0.2981359863281252,-2.734459387207031,-0.6953228515625,64.52080152671755,28.29836259541985,-249.24090458015266,0
4287,4.693774475097656,-3.452719885253906,-0.245212939453125,61.34522900763359,41.32889694656488,-249.24090458015266,0
4312,4.993049682617187,-3.957896435546875,0.4179809204101562,54.78797709923664,74.51973664122137,-249.24090458015266,0
4337,4.250847167968749,-0.5629184814453125,0.7555633544921875,61.78797709923664,30.160958015267177,-249.24090458015266,0
4362,7.265147058105469,0.13618840332031248,0.7411981445312499,35.8337786259542,108.35943129770993,-249.24090458015266,0
4387,8.462247888183594,-0.009857897949218764,1.0811747802734375,48.97881679389313,86.3059961832061,-249.24090458015266,0
4412,7.822996044921875,4.17281240234375,2.8457014038085937,61.2307251908397,14.535003816793894,-249.24090458015266,0
4437,6.934747229003906,4.833612060546875,1.9406931762695312,74.24599236641221,-77.3352251908397,-249.24090458015266,0
4462,7.370491931152343,3.4234272827148438,1.3301717529296875,48.86431297709924,-6.793240458015267,-249.24090458015266,0
4488,7.930735119628905,4.393078955078125,0.884850244140625,54.18492366412214,15.93958396946565,-249.24090458015266,0
4513,6.831796557617186,7.596520776367187,1.7132440185546873,87.51316793893129,-93.86957633587785,-249.24090458015266,0
4538,5.979460766601561,7.682712036132812,0.3629142822265625,58.53606870229008,-23.640568702290075,-249.24090458015266,0
4563,7.4399237792968735,8.956427319335937,0.9686473022460937,43.05515267175573,8.741110687022902,-244.9126603053435,0
4588,9.78624140625,10.10324991455078,0.0756100830078125,49.80324427480916,-58.70927099236641,-201.88975954198472,0
4613,8.811801330566407,8.793621606445312,0.3270012573242187,55.68110687022901,-100.95354580152672,-135.81342366412213,0
4638,8.500555114746092,9.554977734374999,-0.321827392578125,33.513167938931296,-21.098583969465647,-56.87449236641221,0
4663,8.218039318847655,10.560542431640624,-0.08480142822265624,15.849045801526717,9.931950381679389,1.0339045801526718,0
4688,8.129453857421876,11.11120881347656,0.00617823486328125,-7.486832061068703,23.26019465648855,34.377416030534356,0
4713,8.828560742187499,10.84305822753906,-0.13986806640625,-17.540267175572517,-0.35812595419847315,60.71329389312977,0
4738,9.798212414550779,10.577301843261717,-0.580401171875,-14.769274809160306,-40.0527824427481,99.65985877862596,0
4763,9.384015527343749,10.354641088867186,-0.4630852905273437,-7.876145038167939,-56.442095419847334,154.88123282442749,0
4788,8.869262170410156,10.045789074707029,-0.3673172241210937,-23.36469465648855,3.4128664122137407,211.26291221374046,0
4813,8.960241833496092,9.894954370117187,0.010966638183593745,-46.96774809160305,53.3441641221374,251.02627099236642,0
4838,9.431899560546874,8.922908496093749,0.2479926025390625,-64.02881679389314,66.50446946564885,251.02627099236642,0
4863,10.14297745361328,8.008323461914062,0.0277260498046875,-52.49446564885496,0.6418740458015268,251.02627099236642,0
4889,7.892427893066405,7.335552795410156,0.5305083984375,-27.929580152671754,-53.48026335877863,251.02627099236642,0
4914,4.650678845214843,5.094580041503906,0.7675343627929687,-22.754007633587786,-24.73980534351145,251.02627099236642,0
4939,3.7049691894531245,2.3723727539062502,0.9758299072265624,-60.07461832061068,76.04645419847328,251.02627099236642,0
4964,3.6259605346679677,1.4434225097656248,1.1841254516601563,-83.86087786259543,78.7792786259542,251.02627099236642,0
4989,3.094447766113281,-1.2237181396484376,0.8249952026367187,-85.8837786259542,48.87088167938931,251.02627099236642,0
5014,1.2509124877929683,-1.8749409912109376,1.0285023437499998,-88.22729007633589,28.023553435114504,251.02627099236642,0
5039,0.3889998901367182,-3.4958155151367185,-0.072830419921875,-87.21202290076336,17.901416030534353,251.02627099236642,0
5064,0.02029283447265584,-4.800655419921875,-0.7839083129882812,-85.04408396946566,9.535003816793894,251.02627099236642,0
5089,-0.7697937133789066,-6.5939124633789055,-0.8748879760742188,-56.601335877862596,-62.2970572519084,251.02627099236642,0
5114,-3.4129923461914062,-6.519692211914062,-1.3082384765625,-57.18912213740458,-41.6558358778626,251.02627099236642,0
5139,-3.5303082275390625,-6.625037084960937,-1.1119139404296874,-26.929580152671754,-106.56423282442748,251.02627099236642,0
5164,-5.436092749023437,-7.412729431152343,-1.9235483032226561,-25.83034351145038,-70.0298816793893,251.02627099236642,0
5189,-6.59009794921875,-7.712004638671874,-1.9977685546875,-28.883778625954196,-15.617667938931298,251.02627099236642,0
5214,-7.454404748535156,-7.484555480957031,-1.8636932617187498,-27.34179389312977,-5.5642328244274815,239.43085114503816,0
5240,-9.206960363769532,-7.27386573486328,-2.4550610717773433,-16.089885496183204,-6.136751908396947,217.40031679389313,0
5265,-8.866983728027343,-6.783054394531249,-2.067200402832031,-14.036450381679389,27.130423664122137,188.44611832061068,0
5290,-9.930009265136718,-7.448642456054687,-2.507733508300781,-1.6853053435114504,20.672408396946565,153.74382824427482,0
5315,-10.851776904296873,-7.170915063476562,-2.1366322509765623,7.994083969465649,19.183858778625954,115.99573664122137,0
5340,-11.491028747558595,-6.6298254882812495,-2.067200402832031,21.475,-8.098583969465649,70.04153816793894,0
5365,-11.632286645507811,-6.404770532226562,-1.7176469604492186,28.558969465648858,-17.709270992366413,17.949935114503816,0
5390,-12.044089331054685,-6.823755822753905,-0.8844647827148437,30.894847328244275,-28.76270610687023,-37.59968320610687,0
5415,-11.421596899414062,-6.9865615356445305,-0.30027957763671875,22.917748091603055,-22.533698473282442,-88.25617175572519,0
5440,-10.748826232910154,-6.373645910644531,-0.0297347900390625,13.085687022900762,-39.95354580152672,-133.37830916030535,0
5465,-11.395260681152344,-6.131831542968749,-0.5396997436523437,-3.2043893129770993,-32.89247709923664,-170.3325076335878,0
5490,-10.600385729980468,-6.546028430175781,-0.8820705810546875,-11.990648854961833,-15.854309160305341,-207.05006488549617,0
5515,-8.797551879882812,-7.017686157226562,-0.8293981445312499,-7.883778625954198,-15.251255725190838,-245.35540839694656,0
5540,-6.805576098632812,-7.659332202148437,-0.34576940917968746,3.3833969465648854,-27.518431297709924,-249.24090458015266,0
5565,-6.338706774902343,-6.560393640136718,-0.4630852905273437,4.704007633587786,-5.74743893129771,-249.24090458015266,0
5590,-4.473623681640625,-6.3113966674804685,-0.7312358764648438,6.429198473282442,22.168591603053436,-249.24090458015266,0
5616,-1.4425643798828127,-6.775871789550781,-0.30027957763671875,21.421564885496185,6.08462213740458,-249.24090458015266,0
5641,-0.6189590087890626,-6.560393640136718,0.0277260498046875,29.29942748091603,-17.808507633587787,-249.24090458015266,0
5666,0.10169569091796848,-4.850933654785155,0.01336083984375,22.49790076335878,8.481568702290076,-249.24090458015266,0
5691,2.2804192016601554,-3.933954418945312,-0.685746044921875,10.574236641221374,52.50446946564885,-249.24090458015266,0
5716,5.024174304199218,-4.896423486328125,-0.2978853759765625,16.68110687022901,50.244927480916026,-249.24090458015266,0
5741,6.0488926147460935,-4.601936682128906,0.9470994873046874,43.06278625954199,-5.167286259541985,-249.24090458015266,0
5766,2.7999609619140617,1.3237124267578124,-0.6929286499023437,28.268893129770994,57.05408778625954,-249.24090458015266,0
5791,5.943547741699217,3.887902404785156,0.08518688964843749,29.35286259541985,82.55790458015268,-249.24090458015266,0
5816,7.573999072265624,3.6987604736328126,-0.31464478759765624,52.69637404580153,50.252561068702285,-249.24090458015266,0
5841,7.763141003417968,4.0770443359375,0.4969895751953124,75.81851145038168,-10.037515267175571,-249.24090458015266,0
5866,5.589205895996094,8.099303124999999,1.0644153686523437,67.48263358778625,0.015919847328244474,-249.24090458015266,0
5891,7.260358654785155,7.517512121582031,1.0237139404296873,52.1543893129771,84.64950763358779,-249.24090458015266,0
5916,7.454288989257813,8.537442028808593,0.2671462158203125,76.3986641221374,45.64187404580152,-249.24090458015266,0
5941,7.834967053222656,10.443226550292968,0.31503024902343746,97.15438931297709,-47.068049618320615,-241.86685877862595,0
5966,7.636248315429687,9.571737145996092,0.6526126831054687,85.0398854961832,-35.90774427480916,-190.32487404580152,0
5992,8.275500158691404,10.287603442382812,0.21686798095703122,79.25362595419847,-42.48026335877863,-130.27907251908397,0
6017,8.438305871582031,10.90770167236328,0.05885067138671875,77.08568702290076,-85.57186641221374,-82.05769847328244,0
6042,6.59955899658203,10.108038317871092,-0.0871956298828125,55.65057251908397,-60.91537786259542,-45.69891984732824,0
6067,6.738422692871093,10.469562768554686,-0.23803033447265623,23.383396946564886,-5.594767175572519,-18.393576335877864,0
6092,7.181349999999999,11.496675280761718,-0.40562445068359376,-5.410496183206107,11.817446564885497,4.06443893129771,0
6117,8.04805100097656,11.06093057861328,-0.81024453125,-27.98301526717557,7.6571412213740455,33.84306488549618,0
6142,9.228392419433593,10.895730664062498,-1.3489399047851562,-38.44103053435114,-7.190187022900762,79.27817938931298,0
6167,9.384015527343749,11.460762255859374,-1.5380818359375,-32.89141221374046,-25.190187022900762,139.20947709923664,0
6192,8.646601416015624,11.228524694824218,-1.2388066284179686,-36.99064885496183,7.160958015267175,202.72092748091603,0
6217,8.538862341308594,11.546953515624999,-0.6809576416015625,-62.67767175572519,81.47393511450382,251.02627099236642,0
6242,9.515696618652342,10.136768737792968,0.21686798095703122,-79.55553435114504,85.3288969465649,251.02627099236642,0
6267,10.102276025390623,9.564554541015625,0.9806183105468749,-76.89904580152673,13.191492366412215,251.02627099236642,0
6292,7.451894787597655,9.253308325195311,1.117087805175781,-61.799809160305344,-54.28942366412214,251.02627099236642,0
6317,4.509420947265625,6.258162048339844,1.2751051147460937,-74.87614503816795,-6.190187022900764,251.02627099236642,0
6342,4.78714833984375,3.569473583984375,0.9782241088867187,-111.27309160305344,81.56553816793894,251.02627099236642,0
6367,4.839820776367187,2.781781237792969,1.2008848632812499,-126.66240458015268,63.03118702290076,251.02627099236642,0
6393,2.965160876464843,1.1561183105468749,0.5736040283203124,-117.6776717557252,-8.938278625954197,251.02627099236642,0
6418,1.6651093749999992,-0.46236201171875,-0.04649420166015625,-105.525,-42.03751526717558,251.02627099236642,0
6443,0.5182867797851558,-2.763189807128906,-0.9491082275390624,-91.23492366412215,-52.11385114503817,251.02627099236642,0
6468,-0.04195640869140638,-3.617919799804687,-0.6833518432617187,-80.44866412213742,-46.205454198473284,251.02627099236642,0
6493,-0.5184025390625004,-5.066411804199218,-1.8852410766601562,-45.295992366412214,-109.23598854961831,251.02627099236642,0
6518,-2.2733523559570314,-5.547646337890624,-1.7032817504882811,-17.692938931297707,-142.3886603053435,251.02627099236642,0
6543,-3.8343718383789063,-6.534057421875,-1.6697629272460937,-12.70057251908397,-93.95354580152672,251.02627099236642,0
6568,-3.4872125976562502,-7.364845397949218,-2.3497161987304684,-4.998282442748092,-53.96117938931298,251.02627099236642,0
6593,-5.730579553222656,-6.694468933105468,-2.5580117431640623,-6.265458015267176,-28.449729007633586,251.02627099236642,0
6618,-7.495106176757813,-6.577153051757812,-2.275495947265625,-10.036450381679389,-1.9382786259541982,251.02627099236642,0
6643,-8.443210034179687,-7.295413549804687,-2.0839598144531246,-20.883778625954196,52.7029427480916,251.02627099236642,0
6668,-9.688194897460937,-6.941071704101562,-3.7144111450195307,-22.63187022900763,48.565538167938925,235.2934465648855,0
6693,-10.451945227050782,-7.240346911621093,-2.8668637573242184,-14.670038167938932,36.298362595419846,187.0644389312977,0
6718,-12.051271936035157,-7.6234191772460935,-2.6681450195312495,1.7421755725190837,14.351797709923664,129.27817938931298,0
6743,-12.901213525390624,-7.096694812011718,-3.0009390502929683,18.65820610687023,4.59607251908397,60.08733969465649,0
6769,-13.499763940429688,-6.646584899902344,-2.7232116577148435,37.085687022900764,-24.2588893129771,-15.805790076335878,0
6794,-12.76953243408203,-6.522086413574218,-1.6913107421875,45.85667938931298,-41.823774809160305,-87.97372900763358,0
6819,-11.730448913574218,-6.522086413574218,-0.877282177734375,46.765076335877865,-50.10621755725191,-146.7447213740458,0
6844,-10.933179760742188,-6.581941455078124,-0.9515024291992187,42.87958015267176,-46.92301145038168,-192.2332709923664,0
6869,-9.257238598632814,-7.17809766845703,-0.973050244140625,42.91011450381679,-54.243622137404586,-228.4775458015267,0
6894,-7.033025256347656,-8.466178161621094,0.21447377929687497,44.72690839694657,-66.34285877862595,-249.24090458015266,0
6919,-6.614039965820313,-8.159720349121095,-0.0010043701171875002,41.28416030534351,-51.84667557251909,-249.24090458015266,0
6944,-5.950846105957032,-7.182886071777343,-0.37449982910156243,26.566603053435117,-17.9001106870229,-249.24090458015266,0
6969,-4.1025224243164065,-6.447866162109374,-0.4032302490234375,16.589503816793894,-6.251255725190839,-249.24090458015266,0
6994,-0.8679559814453128,-7.518074304199218,0.6143054565429686,23.650572519083973,-36.49553053435115,-249.24090458015266,0
7019,-0.24546354980468799,-7.685668420410155,0.6885257080078124,19.154389312977102,-22.10621755725191,-249.24090458015266,0
7044,-0.18321430664062532,-5.662568017578124,-0.23563613281249998,6.97118320610687,13.107522900763358,-249.24090458015266,0
7069,1.5214572753906248,-4.40082374267578,-0.3721056274414062,5.589503816793893,5.855614503816794,-249.24090458015266,0
7094,4.4567485107421865,-5.291466760253906,0.30545344238281247,23.719274809160307,-57.09095038167939,-249.24090458015266,0
7119,4.870945397949218,-6.019304064941406,1.172154443359375,29.78797709923664,-101.61766793893129,-249.24090458015266,0
7145,3.396117175292968,-2.6099609008789058,-0.5205461303710938,-25.578435114503815,40.51210305343511,-249.24090458015266,0
7170,5.464707409667969,-0.007463696289062516,-0.2883085693359375,-31.616603053435114,64.7411106870229,-249.24090458015266,0
7195,7.834967053222656,-0.36419974365234375,0.5257199951171875,-16.608969465648855,36.618973282442745,-249.24090458015266,0
7220,6.585193786621093,0.4019447875976562,-0.0776188232421875,-0.3341603053435115,-3.228354961832061,-249.24090458015266,0
7245,6.585193786621093,3.40666787109375,-0.02255218505859375,-7.295992366412214,7.290729007633589,-249.24090458015266,0
7271,6.384080847167968,4.232667443847657,0.3461548706054687,-27.35706106870229,117.78691221374046,-249.24090458015266,0
7296,5.1869800170898435,5.477652307128906,0.9542820922851561,-6.456297709923665,173.80217938931298,-249.24090458015266,0
7321,6.075228833007812,8.125639343261717,0.11391730957031249,57.29179389312977,58.64187404580152,-249.24090458015266,0
7346,8.517314526367187,9.059377990722655,0.36530848388671877,79.74217557251907,-66.61766793893129,-249.24090458015266,0
7371,7.2316282348632805,7.670741027832031,1.2583457031249998,91.24599236641221,-149.06041603053436,-234.25617175572518,0
7396,7.334578906249999,6.914173303222656,0.7100735229492187,78.5666030534351,-138.75507251908397,-186.43937786259542,0
7421,6.410417065429686,8.137610351562499,-0.25718394775390624,48.475,-47.92301145038168,-141.94319465648854,0
7446,6.886863195800781,10.414496130371093,-0.3433752075195312,37.00171755725191,-27.747438931297708,-99.9508282442748,0
7471,6.939535632324218,10.550965624999998,-0.9850212524414063,37.45973282442748,-45.251255725190845,-70.35540839694656,0
7496,5.977066564941405,10.397736718749998,-1.3920355346679687,28.66583969465649,-17.510797709923665,-52.72945419847328,0
7521,6.053681018066405,11.716941833496092,-1.643426708984375,13.726908396946564,14.206759541984733,-36.32487404580152,0
7546,7.286694873046874,13.043329553222655,-1.9043946899414061,-0.0364503816793893,26.61897328244275,-10.393576335877864,0
7571,9.182902587890624,12.839822412109374,-2.3066205688476558,0.16202290076335873,-5.701637404580152,34.835431297709924,0
7596,10.133400646972657,11.678634606933592,-2.5292813232421874,10.475,-36.63293511450382,106.6140572519084,0
7621,9.671319726562498,11.812709899902343,-1.9762207397460936,9.543702290076336,-19.08331679389313,184.41558396946564,0
7646,8.313807385253906,12.200570568847654,-1.3656993164062499,-1.4410305343511451,-1.41156106870229,251.02627099236642,0
7672,8.256346545410157,11.563712927246092,-0.5684301635742187,-38.59370229007634,60.489202290076335,251.02627099236642,0
7697,9.194873596191407,10.565330834960935,-0.04649420166015625,-58.03645038167939,37.14569083969465,251.02627099236642,0
7722,6.992208068847655,9.0186765625,0.7268329345703124,-60.00591603053435,-1.5795,251.02627099236642,0
7747,4.250847167968749,7.682712036132812,0.7148619262695312,-77.93721374045802,34.000652671755724,251.02627099236642,0
7772,4.114377673339843,4.7043251708984375,0.7842937744140625,-99.70057251908398,68.47393511450382,251.02627099236642,0
7797,4.574064392089843,3.090633251953125,0.7459865478515624,-108.31125954198474,48.37469847328244,251.02627099236642,0
7822,3.058534741210937,1.4027210815429687,0.21926218261718747,-95.76927480916031,-11.625301526717557,251.02627099236642,0
7847,0.42730711669921817,-0.13914478759765622,-0.08240722656249999,-90.18912213740458,-15.625301526717557,251.02627099236642,0
7872,0.654756274414062,-1.4990513305664062,-0.5420939453125,-70.24255725190841,-40.35812595419848,251.02627099236642,0
7897,0.48476795654296856,-4.063241308593749,-1.1167023437499999,-10.349427480916031,-148.44972900763358,251.02627099236642,0
7922,-0.7745821166992191,-5.837344738769531,-2.1509974609374996,35.32232824427481,-180.21308778625954,251.02627099236642,0
7947,-1.531149841308594,-5.813402722167968,-2.067200402832031,57.253625954198476,-146.09858396946564,251.02627099236642,0
7972,-3.130476550292969,-6.455048767089843,-1.8062324218749999,61.97881679389313,-93.22835496183205,251.02627099236642,0
7997,-3.7793052001953127,-6.914735485839843,-1.7703193969726563,58.070419847328246,-45.686370229007636,251.02627099236642,0
8022,-5.412150732421875,-7.39597001953125,-1.700887548828125,46.32232824427481,7.328896946564885,251.02627099236642,0
8047,-7.1048513061523435,-7.28104833984375,-1.911577294921875,36.55896946564886,48.07698854961832,251.02627099236642,0
8073,-8.617986755371094,-7.4390656494140615,-1.3034500732421874,25.7956106870229,75.12279007633589,251.02627099236642,0
8098,-10.162246826171874,-7.668909008789062,-0.8222155395507812,18.16202290076336,86.1762251908397,227.22474427480915,0
8123,-10.741643627929687,-7.731158251953125,-0.24760714111328125,4.261259541984733,92.11515648854962,182.95756870229008,0
8148,-11.804669165039062,-7.834108923339843,-0.5492765502929687,-2.4639312977099235,70.69530916030534,132.0110038167939,0
8173,-12.235625463867187,-7.065570190429687,-0.7791199096679687,-9.120419847328245,43.82508015267175,77.20947709923665,0
8198,-12.087184960937499,-7.4941322875976555,-0.3170389892578125,-11.586068702290076,9.008286259541984,19.301080152671755,0
8223,-12.388854370117187,-6.998532543945312,-1.1047313354492188,-13.639503816793894,-9.823774809160305,-37.40120992366412,0
8248,-11.950715466308594,-6.737564562988281,-1.3106326782226563,-18.79217557251908,-14.663469465648856,-87.14166793893129,0
8273,-10.98345799560547,-6.5915182617187495,-1.6769455322265625,-17.63187022900763,-28.05278244274809,-129.94319465648854,0
8298,-10.545319091796875,-6.469413977050781,-2.3161973754882808,-9.71583969465649,-59.03751526717558,-169.6683854961832,0
8323,-10.380119177246094,-7.611448168945312,-2.28507275390625,-4.433396946564886,-61.63293511450382,-208.59968320610687,0
8348,-8.780792468261719,-7.97057841796875,-1.959461328125,4.551335877862595,-35.060416030534356,-245.7294541984733,0
8373,-7.231743994140625,-7.601871362304687,-2.1318438476562496,19.612404580152674,-31.289423664122136,-249.24090458015266,0
8398,-5.749733166503907,-7.12063682861328,-1.4782267944335936,29.391030534351145,-29.205454198473284,-249.24090458015266,0
8423,-3.3339836914062504,-7.563564135742187,-1.25077763671875,37.10095419847328,-29.526064885496183,-249.24090458015266,0
8448,-1.5359382446289065,-7.424700439453124,-1.0855777221679688,41.16202290076336,-34.61003435114504,-249.24090458015266,0
8473,-0.4968547241210941,-7.613842370605468,-0.8413691528320313,22.910114503816796,24.130423664122137,-249.24090458015266,0
8499,0.4560375366210936,-5.3920232299804685,-0.6163141967773438,20.742175572519084,75.15332442748092,-249.24090458015266,0
8524,1.7872136596679686,-4.017751477050781,-0.896435791015625,34.757442748091606,42.0235534351145,-249.24090458015266,0
8549,2.9340362548828116,-3.0097925781249995,-0.43435487060546873,46.55896946564886,-11.671103053435115,-249.24090458015266,0
8574,4.70335128173828,-3.5293343383789058,0.8609082275390624,42.55896946564886,2.367064885496183,-249.24090458015266,0
8599,3.5517402832031246,-1.4344078857421874,0.29348243408203123,22.13148854961832,62.0235534351145,-249.24090458015266,0
8624,5.414429174804687,1.4506051147460937,0.291088232421875,18.391030534351145,40.0235534351145,-249.24090458015266,0
8649,6.355350427246093,1.8408599853515624,0.7100735229492187,16.01698473282443,38.741110687022896,-249.24090458015266,0
8674,6.436753283691405,2.1568946044921877,1.7276092285156248,31.757442748091606,19.825080152671756,-249.24090458015266,0
8699,6.321831604003905,5.128098864746094,0.9087922607421874,51.215458015267174,-80.47262977099236,-249.24090458015266,0
8724,6.537309753417968,8.159158166503905,1.4929774658203123,27.650572519083973,-66.0298816793893,-249.24090458015266,0
8749,7.7751120117187495,6.023530285644531,-0.5564591552734375,13.383396946564885,-27.75507251908397,-249.24090458015266,0
8774,6.817431347656249,8.113668334960936,-0.36492302246093744,33.53606870229008,-52.35049236641222,-249.24090458015266,0
8799,7.001784875488281,7.2756977539062495,-0.896435791015625,44.955916030534354,-53.2970572519084,-238.03479770992365,0
8824,7.981013354492187,8.796015808105468,-1.2052878051757812,40.09332061068702,11.733477099236643,-196.86685877862595,0
8849,6.448724291992186,11.151910241699218,-0.9227720092773437,64.06278625954198,-66.62530152671755,-160.03479770992365,0
8874,6.862921179199218,10.931643688964842,-1.6218788940429687,58.5513358778626,-68.72453816793893,-123.01953053435115,0
8900,6.5780111816406235,10.124797729492187,-1.6075136840820312,41.98645038167939,-36.556599236641226,-83.27143893129771,0
8925,7.265147058105469,11.142333435058593,-1.8636932617187498,21.230725190839696,2.3823320610687024,-41.59204961832061,0
8950,7.631459912109373,11.580472338867185,-1.8732700683593748,9.734541984732823,-3.5031641221374046,-0.36304198473282445,0
8975,7.933129321289061,11.59723175048828,-2.057623596191406,-8.318893129770993,12.93958396946565,40.42321755725191,0
9000,9.841308044433593,11.518223095703124,-1.5931484741210937,-9.273091603053436,-31.090950381679388,81.78962977099236,0
9025,8.471824694824218,11.633144775390624,-1.5165340209960938,-0.525,-83.44209541984732,132.56062213740458,0
9050,7.265147058105469,10.637156884765623,-2.1845162841796872,-10.723473282442749,-39.2970572519084,184.9728358778626,0
9075,7.427952770996092,10.115220922851561,-2.265919140625,-29.815076335877862,18.909049618320612,242.4079503816794,0
9100,7.7775062133789055,9.73933126220703,-1.7128585571289061,-42.15095419847328,27.26782824427481,251.02627099236642,0
9125,7.28908907470703,9.351470593261718,-1.0616357055664063,-45.547900763358776,11.168591603053436,251.02627099236642,0
9150,5.881298498535156,8.36027110595703,-0.29070277099609376,-49.76164122137404,18.550270992366414,251.02627099236642,0
9175,5.641878332519531,6.282104064941406,-0.23803033447265623,-60.41049618320611,40.680041984732824,251.02627099236642,0
9200,6.075228833007812,4.654046936035156,-0.130291259765625,-70.9219465648855,55.496835877862594,251.02627099236642,0
9225,5.414429174804687,2.714743591308594,-0.40562445068359376,-66.48683206106871,16.023553435114504,251.02627099236642,0
9250,2.7760189453125,1.0938690673828124,-0.15423327636718748,-57.34179389312977,-5.800874045801526,251.02627099236642,0
9275,1.9332599609374999,-0.8047328491210938,-1.1550095703125,-63.87614503816794,24.43576717557252,251.02627099236642,0
9300,3.2955607055664053,-1.8270569580078124,-0.4319606689453125,-41.051717557251905,-41.755072519083974,251.02627099236642,0
9326,1.5142746704101562,-5.324985583496093,-1.8421454467773437,-9.769274809160306,-93.99171374045801,251.02627099236642,0
9351,-0.6572662353515628,-5.370475415039062,-2.4742146850585933,-8.433396946564885,-85.1443854961832,251.02627099236642,0
9376,-0.9182342163085941,-6.107889526367187,-2.5508291381835932,33.52843511450382,-157.1825534351145,251.02627099236642,0
9401,-1.9597119384765627,-7.166126660156249,-2.440695861816406,56.940648854961836,-141.7092709923664,251.02627099236642,0
9426,-3.5374908325195316,-7.237952709960937,-2.2970437622070308,52.91011450381679,-65.9382786259542,251.02627099236642,0
9451,-4.6076989746093755,-7.340903381347656,-1.952278723144531,45.00171755725191,-0.7856068702290075,251.02627099236642,0
9476,-5.5749564453125,-7.723975646972655,-1.9953743530273436,34.50553435114504,30.321263358778626,251.02627099236642,0
9501,-7.5190481933593745,-6.850092041015625,-1.7798962036132813,26.383396946564886,48.14569083969465,251.02627099236642,0
9526,-8.378566589355469,-6.924312292480468,-1.8996062866210937,24.66583969465649,59.244927480916026,238.75146183206107,0
9551,-9.822270190429688,-7.2307701049804685,-1.8158092285156249,36.06278625954199,37.37469847328244,207.47665267175572,0
9576,-11.153446313476561,-7.041628173828125,-1.6290614990234373,36.68874045801527,44.47393511450382,168.04917175572518,0
9601,-11.294704211425781,-7.034445568847656,-1.3704877197265624,33.80324427480916,36.2678282442748,116.49191984732825,0
9626,-12.008176306152343,-6.718410949707031,-0.6067373901367188,33.1925572519084,-4.159652671755724,58.62169083969466,0
9651,-12.32421092529297,-6.4957501953125,-0.2691549560546875,29.558969465648858,-31.816141221374043,-0.1416679389312977,0
9676,-12.264355883789062,-6.318579272460937,0.3820678955078125,17.49026717557252,-27.663469465648856,-53.21800381679389,0
9702,-12.300268908691407,-5.921141796874999,-0.2883085693359375,13.039885496183206,-36.27415648854962,-103.00426335877863,0
9727,-11.720872106933594,-6.194080786132812,-0.7599662963867188,9.765076335877863,-36.99171374045802,-149.4241106870229,0
9752,-10.157458422851562,-7.386393212890624,-0.187752099609375,14.7956106870229,-53.62530152671756,-191.81342366412213,0
9777,-8.725725830078126,-7.625813378906249,0.0708216796875,16.49790076335878,-58.694003816793895,-229.54624809160305,0
9802,-7.514259790039063,-8.368015893554688,-0.003398571777343755,11.375763358778626,-52.53369847328245,-249.24090458015266,0
9827,-6.812758703613281,-7.743129260253905,0.26954041748046875,3.726908396946565,-21.861942748091604,-249.24090458015266,0
9852,-5.220614599609375,-7.671303210449218,-0.08240722656249999,-2.6013358778625952,20.809812977099238,-249.24090458015266,0
9877,-3.2765228515625,-7.266683129882812,0.47544176025390616,6.062786259541984,34.496835877862594,-249.24090458015266,0
9902,-0.9445704345703128,-7.321749768066406,0.5017779785156249,15.856679389312976,20.91668320610687,-249.24090458015266,0
9927,-0.5399503540039063,-6.320973474121093,0.2312331909179687,22.84141221374046,-3.6405687022900763,-249.24090458015266,0
9952,0.4033651000976559,-4.793472814941405,0.137859326171875,18.5131679389313,-0.09858396946564874,-249.24090458015266,0
9977,2.697010290527343,-5.135843652343749,0.9231574707031249,17.63530534351145,-2.9459122137404576,-249.24090458015266,0
10002,3.8749575073242184,-5.2962551635742185,0.8417546142578124,24.933015267175573,-16.434461832061068,-249.24090458015266,0
10027,3.1614854125976555,-3.167809887695312,-0.2763375610351563,5.352862595419847,32.993019083969465,-249.24090458015266,0
10052,5.256411865234375,-1.6522802368164062,0.1905317626953125,9.078053435114503,15.993019083969466,-249.24090458015266,0
10077,6.609135803222656,-2.3202624999999997,0.7268329345703124,10.032251908396946,46.69530916030534,-249.24090458015266,0
10103,5.998614379882812,-0.3977185668945312,0.674160498046875,32.23072519083969,19.878515267175572,-249.24090458015266,0
10128,5.627513122558594,4.895861303710937,0.8968212524414062,29.13148854961832,-16.533698473282442,-249.24090458015266,0
10153,6.609135803222656,5.446527685546875,0.3174244506835937,29.192557251908397,-52.15201908396947,-249.24090458015266,0
10178,6.520550341796874,4.194360217285157,0.5712098266601562,20.566603053435117,-10.014614503816793,-249.24090458015266,0
10203,6.118324462890624,5.602150793457031,0.16419554443359374,31.849045801526717,-20.10621755725191,-249.24090458015266,0
10228,6.132689672851561,8.044236486816406,0.5712098266601562,19.223091603053437,55.3441641221374,-249.24090458015266,0
10253,6.209304125976561,10.105644116210936,-0.6043431884765625,60.32232824427481,-71.84667557251908,-249.24090458015266,0
10278,7.459077392578124,9.418508239746092,-1.3249978881835938,59.452099236641224,-120.6940038167939,-245.4241106870229,0
10303,7.164590588378906,8.022688671874999,-1.1334617553710937,49.085687022900764,-63.480263358778636,-186.32487404580152,0
10328,8.292259570312499,11.068113183593749,-1.8325686401367187,44.03988549618321,-9.006980916030534,-118.37830916030534,0
10353,8.076781420898438,10.682646716308593,-0.8629169677734375,35.74980916030535,21.95485114503817,-65.63021755725191,0
10378,7.741593188476561,11.752854858398436,-0.7695431030273437,29.63530534351145,7.244927480916031,-28.676019083969464,0
10403,7.490202014160155,11.71215343017578,-1.011357470703125,21.078053435114505,-7.877209923664122,-3.218003816793893,0
10428,7.619488903808594,11.08008419189453,-1.4447079711914061,10.375763358778626,-21.42682824427481,25.255278625954197,0
10453,8.119877050781248,10.570119238281249,-1.9427019165039061,1.5589694656488549,-33.11385114503817,63.36214885496184,0
10478,8.225221923828123,10.48632218017578,-1.6218788940429687,-2.7158396946564887,-35.42682824427481,110.1407748091603,0
10504,7.28908907470703,10.163104956054687,-1.71046435546875,-17.15858778625954,2.825080152671756,157.7667290076336,0
10529,7.84454385986328,10.258873022460936,-1.2651428466796875,-43.99828244274809,61.46630152671755,204.50718702290078,0
10554,9.570763256835935,9.468786474609374,-0.7096880615234374,-61.71583969465649,74.4968358778626,251.02627099236642,0
10579,9.623435693359372,9.81594571533203,-0.14944487304687498,-62.288358778625955,30.26019465648855,251.02627099236642,0
10604,8.01692637939453,8.942062109374998,0.54966201171875,-51.242557251908394,-22.5795,251.02627099236642,0
10629,6.4798489135742185,7.835940942382813,0.8776676391601562,-56.547900763358776,10.11515648854962,251.02627099236642,0
10654,6.010585388183594,6.08817373046875,0.9925893188476562,-75.67003816793894,58.90904961832061,251.02627099236642,0
10679,5.718492785644531,3.8041053466796875,1.0237139404296873,-81.17385496183206,40.37469847328244,251.02627099236642,0
10704,4.329855822753905,2.1952018310546877,0.7531691528320312,-92.0364503816794,38.84798091603053,251.02627099236642,0
10729,3.171062219238281,1.1417531005859374,0.2767230224609375,-97.12041984732825,33.9472175572519,251.02627099236642,0
10754,2.809537768554687,-0.9842979736328126,-0.11353184814453125,-89.9219465648855,6.405232824427481,251.02627099236642,0
10779,2.4073118896484367,-3.8693109741210936,-0.427172265625,-89.32652671755726,4.397599236641222,251.02627099236642,0
10804,0.7840431640624996,-4.958672729492187,-0.8796763793945312,-104.99828244274809,23.832713740458015,251.02627099236642,0
10829,-0.7769763183593752,-4.3218150878906245,-1.499774609375,-97.34942748091603,-22.335225190839694,251.02627099236642,0
10855,-0.4657301025390628,-5.940295410156249,-1.2435950317382811,-22.089885496183204,-204.02224809160305,251.02627099236642,0
10880,-2.5869927734375002,-7.163732458496093,-2.1366322509765623,-15.822709923664123,-156.3504923664122,251.02627099236642,0
10905,-4.3467309936523435,-6.615460278320312,-2.1893046874999995,13.704007633587786,-187.36575954198472,251.02627099236642,0
10930,-4.301241162109375,-7.458219262695311,-1.9427019165039061,25.84141221374046,-136.57186641221372,251.02627099236642,0
10955,-5.436092749023437,-8.332102868652344,-1.7607425903320313,11.30706106870229,-21.312324427480917,246.9728358778626,0
10980,-6.429686437988281,-7.094300610351562,-2.6849044311523436,7.070419847328244,19.76401145038168,230.28581297709923,0
11006,-7.404126513671875,-8.401534716796876,-2.641808801269531,13.207824427480915,33.09225572519084,208.30871374045802,0
11031,-8.143934826660157,-7.695245227050781,-2.490974096679687,24.223091603053437,19.08462213740458,180.55298854961833,0
11056,-10.284351110839843,-7.501314892578124,-2.1893046874999995,35.27652671755725,2.2449274809160307,151.03390458015267,0
11081,-9.472716748046874,-7.652149597167968,-0.934743017578125,41.45973282442748,-3.1749198473282445,119.36978244274809,0
11106,-9.970710693359376,-7.860445141601562,-1.107125537109375,41.50553435114504,-8.350492366412213,79.55298854961832,0
11131,-10.832623291015626,-8.16211455078125,-0.027340588378906253,40.948282442748095,-27.08331679389313,36.68275954198474,0
11156,-11.165417321777344,-7.841291528320312,0.16658974609375,32.53606870229008,-24.991713740458014,-6.836324427480917,0
11181,-10.808681274414063,-7.721581445312499,0.904003857421875,19.719274809160307,-29.480263358778625,-46.309606870229004,0
11206,-10.897266735839843,-7.6617264038085935,1.1099052001953125,5.520801526717557,-37.49553053435115,-84.72182061068702,0
11231,-10.231678674316406,-7.6066597656249995,0.9542820922851561,-9.486832061068702,-45.23598854961833,-120.96609541984732,0
11256,-10.092814978027343,-7.781436486816405,0.7364097412109374,-23.67767175572519,-58.373393129770996,-156.43174427480915,0
11281,-9.343429858398437,-7.934665393066406,0.4969895751953124,-36.02118320610687,-59.41156106870229,-193.0653320610687,0
11306,-8.316317346191406,-8.626589672851562,0.3006650390625,-41.87614503816794,-44.739805343511456,-225.86685877862595,0
11331,-6.558973327636719,-8.504485388183594,-0.0010043701171875002,-39.03645038167939,-32.747438931297715,-249.24090458015266,0
11356,-5.55580283203125,-8.013674047851563,-0.9898096557617188,-36.83797709923664,-35.91537786259542,-249.24090458015266,0
11381,-4.107310827636719,-7.558775732421874,-1.05924150390625,-38.555534351145035,-39.571866412213744,-249.24090458015266,0
11407,-1.5622744628906253,-7.39597001953125,-0.8078503295898437,-34.860877862595416,-57.388660305343514,-249.24090458015266,0
11432,-1.4377759765625002,-6.356886499023437,-1.040087890625,-41.051717557251905,-54.77797328244275,-249.24090458015266,0
11457,-0.34602001953125017,-5.253159533691406,-1.0927603271484374,-48.53263358778626,-37.2207213740458,-249.24090458015266,0
11482,1.5501876953124993,-4.575600463867187,-1.5596296508789063,-51.37996183206107,-47.34285877862596,-249.24090458015266,0
11507,2.8741812133789058,-3.598766186523437,-1.5931484741210937,-52.13568702290076,-76.19782061068702,-249.24090458015266,0
11532,3.2692244873046867,-2.267590063476562,-2.0336815795898437,-66.66240458015268,-83.47262977099236,-249.24090458015266,0
11557,3.4080881835937493,0.3468781494140625,-2.4359074584960934,-95.27309160305344,-36.70927099236641,-249.24090458015266,0
11582,5.117548168945312,1.0004952026367187,-2.3018321655273435,-105.06698473282444,-2.2054541984732823,-249.24090458015266,0
11607,5.215710437011718,3.263015771484375,-3.024881066894531,-98.06698473282444,-27.5795,-249.24090458015266,0
11632,5.175009008789062,6.346747509765625,-3.522875012207031,-103.525,-46.02224809160305,-249.24090458015266,0
11657,6.396051855468749,6.071414318847656,-3.6617387084960935,-114.13568702290077,-8.258889312977098,-249.24090458015266,0
11682,6.0488926147460935,6.389843139648438,-3.647373498535156,-102.55553435114504,19.08462213740458,-249.24090458015266,0
11707,6.204515722656249,7.474416491699219,-3.992138537597656,-74.25782442748093,-2.4039274809160305,-249.24090458015266,0
11732,4.207751538085937,8.932485302734374,-4.50689189453125,-63.25019083969465,22.550270992366414,-249.24090458015266,0
11757,4.320279016113281,9.329922778320311,-4.5619585327148435,-78.77690839694657,200.05408778625954,-241.22563740458014,0
11783,6.151843286132812,11.78158527832031,-2.7615188842773435,-49.1662213740458,223.07698854961833,-198.1035,0
11808,8.019320581054686,13.28274971923828,-1.8349628417968749,-4.815076335877863,137.94721755725192,-152.1798358778626,0
11833,8.481401501464841,12.550124011230468,-1.023328479003906,32.024618320610685,18.878515267175572,-105.60731679389313,0
11858,9.21881561279297,11.106420410156248,-0.628285205078125,38.826145038167944,-17.098583969465647,-60.88212595419847,0
11883,9.398380737304688,11.228524694824218,0.06842747802734374,30.696374045801527,-32.67873664122138,-14.485179389312977,0
11908,8.380845031738282,11.472733264160155,0.14025352783203124,11.238358778625955,-56.35812595419848,37.377416030534356,0
11933,8.799830322265624,10.912490075683593,-0.30027957763671875,-14.036450381679389,-62.88484351145039,88.69802671755725,0
11958,7.791871423339843,11.104026208496093,-0.5732185668945312,-28.86851145038168,-89.45736259541984,142.39268320610688,0
11984,8.002561169433594,11.123179821777342,-0.8293981445312499,-53.227290076335876,-55.40392748091603,191.4995534351145,0
12009,7.758352600097655,12.722506530761716,-1.202893603515625,-73.50209923664123,-25.87720992366412,247.9728358778626,0
12034,9.302612670898437,10.527023608398435,-2.0791714111328123,-55.45629770992366,-73.25888931297709,251.02627099236642,0
12059,9.36965031738281,10.438438146972654,-2.3880234252929684,-17.67003816793893,-93.57186641221374,251.02627099236642,0
12084,7.198109411621092,9.89256016845703,-2.912353588867187,27.955916030534354,-96.6711030534351,251.02627099236642,0
12109,7.111918151855469,9.001917150878905,-2.095930822753906,67.9253816793893,-82.75507251908397,251.02627099236642,0
12134,5.807078247070312,6.5239184326171875,-2.115084436035156,77.36812977099235,-13.014614503816793,251.02627099236642,0
12159,4.277183386230468,4.6851715576171875,-2.0624119995117183,53.704007633587786,66.46630152671756,251.02627099236642,0
12184,4.1167718749999995,2.659676953125,-1.5859658691406249,28.82614503816794,79.00065267175573,251.02627099236642,0
12209,2.301967016601562,-0.048165124511718754,-1.1286733520507812,7.719274809160305,75.48920229007634,251.02627099236642,0
12234,0.5158925781249994,-2.3274451049804683,-0.609131591796875,-48.57843511450382,171.1380572519084,251.02627099236642,0
12259,0.49434476318359355,-2.6291145141601557,-0.7360242797851563,-86.42576335877864,148.4968358778626,251.02627099236642,0
12284,0.635602661132812,-3.921983410644531,-1.1382501586914062,-91.50973282442749,64.35943129770992,251.02627099236642,0
12309,-1.4689005981445316,-6.3042140625,-1.3728819213867187,-90.38759541984733,1.0846221374045801,251.02627099236642,0
12334,-3.2430040283203128,-4.652214916992187,-1.5213224243164063,-93.12805343511451,-29.152019083969464,251.02627099236642,0
12360,-3.6739603271484373,-5.178939282226562,-3.0296694702148432,-54.357061068702286,-152.77033969465649,251.02627099236642,0
12385,-6.906132568359375,-5.997756249999999,-3.1230433349609372,-5.639503816793893,-248.2207213740458,251.02627099236642,0
12410,-7.167100549316406,-6.033669274902343,-3.343309887695312,-0.5555343511450382,-154.98408015267177,251.02627099236642,0
12435,-7.641152478027344,-5.849315747070312,-3.28106064453125,1.5055343511450383,-108.12911832061069,251.02627099236642,0
12460,-9.630734057617186,-6.445471960449218,-3.542028625488281,14.29942748091603,-79.86957633587785,230.07207251908397,0
12485,-11.593979418945313,-8.372804296875,-4.528439709472656,36.8337786259542,-59.76270610687023,177.5758893129771,0
12510,-11.95310966796875,-7.929876989746092,-2.9554492187499997,67.78034351145038,-61.36575954198474,110.13314122137405,0
12535,-12.333787731933594,-7.503709094238281,-1.7798962036132813,92.5895038167939,-73.60240076335877,41.59115648854962,0
12560,-11.859735803222655,-7.443854052734374,0.5736040283203124,95.69637404580152,-80.48026335877863,-18.317240458015267,0
12585,-11.297098413085937,-7.058387585449218,1.6653599853515624,75.91774809160304,-70.37339312977099,-61.88212595419847,0
12610,-10.346600354003906,-6.646584899902344,2.3070060302734374,43.383396946564886,-66.49553053435115,-90.80579007633588,0
12635,-9.764809350585939,-7.309778759765624,2.6805014892578125,13.436832061068701,-81.24362213740457,-110.14166793893129,0
12660,-9.278786413574219,-8.011279846191407,2.548820397949219,-13.944847328244276,-87.0680496183206,-129.04243129770992,0
12685,-9.420044311523437,-7.913117578124999,2.00533662109375,-38.425763358778624,-84.15201908396946,-143.75998854961833,0
12710,-9.197383557128905,-8.107047912597656,1.5480441040039061,-54.85324427480916,-64.75507251908397,-162.3859427480916,0
12735,-7.04978466796875,-9.550751513671875,2.261516198730469,-57.39522900763359,-27.839041984732823,-187.99662977099237,0
12761,-6.099286608886718,-8.57631143798828,1.0572327636718748,-49.731106870229006,-26.365759541984733,-204.18746946564886,0
12786,-4.32997158203125,-8.245911608886718,-0.003398571777343755,-43.07461832061068,-82.62530152671755,-212.05769847328244,0
12811,-4.811206115722657,-8.597859252929688,-0.19732890625,-56.983015267175574,-91.01461450381679,-216.36304198473283,0
12836,-2.9700650390625003,-9.538780505371093,-0.10874344482421874,-68.05935114503818,-83.91537786259542,-228.80579007633588,0
12861,-2.725856469726563,-8.286613037109376,-0.42477806396484374,-83.86087786259543,-46.83140839694657,-236.92029389312978,0
12886,-1.6317063110351566,-7.077541198730468,-0.9682618408203125,-92.50209923664123,-28.984080152671755,-248.9355610687023,0
12911,-0.12096506347656266,-7.398364221191406,-1.4782267944335936,-94.11278625954199,-38.85430916030535,-249.24090458015266,0
12936,0.6858808959960934,-6.131831542968749,-1.3896413330078123,-92.08225190839696,-68.3886603053435,-249.24090458015266,0
12961,0.9396662719726558,-3.7543892944335933,-1.4303427612304687,-102.49446564885497,-47.31232442748092,-249.24090458015266,0
12986,1.535822485351562,-1.2811789794921875,-1.3202094848632813,-92.89141221374047,-125.30469083969466,-249.24090458015266,0
13011,2.230140966796874,-1.9132482177734376,-2.6753276245117186,-140.58606870229008,18.939583969465648,-249.24090458015266,0
13036,2.534204577636718,-2.1790046020507807,-2.213246704101562,-130.76164122137405,-25.45736259541985,-249.24090458015266,0
13061,3.5924417114257805,0.6174229370117187,-3.271483837890625,-137.79980916030536,-51.47262977099237,-249.24090458015266,0
13086,3.4463954101562493,2.975711572265625,-3.3840113159179683,-157.7158396946565,-29.04514885496183,-249.24090458015266,0
13111,3.1566970092773436,4.376319543457031,-3.2595128295898435,-174.55553435114504,24.26019465648855,-249.24090458015266,0
13136,4.657861450195312,6.078596923828125,-4.023263159179687,-160.38759541984734,-11.976446564885496,-249.24090458015266,0
13162,4.68419766845703,7.302033972167968,-4.324932568359375,-138.9601145038168,-80.81614122137404,-249.24090458015266,0
13187,4.468719519042968,8.412943542480468,-4.815743908691406,-156.5479007633588,25.634240458015267,-249.24090458015266,0
13212,6.740816894531249,9.325134375,-6.283389526367188,-136.41812977099238,90.71057633587786,-249.24090458015266,0
13237,8.830954943847654,11.671452001953124,-5.902711462402344,-73.8837786259542,17.496835877862598,-208.0653320610687,0
13262,9.252334436035156,11.288379736328123,-6.395917004394531,-25.128053435114502,-37.08331679389313,-143.9355610687023,0
13287,8.735186877441404,11.73130704345703,-5.584282641601562,-8.379961832061069,12.138057251908398,-84.69891984732824,0
13312,9.903557287597657,12.423231323242186,-5.672868103027343,-4.1738549618320615,49.47393511450382,-24.98136259541985,0
13337,11.194031982421873,13.258807702636718,-5.929047680664063,2.948282442748092,25.138057251908396,28.278179389312978,0
13362,10.425493249511717,11.637933178710936,-5.433447937011719,19.14675572519084,-17.800874045801525,81.85069847328245,0
13387,9.544427038574216,10.725742346191405,-5.840462219238281,35.72690839694657,-21.304690839694658,129.5758893129771,0
13412,9.561186450195311,10.170287561035154,-4.85165693359375,50.67347328244275,-16.518431297709924,172.9194007633588,0
13437,7.746381591796875,10.42886134033203,-4.688851220703125,52.98645038167939,5.237293893129771,220.7667290076336,0
13462,7.296271679687499,9.703418237304687,-3.4414721557617183,36.078053435114505,74.5350038167939,251.02627099236642,0
13490,8.431123266601563,8.523076818847654,-3.982561730957031,24.123854961832063,85.6647748091603,251.02627099236642,0
13515,7.566816467285155,7.306822375488281,-2.919536193847656,41.7956106870229,9.26019465648855,251.02627099236642,0
13540,5.603571105957031,5.453710290527344,-1.8253860351562499,50.52843511450382,6.275461832061069,251.02627099236642,0
13565,5.962701354980468,3.2582273681640626,-2.830950732421875,33.627671755725196,59.20675954198473,251.02627099236642,0
13590,5.6394841308593735,2.5088422485351565,-1.5955426757812499,30.20019083969466,41.89378244274809,251.02627099236642,0
13615,2.761653735351562,4.474481811523438,-2.232400317382812,19.543702290076336,59.7792786259542,251.02627099236642,0
13640,1.210211059570312,0.7012199951171875,-0.580401171875,-47.59370229007634,220.65714122137405,251.02627099236642,0
13665,3.918053137207031,-2.080842333984375,-0.8365807495117187,-135.731106870229,251.55027099236642,251.02627099236642,0
13690,5.098394555664062,-5.554828942871093,0.19292596435546874,-134.731106870229,172.59607251908398,251.02627099236642,0
13715,3.716940197753906,-4.238018029785156,0.12349411621093748,-128.6395038167939,54.71057633587786,251.02627099236642,0
13740,2.550963989257812,-2.332233508300781,-0.19732890625,-104.50209923664123,-73.61766793893129,251.02627099236642,0
13766,-0.24067514648437527,-5.135843652343749,-1.6553977172851562,-83.6013358778626,-103.785606870229,251.02627099236642,0
13791,-0.08984044189453178,-6.924312292480468,-2.4742146850585933,-55.62423664122137,-121.19018702290076,251.02627099236642,0
13816,-2.084210424804688,-5.961843225097656,-3.1828983764648435,-32.418129770992365,-110.49553053435115,251.02627099236642,0
13841,-4.131252844238281,-6.249147424316406,-3.087130310058593,3.093320610687023,-156.88484351145038,251.02627099236642,0
13866,-6.108863415527344,-6.543634228515624,-3.0081216552734373,-2.960114503816794,-63.2588893129771,251.02627099236642,0
13891,-7.0114774414062495,-6.3042140625,-2.4574552734374997,23.17729007633588,-100.88484351145038,251.02627099236642,0
13916,-8.541372302246094,-6.241964819335937,-2.0312873779296874,39.139122137404584,-109.54896564885496,245.75909541984734,0
13941,-10.207736657714843,-6.656161706542968,-2.328168383789062,43.37576335877863,-114.96117938931297,213.26291221374046,0
13966,-11.431173706054686,-5.887622973632812,-0.7264474731445313,58.14675572519084,-112.3886603053435,171.91176717557252,0
13991,-11.972263281250001,-7.333720776367187,-0.45111428222656247,48.10095419847328,-58.12911832061069,119.19420992366412,0
14016,-12.192529833984374,-7.209222290039062,0.4634707519531249,38.10858778625954,-40.205454198473284,58.339248091603054,0
14041,-12.156616809082031,-7.283442541503906,0.9973777221679687,26.055152671755728,-38.823774809160305,-4.660751908396947,0
14066,-12.752773022460936,-7.187674475097656,1.1937022583007812,16.696374045801527,-43.44972900763359,-67.44701145038168,0
14091,-11.92198504638672,-7.166126660156249,1.8975975463867185,7.039885496183206,-46.86194274809161,-123.59968320610686,0
14116,-11.402443286132812,-6.634613891601562,1.3996036010742186,-4.1738549618320615,-53.67110305343512,-169.49281297709922,0
14142,-11.368924462890625,-6.744747167968749,0.9375226806640624,-3.746374045801527,-103.57186641221374,-208.21037022900762,0
14167,-9.374554479980468,-7.383999011230468,1.1937022583007812,-18.4486641221374,-72.88484351145038,-242.18746946564886,0
14192,-7.1838599609375,-8.29618984375,0.7196503295898437,-21.723473282442747,-48.60240076335878,-249.24090458015266,0
14217,-5.742550561523437,-7.975366821289062,0.31503024902343746,-13.906679389312977,-62.823774809160305,-249.24090458015266,0
14242,-4.780081494140624,-7.283442541503906,0.38925050048828125,-29.196755725190837,-29.777973282442748,-249.24090458015266,0
14267,-2.5415029418945316,-6.584335656738281,0.0564564697265625,-39.50973282442748,8.886148854961831,-249.24090458015266,0
14292,-0.5495271606445318,-6.790236999511718,-0.0297347900390625,-36.525,23.45103435114504,-249.24090458015266,0
14317,0.48476795654296856,-5.664962219238281,-0.0441,-33.173854961832056,17.4586679389313,-249.24090458015266,0
14342,2.0002976074218743,-4.448707775878906,-0.5660359619140625,-32.66240458015267,-4.678736641221374,-249.24090458015266,0
14367,2.9005174316406244,-3.318644592285156,-0.33619260253906247,-38.731106870229006,-14.816141221374046,-249.24090458015266,0
14392,4.487873132324218,-4.9419133178710934,0.25038680419921877,-45.96011450381679,14.741110687022902,-249.24090458015266,0
14417,3.879745910644531,-1.5134165405273436,-0.4942099121093749,-55.242557251908394,15.557904580152671,-249.24090458015266,0
14442,3.8342560791015616,2.2215380493164063,0.45389394531249994,-72.29599236641222,72.6647748091603,-249.24090458015266,0
14467,7.526115039062499,1.273434191894531,-0.896435791015625,-85.05171755725192,148.16859160305344,-249.24090458015266,0
14493,6.185362109374998,3.274986779785156,1.2942587280273437,-31.616603053435114,25.786912213740457,-249.24090458015266,0
14518,6.068046228027343,6.162393981933594,1.2104616699218749,-32.77690839694657,31.489202290076335,-249.24090458015266,0
14543,6.661808239746093,5.618910205078125,0.8752734375,-37.479198473282445,42.01591984732824,-249.24090458015266,0
14568,7.906793103027343,6.693906750488281,-0.0297347900390625,-41.06698473282442,115.11515648854962,-249.24090458015266,0
14593,8.009743774414062,8.681094128417968,0.51135478515625,-3.960114503816794,82.74874427480917,-249.24090458015266,0
14618,7.928340917968749,8.479981188964842,0.38446209716796875,24.940648854961832,28.313629770992367,-236.71418702290077,0
14643,8.62984200439453,8.961215722656249,0.31024184570312496,54.40629770992366,-29.5413320610687,-198.1264007633588,0
14668,8.474218896484373,9.540612524414062,0.5065663818359374,64.52843511450381,-41.999347328244276,-155.20273664122138,0
14693,7.753564196777343,10.060154284667968,0.4467113403320312,63.574236641221376,-39.0527824427481,-114.67601908396946,0
14718,8.61787099609375,10.673069909667968,0.6765546997070312,45.66583969465649,-4.457362595419847,-78.24090458015267,0
14743,10.183678881835938,11.575683935546873,0.8776676391601562,32.59713740458015,-15.5795,-42.07296564885496,0
14768,11.258675427246093,12.49745157470703,0.789082177734375,25.940648854961832,-63.9764465648855,8.812530534351145,0
14793,10.997707446289063,12.667439892578123,0.0013898315429687474,17.116221374045804,-92.21308778625954,71.17130916030534,0
14818,11.23473341064453,11.91087216796875,-1.2340182250976561,9.780343511450381,-97.35049236641221,144.09497328244274,0
14843,11.206002990722656,13.115155603027342,-1.2842964599609374,11.024618320610687,-86.06041603053434,216.09497328244274,0
14869,9.896374682617186,13.251625097656248,-1.3417572998046874,15.780343511450381,-85.49553053435115,251.02627099236642,0
14894,8.24676973876953,12.090437292480468,-1.298661669921875,1.3833969465648854,-26.76270610687023,251.02627099236642,0
14919,8.37366242675781,9.744119665527343,-1.3465457031249999,-2.2349236641221375,-11.602400763358778,251.02627099236642,0
14944,6.204515722656249,8.951638916015623,-0.41998966064453125,5.749809160305343,-17.434461832061068,251.02627099236642,0
14969,4.590823803710937,6.641234313964843,-0.24042453613281248,6.497900763358778,0.2907290076335878,251.02627099236642,0
14994,3.077688354492187,2.393920568847656,-0.59955478515625,6.536068702290076,9.397599236641222,251.02627099236642,0
15019,3.223734655761718,-0.36898814697265625,-0.8437633544921875,-10.761641221374045,47.96248473282442,251.02627099236642,0
15044,1.6004659301757806,0.5001070556640624,-0.5420939453125,-37.77690839694657,75.50446946564885,251.02627099236642,0
15069,1.2533066894531246,-1.09443125,-0.8892531860351562,-15.68530534351145,-21.70163740458015,251.02627099236642,0
15094,-0.4202402709960942,-3.371317028808593,-1.1382501586914062,-2.311259541984733,-45.3352251908397,251.02627099236642,0
15119,-1.818454040527344,-4.7719249999999995,-0.9682618408203125,9.940648854961832,-46.27415648854962,251.02627099236642,0
15144,-2.8407781494140627,-4.3960353393554685,-1.3441515014648437,1.8643129770992366,-3.2894236641221375,251.02627099236642,0
15169,-3.29567646484375,-5.660173815917968,-1.4255543579101562,26.33759541984733,-66.28179007633588,251.02627099236642,0
15194,-4.792052502441406,-5.2220349121093745,-1.7727135986328124,21.78797709923664,-32.64056870229008,251.02627099236642,0
15219,-6.501512487792969,-5.363292810058593,-0.8533401611328125,19.7956106870229,-26.144385496183205,251.02627099236642,0
15245,-6.669106604003906,-5.044863989257812,-1.55723544921875,33.23835877862596,-58.84667557251909,251.02627099236642,0
15270,-9.78156876220703,-5.909170788574218,-1.1597979736328126,30.917748091603055,-22.56423282442748,251.02627099236642,0
15295,-10.480675646972657,-5.746365075683594,-1.2268356201171875,7.96354961832061,35.92431679389313,243.47665267175572,0
15320,-11.61552723388672,-5.348927600097656,-0.8988299926757812,16.574236641221376,-6.503164122137404,211.690393129771,0
15345,-12.218866052246092,-6.0480344848632805,-0.4774505004882812,3.497900763358779,38.45103435114503,166.69802671755727,0
15370,-13.50455234375,-6.658555908203124,-0.7216590698242188,13.055152671755724,8.11515648854962,105.1789427480916,0
15395,-14.273091076660155,-6.890793469238281,-0.6737750366210937,25.742175572519084,-19.72453816793893,33.003370229007636,0
15420,-13.597926208496094,-7.31217296142578,0.06842747802734374,36.80324427480916,-27.938278625954197,-39.33250763358778,0
15445,-13.16696990966797,-6.589124060058593,0.7340155395507811,32.44446564885496,-24.793240458015266,-97.4622786259542,0
15470,-12.482228234863282,-6.225205407714843,1.1673660400390624,19.688740458015268,-30.961179389312978,-141.43174427480915,0
15495,-11.361741857910157,-6.2347822143554685,0.9973777221679687,-1.0211832061068704,-37.5795,-176.56914885496184,0
15520,-10.645875561523436,-6.890793469238281,0.9782241088867187,-21.250190839694657,-33.31232442748092,-209.90502671755726,0
15545,-8.799946081542968,-7.958607409667969,1.0308965454101562,-30.570801526717556,-18.999347328244273,-245.0271641221374,0
15570,-7.31793525390625,-8.023250854492188,1.18173125,-31.387595419847326,-12.487896946564884,-249.24090458015266,0
15596,-6.755297863769531,-8.413505725097657,0.14264772949218749,-33.99064885496183,-11.052782442748091,-249.24090458015266,0
15621,-6.089709802246094,-7.161338256835937,-0.41041285400390626,-43.418129770992365,16.57317175572519,-249.24090458015266,0
15646,-3.8128240234375,-6.385616918945312,-0.8126387329101562,-43.57080152671755,48.28309541984733,-249.24090458015266,0
15671,-1.464112194824219,-6.210840197753906,-0.3625288208007812,-20.82270992366412,33.298362595419846,-249.24090458015266,0
15696,0.5805360229492185,-4.738406176757812,-0.29309697265625,-6.418129770992366,36.03118702290076,-249.24090458015266,0
15721,0.9492430786132808,-3.6035545898437498,-0.9371372192382812,12.849045801526717,15.733477099236643,-249.24090458015266,0
15746,2.3713988647460935,-2.1742161987304685,-1.0448762939453125,20.734541984732825,-16.533698473282442,-249.24090458015266,0
15771,2.8765754150390617,-1.0297878051757812,-0.9084067993164062,15.49026717557252,7.015919847328245,-249.24090458015266,0
15796,3.690603979492187,-0.3115273071289062,-0.3936534423828125,3.97881679389313,86.96248473282444,-249.24090458015266,0
15821,3.580470703124999,2.745868212890625,-0.3074621826171875,13.765076335877863,103.68767557251908,-249.24090458015266,0
15846,3.5158272583007806,5.752985498046875,-0.20451151123046873,29.49790076335878,125.9701183206107,-249.24090458015266,0
15871,4.753629516601562,8.925302697753905,-0.21887672119140625,51.131488549618325,145.97011832061068,-249.24090458015266,0
15896,5.85256807861328,11.393724609374999,0.8130241943359374,92.95591603053434,23.054087786259544,-249.24090458015266,0
15921,5.986643371582031,10.414496130371093,0.6765546997070312,103.63530534351145,-40.503164122137406,-249.24090458015266,0
15946,8.177337890625001,9.461603869628904,0.6502184814453125,83.08568702290076,14.199125954198474,-249.24090458015266,0
15972,8.43351746826172,12.11437930908203,1.0907515869140625,92.23835877862595,-36.9001106870229,-237.55388167938932,0
15997,8.273105957031248,12.600402246093749,0.3030592407226562,77.3986641221374,-61.7321717557252,-164.96609541984733,0
16022,7.72962218017578,12.91883106689453,0.21447377929687497,41.070419847328246,-13.777973282442748,-101.77525572519083,0
16047,8.459853686523438,13.890876940917968,0.31503024902343746,-5.7311068702290076,56.741110687022896,-44.05006488549618,0
16072,10.930669799804686,14.25240139160156,0.9734357055664062,-28.66240458015267,49.176225190839695,8.07970610687023,0
16097,10.770258288574219,12.763207958984374,1.0692037719726561,-30.29599236641221,16.512103053435116,59.68275954198474,0
16122,9.702444348144532,11.671452001953124,1.325383349609375,-34.784541984732826,43.122790076335875,108.43848473282443,0
16147,9.896374682617186,11.831863513183592,1.6462063720703124,-43.059351145038164,61.931950381679385,149.75146183206107,0
16172,11.043197277832029,12.11437930908203,2.4458697265625,-46.30362595419847,17.168591603053436,187.03390458015267,0
16197,9.51090821533203,12.317886450195312,2.15856552734375,-41.37996183206107,-59.13675190839695,222.43085114503816,0
16222,7.935523522949217,10.364217895507812,1.8784439331054685,-54.75400763358778,-42.36575954198474,251.02627099236642,0
16247,7.949888732910156,9.021070764160156,1.911962756347656,-68.61660305343511,-9.495530534351145,251.02627099236642,0
16272,7.8134192382812495,8.649969506835935,1.6198701538085936,-60.89141221374046,-47.27415648854962,251.02627099236642,0
16297,5.835808666992187,7.385831030273438,1.0787805786132811,-50.34179389312977,-85.91537786259542,251.02627099236642,0
16323,4.408864477539062,5.180771301269531,0.6813431030273437,-48.59370229007634,-72.93064503816794,251.02627099236642,0
16348,4.370557250976562,3.75143291015625,0.7292271362304686,-58.097519083969466,-30.991713740458014,251.02627099236642,0
16373,4.02100380859375,2.5615146850585937,0.6166996582031249,-61.50209923664122,-39.503164122137406,251.02627099236642,0
16398,3.0896593627929683,1.1106284790039063,0.4826243652343749,-59.929580152671754,-63.640568702290075,251.02627099236642,0
16423,2.325909033203125,-0.23251865234375,-0.40801865234375,-68.89141221374047,-55.36575954198474,251.02627099236642,0
16448,2.084094665527343,-2.418424768066406,-0.589977978515625,-79.04408396946566,-48.48026335877863,251.02627099236642,0
16473,1.0067039184570308,-2.4256073730468746,-1.087971923828125,-81.33416030534352,-76.62530152671755,251.02627099236642,0
16498,0.7696779541015619,-4.120702148437499,-1.5835716674804687,-60.50973282442748,-133.48026335877861,251.02627099236642,0
16523,-1.387497741699219,-3.713687866210937,-1.9762207397460936,-40.63187022900763,-154.73980534351145,251.02627099236642,0
16548,-3.4034155395507812,-4.178162988281249,-3.2020519897460935,-25.433396946564883,-137.77797328244273,251.02627099236642,0
16573,-4.930916198730468,-4.963461132812499,-3.4630199707031246,13.429198473282442,-175.81614122137404,251.02627099236642,0
16598,-6.760086267089844,-5.997756249999999,-2.1749394775390622,31.688740458015268,-134.99934732824428,251.02627099236642,0
16623,-7.600451049804687,-5.717634655761718,-1.6601861206054687,28.13912213740458,-59.99171374045802,251.02627099236642,0
16648,-8.213366674804687,-6.107889526367187,-2.4383016601562497,14.45973282442748,-3.594767175572519,251.02627099236642,0
16673,-10.447156823730468,-4.589965673828124,-2.3976002319335934,24.49790076335878,-54.999347328244276,251.02627099236642,0
16698,-11.852553198242187,-4.8485394531249995,-2.452666870117187,-2.18912213740458,3.2449274809160307,241.79726335877862,0
16724,-13.257949572753905,-5.193304492187499,-1.8110208251953124,9.032251908396946,-24.190187022900762,195.75909541984734,0
16749,-22.238599999999998,-11.332037548828126,0.6597952880859375,6.757442748091603,-4.9001106870229005,100.28581297709924,0
16774,-16.43266097412109,-5.095142224121093,-1.7032817504882811,8.276526717557251,-35.518431297709924,-113.56914885496182,0
16799,-12.86051209716797,-4.980220544433593,-0.44632587890625,-0.8608778625954198,-34.739805343511456,-161.84395801526716,0
16824,-12.1254921875,-4.858116259765625,-0.5588533569335937,-14.425763358778626,-37.03751526717558,-195.309606870229,0
16849,-11.6274982421875,-5.961843225097656,-0.90601259765625,-30.074618320610686,-4.197820610687023,-223.515713740458,0
16874,-9.951557080078125,-7.458219262695311,-1.3848529296874998,-24.555534351145038,13.244927480916031,-249.24090458015266,0
16899,-8.55094910888672,-6.960225317382812,-1.7894730102539063,-18.372328244274808,26.26019465648855,-249.24090458015266,0
16924,-6.4081386230468755,-6.287454650878906,-1.981009143066406,-11.883778625954198,22.847980916030536,-249.24090458015266,0
16949,-5.723396948242188,-5.042469787597656,-1.882846875,-12.37232824427481,25.45103435114504,-249.24090458015266,0
16974,-4.069003601074218,-4.913182897949218,-1.8325686401367187,-13.242557251908398,42.36706488549618,-249.24090458015266,0
16999,-1.6293121093750003,-3.914800805664062,-1.3058442749023438,-2.883778625954198,24.481568702290076,-249.24090458015266,0
17024,-0.2215215332031253,-3.1031664428710934,-0.9371372192382812,5.665839694656488,-12.984080152671755,-249.24090458015266,0
17049,0.3530868652343746,-1.6546744384765624,-1.3872471313476562,-12.479198473282443,13.160958015267177,-249.24090458015266,0
17074,2.2205641601562496,-0.5605242797851563,-1.8636932617187498,-23.769274809160304,28.489202290076335,-249.24090458015266,0
17100,4.959530859375,-3.7855139160156246,-0.3625288208007812,-10.066984732824428,-70.05278244274808,-249.24090458015266,0
17125,2.5030799560546866,1.1992139404296873,-2.1294496459960937,-62.1662213740458,31.10752290076336,-249.24090458015266,0
17150,4.471113720703125,6.923750109863281,-1.4830151977539061,-97.97538167938932,184.45103435114504,-249.24090458015266,0
17175,6.0704404296874985,6.634051708984375,-1.7344063720703125,-40.25019083969465,114.90904961832061,-249.24090458015266,0
17200,9.537244433593749,6.442515576171875,-0.3122505859375,2.4291984732824425,50.29072900763359,-249.24090458015266,0
17225,7.753564196777343,9.265279333496093,-1.1669805786132812,28.230725190839696,-17.709270992366413,-249.24090458015266,0
17250,6.865315380859374,9.576525549316406,-1.2388066284179686,29.16202290076336,-30.442095419847327,-249.24090458015266,0
17275,8.876444775390624,9.633986389160155,-1.7631367919921874,13.7956106870229,34.10752290076336,-249.24090458015266,0
17300,9.788635607910155,11.968333007812499,-1.6745513305664061,16.780343511450383,-4.281790076335877,-230.40884351145039,0
17325,8.981789648437498,13.02657014160156,-1.5308992309570313,22.78797709923664,-75.52606488549618,-171.7447213740458,0
17350,8.589140576171875,12.193387963867186,-2.1964872924804686,1.0627862595419848,-39.48789694656489,-116.05769847328244,0
17375,9.721597961425779,14.692934497070311,-2.2731017456054685,-24.692938931297707,19.344164122137403,-60.37067557251908,0
17400,11.361626098632811,15.641038354492187,-2.4670320800781247,-30.395229007633585,-13.472629770992366,-1.698919847328244,0
17425,10.947429211425781,14.238036181640624,-2.74475947265625,-25.410496183206106,-54.67110305343512,61.5377213740458,0
17450,10.657730810546873,14.35535206298828,-3.3480982910156247,-15.234923664122137,-59.21308778625954,130.05680534351146,0
17475,9.776664599609376,14.216488366699217,-3.4965387939453123,-2.9830152671755723,-53.34285877862596,199.35451526717557,0
17501,10.406339636230467,12.693776110839842,-2.986573840332031,11.734541984732823,-29.976446564885496,251.02627099236642,0
17526,8.620265197753906,11.530194104003904,-2.5412523315429683,30.268893129770994,-27.23598854961832,251.02627099236642,0
17551,8.292259570312499,10.92685528564453,-2.289861157226562,36.72690839694657,-15.938278625954197,251.02627099236642,0
17576,6.853344372558593,8.898966479492186,-2.479003088378906,45.268893129770994,-33.694003816793895,251.02627099236642,0
17601,6.096776647949219,6.289286669921875,-1.9570671264648436,50.81851145038168,-26.984080152671755,251.02627099236642,0
17626,4.167050109863281,4.8168526489257815,-1.0999429321289063,43.207824427480915,7.115156488549619,251.02627099236642,0
17651,2.704192895507812,3.7274908935546875,-1.0831835205078124,25.444465648854962,51.91668320610687,251.02627099236642,0
17676,2.9747376831054684,3.0355666137695314,-0.79109091796875,-5.112786259541985,86.33653053435116,251.02627099236642,0
17701,2.378581469726562,1.098657470703125,-0.896435791015625,-26.50973282442748,62.37469847328244,251.02627099236642,0
17726,1.4017471923828122,-0.5365822631835937,-0.9467140258789062,-28.616603053435114,15.305996183206107,251.02627099236642,0
17751,-0.015620190429687764,-0.6227735229492187,-0.9275604125976562,-25.433396946564883,-10.167286259541985,251.02627099236642,0
17776,-0.9613298461914066,-3.062465014648437,-1.7439831787109374,-2.723473282442748,-54.2970572519084,251.02627099236642,0
17801,-1.425804968261719,-5.1861218872070305,-2.536463928222656,4.001717557251908,-54.45736259541985,251.02627099236642,0
17826,-3.8152182250976563,-5.152603063964843,-2.222823510742187,-10.53263358778626,-9.915377862595419,251.02627099236642,0
17851,-5.895779467773437,-5.068806005859375,-1.7798962036132813,12.29942748091603,-70.07568320610686,251.02627099236642,0
17876,-7.138370129394531,-4.951490124511718,-1.7631367919921874,22.00171755725191,-73.48026335877863,251.02627099236642,0
17902,-7.284416430664063,-5.322591381835937,-2.1318438476562496,43.772709923664124,-114.67873664122136,251.02627099236642,0
17927,-9.417650109863281,-4.867693066406249,-1.9474903198242186,46.12385496183206,-86.45736259541984,251.02627099236642,0
17952,-11.45990412597656,-4.645032312011718,-0.5444881469726562,46.8337786259542,-57.77797328244275,240.77436259541986,0
17977,-13.602714611816406,-5.717634655761718,-0.48463310546874994,33.894847328244275,21.45103435114504,204.39268320610688,0
18002,-14.251543261718748,-5.080777014160156,0.15940714111328125,29.536068702290077,31.4205,154.0873396946565,0
18027,-15.192464514160157,-5.025710375976562,-0.47505629882812495,35.12385496183206,-13.548965648854962,90.70566030534351,0
18052,-15.06078342285156,-6.172532971191406,0.22165638427734372,31.100954198473286,-25.77033969465649,18.507187022900762,0
18077,-14.093525952148436,-6.763900781249999,0.8561198242187499,23.31469465648855,-20.808507633587787,-56.0653320610687,0
18102,-12.989798986816407,-6.112677929687499,1.1841254516601563,10.63530534351145,-23.526064885496183,-117.36304198473282,0
18127,-12.111126977539062,-5.394417431640624,1.2990471313476561,-5.631870229007634,-35.877209923664125,-156.95846183206106,0
18152,-11.2444259765625,-5.360898608398437,0.9470994873046874,-22.944847328244272,-36.205454198473284,-183.58441603053436,0
18177,-9.867760021972657,-6.579547253417968,0.9662531005859374,-35.08225190839695,-25.831408396946564,-210.88212595419847,0
18202,-8.802340283203126,-7.1182426269531245,0.9494936889648437,-39.89904580152672,-9.281790076335877,-241.35540839694656,0
18227,-7.633969873046875,-6.840515234374999,0.42995192871093746,-44.89904580152672,0.22966030534351156,-249.24090458015266,0
18252,-6.13041123046875,-7.31217296142578,0.11631151123046873,-49.173854961832056,-3.8314083969465647,-249.24090458015266,0
18278,-4.4017976318359375,-6.730381958007812,-0.2691549560546875,-53.746374045801524,-6.724538167938931,-249.24090458015266,0
18303,-3.456087976074219,-6.378434313964843,-0.02255218505859375,-55.64713740458015,1.237293893129771,-249.24090458015266,0
18328,-1.9597119384765627,-6.478990783691406,-0.48463310546874994,-59.555534351145035,54.71820992366412,-249.24090458015266,0
18353,-0.5303735473632814,-4.8461452514648435,-1.222047216796875,-51.89141221374046,55.58843893129771,-249.24090458015266,0
18378,1.2126052612304683,-2.4064537597656246,-1.3992181396484376,-39.486832061068704,14.504469465648855,-249.24090458015266,0
18403,2.210987353515624,-1.8701525878906249,-1.3800645263671873,-32.601335877862596,-30.89247709923664,-249.24090458015266,0
18428,2.6012422241210933,-2.099995947265625,-0.8653111694335938,-57.51736641221374,67.68004198473282,-249.24090458015266,0
18453,3.2692244873046867,0.7706518432617186,-1.7248295654296875,-26.35706106870229,-34.48026335877863,-249.24090458015266,0
18478,3.901293725585937,0.21519705810546874,-3.6928633300781244,-53.21965648854962,19.901416030534353,-249.24090458015266,0
18503,6.065652026367187,3.849595178222656,-1.4614673828125,-37.13568702290076,-33.999347328244276,-249.24090458015266,0
18528,3.676238769531249,6.763338598632813,-2.3497161987304684,-47.43339694656488,-81.70927099236641,-249.24090458015266,0
18553,4.5692759887695304,12.030582250976561,-2.826162329101562,-78.27309160305344,-3.0451488549618317,-249.24090458015266,0
18578,8.359297216796875,9.971568823242187,-3.9035530761718746,-86.95248091603054,85.87088167938931,-249.24090458015266,0
18603,9.015308471679688,11.022623352050779,-2.8429217407226557,1.093320610687023,-80.23598854961831,-249.24090458015266,0
18628,9.532456030273437,10.115220922851561,-4.727158447265625,24.581870229007635,-109.90774427480916,-249.24090458015266,0
18654,9.391198132324217,11.63553897705078,-4.892358361816406,32.10858778625954,-50.59476717557252,-155.7447213740458,0
18679,9.68329073486328,13.917213159179687,-5.11980751953125,21.375763358778627,15.305996183206107,-64.24853816793893,0
18704,9.594705273437498,15.33218634033203,-4.980943823242187,9.398664122137404,24.786912213740457,-2.7141870229007634,0
18729,9.56836905517578,14.020163830566405,-4.990520629882813,-6.593702290076336,40.2678282442748,39.47665267175573,0
18754,10.703220642089843,11.870170739746092,-4.949819201660156,-6.1738549618320615,43.46630152671755,77.03390458015268,0
18779,10.336907788085938,11.04177696533203,-4.109454418945313,5.7116412213740455,43.0998893129771,120.72856106870229,0
18804,9.934681909179687,10.814327807617186,-3.3002142578124998,17.276526717557253,47.40523282442748,166.30871374045802,0
18829,8.83334914550781,9.875800756835936,-2.929113000488281,14.31469465648855,73.80217938931298,210.3850496183206,0
18854,9.477389392089844,8.829534631347656,-2.2252177124023436,2.726908396946565,97.78691221374046,250.84306488549618,0
18879,9.92510510253906,7.491175903320312,-1.9355193115234375,4.108587786259542,70.47393511450382,251.02627099236642,0
18904,8.320989990234374,7.941285815429687,-1.7918672119140624,27.406297709923667,-1.777973282442748,251.02627099236642,0
18929,6.436753283691405,6.195912805175781,-1.8205976318359374,48.49026717557252,-55.9764465648855,251.02627099236642,0
18954,4.94037724609375,3.8639603881835938,-1.722435363769531,49.60477099236641,-20.365759541984733,251.02627099236642,0
18979,4.58842960205078,2.6908015747070313,-1.3058442749023438,38.948282442748095,27.77164503816794,251.02627099236642,0
19004,3.7025749877929686,2.899097119140625,-0.7384184814453125,26.238358778625955,43.71820992366412,251.02627099236642,0
19030,2.7065870971679686,0.3684259643554687,-0.4487200805664062,2.894847328244275,70.89378244274809,251.02627099236642,0
19055,2.122401892089843,-0.32349831542968743,-0.245212939453125,-33.357061068702286,121.20675954198474,251.02627099236642,0
19080,1.950019372558593,-0.4168721801757812,-0.45590268554687496,-38.18912213740458,67.64187404580153,251.02627099236642,0
19105,0.9564256835937495,-2.964302746582031,-0.45590268554687496,-19.952480916030535,-22.373393129770992,251.02627099236642,0
19130,0.15676232910156207,-4.218864416503906,-1.042482092285156,-1.837977099236641,-56.79324045801527,251.02627099236642,0
19155,-1.492842614746094,-5.526098522949218,-0.14705067138671873,51.00171755725191,-162.48026335877861,251.02627099236642,0
19180,-1.3539789184570314,-6.917129687499999,-0.3792882324218749,93.53606870229007,-183.58713358778627,251.02627099236642,0
19205,-2.651636218261719,-7.565958337402343,-1.3010558715820313,102.1925572519084,-126.12911832061069,251.02627099236642,0
19230,-4.423345446777343,-7.503709094238281,-0.8222155395507812,90.42156488549618,-64.19782061068702,251.02627099236642,0
19255,-6.3339183715820315,-6.098312719726562,0.24080999755859375,79.04751908396946,-14.907744274809161,251.02627099236642,0
19280,-5.584533251953125,-7.182886071777343,-0.6713808349609375,84.21545801526717,-13.411561068702289,249.0644389312977,0
19305,-6.853460131835938,-6.332944482421874,0.22165638427734372,84.42156488549618,-1.0527824427480916,231.28581297709923,0
19330,-8.826282299804689,-6.165350366210937,0.5544504150390624,86.9635496183206,-1.0298816793893129,212.44611832061068,0
19355,-10.416032202148436,-6.376040112304687,1.7395802368164062,81.45973282442748,21.12279007633588,193.47665267175572,0
19380,-12.10633857421875,-6.29703145751953,2.754721740722656,58.24599236641222,82.1762251908397,169.9881030534351,0
19405,-11.967474877929686,-6.845303637695312,2.69486669921875,41.513167938931296,72.13042366412215,127.9346679389313,0
19431,-19.710323046874997,-9.9434005859375,7.969292956542969,-9.166221374045803,-27.92301145038168,-30.179835877862597,0
19456,-12.623486132812499,-5.949872216796875,3.4442518188476563,-47.242557251908394,-45.434461832061075,-95.78288931297709,0
19481,-10.593203124999999,-6.490961791992187,3.5136836669921876,-64.68530534351146,-66.74743893129771,-129.18746946564886,0
19506,-9.867760021972657,-6.177321374511719,3.4418576171875,-89.54026717557252,-60.96881297709924,-148.30197328244273,0
19531,-9.903673046875,-6.759112377929687,2.8409130004882814,-110.525,-30.663469465648856,-162.80579007633588,0
19556,-9.166258935546875,-7.084723803710937,1.9981540161132811,-121.38759541984733,3.92431679389313,-181.81342366412213,0
19581,-7.827900207519531,-7.23555850830078,0.8010531860351562,-117.9219465648855,-0.5794999999999999,-208.3325076335878,0
19606,-6.393773413085937,-7.570746740722655,0.36530848388671877,-108.79217557251908,-24.03751526717557,-237.2943396946565,0
19631,-5.005136450195312,-7.630601782226562,-0.4630852905273437,-106.34942748091603,-23.251255725190838,-249.24090458015266,0
19656,-3.4536937744140626,-7.467796069335937,-0.7671489013671875,-101.18912213740458,-37.23598854961833,-249.24090458015266,0
19681,-3.118505541992188,-6.383222717285156,-1.0736067138671874,-103.7158396946565,-15.564232824427481,-249.24090458015266,0
19706,-1.579033874511719,-5.827767932128905,-1.9450961181640625,-105.87614503816795,3.3823320610687024,-249.24090458015266,0
19731,-0.0611100219726568,-5.236400122070312,-2.6777218261718745,-108.48683206106871,24.88614885496183,-249.24090458015266,0
19756,1.1766922363281247,-4.724040966796874,-2.8022203125,-100.94484732824428,32.60370610687023,-249.24090458015266,0
19782,1.2772487060546869,-4.221258618164062,-3.0607940917968746,-89.74637404580153,-2.0222480916030534,-249.24090458015266,0
19807,1.461602233886718,-4.249989038085937,-1.9379135131835936,-104.98301526717557,77.83271374045802,-249.24090458015266,0
19832,3.7432764160156244,-3.878887780761718,-2.5963189697265623,-88.8837786259542,52.52737022900763,-249.24090458015266,0
19857,2.7281349121093745,0.6054519287109374,-3.621037280273437,-97.09751908396947,78.02355343511451,-249.24090458015266,0
19882,4.631525231933593,3.1456998901367186,-3.2259940063476558,-99.23492366412215,72.16859160305344,-249.24090458015266,0
19907,6.106353454589843,3.033172412109375,-2.7663072875976558,-87.36469465648855,33.367064885496184,-249.24090458015266,0
19932,5.251623461914062,6.080991125488281,-2.1031134277343746,-66.8303435114504,-63.22835496183206,-249.24090458015266,0
19957,6.786306726074218,6.959663134765624,-3.1350143432617186,-82.54790076335878,-55.64820229007634,-249.24090458015266,0
19982,6.647443029785156,7.364283215332031,-4.016080554199219,-54.85324427480916,-136.2970572519084,-249.24090458015266,0
20007,6.975448657226562,7.998746655273437,-5.929047680664063,-48.02881679389313,-158.2588893129771,-249.24090458015266,0
20032,6.6833560546875,9.191059082031249,-5.383169702148438,-39.54026717557252,-137.8237748091603,-239.4775458015267,0
20057,6.712086474609374,10.799962597656249,-6.661673388671875,-20.2043893129771,-113.16728625954198,-180.59968320610687,0
20082,7.116706555175781,13.031358544921874,-8.179597241210937,-12.341793893129772,-75.83904198473282,-122.05769847328244,0
20107,6.980237060546874,13.989039208984373,-8.998414208984375,0.48263358778625953,-72.85430916030533,-67.9508282442748,0
20132,6.664202441406249,13.445555432128904,-9.283324206542968,7.245992366412214,-46.80850763358779,-18.94319465648855,0
20158,6.7623647094726556,12.04973586425781,-9.204315551757812,12.95591603053435,-5.197820610687023,28.278179389312978,0
20183,7.4399237792968735,10.993892932128905,-8.581823120117187,25.82614503816794,29.909049618320612,74.85833206106871,0
20208,7.88285108642578,11.602020153808592,-8.47168984375,38.581870229007635,52.76401145038167,121.07970610687023,0
20233,7.684132348632812,11.767220068359373,-8.653649169921875,57.200190839694656,40.09225572519084,181.53772137404582,0
20258,8.797436120605468,10.342670080566405,-7.8204669921875,84.69637404580152,40.23729389312977,241.17130916030536,0
20283,7.389645544433592,9.686658825683592,-6.980102209472656,115.7956106870229,40.122790076335875,251.02627099236642,0
20308,6.6522314331054675,9.463998071289062,-5.96256650390625,150.33759541984733,8.847980916030535,251.02627099236642,0
20333,4.533362963867187,8.298021862792968,-5.091077099609375,166.6429389312977,19.634240458015267,251.02627099236642,0
20358,4.463931115722656,6.0546549072265625,-4.667303405761719,182.33759541984733,28.695309160305342,251.02627099236642,0
20383,3.5517402832031246,4.2350616455078125,-3.905947277832031,180.97881679389312,63.565538167938925,251.02627099236642,0
20408,2.266053991699218,1.9007150268554687,-3.74074736328125,134.46736641221372,162.55790458015267,251.02627099236642,0
20433,1.9643845825195312,2.2071728393554686,-2.0911424194335932,85.03225190839694,196.78691221374046,251.02627099236642,0
20458,1.4209008056640622,-0.14393319091796872,-1.7535599853515624,72.1162213740458,136.68767557251908,251.02627099236642,0
20483,0.242953588867187,-3.7759371093749996,-2.057623596191406,36.81087786259542,156.48920229007635,251.02627099236642,0
20508,-0.22391573486328165,-3.3138561889648432,-1.3034500732421874,9.505534351145037,124.98538549618321,251.02627099236642,0
20534,-1.0283674926757815,-2.7296709838867184,-1.6745513305664061,47.8337786259542,-64.28942366412214,251.02627099236642,0
20559,-2.4265812622070313,-6.036063476562499,-2.222823510742187,109.09332061068702,-186.31995801526716,251.02627099236642,0
20584,-5.443275354003906,-5.969025830078125,-0.7120822631835937,119.13912213740457,-139.0909503816794,251.02627099236642,0
20609,-6.448840051269531,-5.763124487304687,-0.25239554443359374,141.59713740458014,-129.99934732824428,251.02627099236642,0
20634,-7.715372729492187,-5.918747595214843,-0.010581176757812505,150.73454198473283,-67.6940038167939,251.02627099236642,0
20659,-8.558131713867187,-6.268301037597656,0.5927576416015624,117.10095419847327,28.08462213740458,251.02627099236642,0
20684,-10.68897119140625,-5.739182470703124,1.164971838378906,106.06278625954198,26.939583969465648,251.02627099236642,0
20709,-11.761573535156248,-6.153379357910156,2.069980065917969,92.9635496183206,34.00828625954198,213.74382824427482,0
20734,-13.729607299804687,-6.256330029296874,2.532060986328125,77.53606870229007,36.45866793893129,151.45375190839695,0
20759,-15.271473168945313,-5.217246508789062,3.075544763183594,64.27652671755725,9.176225190839695,72.51482061068702,0
20784,-14.716018383789063,-5.669750622558594,3.721979211425781,46.30706106870229,-27.632935114503816,-16.91266030534351,0
20809,-13.863682592773436,-5.341744995117187,4.404326684570312,24.894847328244275,-57.0527824427481,-97.83632442748092,0
20834,-12.159011010742187,-5.799037512207031,4.557555590820312,-5.341793893129771,-68.1825534351145,-155.8210572519084,0
20859,-10.30589892578125,-5.9738142333984365,4.3516542480468745,-36.32652671755725,-79.00698091603053,-193.1264007633588,0
20885,-8.270827514648438,-6.543634228515624,4.040408032226562,-61.08225190839695,-95.66346946564884,-217.00426335877862,0
20910,-7.444827941894531,-6.632219689941405,3.3867909790039064,-87.50973282442749,-92.39629389312977,-225.64548473282443,0
20935,-6.056190979003906,-6.670526916503905,2.7762695556640624,-111.70820610687024,-81.48026335877863,-229.09586641221372,0
20960,-3.389050329589844,-7.802984301757812,2.6421942626953125,-121.0364503816794,-97.95354580152672,-234.1264007633588,0
20985,-3.0490736938476566,-8.061558081054688,2.290246618652344,-129.0898854961832,-102.30469083969466,-232.17220229007634,0
21010,-3.283705456542969,-7.249923718261718,1.4714296508789062,-145.3417938931298,-62.03751526717558,-222.8744923664122,0
21035,-2.201526306152344,-6.957831115722656,0.3365780639648437,-153.76927480916032,-29.335225190839694,-218.92029389312978,0
21060,-0.5064315307617191,-7.757494470214843,-0.17817529296874998,-149.90667938931298,-34.510797709923665,-225.1951030534351,0
21085,0.2932318237304683,-7.24274111328125,-0.7025054565429687,-148.07461832061068,-27.06804961832061,-236.24090458015266,0
21110,0.7505243408203119,-5.957054821777343,-1.9163656982421875,-152.77690839694657,-2.24362213740458,-244.0118969465649,0
21135,1.4113239990234367,-4.872481469726562,-3.1278317382812495,-149.1509541984733,-13.098583969465649,-249.24090458015266,0
21160,2.378581469726562,-5.152603063964843,-3.24275341796875,-136.83797709923664,-83.26652290076335,-249.24090458015266,0
21185,3.2931665039062494,-5.023316174316406,-3.889187866210937,-148.30362595419848,-106.95354580152672,-249.24090458015266,0
21210,2.227746765136718,-1.3961006591796874,-4.025657360839843,-174.30362595419848,-61.11385114503817,-249.24090458015266,0
21235,2.570117602539062,-0.18702882080078123,-4.995309033203125,-199.1280534351145,7.779278625954198,-249.24090458015266,0
21261,4.040157421875,0.6174229370117187,-6.113401208496094,-206.27309160305344,23.901416030534353,-249.24090458015266,0
21286,4.993049682617187,1.7642455322265624,-5.964960705566406,-201.38759541984734,6.985385496183206,-249.24090458015266,0
21311,4.162261706542968,4.82403525390625,-5.268248022460938,-196.37996183206107,12.038820610687024,-249.24090458015266,0
21336,3.716940197753906,5.788898522949219,-4.854051135253906,-182.92958015267178,33.21439312977099,-249.24090458015266,0
21361,5.819049255371094,5.503988525390625,-6.489290869140625,-138.28835877862596,-41.28179007633588,-249.24090458015266,0
21386,6.089594042968749,7.689894641113281,-6.893910949707031,-103.19675572519084,-108.77033969465649,-249.24090458015266,0
21411,5.194162622070312,7.170352880859375,-6.3815517944335935,-66.51736641221375,-153.2970572519084,-222.0653320610687,0
21436,4.423229687499999,6.813616833496093,-7.200368762207031,-43.425763358778624,-107.15201908396946,-178.92029389312978,0
21461,4.344221032714843,8.968398327636718,-8.035945141601562,-35.372328244274804,-14.083316793893129,-138.55388167938932,0
21486,4.856580187988281,11.767220068359373,-8.656043371582031,-21.219656488549617,1.321263358778626,-99.18746946564885,0
21511,5.529350854492187,13.890876940917968,-9.415005297851563,-16.570801526717556,5.741110687022902,-64.92029389312977,0
21536,6.475060510253905,14.170998535156249,-10.20748604736328,-8.295992366412214,-18.373393129770992,-31.721820610687022,0
21561,7.296271679687499,12.576460229492186,-10.774911840820312,13.215458015267176,-40.9001106870229,14.385049618320611,0
21586,7.899610498046875,11.604414355468748,-10.940111755371094,54.78797709923664,-76.16728625954198,67.23237786259543,0
21611,6.211698327636719,10.929249487304686,-10.803642260742187,93.00935114503817,-49.63293511450382,127.91940076335878,0
21637,5.993825976562499,10.443226550292968,-9.721463110351563,119.0780534351145,31.328896946564885,184.91176717557252,0
21662,5.924394128417968,10.325910668945312,-9.134883703613282,152.1925572519084,55.23729389312977,238.1789427480916,0
21687,6.305072192382812,8.693065136718749,-8.502814465332031,186.46736641221372,41.97011832061068,251.02627099236642,0
21712,4.011427001953124,8.415337744140624,-7.739064135742187,198.53606870229007,56.176225190839695,251.02627099236642,0
21737,3.4224533935546866,7.033883386230468,-6.312119946289062,194.86431297709922,86.86324809160305,251.02627099236642,0
21762,3.9084763305664056,4.90064970703125,-5.361621887207031,181.475,123.99301908396947,251.02627099236642,0
21787,3.149514404296874,3.473705517578125,-4.164521057128907,161.7574427480916,145.626606870229,251.02627099236642,0
21812,2.4097060913085935,3.236679553222656,-3.556393835449218,149.54370229007634,118.00828625954199,251.02627099236642,0
21838,1.4137182006835936,0.8352952880859374,-2.6585682128906245,142.76507633587786,76.24492748091603,251.02627099236642,0
21863,1.0545879516601557,-1.1758341064453124,-2.9171419921874997,140.12385496183205,47.58843893129771,251.02627099236642,0
21888,0.003533422851562218,-2.641085522460937,-2.854892749023437,136.7956106870229,8.970118320610688,251.02627099236642,0
21913,-1.5239672363281254,-4.053664501953125,-2.9530550170898433,182.3833969465649,-124.25125572519083,251.02627099236642,0
21938,-3.3387720947265627,-5.6529912109375,-1.0855777221679688,213.268893129771,-172.3504923664122,251.02627099236642,0
21963,-3.8918326782226567,-7.4366714477539055,-1.0472704956054688,215.03225190839694,-118.9382786259542,251.02627099236642,0
21988,-4.930916198730468,-6.962619519042968,-0.50378671875,191.94828244274808,-30.42682824427481,224.63695801526717,0
22013,-5.132029138183594,-6.981773132324218,-0.3290099975585937,190.1162213740458,-24.365759541984733,204.4079503816794,0
22038,-6.175901062011718,-6.756718176269531,0.8010531860351562,172.5131679389313,28.718209923664123,187.43848473282443,0
22063,-6.5709443359375,-5.923535998535156,1.6821193969726562,164.00935114503815,54.741110687022896,177.74382824427482,0
22088,-7.6124220581054685,-7.041628173828125,2.61825224609375,153.54370229007634,73.91668320610687,166.65985877862596,0
22114,-7.839871215820312,-6.447866162109374,3.0180839233398435,139.67347328244273,63.3441641221374,157.22474427480915,0
22139,-9.063308264160156,-7.264288928222656,3.8608429077148436,119.91011450381679,48.626606870229004,137.11024045801528,0
22164,-9.841423803710939,-7.206828088378906,4.5527671875,94.77270992366411,38.59607251908397,109.98810305343511,0
22189,-11.467086730957032,-7.652149597167968,4.957387268066405,68.84141221374045,4.183858778625954,71.94993511450382,0
22214,-11.790303955078123,-7.0607817871093745,5.752262219238281,40.97881679389313,-33.96881297709924,22.507187022900762,0
22239,-11.447933117675781,-6.601095068359374,6.314899609374999,9.28416030534351,-50.80850763358779,-31.97372900763359,0
22264,-10.597991528320312,-6.634613891601562,6.314899609374999,-21.547900763358776,-56.92301145038168,-77.78288931297709,0
22289,-9.472716748046874,-6.433500952148437,6.456157507324218,-49.58606870229008,-57.67110305343512,-114.96609541984732,0
22314,-8.934021374511719,-6.706439941406249,5.950980957031249,-76.2043893129771,-47.571866412213744,-144.1264007633588,0
22339,-7.423280126953125,-7.652149597167968,5.457775415039062,-95.66240458015268,-58.060416030534356,-165.37067557251908,0
22364,-6.5709443359375,-7.465401867675781,5.263845080566406,-118.39522900763359,-60.89247709923664,-179.22563740458014,0
22389,-5.548620227050781,-7.4390656494140615,4.157723913574218,-141.02118320610688,-53.747438931297715,-181.4012099236641,0
22414,-4.624458386230469,-6.625037084960937,3.03963173828125,-156.3417938931298,-65.49553053435115,-182.32487404580152,0
22439,-3.85113125,-7.405546826171874,2.251939392089844,-169.76927480916032,-70.34285877862595,-187.1951030534351,0
22464,-3.190331591796875,-7.520468505859374,1.356507971191406,-180.7158396946565,-72.60240076335877,-198.84395801526716,0
22490,-2.270958154296875,-7.132607836914062,0.39882730712890624,-196.37996183206107,-37.755072519083974,-211.8744923664122,0
22515,-1.5838222778320314,-6.754323974609375,-0.819821337890625,-203.98301526717557,-24.800874045801525,-225.07296564885496,0
22540,-0.6859966552734378,-5.284284155273437,-1.4542847778320311,-202.19675572519085,-36.243622137404586,-236.7447213740458,0
22565,0.731370727539062,-3.500603918457031,-2.000162756347656,-199.4333969465649,-45.18255343511451,-247.7294541984733,0
22590,1.3610457641601559,-4.240412231445312,-2.421542248535156,-211.81507633587788,14.11515648854962,-249.24090458015266,0
22615,1.3778051757812495,-4.7719249999999995,-3.5683648437499995,-237.68530534351146,172.6495076335878,-249.24090458015266,0
22640,2.1846511352539055,-2.210129223632812,-3.7958140014648434,-211.5479007633588,186.2525610687023,-249.24090458015266,0
22665,2.5629349975585933,-0.08886655273437499,-4.006503747558593,-184.17385496183206,166.6495076335878,-249.24090458015266,0
22690,3.75285322265625,4.2901282836914065,-1.8277802368164062,-141.5097328244275,70.03118702290077,-249.24090458015266,0
22715,3.941995153808593,5.180771301269531,-3.3361272827148434,-117.54790076335878,8.229660305343511,-249.24090458015266,0
22740,5.941153540039061,3.854383581542969,-5.016856848144531,-109.86087786259543,-42.510797709923665,-249.24090458015266,0
22765,6.309860595703124,7.263726745605468,-4.083118200683594,-118.08225190839696,-46.11385114503817,-249.24090458015266,0
22790,6.326620007324219,7.8311525390625,-4.2794427368164065,-114.6013358778626,-3.9459122137404576,-249.24090458015266,0
22815,6.755182104492186,8.027477075195312,-5.443024743652344,-90.59370229007634,20.09225572519084,-249.24090458015266,0
22840,9.776664599609376,9.535824121093748,-6.242688098144531,-57.18912213740458,33.748744274809155,-194.88975954198472,0
22866,10.032844177246094,11.206976879882811,-5.622589868164062,-2.6624045801526717,-33.503164122137406,-129.7828893129771,0
22891,10.217197705078124,11.013046545410155,-5.639349279785156,7.795610687022901,15.382332061068702,-71.37067557251908,0
22916,11.040803076171873,13.069665771484374,-5.80933759765625,10.154389312977099,23.77164503816794,-16.729454198473285,0
22941,12.05115617675781,12.614767456054686,-5.873981042480469,10.169656488549618,5.412866412213741,34.22474427480916,0
22966,11.780611389160157,11.187823266601562,-5.608224658203125,21.64293893129771,-40.5795,83.27817938931298,0
22991,11.134176940917968,9.95720361328125,-5.055164074707031,25.757442748091606,-30.38866030534351,134.2018435114504,0
23016,10.40394543457031,10.16071075439453,-4.605054162597656,15.95591603053435,22.54263740458015,188.07207251908397,0
23041,10.913910388183591,9.3634416015625,-4.2794427368164065,8.055152671755724,52.28309541984733,244.36214885496184,0
23066,10.095093420410155,8.721795556640624,-3.8197560180664056,15.116221374045802,30.718209923664123,251.02627099236642,0
23091,8.68012023925781,8.106485729980468,-3.4797793823242182,14.864312977099237,37.82508015267175,251.02627099236642,0
23116,7.054457312011718,7.345129602050781,-3.082341906738281,15.215458015267176,26.909049618320612,251.02627099236642,0
23141,5.82144345703125,5.693130456542969,-2.6465972045898436,23.5131679389313,17.985385496183206,251.02627099236642,0
23166,5.079240942382812,4.206331225585937,-3.0129100585937496,37.69637404580153,10.74874427480916,251.02627099236642,0
23191,4.289154394531249,2.1952018310546877,-3.072765100097656,68.07041984732824,-35.02988167938932,251.02627099236642,0
23216,1.9907208007812498,-0.03140571289062499,-2.5819537597656246,86.41393129770992,-39.327591603053435,251.02627099236642,0
23241,1.0905009765624998,0.0499971435546875,-2.0600177978515624,69.7956106870229,33.22202671755725,251.02627099236642,0
23267,1.0785299682617184,-3.352163415527343,-1.8852410766601562,61.56660305343512,36.32889694656488,251.02627099236642,0
23292,1.258095092773437,-3.0361287963867185,-1.7846846069335938,48.391030534351145,29.91668320610687,251.02627099236642,0
23317,-0.3053185913085943,-3.955502233886718,-1.7368005737304686,30.620038167938933,34.428133587786256,251.02627099236642,0
23342,-1.1983558105468752,-2.9331781249999995,-1.490197802734375,48.268893129770994,-54.85430916030535,251.02627099236642,0
23367,-1.7633874023437501,-5.171756677246093,-1.1190965454101562,64.87958015267175,-83.59476717557251,251.02627099236642,0
23392,-2.8168361328125,-6.9674079223632805,-0.47505629882812495,69.475,-83.16728625954198,251.02627099236642,0
23417,-4.1384354492187505,-5.9738142333984365,0.09236949462890623,79.45209923664122,-83.87720992366411,251.02627099236642,0
23442,-6.056190979003906,-5.834950537109375,0.6526126831054687,90.94828244274808,-81.03751526717556,251.02627099236642,0
23467,-6.594886352539063,-7.089512207031249,0.884850244140625,83.10858778625953,-23.91537786259542,251.02627099236642,0
23492,-9.07288507080078,-6.107889526367187,0.9854067138671874,68.1925572519084,31.328896946564885,251.02627099236642,0
23517,-10.626721948242189,-5.911564990234375,1.5217078857421873,56.41393129770992,27.26019465648855,251.02627099236642,0
23542,-12.338576135253906,-5.463849279785156,1.3517195678710936,37.65820610687023,53.931950381679385,225.690393129771,0
23567,-13.111903271484376,-5.722423059082031,0.8800618408203125,34.09332061068702,41.809812977099234,185.23237786259543,0
23592,-22.238599999999998,-10.963330493164063,6.456157507324218,1.375763358778626,2.473935114503817,-12.523347328244276,0
23617,-13.78467393798828,-5.645808605957031,0.7555633544921875,-14.486832061068702,-13.991713740458014,-109.46991221374046,0
23642,-9.716925317382813,-6.4622313720703115,1.7826758666992186,-21.570801526717556,-24.2207213740458,-139.14930152671755,0
23668,-10.487858251953124,-6.313790869140624,1.5312846923828123,-39.85324427480916,-3.0680496183206105,-156.75998854961833,0
23693,-9.671435485839844,-7.130213635253906,0.9566762939453124,-54.14332061068702,25.92431679389313,-175.8210572519084,0
23718,-8.692207006835936,-7.111060021972656,0.6861315063476562,-59.868511450381675,42.7792786259542,-204.4241106870229,0
23743,-7.334694665527343,-7.843685729980468,-0.2787317626953125,-56.99064885496183,23.718209923664123,-235.11113358778627,0
23768,-6.309976354980469,-7.690456823730468,-0.5109693237304688,-56.89141221374046,-0.48789694656488547,-249.24090458015266,0
23793,-6.228573498535156,-7.1565498535156244,-0.8246097412109374,-68.11278625954199,14.725843511450382,-249.24090458015266,0
23818,-3.64044150390625,-6.675315319824218,-1.222047216796875,-72.54026717557252,24.38996564885496,-249.24090458015266,0
23843,-1.875914880371094,-6.328156079101562,-0.9778386474609375,-72.34179389312978,25.000652671755727,-249.24090458015266,0
23868,-0.6836024536132816,-5.51891591796875,-1.5644180541992188,-65.8303435114504,10.527370229007634,-249.24090458015266,0
23893,-0.01083178710937549,-3.9794442504882808,-2.0552293945312496,-71.83797709923665,49.6647748091603,-249.24090458015266,0
23918,0.6810924926757806,-3.2970967773437496,-2.203669897460937,-62.03645038167939,49.92431679389313,-249.24090458015266,0
23943,2.4887147460937493,-2.8852940917968746,-2.5029451049804683,-52.44103053435114,50.22202671755725,-249.24090458015266,0
23969,3.82946767578125,-0.029011511230468745,-2.5388581298828123,-30.250190839694657,-8.006980916030534,-249.24090458015266,0
23994,4.77996573486328,0.6078461303710937,-3.0703708984374996,-23.784541984732822,-48.67873664122138,-249.24090458015266,0
24019,5.081635144042968,1.6780542724609373,-2.8189797241210934,-41.15095419847328,-32.30469083969466,-249.24090458015266,0
24044,4.648284643554687,2.2981525024414062,-2.864469555664062,-59.860877862595416,35.46630152671755,-249.24090458015266,0
24069,5.447947998046874,5.171194494628907,-2.3999944335937498,-68.51736641221375,146.6495076335878,-249.24090458015266,0
24094,8.014532177734374,7.395407836914062,-2.000162756347656,-40.81507633587786,174.22966030534351,-249.24090458015266,0
24119,8.56041015625,11.183034863281248,-1.6146962890624998,14.658206106870228,48.41286641221374,-249.24090458015266,0
24144,10.447041064453124,10.483927978515624,-2.479003088378906,52.131488549618325,-105.45736259541984,-249.24090458015266,0
24169,9.551609643554688,7.8934017822265625,-2.337745190429687,54.61240458015267,-136.15201908396946,-213.09586641221372,0
24194,9.74075157470703,8.968398327636718,-3.3073968627929684,31.749809160305343,-41.0527824427481,-129.75235496183205,0
24219,9.429505358886718,10.471956970214842,-3.2235998046874994,13.047519083969465,6.527370229007634,-56.01953053435114,0
24244,9.937076110839843,11.851017126464843,-2.864469555664062,-14.425763358778626,53.64187404580152,-3.118767175572519,0
24269,10.511684509277345,11.664269396972655,-2.6537798095703122,-27.242557251908394,35.78691221374046,30.55298854961832,0
24294,11.773428784179686,11.65469259033203,-2.6849044311523436,-24.433396946564883,-3.0909503816793893,57.76672900763359,0
24319,11.964964916992187,11.056142175292967,-2.9458724121093747,-16.425763358778624,-44.31232442748092,97.91176717557252,0
24345,11.45260576171875,10.993892932128905,-3.091918713378906,-5.097519083969466,-70.70163740458015,153.9728358778626,0
24370,10.394368627929687,10.665887304687498,-3.7670835815429684,1.7498091603053436,-42.11385114503817,216.62169083969465,0
24395,9.565974853515623,9.571737145996092,-3.532451818847656,6.505534351145037,-8.106217557251908,251.02627099236642,0
24420,9.245151831054688,9.085714208984374,-3.0655824951171873,16.68110687022901,-0.8695763358778623,251.02627099236642,0
24445,8.110300244140625,7.77369169921875,-2.9650260253906247,42.74217557251909,-37.09095038167939,251.02627099236642,0
24470,6.058469421386717,7.079373217773437,-2.7040580444335935,65.40629770992366,-49.23598854961833,251.02627099236642,0
24495,3.0705057495117183,4.917409118652344,-2.4359074584960934,64.38339694656489,0.09988931297709924,251.02627099236642,0
24520,2.289996008300781,3.0690854370117187,-2.7710956909179685,43.1162213740458,57.435767175572515,251.02627099236642,0
24545,2.661097265624999,0.562356298828125,-2.119872839355468,28.98645038167939,62.0998893129771,251.02627099236642,0
24570,2.0936714721679683,0.2894173095703125,-2.2060640991210936,35.72690839694657,16.786912213740457,251.02627099236642,0
24595,0.07775367431640579,-1.1279500732421874,-1.9259425048828125,69.49790076335877,-55.686370229007636,251.02627099236642,0
24620,-1.215115222167969,-3.3258271972656246,-1.566812255859375,75.49026717557251,-28.61003435114504,251.02627099236642,0
24645,-1.990836560058594,-5.073594409179687,-2.028893176269531,64.87958015267175,11.542637404580153,251.02627099236642,0
24670,-2.843172351074219,-5.370475415039062,-1.4734383911132811,86.3604961832061,-49.85430916030535,251.02627099236642,0
24695,-2.982036047363281,-6.019304064941406,-1.6601861206054687,109.55896946564884,-87.58713358778625,251.02627099236642,0
24721,-3.657200915527344,-5.758336083984375,-0.7144764648437499,112.14675572519083,-72.9001106870229,251.02627099236642,0
24746,-6.676289208984375,-6.830938427734375,-0.6522272216796875,141.90248091603053,-126.9001106870229,251.02627099236642,0
24771,-7.9883117187499995,-7.336114978027343,0.7531691528320312,123.3223282442748,-36.96881297709924,251.02627099236642,0
24796,-8.835859106445312,-7.048810778808593,1.8975975463867185,98.59713740458015,40.32126335877862,239.00337022900763,0
24821,-10.660240771484375,-6.534057421875,2.8457014038085937,82.16202290076335,26.61133969465649,212.91176717557252,0
24846,-11.584402612304686,-6.7806601928710935,3.635787951660156,55.940648854961836,19.023553435114504,174.9194007633588,0
24871,-12.532506469726563,-6.222811206054687,3.8608429077148436,26.49026717557252,20.015919847328245,129.86596564885497,0
24896,-12.989798986816407,-6.493355993652343,3.6381821533203125,0.7879770992366413,-4.5794999999999995,67.90413358778626,0
24921,-14.098314355468748,-6.938677502441406,4.0140718139648435,-9.71583969465649,-56.381026717557255,-46.01953053435114,0
24946,-11.945927062988282,-7.0057151489257805,4.447422314453124,-39.1280534351145,-59.22835496183206,-105.79815648854961,0
24971,-10.569261108398436,-6.546028430175781,4.48812374267578,-60.860877862595416,-46.28179007633588,-148.37067557251908,0
24996,-10.090420776367187,-6.167744567871093,3.9661877807617185,-87.29599236641222,-10.381026717557251,-175.37830916030535,0
25021,-8.761638854980468,-6.6106718749999995,2.7092319091796875,-97.86851145038169,-9.74743893129771,-192.72182061068702,0
25046,-7.906908862304688,-6.665738513183594,1.624658557128906,-107.02118320610687,-7.9077442748091595,-204.81342366412213,0
25071,-7.028236853027344,-7.113454223632812,1.095539990234375,-113.04408396946566,1.1991259541984733,-223.00426335877862,0
25097,-5.725791149902344,-7.479767077636718,0.4467113403320312,-110.73874045801527,6.802179389312977,-249.24090458015266,0
25122,-4.725014855957031,-7.393575817871093,-0.570824365234375,-104.83797709923665,4.038820610687023,-249.24090458015266,0
25147,-3.305253271484375,-6.902764477539062,-0.9586850341796874,-98.66240458015268,-5.1291183206106865,-249.24090458015266,0
25172,-2.2254683227539065,-6.115072131347656,-1.4949862060546875,-99.5631679389313,-14.289423664122136,-249.24090458015266,0
25197,-0.8081009399414065,-4.63784970703125,-2.0145279663085938,-100.8837786259542,-15.610034351145039,-249.24090458015266,0
25222,0.728976525878906,-3.9459254272460935,-2.2060640991210936,-97.49446564885497,-36.94591221374046,-249.24090458015266,0
25247,2.2038047485351555,-2.8374100585937496,-2.8285565307617184,-96.69293893129772,-79.12911832061069,-249.24090458015266,0
25272,2.191833740234374,-2.095207543945312,-2.986573840332031,-120.66240458015268,-45.78560687022901,-249.24090458015266,0
25297,2.5844828124999992,-1.3889180541992188,-3.0991013183593745,-141.33416030534352,8.153324427480916,-249.24090458015266,0
25322,4.076070446777343,2.772204431152344,-3.802996606445312,-151.82270992366412,71.33653053435116,-249.24090458015266,0
25347,5.028962707519531,2.305335107421875,-4.107060217285157,-127.77690839694657,25.54263740458015,-249.24090458015266,0
25372,5.711310180664062,5.0993684448242185,-4.554775927734375,-119.18148854961832,-14.594767175572517,-249.24090458015266,0
25397,6.027344799804687,6.85431826171875,-4.068752990722656,-118.73110687022901,-5.617667938931298,-249.24090458015266,0
25422,6.115930261230468,6.8638950683593745,-3.6545561035156244,-115.8303435114504,50.39759923664122,-249.24090458015266,0
25447,7.332184704589843,8.9803693359375,-4.198039880371094,-71.47156488549619,-5.365759541984733,-249.24090458015266,0
25473,9.048827294921875,10.289997644042968,-5.165297351074218,-37.07461832061068,-59.877209923664125,-249.24090458015266,0
25498,8.883627380371092,10.56293663330078,-5.955383898925781,-15.334160305343511,-80.17491984732824,-221.66075190839695,0
25523,8.37366242675781,11.70497082519531,-6.197198266601562,5.62767175572519,-99.61003435114503,-152.73708778625954,0
25548,7.605123693847655,11.783979479980468,-6.774200866699219,3.3986641221374048,-57.48789694656489,-81.04243129770992,0
25573,8.00495537109375,12.87334123535156,-6.941794982910156,-6.990648854961832,-9.57186641221374,-16.523347328244274,0
25598,9.079951916503905,12.686593505859374,-7.217128173828125,-12.70057251908397,14.046454198473283,42.68275954198474,0
25623,10.454223669433592,11.920448974609373,-7.365568676757812,4.116221374045802,-21.777973282442748,95.56825572519084,0
25648,9.111076538085936,11.470339062499999,-7.164455737304688,32.36812977099237,-47.319958015267176,150.1255076335878,0
25673,8.979395446777342,10.201412182617187,-7.121360107421875,63.31469465648855,-24.2207213740458,206.77436259541986,0
25698,8.778282507324217,10.50547579345703,-6.312119946289062,88.74980916030533,-2.8619427480916033,251.02627099236642,0
25723,8.00495537109375,9.665111010742185,-6.417464819335938,106.26889312977099,16.061721374045803,251.02627099236642,0
25748,7.102341345214843,9.305980761718748,-5.615407263183593,114.77270992366411,34.931950381679385,251.02627099236642,0
25773,7.155013781738281,8.053813293457031,-4.418306433105469,135.66583969465648,24.11515648854962,251.02627099236642,0
25798,5.414429174804687,5.757773901367187,-4.322538366699218,147.78034351145038,25.367064885496184,251.02627099236642,0
25823,3.6092011230468746,3.4401866943359374,-3.649767700195312,120.1162213740458,85.74111068702291,251.02627099236642,0
25848,3.4942794433593747,1.273434191894531,-2.565194348144531,85.69637404580152,127.58080534351146,251.02627099236642,0
25874,2.287601806640625,1.251886376953125,-1.8182034301757812,69.41393129770992,109.60370610687023,251.02627099236642,0
25899,1.7584832397460932,0.04520874023437499,-1.8517222534179687,79.26889312977099,31.191492366412213,251.02627099236642,0
25924,1.782425256347656,-1.7025584716796873,-2.4359074584960934,86.2841603053435,-6.976446564885496,251.02627099236642,0
25949,-0.9302052246093753,-1.7791729248046875,-1.720041162109375,94.88721374045801,-22.029881679389312,251.02627099236642,0
25974,-2.0794220214843753,-3.5724299682617184,-1.8948178833007812,123.54370229007633,-70.38102671755725,251.02627099236642,0
25999,-3.7386037719726564,-4.8461452514648435,-1.6314557006835937,135.3070610687023,-60.44972900763359,251.02627099236642,0
26024,-4.588545361328125,-6.306608264160156,-0.6618040283203125,142.14675572519084,-54.434461832061075,251.02627099236642,0
26049,-6.326735766601562,-6.263512634277343,-0.21169411621093748,117.13148854961831,7.901416030534351,251.02627099236642,0
26078,-7.7991697875976564,-5.5763767578125,0.29348243408203123,103.68874045801526,4.626606870229008,251.02627099236642,0
26103,-8.699389611816407,-6.3113966674804685,0.43474033203124995,101.29942748091602,-5.694003816793893,251.02627099236642,0
26128,-10.813469677734375,-4.721646765136718,1.5049484741210937,90.70400763358778,7.710576335877862,229.88886641221373,0
26153,-11.859735803222655,-5.195698693847656,2.0747684692382813,75.08568702290076,31.75637786259542,194.3163473282443,0
26178,-12.211683447265624,-5.777489697265625,2.079556872558594,59.253625954198476,29.61897328244275,140.14077480916032,0
26203,-22.238599999999998,-8.087894299316407,8.967675048828124,-4.479198473282443,-31.732171755725194,-20.25617175572519,0
26228,-12.917972937011719,-4.635455505371093,3.049208544921875,-41.68530534351145,-41.13675190839695,-93.6683854961832,0
26253,-10.341811950683592,-6.052822888183593,3.8009878662109373,-51.105152671755725,-40.30469083969466,-133.00426335877862,0
26278,-9.338641455078125,-6.136619946289062,3.7076140014648438,-66.47156488549619,-26.90774427480916,-158.515713740458,0
26303,-9.130345910644532,-6.900370275878906,2.77148115234375,-79.96774809160306,-19.04514885496183,-175.96609541984733,0
26328,-9.360189270019532,-6.672921118164062,1.6174759521484374,-93.57080152671756,-18.174919847328244,-186.57678244274808,0
26353,-7.938033483886719,-7.185280273437499,0.77950537109375,-104.41812977099237,-10.503164122137404,-199.92792748091603,0
26379,-6.063373583984375,-7.843685729980468,0.6430358764648437,-105.34942748091603,-13.587133587786258,-227.65311832061067,0
26404,-5.155971154785156,-7.951424804687499,0.42516352539062496,-104.29599236641222,-4.182553435114503,-249.24090458015266,0
26429,-4.353913598632813,-7.142184643554687,-0.6833518432617187,-100.46393129770993,2.7945458015267177,-249.24090458015266,0
26454,-3.161601171875,-6.3113966674804685,-1.3800645263671873,-98.14332061068703,-15.57186641221374,-249.24090458015266,0
26479,-1.6436773193359377,-5.669750622558594,-1.5452644409179688,-100.54026717557252,-23.61003435114504,-249.24090458015266,0
26504,0.33153905029296826,-5.830162133789062,-2.0719888061523433,-97.57080152671756,-51.6558358778626,-249.24090458015266,0
26529,1.5453992919921875,-5.044863989257812,-2.5723769531249996,-104.72347328244275,-44.869576335877866,-249.24090458015266,0
26554,1.332315344238281,-3.0169751831054685,-2.941084008789062,-121.23492366412215,-15.07568320610687,-249.24090458015266,0
26579,1.9260773559570312,-3.6131313964843748,-4.04720517578125,-150.07461832061068,92.87851526717557,-249.24090458015266,0
26604,4.657861450195312,-2.4160305664062496,-2.3880234252929684,-135.44103053435114,90.05408778625954,-249.24090458015266,0
26629,3.2141578491210936,0.6198171386718749,-2.6202609863281245,-115.39522900763359,54.7792786259542,-249.24090458015266,0
26654,2.9507956665039057,2.724320397949219,-3.4869619873046873,-107.15095419847329,50.19149236641221,-249.24090458015266,0
26679,7.109523950195311,4.079438537597656,-4.6194193725585935,-109.21202290076336,66.29836259541985,-249.24090458015266,0
26704,6.7647589111328115,6.54786044921875,-1.969038134765625,-78.54790076335878,27.23729389312977,-249.24090458015266,0
26729,5.955518749999999,8.101697326660156,-3.4725967773437496,-40.914312977099236,-87.09095038167939,-249.24090458015266,0
26754,7.50696142578125,7.761720690917969,-4.5428049194335935,-54.75400763358778,-46.76270610687023,-249.24090458015266,0
26780,7.724833776855468,8.173523376464843,-3.858063244628906,-41.89141221374046,-31.07568320610687,-249.24090458015266,0
26805,7.923552514648438,9.497516894531248,-4.777436682128906,-14.891412213740459,-54.381026717557255,-210.0805992366412,0
26830,7.46865419921875,9.633986389160155,-4.415912231445312,6.841412213740457,-63.52606488549619,-158.60731679389312,0
26855,7.676949743652343,10.39055411376953,-5.431053735351562,9.543702290076336,-13.55659923664122,-108.56914885496182,0
26880,8.52689133300781,11.580472338867185,-5.739905749511719,15.253625954198473,-8.999347328244275,-63.60731679389313,0
26905,8.24676973876953,11.855805529785155,-5.545975415039062,15.948282442748091,-6.297057251908397,-27.98136259541985,0
26930,8.483795703125,11.448791247558592,-5.658502893066406,13.894847328244275,-2.1901870229007634,9.614057251908397,0
26955,9.084740319824217,10.902913269042967,-5.869192639160156,12.345229007633588,14.695309160305344,49.873599236641226,0
26980,10.025661572265623,10.934037890625,-6.161285241699218,21.7956106870229,-13.541332061068701,103.68275954198474,0
27005,9.020096875,10.637156884765623,-6.0583345703125,30.887213740458016,-11.915377862595419,167.37741603053436,0
27030,8.761523095703126,10.455197558593749,-6.300148937988281,41.69637404580153,12.573171755725191,230.90413358778628,0
27055,9.058404101562498,10.12240352783203,-5.811731799316406,60.41393129770992,12.229660305343511,251.02627099236642,0
27080,7.897216296386717,8.867841857910156,-5.471755163574219,87.80324427480916,-6.831408396946564,251.02627099236642,0
27105,6.532521350097656,8.422520349121093,-4.521257104492188,99.48263358778625,19.130423664122137,251.02627099236642,0
27130,5.989037573242187,7.017123974609375,-3.9753791259765623,105.80324427480916,33.611339694656486,251.02627099236642,0
27156,4.763206323242187,4.570249877929688,-3.8460922363281247,93.84904580152671,59.13805725190839,251.02627099236642,0
27181,3.681027172851562,2.9781057739257815,-2.8788347656249997,80.72690839694656,69.37469847328245,251.02627099236642,0
27206,3.4655490234374993,1.6565064575195312,-3.015304260253906,48.894847328244275,117.3059961832061,251.02627099236642,0
27231,1.9141063476562499,1.541584777832031,-2.431119055175781,54.55896946564886,54.27546183206107,251.02627099236642,0
27256,1.313161730957031,-2.9714853515624995,-2.0552293945312496,86.84904580152671,-29.69400381679389,251.02627099236642,0
27281,-0.36996203613281287,-1.3290630126953125,-1.6218788940429687,110.73454198473281,-49.694003816793895,251.02627099236642,0
27306,-0.24546354980468799,-3.5844009765625,-1.3441515014648437,156.62767175572517,-105.81614122137404,251.02627099236642,0
27331,-1.7346569824218752,-4.831780041503905,-1.9427019165039061,149.5131679389313,-46.6558358778626,251.02627099236642,0
27356,-3.8918326782226567,-6.232388012695312,-1.4064007446289062,132.07041984732822,-44.60240076335878,251.02627099236642,0
27382,-5.534255017089844,-7.467796069335937,-0.5923721801757812,118.97118320610686,-37.205454198473284,251.02627099236642,0
27407,-4.820782922363281,-6.404770532226562,0.25517520751953127,119.45209923664122,-52.327591603053435,233.9194007633588,0
27432,-7.08809189453125,-7.003320947265625,0.15461873779296872,126.7192748091603,-68.4649961832061,213.02627099236642,0
27457,-9.001059020996093,-6.364069104003906,1.4283340209960937,118.5895038167939,-46.79324045801527,200.1789427480916,0
27482,-9.970710693359376,-5.641020202636718,2.9965361083984376,112.85667938931297,-13.961179389312976,180.9346679389313,0
27507,-9.970710693359376,-6.409558935546874,3.15455341796875,99.30706106870228,52.22966030534351,152.5758893129771,0
27532,-10.851776904296873,-6.313790869140624,3.4346750122070313,90.23072519083969,37.63424045801526,118.40031679389314,0
27557,-12.13746319580078,-5.971420031738281,3.9853413940429685,74.13148854961831,21.367064885496184,74.36978244274809,0
27582,-12.599544116210936,-6.656161706542968,4.4378455078125,53.69637404580153,0.14569083969465657,23.377416030534352,0
27607,-11.093591271972656,-7.731158251953125,5.505659448242187,31.17729007633588,-18.90774427480916,-34.75998854961832,0
27632,-10.396878588867187,-7.21640489501953,5.524813061523437,1.9177480916030536,-19.07568320610687,-81.4241106870229,0
27657,-9.178229943847656,-6.7231993530273435,5.259056677246093,-26.79217557251908,-38.2970572519084,-109.65311832061069,0
27682,-8.878954736328126,-6.402376330566406,4.907109033203125,-53.71583969465649,-60.78560687022901,-125.49281297709923,0
27707,-8.146329028320313,-6.785448596191405,4.696419287109374,-82.99064885496183,-61.77797328244275,-137.2180038167939,0
27732,-7.351454077148437,-7.486949682617187,4.5527671875,-108.318893129771,-37.739805343511456,-157.98136259541985,0
27757,-6.985141223144531,-8.29618984375,3.84408349609375,-123.21965648854962,-29.556599236641222,-183.25617175572518,0
27783,-6.025066357421875,-8.090288500976563,2.7379623291015625,-132.09751908396947,-31.9382786259542,-206.65311832061067,0
27808,-5.55580283203125,-8.356044885253906,2.08195107421875,-144.02118320610688,-39.518431297709924,-228.6302175572519,0
27833,-3.630864697265625,-8.138172534179688,1.1673660400390624,-148.19675572519085,-58.938278625954204,-249.24090458015266,0
27858,-2.3906682373046877,-7.501314892578124,0.5807866333007812,-155.6166030534351,-85.52606488549618,-249.24090458015266,0
27883,-1.9836539550781254,-6.380828515625,-0.10874344482421874,-171.00591603053437,-78.8619427480916,-249.24090458015266,0
27908,-1.4689005981445316,-5.329773986816406,-1.09754873046875,-192.92958015267178,-28.76270610687023,-249.24090458015266,0
27933,0.4991331665039058,-3.955502233886718,-2.3209857788085935,-202.50209923664121,3.6647748091603054,-249.24090458015266,0
27958,1.1168371948242184,-2.7416419921874997,-3.180504174804687,-195.92958015267178,-25.648202290076334,-249.24090458015266,0
27983,2.926853649902343,-1.8845177978515626,-3.0033332519531246,-187.5479007633588,-49.80087404580153,-249.24090458015266,0
28008,2.8215087768554685,-0.3163157104492187,-4.116637023925781,-187.2272900763359,-66.12148473282443,-249.24090458015266,0
28033,1.5286398803710934,-0.5054576416015625,-4.375210803222656,-205.57843511450383,-11.976446564885496,-249.24090458015266,0
28058,3.0657173461914056,1.3979326782226562,-4.300990551757812,-212.1280534351145,42.21439312977099,-249.24090458015266,0
28083,2.6180016357421874,5.606939196777343,-4.43027744140625,-200.83797709923664,38.802179389312975,-249.24090458015266,0
28108,4.81827296142578,9.487940087890625,-4.1310022338867185,-164.09751908396947,-22.098583969465647,-249.24090458015266,0
28134,6.022556396484375,8.178311779785155,-7.1141775024414065,-116.18912213740458,-182.35812595419847,-249.24090458015266,0
28159,5.316266906738281,6.8830486816406244,-7.506826574707031,-113.24255725190841,-182.66346946564886,-249.24090458015266,0
28184,5.397669763183592,8.599691271972656,-6.874757336425781,-110.27309160305344,-76.80850763358778,-235.30197328244273,0
28209,5.6538493408203125,11.075295788574218,-8.361556567382813,-65.89904580152673,-100.1443854961832,-169.1798358778626,0
28234,4.909252624511718,10.653916296386717,-9.34557344970703,-42.21202290076336,-79.89247709923664,-104.53098091603053,0
28259,5.215710437011718,11.429637634277343,-9.709492102050781,-30.34179389312977,-13.342858778625954,-53.309606870229004,0
28284,5.390487158203125,12.789544177246093,-10.185938232421874,-16.059351145038168,12.229660305343511,-12.645484732824428,0
28309,5.85975068359375,12.40168350830078,-10.200303442382813,1.6124045801526719,12.695309160305344,20.54535496183206,0
28334,6.324225805664061,11.709759228515624,-10.353532348632813,26.215458015267178,9.023553435114504,52.568255725190845,0
28359,6.496608325195312,10.814327807617186,-10.504367053222657,59.948282442748095,-4.365759541984733,89.85069847328245,0
28384,6.04410421142578,10.541388818359374,-10.142842602539062,91.10095419847327,14.565538167938932,132.5224541984733,0
28409,5.874115893554687,9.253308325195311,-9.594570422363281,125.13148854961831,26.664774809160306,180.58352290076337,0
28434,5.062481530761718,9.270067736816404,-8.589005725097657,150.2841603053435,54.19912595419847,224.79726335877862,0
28459,5.866933288574217,7.881430773925781,-8.26100009765625,170.55133587786258,73.43576717557252,251.02627099236642,0
28485,5.984249169921875,7.491175903320312,-7.688785900878906,197.53606870229007,45.58843893129771,251.02627099236642,0
28510,3.767218432617187,6.191124401855468,-6.4030996093749994,220.13148854961833,28.26782824427481,251.02627099236642,0
28535,4.164655908203124,4.17281240234375,-5.534004406738281,210.25362595419847,85.92431679389314,251.02627099236642,0
28560,3.824679272460937,2.5782740966796873,-5.0312220581054685,194.48263358778627,109.52737022900764,251.02627099236642,0
28585,3.5014620483398433,1.1944255371093748,-4.5260455078125,159.81851145038166,146.52737022900763,251.02627099236642,0
28610,2.773624743652343,0.22237966308593748,-3.5731532470703122,136.44446564885496,122.95485114503818,251.02627099236642,0
28635,1.5837065185546875,-1.1327384765625,-3.252330224609375,137.18492366412212,58.35943129770992,251.02627099236642,0
28660,1.2604892944335933,-2.3849059448242182,-3.180504174804687,149.3070610687023,0.03118702290076336,251.02627099236642,0
28685,-0.870350183105469,-3.541305346679687,-2.0312873779296874,166.57423664122138,-43.503164122137406,251.02627099236642,0
28710,-1.4186223632812502,-6.150985156249999,-2.459849475097656,167.09332061068702,-32.319958015267176,251.02627099236642,0
28735,-2.9724592407226567,-5.787066503906249,-0.6354678100585938,180.21545801526716,-50.09095038167939,251.02627099236642,0
28760,-3.324406884765625,-6.7231993530273435,-0.8724937744140625,178.69637404580152,-26.495530534351143,250.65985877862596,0
28785,-4.205473095703125,-7.618630773925781,-0.3577404174804687,169.03225190839694,-0.09095038167938929,234.8201641221374,0
28810,-5.184701574707031,-7.075146997070312,0.08518688964843749,156.50553435114503,25.41286641221374,223.56062213740458,0
28835,-6.209419885253906,-6.859668847656249,0.4922011718749999,147.93301526717556,36.47393511450382,209.42321755725192,0
28861,-7.0665440795898435,-6.8740340576171866,1.3780557861328124,144.62767175572517,40.23729389312977,196.4995534351145,0
28886,-7.856630627441406,-6.376040112304687,2.0771626708984376,143.0780534351145,26.725843511450382,178.30871374045802,0
28911,-8.685024401855468,-6.29703145751953,3.0324491333007813,138.3604961832061,26.374698473282443,156.690393129771,0
28936,-10.104785986328125,-5.415965246582031,4.018860217285156,120.95591603053434,50.85561450381679,134.69802671755727,0
28961,-10.799104467773436,-5.485397094726562,4.368413659667969,105.48263358778625,44.481568702290076,108.64459160305344,0
28986,-10.499829260253906,-6.29703145751953,5.062732141113281,91.49790076335877,22.183858778625954,73.63695801526718,0
29011,-10.767979846191405,-6.122254736328125,5.347642138671874,73.21545801526717,-1.5184312977099235,33.11024045801527,0
29036,-13.245978564453125,-6.589124060058593,7.679594555664062,25.31469465648855,-45.61003435114504,-41.56151526717557,0
29061,-9.776780358886718,-5.506944909667968,6.120969274902343,-6.37232824427481,-43.12911832061069,-73.41647709923664,0
29086,-8.507853479003906,-5.794249108886718,6.405879272460937,-31.540267175572517,-43.64820229007634,-93.75235496183205,0
29111,-8.203789868164062,-6.186898181152343,6.535166162109374,-59.21965648854962,-33.877209923664125,-108.14930152671755,0
29136,-8.519824487304687,-6.5364516235351555,6.089844653320312,-85.78454198473283,-23.747438931297708,-119.54624809160305,0
29161,-8.392931799316406,-6.565182043457031,5.347642138671874,-108.55553435114504,-22.72453816793893,-132.76762213740457,0
29186,-7.533413403320313,-7.264288928222656,4.619804833984374,-127.68530534351146,-29.88484351145038,-151.9889961832061,0
29211,-6.412927026367187,-7.781436486816405,4.196031140136718,-143.8074427480916,-29.129118320610687,-178.16456870229007,0
29236,-5.687483923339844,-7.841291528320312,3.2934171142578124,-155.68530534351146,-21.533698473282442,-204.76762213740457,0
29262,-5.4696115722656256,-7.453430859375,2.271093005371094,-163.57080152671756,-20.671103053435115,-225.5920496183206,0
29287,-4.471229479980469,-7.048810778808593,1.5695919189453125,-165.0364503816794,-28.89247709923664,-242.24090458015266,0
29312,-2.6276942016601565,-7.383999011230468,0.008572436523437497,-168.09751908396947,-36.747438931297715,-249.24090458015266,0
29337,-1.3348253051757815,-6.9123412841796865,0.20489697265624998,-168.15858778625955,-54.89247709923664,-249.24090458015266,0
29362,-0.4417880859375005,-6.256330029296874,-1.2388066284179686,-171.64713740458015,-51.510797709923665,-249.24090458015266,0
29387,-0.11857086181640675,-5.030498779296875,-2.299437963867187,-174.14332061068703,-48.27415648854962,-249.24090458015266,0
29412,0.8367156005859373,-4.728829370117187,-3.3265504760742184,-180.21965648854962,-51.04514885496184,-249.24090458015266,0
29437,2.287601806640625,-3.531728540039062,-3.589912658691406,-190.05935114503816,-30.984080152671755,-249.24090458015266,0
29462,2.8574218017578117,-2.3825117431640623,-3.8077850097656247,-191.6166030534351,-39.518431297709924,-249.24090458015266,0
29487,1.9979034057617184,-1.5205991455078125,-3.925100891113281,-198.9982824427481,-23.060416030534352,-249.24090458015266,0
29512,2.754471130371093,1.4506051147460937,-4.358451391601562,-215.8837786259542,43.672408396946565,-249.24090458015266,0
29537,4.090435656738281,3.8902966064453124,-4.846868530273437,-209.96774809160306,69.09225572519084,-249.24090458015266,0
29562,4.557304980468749,6.267738854980468,-5.172479956054687,-180.45629770992366,13.489202290076337,-249.24090458015266,0
29587,5.026568505859374,7.687500439453125,-5.366410290527344,-147.06698473282444,-54.83904198473283,-249.24090458015266,0
29612,4.281971789550781,9.554977734374999,-5.883557849121094,-119.12041984732825,-109.12911832061069,-249.24090458015266,0
29637,7.104735546874999,8.925302697753905,-7.636113464355469,-90.14332061068703,-124.32759160305343,-249.24090458015266,0
29663,7.600335290527343,9.679476220703124,-8.098194384765625,-48.67003816793893,-138.8085076335878,-207.92792748091603,0
29688,6.56125177001953,8.748131774902342,-8.778147656249999,-15.318893129770993,-119.00698091603053,-140.16456870229007,0
29713,5.615542114257813,10.18704697265625,-8.811666479492187,-11.051717557251909,-29.342858778625953,-79.1035,0
29738,6.549280761718749,11.2021884765625,-9.1229126953125,-4.37232824427481,4.496835877862596,-27.011896946564885,0
29763,5.811866650390624,11.795950488281248,-9.278535803222656,1.5589694656488549,-2.663469465648855,15.56062213740458,0
29788,5.85256807861328,10.251690417480468,-9.06545185546875,5.658206106870229,0.8479809160305345,48.40031679389313,0
29813,5.948336145019531,9.353864794921874,-8.87391572265625,17.33759541984733,8.107522900763358,73.38504961832061,0
29838,6.4439358886718745,9.169511267089842,-8.924193957519531,37.215458015267174,5.695309160305344,97.27054580152672,0
29863,5.943547741699217,9.66271680908203,-8.98883740234375,59.99408396946565,3.389965648854962,128.82779770992366,0
29888,6.192544714355468,8.848688244628905,-8.33043194580078,86.97881679389313,3.2372938931297712,164.36214885496184,0
29913,5.385698754882811,8.34830009765625,-8.502814465332031,114.2841603053435,18.817446564885497,203.9728358778626,0
29938,6.0488926147460935,8.130427746582031,-8.442959423828125,137.95591603053435,31.977751908396947,238.8048969465649,0
29963,5.352179931640625,7.680317834472656,-7.99284951171875,166.44446564885496,14.695309160305344,251.02627099236642,0
29988,4.346615234374999,6.574196667480469,-6.93940078125,193.23835877862595,1.6495076335877863,251.02627099236642,0
30013,4.64589044189453,4.445751391601562,-6.697586413574219,216.25362595419847,1.771645038167939,251.02627099236642,0
30039,3.223734655761718,2.379555358886719,-5.929047680664063,213.81087786259542,58.6647748091603,251.02627099236642,0
30064,3.3458389404296867,1.4937007446289061,-5.289795837402344,205.72690839694656,82.26019465648855,251.02627099236642,0
30089,2.603636425781249,-0.6993879760742188,-5.366410290527344,204.42919847328244,68.80217938931298,251.02627099236642,0
30114,0.6978519042968747,-0.711358984375,-3.4869619873046873,215.2612595419847,32.741110687022896,251.02627099236642,0
30139,-0.23109833984375028,-3.6322850097656247,-2.632231994628906,227.66583969465648,6.8785152671755725,251.02627099236642,0
30164,-0.4968547241210941,-3.6538328247070306,-2.8979883789062497,207.91774809160304,73.87851526717557,251.02627099236642,0
30189,-0.27419396972656296,-3.977050048828125,-1.8589048583984373,219.78797709923663,9.496835877862596,232.14840839694656,0
30214,-1.789723620605469,-6.6298254882812495,-1.2819022583007813,217.6429389312977,1.9777519083969466,210.15604198473284,0
30239,-2.3786972290039063,-6.866851452636718,-0.657015625,195.32996183206106,47.59607251908397,195.04153816793894,0
30264,-3.1472359619140624,-6.364069104003906,1.2224326782226562,184.61240458015266,37.76401145038167,190.24001145038167,0
30289,-2.8958447875976563,-7.065570190429687,0.5424794067382812,188.61240458015266,13.886148854961833,186.75146183206107,0
30314,-3.83197763671875,-6.634613891601562,1.8305598999023436,190.97881679389312,-4.1214847328244275,185.63695801526717,0
30339,-5.2110377929687495,-5.751153479003905,4.0332254272460935,194.91774809160304,-0.8924770992366411,181.32398091603054,0
30364,-4.94288720703125,-7.360056994628906,4.442633911132812,171.73454198473283,68.26019465648855,180.0110038167939,0
30389,-7.226955590820312,-5.219640710449219,5.570302893066406,158.97118320610687,55.16095801526717,185.47665267175572,0
30415,-7.511865588378906,-7.17809766845703,5.874366503906249,136.6047709923664,46.59607251908397,182.7285610687023,0
30440,-8.586862133789062,-5.605107177734374,6.970910864257812,106.94064885496182,44.89378244274809,164.9346679389313,0
30465,-9.647493469238281,-6.191686584472656,7.155264392089843,71.49790076335877,36.557904580152666,135.4995534351145,0
30490,-17.306544580078125,-6.344915490722656,9.614109497070311,-35.357061068702286,-88.90774427480916,-32.33250763358778,0
30515,-6.685866015625,-5.200487097167969,7.512000439453124,-62.105152671755725,-71.40392748091602,-55.7065534351145,0
30540,-6.55179072265625,-5.516521716308593,7.198360021972656,-80.50973282442749,-60.26652290076336,-63.744721374045795,0
30565,-6.6930486206054685,-5.873257763671875,6.702760278320312,-106.21965648854962,-23.289423664122136,-64.23327099236641,0
30590,-7.452010546875,-6.409558935546874,6.238285156249999,-126.31125954198474,-19.785606870229007,-71.17220229007633,0
30615,-7.899726257324219,-7.039233972167968,5.548755078125,-142.6166030534351,-20.69400381679389,-85.69128625954198,0
30640,-6.949228198242188,-7.714398840332031,4.567132397460937,-154.53263358778628,-37.48789694656489,-108.81342366412214,0
30665,-6.831912316894531,-7.807772705078125,3.863237109375,-164.5097328244275,-41.6558358778626,-132.9126603053435,0
30690,-5.960422912597656,-8.490120178222657,3.250321484375,-175.65477099236642,-31.106217557251906,-157.76762213740457,0
30715,-5.313988464355469,-7.654543798828124,2.263910400390625,-179.97538167938933,-22.632935114503816,-180.4775458015267,0
30740,-4.011542761230469,-7.31217296142578,1.2966529296874998,-183.30362595419848,-19.251255725190838,-196.80579007633588,0
30765,-2.8647201660156254,-7.398364221191406,0.11870571289062498,-181.30362595419848,-47.96881297709924,-211.27907251908397,0
30790,-2.630088403320313,-6.919523889160156,-0.3481636108398437,-190.26545801526717,-39.755072519083974,-220.34014122137404,0
30815,-1.5191788330078126,-6.038457678222656,-1.4279485595703125,-201.2959923664122,-10.984080152671755,-229.5920496183206,0
30841,-0.7530343017578127,-5.614683984375,-2.280284350585937,-199.2959923664122,-29.090950381679388,-239.04243129770992,0
30866,1.590889123535156,-5.696086840820312,-2.4646378784179683,-194.2959923664122,-71.10621755725191,-249.24090458015266,0
30891,1.4209008056640622,-4.264354248046875,-3.4342895507812496,-197.57080152671756,-86.47262977099236,-249.24090458015266,0
30916,1.236547277832031,-4.202105004882812,-3.7191995483398435,-217.66240458015267,-73.11385114503817,-241.6302175572519,0
30941,1.1264140014648434,-1.4224368774414062,-4.456613659667969,-245.7540076335878,-9.480263358778625,-240.96609541984733,0
30966,2.4623785278320307,0.409127392578125,-5.459784155273438,-249.66240458015267,9.4205,-249.24090458015266,0
30991,4.289154394531249,1.2877994018554686,-5.984114318847656,-248.89141221374047,-72.38102671755725,-249.24090458015266,0
31016,2.0098744140625,4.294916687011718,-6.539569104003906,-249.66240458015267,-120.56423282442748,-249.24090458015266,0
31041,3.058534741210937,6.253373645019531,-7.126148510742187,-249.66240458015267,-55.755072519083974,-237.7981564885496,0
31066,2.8071435668945304,5.046696008300781,-7.849197412109374,-249.66240458015267,28.046454198473285,-243.08823282442748,0
31091,3.8677749023437498,6.708271960449219,-9.53710958251953,-224.26545801526717,-20.632935114503816,-234.69128625954198,0
31116,3.3099259155273435,7.393013635253906,-9.826807983398437,-179.6929389312977,-40.02988167938932,-217.8210572519084,0
31141,3.623566333007812,8.930091101074218,-8.3184609375,-140.89141221374047,-18.503164122137402,-195.62258396946564,0
31166,4.016215405273437,9.98832823486328,-9.817231176757812,-88.64713740458016,-56.5795,-161.8210572519084,0
31191,4.198174731445312,10.948403100585937,-9.65203126220703,-49.295992366412214,-83.10621755725191,-120.53861450381679,0
31216,4.234087756347655,10.426467138671873,-10.810824865722656,-23.937213740458013,-64.5031641221374,-76.15693511450381,0
31242,4.016215405273437,12.01142863769531,-11.256146374511719,-4.967748091603053,-32.9001106870229,-31.91266030534351,0
31267,4.454354309082031,11.89650695800781,-12.197067626953125,18.849045801526717,-28.800874045801525,15.667492366412214,0
31292,4.947559851074218,11.448791247558592,-12.89617451171875,57.05515267175573,-55.14438549618321,62.636958015267176,0
31317,4.4759021240234365,10.17268176269531,-12.881809301757812,108.10095419847327,-48.564232824427485,110.64459160305344,0
31342,3.6666619628906245,9.775244287109373,-12.326354516601562,154.67347328244273,5.588438931297709,152.04153816793894,0
31367,3.111207177734374,9.808763110351562,-11.488383935546874,185.97881679389312,72.26782824427481,193.96520229007635,0
31392,3.941995153808593,8.994734545898437,-11.253752172851563,209.25362595419847,116.36706488549619,227.05680534351146,0
31417,3.673844567871093,8.673911523437498,-9.994402099609374,235.23072519083968,113.45103435114504,251.02627099236642,0
31442,3.338656335449218,6.895019689941406,-8.4333826171875,250.6047709923664,100.97775190839695,251.02627099236642,0
31467,2.1295844970703124,6.705877758789062,-7.059110864257812,250.6047709923664,108.56553816793894,251.02627099236642,0
31492,0.8223503906249996,2.350824938964844,-7.257829602050781,250.6047709923664,101.90141603053435,251.02627099236642,0
31517,1.8853759277343745,3.270198376464844,-4.880387353515625,228.268893129771,159.5121030534351,251.02627099236642,0
31542,2.9484014648437498,0.1266115966796875,-5.3688044921874996,217.44446564885496,144.9853854961832,251.02627099236642,0
31567,2.493503149414062,-3.1438678710937498,-3.4965387939453123,190.01698473282443,134.35179770992366,251.02627099236642,0
31592,0.3578752685546873,0.7299504150390624,-3.0320636718749996,174.69637404580152,105.71820992366412,251.02627099236642,0
31618,-0.46812430419921913,-1.812691748046875,-1.2579602416992186,165.1162213740458,93.56553816793894,251.02627099236642,0
31643,-0.40826926269531283,-6.447866162109374,-1.030511083984375,135.93301526717556,135.69530916030536,251.02627099236642,0
31668,-0.879926989746094,-6.222811206054687,-1.3513341064453124,134.7040076335878,76.44340076335878,251.02627099236642,0
31693,-2.807259326171875,-4.925153906249999,-0.6211026000976563,149.4520992366412,-11.121484732824428,251.02627099236642,0
31718,-3.669171923828125,-6.471808178710937,0.1905317626953125,194.63530534351145,-109.66346946564884,251.02627099236642,0
31743,-5.072174096679687,-6.55321103515625,1.0165313354492187,226.52843511450382,-128.7092709923664,251.02627099236642,0
31768,-6.1663242553710935,-6.2539358276367185,1.4642470458984373,250.6047709923664,-132.64820229007634,230.56825572519085,0
31793,-6.78163408203125,-5.420753649902343,3.099486779785156,250.6047709923664,-93.79324045801526,210.0873396946565,0
31818,-8.143934826660157,-5.53806953125,4.176877526855468,239.3833969465649,-3.365759541984733,186.11024045801528,0
31843,-8.040984155273438,-5.511733312988281,5.417073986816406,199.20782442748092,91.80217938931298,165.01863740458015,0
31868,-9.602003637695312,-5.030498779296875,6.274198181152343,173.9101145038168,67.73347709923665,136.69802671755727,0
31893,-10.940362365722656,-5.849315747070312,7.121745568847656,138.3070610687023,30.519736641221375,91.64459160305344,0
31918,-13.899595617675782,-6.617854479980468,15.94198448486328,-41.372328244274804,-125.99171374045801,-37.0653320610687,0
31943,-8.055349365234374,-4.012963073730468,8.194347912597655,-94.40286259541985,-35.77033969465649,-68.46991221374046,0
31968,-7.052178869628906,-4.819809033203125,7.471299011230468,-111.2043893129771,-57.91537786259542,-87.79052290076335,0
31993,-7.305964245605469,-5.545252136230468,7.363559936523437,-135.26545801526717,-34.686370229007636,-93.09586641221374,0
32019,-7.1982251708984375,-6.196474987792969,6.348418432617187,-152.87614503816795,-21.9001106870229,-97.92792748091603,0
32044,-6.980352819824219,-6.7806601928710935,5.067520544433593,-167.54026717557252,-15.41919465648855,-104.9508282442748,0
32069,-6.906132568359375,-6.993744140624999,3.9183037475585936,-181.6395038167939,-16.274156488549618,-117.9508282442748,0
32094,-5.553408630371093,-7.709610437011718,3.180889636230469,-186.79980916030536,-19.319958015267176,-140.36304198473283,0
32119,-4.950069812011719,-7.961001611328125,2.2950350219726565,-187.79980916030536,-28.823774809160305,-165.1951030534351,0
32144,-4.047455786132812,-7.6425727905273435,1.423545617675781,-185.1509541984733,-40.71690458015267,-184.96609541984733,0
32169,-3.901409484863281,-7.355268591308593,0.44431713867187494,-187.09751908396947,-34.41919465648855,-198.24853816793893,0
32194,-2.9365462158203126,-7.0248687622070305,-0.44632587890625,-185.58606870229008,-17.640568702290075,-209.64548473282443,0
32219,-1.1121645507812503,-6.603489270019531,-1.3513341064453124,-179.02118320610688,-28.640568702290075,-223.73708778625954,0
32244,-0.3819330444335942,-6.110283728027343,-2.4359074584960934,-170.21202290076337,-51.18255343511451,-234.46991221374046,0
32269,0.056205859374999445,-6.3113966674804685,-3.9993211425781245,-167.67767175572519,-71.83140839694656,-237.43937786259542,0
32294,0.6523620727539057,-5.40399423828125,-4.274654333496094,-164.6395038167939,-93.25125572519083,-233.4241106870229,0
32319,1.0593763549804684,-6.407164733886718,-4.741523657226563,-165.74637404580153,-106.9382786259542,-223.8744923664122,0
32344,1.1647212280273433,-2.18618720703125,-4.751100463867187,-195.40286259541986,-21.480263358778625,-218.16456870229007,0
32369,1.5334282836914062,-0.8909241088867188,-6.00087373046875,-199.89141221374047,-11.90774427480916,-214.9889961832061,0
32394,3.807919860839843,-1.3937064575195313,-6.446195239257812,-187.18912213740458,-100.49553053435115,-210.95846183206106,0
32420,2.6563088623046873,-0.26364327392578124,-6.577876330566406,-191.78454198473284,-145.28942366412213,-192.79052290076336,0
32445,2.455195922851562,1.1920313354492187,-6.324090954589844,-211.54026717557252,-118.94591221374046,-173.9355610687023,0
32470,2.5820886108398433,1.9198686401367187,-7.425423718261719,-237.47919847328245,-35.39629389312977,-167.0805992366412,0
32495,3.635537341308593,2.049155529785156,-7.593017834472656,-249.66240458015267,50.82508015267175,-179.17220229007634,0
32520,2.8406623901367185,4.680383154296875,-7.758217749023437,-242.1509541984733,30.160958015267177,-184.37830916030535,0
32545,3.190215832519531,6.734608178710937,-7.372751281738281,-211.47919847328245,-23.060416030534352,-186.75998854961833,0
32570,3.4056939819335934,6.617292297363281,-8.026368334960937,-191.0898854961832,-24.190187022900762,-180.71418702290077,0
32595,3.185427429199218,7.08416162109375,-8.098194384765625,-160.525,-35.884843511450384,-173.41647709923663,0
32620,4.0233980102539055,8.657152111816405,-9.347967651367187,-125.66240458015268,-65.5795,-153.71418702290077,0
32645,2.455195922851562,9.90453117675781,-8.986443200683594,-92.55553435114504,-71.0298816793893,-132.0653320610687,0
32670,3.6092011230468746,9.3634416015625,-10.21466865234375,-65.90667938931298,-43.67110305343512,-108.16456870229007,0
32695,3.429635998535156,11.398513012695311,-10.832372680664061,-35.72347328244275,-44.60240076335878,-78.59968320610686,0
32720,3.3625983520507807,12.387318298339842,-12.082145947265625,-15.99828244274809,-19.38102671755725,-43.41647709923664,0
32745,4.447171704101562,12.080860485839843,-13.042220812988282,12.749809160305343,-6.945912213740458,-1.4012099236641222,0
32770,4.937983044433593,10.924461083984374,-13.940046435546874,63.74217557251909,-28.41919465648855,48.08733969465649,0
32795,4.77996573486328,10.488716381835935,-13.590492993164062,125.88721374045801,-54.48789694656489,93.6522251908397,0
32821,2.8023551635742185,10.270844030761717,-11.6511896484375,172.7956106870229,-5.663469465648856,138.65985877862596,0
32846,3.281195495605468,9.569342944335936,-10.968842175292968,186.42919847328244,110.63424045801527,182.83543129770993,0
32871,4.557304980468749,9.619621179199218,-10.877862512207031,203.41393129770992,146.77164503816795,232.54535496183206,0
32896,4.325067419433593,9.033041772460937,-9.472466137695312,230.9101145038168,108.29072900763359,251.02627099236642,0
32921,3.4224533935546866,8.075361108398436,-7.384722290039062,247.6582061068702,93.87088167938931,251.02627099236642,0
32946,2.735317517089843,7.225419519042968,-6.388734399414062,250.6047709923664,91.84034732824428,251.02627099236642,0
32971,2.0098744140625,5.214290124511718,-6.1948040649414065,250.6047709923664,92.3059961832061,251.02627099236642,0
32996,1.4400544189453122,2.2382974609375,-4.473373071289062,242.1925572519084,106.71057633587786,251.02627099236642,0
33021,0.7744663574218746,0.20083184814453126,-3.7024401367187494,209.46736641221372,143.2525610687023,251.02627099236642,0
33046,0.1543681274414057,-0.49827503662109374,-3.3289446777343747,200.07041984732822,102.9701183206107,251.02627099236642,0
33071,-0.8823211914062503,-2.6243261108398435,-2.5316755249023433,197.21545801526716,47.565538167938925,251.02627099236642,0
33096,-1.6628309326171877,-3.033734594726562,-1.1885283935546875,212.25362595419847,-27.808507633587787,251.02627099236642,0
33121,-3.1999083984375,-4.630667102050781,0.015755041503906247,249.49790076335879,-117.8619427480916,251.02627099236642,0
33146,-3.4417227661132817,-5.856498352050781,0.18095495605468748,250.6047709923664,-125.95354580152672,224.37741603053436,0
33171,-4.619669982910157,-5.787066503906249,0.2479926025390625,250.6047709923664,-58.78560687022901,195.8583320610687,0
33196,-4.689101831054687,-5.933112805175781,1.0883573852539061,250.6047709923664,-25.991713740458014,175.63695801526717,0
33222,-5.3953913208007815,-6.388011120605468,1.4259398193359374,246.8719465648855,24.29836259541985,158.0644389312977,0
33247,-5.206249389648438,-6.876428259277343,2.1968727539062503,215.45973282442748,126.3059961832061,151.46901908396947,0
33272,-6.374619799804687,-6.670526916503905,2.8600666137695314,202.43683206106869,145.08462213740458,146.9346679389313,0
33297,-7.341877270507813,-7.070358593749999,3.973370385742187,194.66583969465648,129.06935496183206,140.01863740458015,0
33322,-9.228508178710937,-7.27386573486328,5.237508862304687,181.82614503816794,136.33653053435114,125.8048969465649,0
33347,-9.661858679199218,-6.340127087402343,5.958163562011718,160.91774809160304,136.32126335877862,105.16367557251908,0
33372,-11.890860424804686,-5.799037512207031,19.56860144958496,-9.53263358778626,-59.2970572519084,-41.84395801526717,0
33397,-9.879731030273437,-4.690522143554687,6.30771700439453,-79.73874045801527,-30.144385496183205,-76.07296564885496,0
33422,-7.483135168457031,-6.27787784423828,7.751420605468749,-103.45629770992367,-43.59476717557252,-92.61495038167939,0
33447,-8.100839196777343,-5.226823315429687,7.9357741333007805,-132.65477099236642,-1.7550725190839693,-113.8592251908397,0
33472,-7.631575671386718,-6.941071704101562,6.458551708984374,-159.6929389312977,17.634240458015267,-134.4775458015267,0
33497,-7.935639282226562,-7.199645483398437,5.230326257324219,-185.18912213740458,14.290729007633589,-160.5004465648855,0
33522,-6.8007876953125,-7.668909008789062,3.7650748413085937,-204.92958015267178,-7.602400763358778,-189.5004465648855,0
33547,-5.337930480957031,-7.676091613769531,2.9294984619140627,-223.45629770992366,-20.42682824427481,-225.17220229007634,0
33572,-4.088157214355469,-7.446248254394531,1.5097368774414062,-238.8074427480916,-41.11385114503817,-249.24090458015266,0
33597,-3.7194501586914064,-3.969867443847656,0.015755041503906247,-247.2272900763359,-71.41156106870228,-249.24090458015266,0
33622,-2.725856469726563,-4.889240881347655,-0.733630078125,-249.66240458015267,-43.373393129770996,-249.24090458015266,0
33648,-0.7817647216796877,-3.6011603881835934,-2.1486032592773436,-249.66240458015267,-47.938278625954204,-249.24090458015266,0
33673,0.43448972167968725,-1.9922568725585938,-3.570759045410156,-249.66240458015267,-49.006980916030535,-249.24090458015266,0
33698,0.3818172851562496,-3.244424340820312,-4.322538366699218,-249.66240458015267,91.07698854961832,-249.24090458015266,0
33723,3.4032997802734366,-2.6674217407226557,-5.869192639160156,-249.66240458015267,170.51973664122139,-249.24090458015266,0
33748,1.0186749267578121,2.2143554443359377,-4.789407690429687,-217.7540076335878,72.90141603053435,-249.24090458015266,0
33773,4.150290698242187,5.046696008300781,-5.548369616699219,-194.0135496183206,45.50446946564885,-249.24090458015266,0
33798,5.503014636230469,4.57503828125,-5.155720544433594,-174.06698473282444,10.298362595419848,-249.24090458015266,0
33823,5.273171276855468,8.93487950439453,-5.390352307128906,-167.2043893129771,0.9243167938931298,-249.24090458015266,0
33848,6.214092529296875,9.0186765625,-5.701598522949219,-142.8303435114504,-55.26652290076336,-249.24090458015266,0
33873,5.323449511718749,7.086555822753906,-7.736669934082031,-132.5479007633588,-11.71690458015267,-247.44701145038167,0
33898,6.448724291992186,8.211830603027343,-8.016791528320311,-102.60896946564885,17.909049618320612,-194.4775458015267,0
33923,7.329790502929687,8.580537658691405,-7.8827162353515625,-64.36469465648855,30.023553435114504,-132.24090458015266,0
33948,7.617094702148436,9.358653198242186,-6.989679016113281,-26.723473282442747,37.748744274809155,-78.35540839694656,0
33973,8.347326208496092,8.721795556640624,-7.142907922363281,-5.479198473282443,57.565538167938925,-37.58441603053435,0
33998,7.722439575195312,8.83911143798828,-6.029604150390625,10.070419847328244,42.7792786259542,-1.7828893129770993,0
34023,7.030515295410155,7.953256823730468,-4.88996416015625,7.7116412213740455,54.130423664122134,23.01863740458015,0
34049,6.546886560058593,7.366677416992188,-4.382393408203125,-3.242557251908397,64.24492748091603,38.31634732824428,0
34074,6.151843286132812,7.536665734863281,-4.147761645507813,-9.2043893129771,45.3823320610687,47.04153816793893,0
34099,5.196556823730468,6.789674816894531,-3.6761039184570308,-9.975381679389313,26.367064885496184,48.91940076335878,0
34124,4.949954052734374,5.978040454101563,-3.3026084594726557,-12.517366412213741,33.32126335877862,45.011003816793895,0
34149,4.94037724609375,5.901426000976563,-3.218811401367187,-11.731106870229008,42.748744274809155,39.2934465648855,0
34174,4.9810786743164055,5.901426000976563,-3.048823083496093,-6.379961832061069,31.38996564885496,30.797263358778626,0
34199,4.9619250610351555,6.009165075683594,-2.708846447753906,0.6276717557251908,20.11515648854962,22.308713740458014,0
34224,4.971501867675781,5.669188439941406,-2.5101277099609374,6.948282442748091,6.588438931297709,15.301080152671755,0
34249,4.6794092651367185,5.671582641601562,-2.433513256835937,7.574236641221374,1.855614503816794,9.949935114503816,0
34274,4.7177164916992185,5.515959533691406,-2.5244929199218746,5.765076335877862,-1.6711030534351146,6.033904580152671,0
34299,4.370557250976562,5.432162475585938,-2.318591577148437,5.63530534351145,-5.793240458015267,2.843064885496183,0
34324,4.578852795410156,5.120916259765625,-2.2922553588867185,1.4139312977099237,7.382332061068702,-1.6149503816793893,0
34349,4.669832458496093,5.276539367675781,-2.411965441894531,-5.257824427480917,15.985385496183207,-7.004263358778626,0
34374,4.954742456054687,5.465681298828125,-2.6058957763671873,-7.18912213740458,2.8556145038167937,-11.920293893129772,0
34399,5.182191613769531,5.106551049804687,-2.883623168945312,-8.899045801526718,-13.304690839694656,-15.897393129770993,0
34425,5.012203295898437,5.362730627441406,-2.8764405639648434,-10.975381679389313,-20.365759541984733,-17.126400763358777,0
34450,5.225287243652343,5.183165502929687,-3.1661389648437495,-13.677671755725191,-14.113851145038167,-16.248538167938932,0
34475,5.254017663574218,5.508776928710938,-3.3361272827148434,-14.395229007633588,-11.984080152671755,-13.905026717557252,0
34500,5.232469848632812,5.841570959472656,-3.3026084594726557,-15.853244274809162,-5.426828244274809,-11.187469465648855,0
34525,5.246835058593749,5.990011462402344,-3.570759045410156,-17.883778625954196,2.970118320610687,-8.737087786259542,0
34550,5.531745056152343,6.171970788574218,-3.74074736328125,-17.525,3.825080152671756,-7.485179389312977,0
34575,5.567658081054687,6.248585241699218,-3.7814487915039057,-14.379961832061069,1.0006526717557254,-6.378309160305344,0
34600,5.534139257812499,6.382660534667968,-3.599489465332031,-9.35706106870229,1.8327137404580154,-5.630217557251909,0
34625,5.747223205566406,6.265344653320312,-3.498932995605468,-2.593702290076336,5.359431297709923,-4.408843511450382,0
34650,5.634695727539062,6.519130029296875,-3.4702025756835932,6.1620229007633585,1.6953091603053436,-2.1264007633587787,0
