t_ms,ax,ay,az,gx,gy,gz,label
0,6.582799584960937,1.8959266235351562,3.190466442871094,-0.021183206106870245,-9.861942748091602,-6.859225190839695,0
25,6.779124121093749,1.8504367919921874,3.190466442871094,4.253625954198474,-10.686370229007633,-8.721820610687024,0
50,6.589982189941405,1.8576193969726562,3.1593418212890625,7.131488549618321,-12.167286259541985,-9.080599236641222,0
75,6.59955899658203,1.8552251953124999,3.2072258544921874,6.589503816793893,-8.129118320610687,-8.29433969465649,0
100,6.740816894531249,1.9845120849609375,3.19286064453125,5.841412213740457,-4.976446564885496,-8.851591603053436,0
125,6.870103784179686,2.1401351928710937,3.2383504760742188,6.14675572519084,-7.312324427480915,-10.94319465648855,0
150,6.831796557617186,2.0347903198242188,3.204831652832031,5.184923664122137,-5.739805343511451,-13.179835877862596,0
175,7.071216723632811,2.0730975463867187,3.298205517578125,4.910114503816794,-3.235988549618321,-14.301973282442749,0
200,7.291483276367187,2.2335090576171877,3.4490402221679686,5.841412213740457,-3.2665229007633587,-13.614950381679389,0
225,7.3824629394531245,2.2694220825195313,3.4969242553710935,7.6047709923664115,-4.869576335877863,-9.981362595419847,0
250,7.320213696289062,2.2406916625976563,3.3724257690429686,9.108587786259541,-5.869576335877863,-5.363041984732825,0
275,7.13586016845703,2.341248132324219,3.3700315673828123,8.291793893129771,-3.785606870229007,-0.9584618320610688,0
300,7.138254370117187,2.3388539306640626,3.1880722412109375,4.849045801526717,-3.0833167938931294,0.7667290076335878,0
325,7.004179077148437,2.44898720703125,2.8720376220703123,0.4062977099236641,-4.297057251908397,0.3163473282442748,0
350,7.1574079833984365,2.286181494140625,2.8121825805664065,-1.7998091603053434,-2.2894236641221375,-0.21800381679389325,0
376,7.0831877319335925,2.398708972167969,2.735568127441406,0.7192748091603053,-4.5642328244274815,0.30871374045801525,0
401,6.9706602539062485,2.413074182128906,2.730779724121094,2.5055343511450383,-0.9535458015267175,1.9499351145038166,0
426,6.956295043945311,2.4681408203125,2.7858463623046874,5.1620229007633585,-2.5489656488549617,3.5453549618320612,0
451,7.0472747070312485,2.326882922363281,2.716414514160156,6.650572519083969,-4.846675572519084,4.949935114503816,0
476,7.0616399169921875,2.3963147705078125,2.570368212890625,7.589503816793893,-8.968812977099237,5.156041984732824,0
501,7.123889160156248,2.437016198730469,2.54163779296875,8.933015267175572,-15.190187022900762,5.339248091603053,0
526,6.903622607421874,2.5495436767578123,2.378832080078125,10.917748091603054,-14.709270992366413,7.484286259541984,0
551,6.795883532714844,2.365190148925781,2.3237654418945315,14.558969465648854,-6.800874045801526,10.56825572519084,0
576,6.834190759277344,2.3436423339843753,2.290246618652344,19.31469465648855,-3.7321717557251906,12.430851145038167,0
601,6.419993872070312,2.784175439453125,2.6852898925781252,30.67347328244275,-19.594767175572517,7.659858778625954,0
626,6.051286816406249,2.216749645996094,2.627829052734375,39.131488549618325,-23.800874045801525,0.5148206106870228,0
651,5.644272534179687,2.235903259277344,2.742750732421875,41.772709923664124,-7.38866030534351,-7.179835877862596,0
676,5.833414465332031,2.1928076293945313,2.8696434204101564,47.65820610687023,-12.304690839694656,-17.45464503816794,0
701,5.965095556640624,2.1497119995117187,2.800211572265625,54.200190839694656,-23.533698473282442,-33.51571374045801,0
726,5.519774047851562,2.6357349365234377,2.9893535034179686,53.16202290076336,-29.655835877862597,-53.56914885496183,0
751,6.096776647949219,2.7291088012695313,3.214408459472656,35.704007633587786,-21.312324427480917,-71.08059923664122,0
777,6.63786622314453,3.6005982055664063,3.4753764404296876,15.192557251908397,-42.27415648854962,-81.22563740458016,0
802,6.793489331054686,3.425821484375,3.4921358520507813,-5.37232824427481,-67.9001106870229,-87.8210572519084,0
827,6.640260424804686,3.4784939208984373,2.857672412109375,-25.715839694656488,-77.36575954198473,-91.5004465648855,0
852,6.882074792480467,3.768192321777344,2.5009363647460936,-52.15095419847328,-62.060416030534356,-99.87449236641221,0
877,7.20050361328125,4.582220886230469,2.242362585449219,-74.66240458015268,-58.84667557251909,-109.5004465648855,0
902,7.236416638183592,4.7426323974609375,1.6390237670898435,-97.33416030534352,-46.61003435114504,-109.60731679389313,0
927,7.389645544433592,4.895861303710937,1.9837888061523434,-136.54026717557252,40.77164503816794,-106.00426335877863,0
952,7.940311926269531,6.368295324707031,3.4849532470703126,-167.02118320610688,122.78691221374046,-100.54624809160305,0
977,8.136636462402343,8.997128747558593,4.363625256347656,-154.25782442748093,12.59607251908397,-80.05006488549618,0
1002,8.481401501464841,7.855094555664063,3.42270400390625,-144.8456106870229,-127.30469083969464,-45.27143893129771,0
1027,7.890033691406249,7.527088928222656,4.047590637207031,-176.0135496183206,-91.92301145038168,-13.218003816793894,0
1052,8.349720410156248,8.556595642089842,4.4091150878906245,-192.60896946564887,-96.99934732824427,15.919400763358778,0
1077,7.46865419921875,8.192676989746092,4.004495007324218,-208.7387404580153,-103.81614122137404,42.72092748091603,0
1102,7.815813439941405,7.879036572265624,3.853660302734375,-226.28835877862596,-85.67873664122136,66.60642366412215,0
1128,8.40718125,7.8191815307617185,3.7243734130859374,-231.53263358778628,-80.68637022900764,89.32398091603054,0
1153,8.581957971191404,7.448080273437499,3.4179156005859377,-221.8456106870229,-92.48789694656489,114.17130916030534,0
1178,9.123047546386719,6.598138684082031,2.649376867675781,-203.85324427480916,-93.91537786259542,143.20947709923664,0
1203,8.696879650878905,6.013953479003906,1.9670293945312498,-173.44866412213742,-109.36575954198473,176.3850496183206,0
1228,8.565198559570312,5.257385754394531,1.5217078857421873,-139.57080152671756,-108.64820229007633,208.2171106870229,0
1253,7.858909069824217,4.1799950073242185,0.8728792358398436,-94.49446564885497,-121.32759160305343,236.88123282442749,0
1278,7.401616552734374,3.1600651000976563,-0.0010043701171875002,-53.112786259541984,-107.30469083969466,251.02627099236642,0
1303,6.815037145996093,2.2789988891601562,-0.2500013427734375,-5.318893129770993,-108.79324045801526,251.02627099236642,0
1328,5.380910351562499,1.1776661254882812,-0.7767257080078125,42.97118320610687,-103.88484351145038,251.02627099236642,0
1353,4.744052709960937,-0.17266361083984375,-1.1502211669921876,89.20019083969466,-89.39629389312977,251.02627099236642,0
1378,3.242888269042968,-0.8981067138671874,-1.1550095703125,133.95591603053435,-80.28942366412214,251.02627099236642,0
1403,1.8135498779296872,-1.630732421875,-0.46547949218749995,178.49790076335879,-73.2207213740458,251.02627099236642,0
1428,0.9420604736328122,-2.5596826660156244,-0.2212709228515625,224.08568702290077,-74.19782061068702,250.72092748091603,0
1453,0.22619417724609336,-3.1247142578125,-0.23563613281249998,250.6047709923664,-55.442095419847334,220.75909541984734,0
1478,-0.6333242187500003,-3.0792244262695307,1.39242099609375,250.6047709923664,-43.80850763358779,186.94230152671756,0
1504,-1.1121645507812503,-2.437578381347656,3.1784954345703125,250.6047709923664,-70.1443854961832,149.02627099236642,0
1529,-2.412216052246094,-2.054506115722656,3.578327111816406,250.6047709923664,-114.32759160305343,100.04153816793894,0
1554,-1.502419421386719,-2.4064537597656246,6.295745996093749,250.6047709923664,-118.28942366412214,42.62169083969466,0
1579,-1.2773644653320315,-3.3234329956054682,7.36834833984375,250.6047709923664,-138.80087404580152,-14.355408396946565,0
1604,-1.195961608886719,-1.6570686401367187,7.737055395507812,250.6047709923664,-102.0680496183206,-62.53098091603053,0
1629,0.5422287963867185,-0.7448778076171875,8.718678076171875,250.6047709923664,-100.79324045801526,-97.17220229007633,0
1654,1.87579912109375,-1.1255558715820313,9.073019921875,241.42156488549617,-124.89247709923664,-131.99662977099237,0
1679,1.6914455932617187,-0.5054576416015625,9.666781933593748,211.20782442748092,-121.81614122137404,-161.65311832061067,0
1704,3.2883781005859367,-0.108020166015625,9.83198184814453,173.65057251908397,-104.3352251908397,-178.6149503816794,0
1729,4.277183386230468,2.25745107421875,9.317228491210937,132.66583969465648,-102.48026335877863,-190.7981564885496,0
1754,5.5437160644531245,2.688407373046875,9.080202526855468,93.20782442748092,-125.73980534351145,-198.1264007633588,0
1779,6.439147485351561,2.7099551879882813,8.833599755859375,56.29942748091603,-125.41156106870228,-206.54624809160305,0
1804,7.672161340332031,3.265409973144531,7.863948083496093,23.35286259541985,-112.9382786259542,-215.03479770992365,0
1829,6.647443029785156,5.324423400878906,7.48327001953125,4.391030534351145,-131.64820229007634,-219.1798358778626,0
1854,6.59955899658203,6.013953479003906,6.489676330566406,-2.8532442748091604,-171.73980534351145,-210.31724045801528,0
1879,7.880456884765624,4.78572802734375,5.742685412597655,-18.715839694656488,-185.81614122137404,-195.0271641221374,0
1904,8.040868395996092,5.5853913818359375,6.255044567871093,-25.815076335877862,-225.49553053435113,-175.1035,0
1930,5.593994299316406,5.815234741210937,5.323700122070312,-56.18148854961832,-198.7627061068702,-151.71418702290077,0
1955,7.071216723632811,6.890231286621094,4.440239709472656,-97.6395038167939,-149.6940038167939,-133.96609541984733,0
1980,7.2316282348632805,7.479204895019531,4.536007775878906,-121.14332061068703,-182.40392748091602,-114.56151526717557,0
2005,6.537309753417968,8.518288415527342,2.9318926635742186,-153.28835877862596,-206.5413320610687,-97.4241106870229,0
2030,6.977842858886718,8.063390100097655,2.725991320800781,-189.57080152671756,-181.7474389312977,-85.59968320610686,0
2055,6.48463731689453,7.529483129882812,3.23116787109375,-217.9448473282443,-137.8772099236641,-72.89739312977099,0
2080,6.872497985839844,8.654757910156249,5.081885754394531,-225.731106870229,-138.89247709923663,-59.363041984732824,0
2105,7.550057055664062,8.884601269531249,2.678107287597656,-231.79217557251908,-182.0680496183206,-35.988996183206105,0
2130,7.69131495361328,7.8574887573242185,3.863237109375,-244.17385496183206,-179.6558358778626,-5.889759541984733,0
2155,7.375280334472655,8.446462365722654,3.757892236328125,-245.36469465648855,-170.08331679389312,30.04153816793893,0
2180,7.9618597412109375,10.503081591796875,2.7571159423828124,-241.85324427480916,-181.8237748091603,62.43848473282443,0
2205,6.745605297851562,11.266831921386718,2.80978837890625,-228.07461832061068,-199.63293511450382,95.1789427480916,0
2230,7.243599243164062,10.108038317871092,2.1633539306640626,-217.8837786259542,-177.75507251908397,134.3697824427481,0
2255,6.604347399902344,9.928473193359373,1.1793370483398435,-201.90667938931298,-151.83140839694656,176.46901908396947,0
2280,7.13586016845703,10.069731091308592,0.9447052856445312,-184.82270992366412,-125.70163740458015,213.45375190839695,0
2305,7.365703527832031,9.315557568359374,0.4922011718749999,-158.6395038167939,-121.26652290076335,241.9194007633588,0
2330,7.72962218017578,8.065784301757812,0.5352968017578125,-129.8303435114504,-109.85430916030533,251.02627099236642,0
2356,7.413587561035155,6.622080700683593,0.06363907470703124,-91.23492366412215,-112.02224809160305,251.02627099236642,0
2381,6.989813867187499,4.8360062622070314,-0.6498330200195312,-50.38759541984733,-114.20545419847328,251.02627099236642,0
2406,6.429570678710937,3.370754846191406,-1.1214907470703124,-9.402862595419847,-110.73980534351145,251.02627099236642,0
2431,5.268382873535155,1.8743788085937498,-1.2842964599609374,34.59713740458015,-111.96117938931297,251.02627099236642,0
2456,3.9898791870117183,0.7012199951171875,-2.1557858642578123,73.48263358778625,-99.58713358778625,251.02627099236642,0
2481,3.472731628417968,-0.797550244140625,-2.34253359375,110.98645038167939,-95.91537786259542,251.02627099236642,0
2506,2.3187264282226554,-1.5277817504882811,-2.2252177124023436,153.89484732824428,-109.08331679389313,251.02627099236642,0
2531,0.6954577026367184,-2.286743676757812,-1.8732700683593748,190.8490458015267,-104.26652290076335,244.83543129770993,0
2556,-0.6333242187500003,-2.8445926635742182,-1.6051194824218749,222.94064885496184,-93.03751526717556,216.67512595419848,0
2581,-1.626917907714844,-3.0097925781249995,-0.7360242797851563,249.78034351145038,-80.70163740458015,187.33924809160305,0
2606,-1.9836539550781254,-3.005004174804687,0.8968212524414062,250.6047709923664,-104.90774427480916,156.2552786259542,0
2631,-2.5582623535156253,-3.273154760742187,3.4059445922851563,250.6047709923664,-117.32759160305343,119.70566030534351,0
2656,-2.8934505859375,-4.103942736816406,4.270251391601562,250.6047709923664,-145.3504923664122,74.5377213740458,0
2681,-3.056256298828125,-2.7033347656249997,5.012453906249999,250.6047709923664,-126.3352251908397,21.43085114503817,0
2706,-1.3922861450195314,-1.0920370483398436,7.095409350585937,250.6047709923664,-141.53369847328244,-34.64548473282442,0
2731,-0.9565414428710941,-2.0401409057617186,9.223854626464844,250.6047709923664,-192.57186641221372,-90.5004465648855,0
2756,-0.7697937133789066,-2.2987146850585933,9.199912609863281,250.6047709923664,-173.1062175572519,-135.69891984732823,0
2782,-0.14011867675781264,-0.06492453613281249,9.50637042236328,250.6047709923664,-140.17491984732823,-167.43937786259542,0
2807,1.3969587890624995,-0.038588317871093764,10.353917810058594,247.3070610687023,-120.04514885496182,-185.41647709923663,0
2832,3.0681115478515624,0.38518537597656244,10.883036376953124,215.63530534351145,-87.49553053435115,-197.37067557251908,0
2857,4.310702209472655,2.075491748046875,10.825575537109374,199.62767175572517,-136.6024007633588,-207.05769847328244,0
2882,4.353797839355468,3.96212265625,9.951691931152343,149.06278625954198,-92.70927099236641,-219.48517938931298,0
2907,5.711310180664062,3.3444186279296875,9.439332775878906,113.08568702290076,-70.86957633587785,-223.20273664122138,0
2932,6.041710009765624,4.7234787841796875,8.338000012207031,102.71164122137404,-110.65583587786259,-223.1264007633588,0
2957,5.933970935058594,6.622080700683593,7.432991784667968,97.10095419847327,-171.84667557251908,-221.82869083969464,0
2982,5.1127597656249995,6.634051708984375,6.30771700439453,89.84904580152671,-237.8772099236641,-211.97372900763358,0
3007,4.7368701049804685,7.115286242675781,5.077097351074218,58.520801526717555,-238.75507251908397,-190.86685877862595,0
3032,5.742434802246094,8.135216149902343,3.9230921508789063,17.734541984732825,-210.99934732824428,-168.16456870229007,0
3057,5.756800012207031,10.03381806640625,3.3580605590820314,-17.074618320610686,-217.00698091603053,-152.85922519083968,0
3082,4.5501223754882805,11.21415948486328,2.4913595581054686,-49.40286259541985,-248.71690458015266,-139.95846183206106,0
3107,4.514209350585937,9.98832823486328,1.4259398193359374,-99.73874045801527,-237.39629389312978,-121.47754580152672,0
3132,5.294719091796875,9.71299504394531,2.3357364501953124,-128.6242366412214,-233.22835496183205,-95.60731679389313,0
3157,5.096000354003905,11.03459436035156,1.5528325073242186,-149.04408396946565,-233.04514885496184,-71.16456870229007,0
3183,5.634695727539062,11.065718981933593,0.34376066894531243,-175.21965648854962,-213.83140839694656,-57.26380534351145,0
3208,5.371333544921875,11.726518640136717,2.3237654418945315,-181.74637404580153,-214.2741564885496,-43.752354961832054,0
3233,5.105577160644531,11.736095446777343,2.725991320800781,-185.72347328244274,-223.63293511450382,-14.080599236641222,0
3258,4.150290698242187,11.393724609374999,1.2224326782226562,-202.12041984732824,-243.38102671755726,23.270545801526715,0
3283,5.7879246337890615,10.955585705566405,1.5887455322265625,-241.13568702290078,-205.08331679389312,57.22474427480916,0
3308,4.796725146484374,11.154304443359374,2.3716494750976564,-249.66240458015267,-194.2054541984733,89.98810305343511,0
3333,5.689762365722655,11.36738839111328,1.5336788940429686,-249.66240458015267,-210.53369847328244,123.05680534351146,0
3358,6.1255070678710934,10.182258569335936,0.6095170532226561,-249.66240458015267,-193.94591221374046,156.82779770992366,0
3383,5.689762365722655,8.925302697753905,2.2303915771484375,-249.66240458015267,-186.17491984732823,197.4079503816794,0
3408,6.1231128662109375,10.383371508789061,2.668530480957031,-249.66240458015267,-82.71690458015267,222.81253053435114,0
3433,7.0089674804687485,10.321122265624998,1.9933656127929684,-245.32652671755727,-113.68637022900764,237.99573664122138,0
3458,7.3082426879882805,8.491952197265624,1.12427041015625,-220.79980916030536,-145.73980534351145,251.02627099236642,0
3483,7.076005126953125,6.626869104003906,0.3461548706054687,-188.05935114503816,-144.44972900763358,251.02627099236642,0
3508,6.90601680908203,5.001206176757813,0.45868234863281243,-157.37232824427483,-117.91537786259542,251.02627099236642,0
3533,6.673779248046874,3.5407431640625,-0.10874344482421874,-123.70057251908398,-103.57186641221374,251.02627099236642,0
3558,6.850950170898437,3.1026042602539063,-1.1717689819335937,-82.02118320610687,-126.12148473282443,251.02627099236642,0
3583,5.297113293457031,1.7953701538085935,-1.02093427734375,-35.37996183206107,-146.35812595419847,251.02627099236642,0
3609,4.363374645996093,0.09548697509765625,-2.0791714111328123,6.429198473282442,-134.44972900763358,251.02627099236642,0
3634,2.943613061523437,-1.257236962890625,-1.6601861206054687,47.55896946564886,-127.43446183206106,251.02627099236642,0
3659,2.5054741577148434,-2.8996593017578123,-1.4758325927734375,98.98645038167939,-159.6024007633588,251.02627099236642,0
3684,1.1503560180664056,-3.213299719238281,-2.32337998046875,139.1162213740458,-147.90774427480915,251.02627099236642,0
3709,-0.3603852294921879,-3.184569299316406,-2.2539481323242185,164.07041984732822,-106.81614122137404,231.44611832061068,0
3734,-1.2773644653320315,-3.881281982421875,-1.949884521484375,190.0017175572519,-108.09858396946565,210.42321755725192,0
3759,-1.416228161621094,-4.554052648925781,0.36530848388671877,240.48263358778627,-157.11385114503815,181.74382824427482,0
3784,-1.9501351318359377,-4.695310546875,0.7842937744140625,250.6047709923664,-162.5947671755725,143.484286259542,0
3809,-1.6556483276367189,-3.06725341796875,2.271093005371094,250.6047709923664,-191.25125572519084,98.02627099236642,0
3834,-1.6508599243164066,-3.8621283691406245,5.026819116210937,250.6047709923664,-248.71690458015266,38.08733969465649,0
3859,-0.9445704345703128,-4.582783068847656,6.561502380371093,250.6047709923664,-248.71690458015266,-30.79815648854962,0
3884,-0.37953884277343786,-3.991415258789062,8.225472534179687,250.6047709923664,-248.71690458015266,-104.05006488549618,0
3909,0.4081535034179682,-3.3066735839843746,8.730649084472656,250.6047709923664,-248.71690458015266,-177.17220229007634,0
3934,1.1838748413085933,-3.5389111450195307,10.08816142578125,250.6047709923664,-248.71690458015266,-238.44701145038167,0
3959,2.2780249999999995,-4.391246936035156,9.922961511230469,250.6047709923664,-248.71690458015266,-249.24090458015266,0
3984,1.8973469360351558,-2.1311205688476558,9.405813952636718,229.57423664122138,-170.0909503816794,-249.24090458015266,0
4009,2.2564771850585936,0.7682576416015624,8.768956311035156,193.87958015267176,-111.85430916030533,-249.24090458015266,0
4035,4.095224060058593,2.2071728393554686,7.665229345703124,159.268893129771,-50.90774427480916,-249.24090458015266,0
4060,6.027344799804687,4.527154248046875,8.338000012207031,147.3986641221374,-65.61766793893129,-249.24090458015266,0
4085,4.952348254394531,6.176759191894531,7.708324975585937,134.48263358778627,-124.96881297709923,-249.24090458015266,0
4110,3.297954907226562,6.9740283447265625,4.825706176757812,85.5895038167939,-106.04514885496182,-249.24090458015266,0
4135,4.497449938964843,10.251690417480468,4.818523571777344,42.955916030534354,-169.5795,-249.24090458015266,0
4160,6.362533032226561,9.600467565917967,4.650929455566406,-16.769274809160304,-178.1825534351145,-245.94319465648854,0
4185,4.727293298339843,10.196623779296873,5.225537854003906,-52.105152671755725,-246.2588893129771,-200.25617175572518,0
4210,3.941995153808593,10.230142602539061,4.569526599121093,-97.09751908396947,-228.8085076335878,-156.54624809160305,0
4235,3.1064187744140623,10.986710327148437,3.180889636230469,-128.7387404580153,-218.92301145038167,-119.41647709923664,0
4260,2.8957290283203116,11.467944860839843,2.4027740966796873,-179.70820610687022,-156.05278244274808,-98.9508282442748,0
4285,4.4567485107421865,11.843834521484373,3.9063327392578127,-219.8303435114504,-116.98408015267175,-96.45464503816794,0
4310,3.7432764160156244,12.11437930908203,5.2901812988281245,-214.49446564885497,-220.11385114503815,-84.75998854961831,0
4335,3.728911206054687,11.197400073242186,4.622199035644531,-234.97538167938933,-228.2741564885496,-65.17220229007633,0
4360,4.636313635253906,11.101632006835937,5.855212890624999,-241.46393129770993,-242.54896564885496,-44.18746946564885,0
4385,3.240494067382812,10.663493103027342,6.118575073242187,-249.66240458015267,-216.44209541984733,-23.77525572519084,0
4410,4.677015063476562,11.530194104003904,3.640576354980469,-249.66240458015267,-226.75507251908397,-5.080599236641222,0
4435,4.451960107421875,10.251690417480468,3.9063327392578127,-249.66240458015267,-239.24362213740457,19.22474427480916,0
4461,4.463931115722656,8.989946142578123,5.211172644042968,-249.66240458015267,-207.67873664122138,50.46138549618321,0
4486,5.689762365722655,10.752078564453123,3.8608429077148436,-242.2425572519084,-198.4878969465649,79.4461183206107,0
4511,6.340985217285156,10.163104956054687,3.3508779541015623,-225.70820610687022,-198.3886603053435,103.40031679389314,0
4536,5.646666735839843,8.025082873535155,3.8512661010742186,-206.07461832061068,-174.15201908396946,139.14840839694656,0
4561,6.209304125976561,7.740172875976563,3.9997066040039058,-185.2043893129771,-142.80087404580152,176.2018435114504,0
4586,6.932353027343749,7.335552795410156,3.7076140014648438,-164.09751908396947,-124.09858396946565,201.94993511450383,0
4611,7.011361682128906,6.227037426757812,2.9821708984375,-145.18148854961834,-110.86957633587785,222.13314122137405,0
4636,7.842149658203124,5.089791638183594,2.5464261962890626,-121.21965648854962,-109.25125572519083,240.3163473282443,0
4661,7.09755294189453,3.5742619873046877,1.325383349609375,-99.70057251908398,-95.55659923664122,251.02627099236642,0
4686,6.640260424804686,2.1545004028320314,1.5360730957031248,-71.54026717557252,-92.45736259541984,251.02627099236642,0
4711,6.319437402343749,0.9047271362304686,0.9878009155273437,-34.02118320610687,-105.08331679389313,251.02627099236642,0
4736,6.841373364257811,0.07633336181640624,-0.3936534423828125,4.1620229007633585,-120.07568320610686,251.02627099236642,0
4761,5.084029345703124,-0.864587890625,-0.24281873779296873,31.16965648854962,-110.48789694656489,251.02627099236642,0
4786,3.7049691894531245,-1.6929816650390623,-0.3337984008789062,64.52843511450381,-108.9382786259542,251.02627099236642,0
4811,2.9292478515625,-2.8733230834960932,-0.6211026000976563,96.16202290076335,-108.23598854961831,245.484286259542,0
4836,2.548569787597656,-3.2851257690429683,-0.7886967163085937,126.91774809160304,-111.4268282442748,230.78962977099238,0
4861,2.1104308837890624,-3.8238211425781246,-0.6977170532226562,158.3986641221374,-118.66346946564884,209.17130916030536,0
4886,0.9037532470703122,-3.9435312255859367,-0.23563613281249998,193.9635496183206,-132.0909503816794,183.9194007633588,0
4912,0.14000291748046845,-4.530110632324218,0.3772794921875,223.83377862595418,-136.83140839694656,155.51482061068702,0
4937,-0.6333242187500003,-4.36969912109375,1.586351330566406,250.6047709923664,-142.44209541984733,127.46138549618321,0
4962,-1.0355500976562504,-4.352939709472656,2.658953674316406,250.6047709923664,-130.19018702290077,97.55298854961832,0
4987,-1.0954051391601565,-5.399205834960937,4.574315002441406,250.6047709923664,-147.3886603053435,67.90413358778626,0
5012,-1.5167846313476565,-4.776713403320312,4.404326684570312,250.6047709923664,-174.6176679389313,33.255278625954205,0
5037,-1.8735206787109377,-2.688969555664062,5.898308520507812,250.6047709923664,-166.2207213740458,-6.27907251908397,0
5062,-1.5742454711914065,-3.723264672851562,8.21110732421875,250.6047709923664,-132.41919465648854,-41.294339694656486,0
5087,-1.0283674926757815,-3.158233081054687,8.098579846191406,250.6047709923664,-90.60240076335877,-66.1035,0
5112,-0.18560850830078168,-1.0249994018554687,8.639669421386717,250.6047709923664,-61.95354580152672,-82.90502671755725,0
5137,1.0737415649414057,0.26068688964843745,10.030700585937499,250.6047709923664,-49.999347328244276,-96.54624809160305,0
5162,1.5669471069335934,-0.23251865234375,10.389830834960936,250.6047709923664,-57.67110305343512,-107.5538816793893,0
5187,2.153526513671874,0.6413649536132812,10.43292646484375,250.6047709923664,-89.16728625954198,-119.35540839694656,0
5212,2.9172768432617184,1.7762165405273436,9.764944201660155,246.80324427480915,-84.09858396946565,-133.39357633587787,0
5237,2.6730682739257805,4.041131311035156,9.113721350097656,216.4520992366412,-100.07568320610686,-148.32487404580152,0
5262,3.228523059082031,4.225484838867187,9.10414454345703,171.1696564885496,-69.13675190839695,-158.5004465648855,0
5287,4.349009436035155,4.297310888671875,9.37229512939453,159.46736641221372,-116.34285877862595,-163.11113358778627,0
5312,3.637931542968749,6.351535913085938,7.6915655639648435,153.13148854961833,-199.68637022900762,-171.22563740458014,0
5338,3.6690561645507804,6.868683471679687,6.393908264160156,105.49790076335877,-157.785606870229,-180.45464503816794,0
5363,4.236481958007812,7.613280187988281,5.481717431640624,89.13148854961831,-198.36575954198472,-184.09586641221372,0
5388,3.355415747070312,9.610044372558592,2.735568127441406,52.574236641221376,-211.6940038167939,-181.53098091603053,0
5413,4.66504405517578,8.922908496093749,2.512907373046875,-2.525,-182.2207213740458,-168.0805992366412,0
5438,5.282748083496093,8.898966479492186,3.147370812988281,-35.45629770992366,-167.7627061068702,-151.57678244274808,0
5463,4.9260120361328115,9.859041345214843,4.3157412231445305,-31.929580152671754,-235.43446183206106,-132.7828893129771,0
5488,4.0425516235351555,10.641945288085935,3.2551098876953124,-44.799809160305344,-248.71690458015266,-113.4622786259542,0
5513,3.1016303710937496,10.771232177734374,1.7922526733398436,-86.8303435114504,-248.71690458015266,-90.26380534351145,0
5538,3.733699609374999,10.859817639160156,2.5200899780273436,-127.26545801526719,-245.3504923664122,-69.35540839694656,0
5563,3.1950042358398436,12.715323925781249,1.5241020874023437,-158.82270992366412,-248.71690458015266,-44.172202290076335,0
5588,5.151066992187499,10.69701192626953,1.81380048828125,-203.14332061068703,-219.13675190839695,-28.714187022900763,0
5613,3.302743310546875,11.087266796875,4.066744250488281,-212.26545801526717,-225.80087404580152,-7.477545801526718,0
5638,4.181415319824218,12.495057373046874,2.56079140625,-202.731106870229,-248.71690458015266,15.88886641221374,0
5663,3.8198908691406244,12.159869140624998,0.6286706665039061,-210.6929389312977,-248.71690458015266,40.636958015267176,0
5688,3.8151024658203117,10.56293663330078,1.9861830078124998,-238.07461832061068,-196.71690458015266,61.003370229007636,0
5713,5.179797412109374,9.832705126953124,2.7475391357421874,-227.25782442748093,-210.32759160305343,83.18657633587786,0
5738,5.222893041992187,10.14155714111328,1.5073426757812498,-227.04408396946565,-197.47262977099237,111.0491717557252,0
5764,5.294719091796875,9.672293615722655,0.9925893188476562,-230.07461832061068,-185.0146145038168,140.88123282442749,0
5789,5.495832031249999,9.061772192382811,1.7419744384765623,-232.79980916030536,-157.785606870229,171.51482061068702,0
5814,5.40006396484375,9.01149395751953,2.0005482177734377,-225.7540076335878,-144.99934732824428,206.62169083969465,0
5839,6.685750256347656,8.439279760742187,1.7850700683593748,-212.5097328244275,-144.62530152671755,236.09497328244274,0
5864,7.205292016601562,7.785662707519531,1.3182007446289061,-186.57843511450383,-149.58713358778627,251.02627099236642,0
5889,6.5780111816406235,5.932550622558594,0.8154183959960937,-167.79217557251908,-119.52606488549618,251.02627099236642,0
5914,5.8621448852539055,4.184783410644531,-0.2021173095703125,-137.8837786259542,-125.96881297709923,251.02627099236642,0
5939,5.795107238769531,2.7410798095703126,-0.9275604125976562,-111.92958015267176,-104.62530152671755,251.02627099236642,0
5964,5.366545141601562,1.2135791503906248,-0.39604764404296877,-83.14332061068703,-76.98408015267175,251.02627099236642,0
5989,5.5054088378906245,-0.9675385620117187,-0.8557343627929688,-54.14332061068702,-57.35812595419848,251.02627099236642,0
6014,5.234864050292968,-2.10957275390625,-1.3680935180664062,-16.51736641221374,-80.01461450381679,251.02627099236642,0
6039,4.677015063476562,-2.080842333984375,-2.0241047729492188,24.032251908396947,-98.88484351145038,251.02627099236642,0
6064,2.2229583618164055,-2.2532248535156247,-1.7056759521484375,66.48263358778625,-115.47262977099236,251.02627099236642,0
6089,0.39139409179687457,-3.409624255371093,-1.2771138549804688,114.29942748091602,-132.9001106870229,251.02627099236642,0
6114,-0.13054187011718765,-4.2475948364257805,-1.3920355346679687,160.92538167938932,-136.9001106870229,251.02627099236642,0
6139,-0.7362748901367191,-4.245200634765625,-1.2842964599609374,199.12385496183205,-129.26652290076336,219.45375190839695,0
6164,-1.4665063964843752,-4.273931054687499,-1.2842964599609374,229.7192748091603,-129.0909503816794,180.53008778625954,0
6190,-1.5048136230468752,-3.2755489624023433,1.5336788940429686,250.6047709923664,-144.68637022900762,137.30871374045802,0
6215,-1.330036901855469,-3.9985978637695307,3.597480725097656,250.6047709923664,-208.0146145038168,86.59115648854961,0
6240,-2.7378274780273437,-4.137461560058593,6.0587200317382806,250.6047709923664,-248.71690458015266,26.965202290076334,0
6265,-2.3571494140625004,-4.226047021484375,7.047525317382812,250.6047709923664,-229.1596526717557,-30.721820610687022,0
6290,-0.7578227050781252,-5.265130541992187,8.208713122558594,250.6047709923664,-227.73980534351145,-86.50808015267175,0
6315,0.748130139160156,-2.882899890136718,9.453697985839844,250.6047709923664,-228.5565992366412,-144.897393129771,0
6340,1.3778051757812495,-2.162245190429687,10.605308984374998,250.6047709923664,-248.71690458015266,-209.3477748091603,0
6365,1.5980717285156247,-1.5876367919921874,10.289274365234375,250.6047709923664,-248.71690458015266,-249.24090458015266,0
6390,2.383369873046875,-1.372158642578125,10.646010412597656,250.6047709923664,-234.991713740458,-249.24090458015266,0
6415,3.1758506225585936,0.6605185668945311,9.606926892089843,250.6047709923664,-153.5565992366412,-249.24090458015266,0
6440,3.410482385253906,2.611792919921875,8.651640429687498,228.74980916030535,-121.53369847328244,-249.24090458015266,0
6465,2.9531898681640616,4.170418200683594,8.282933374023436,182.04751908396946,-53.5795,-249.24090458015266,0
6490,4.068887841796874,8.314781274414061,4.682054077148437,172.42156488549617,-184.19782061068702,-249.24090458015266,0
6515,5.175009008789062,9.138386645507811,3.88239072265625,105.31469465648854,-248.71690458015266,-249.24090458015266,0
6540,3.9084763305664056,9.626803784179685,3.63339375,-6.273091603053436,-248.71690458015266,-224.37067557251908,0
6565,2.9891028930664056,10.175075964355468,4.018860217285156,-89.50209923664123,-243.96881297709922,-166.76762213740457,0
6591,4.0425516235351555,10.998681335449218,4.148147106933593,-134.95248091603054,-239.92301145038167,-123.6683854961832,0
6616,4.600400610351562,11.822286706542968,2.5536088012695313,-173.6395038167939,-220.05278244274808,-95.41647709923664,0
6641,3.9300241455078115,12.91164846191406,2.972594091796875,-205.51736641221373,-182.7092709923664,-82.93556106870228,0
6666,4.796725146484374,12.231695190429686,3.8464776977539064,-207.2425572519084,-221.41919465648854,-77.59968320610686,0
6691,4.317884814453125,11.144727636718748,6.010835998535156,-203.37232824427483,-248.7092709923664,-63.0271641221374,0
6716,3.1088129760742182,11.85819973144531,3.621422741699219,-208.6242366412214,-248.71690458015266,-49.355408396946565,0
6741,3.937206750488281,12.60519064941406,2.644588464355469,-235.74637404580153,-215.86957633587787,-33.614950381679385,0
6766,4.368163049316406,11.518223095703124,3.3508779541015623,-245.79980916030536,-219.1825534351145,-6.011896946564886,0
6791,3.9515719604492183,10.491110583496093,3.4490402221679686,-241.98301526717557,-225.8085076335878,33.873599236641226,0
6816,5.060087329101562,10.675464111328123,3.872813916015625,-236.16622137404582,-201.67873664122138,73.63695801526718,0
6841,5.333026318359375,11.283591333007811,3.635787951660156,-221.4333969465649,-195.04514885496184,105.12550763358779,0
6866,5.165432202148437,10.840664025878905,4.322923828124999,-203.27309160305344,-177.02988167938932,139.02627099236642,0
6891,5.146278588867187,10.30196865234375,3.7243734130859374,-194.77690839694657,-143.11385114503815,174.2552786259542,0
6916,6.130295471191405,8.93487950439453,2.4458697265625,-201.12041984732824,-83.53369847328244,208.32398091603054,0
6941,6.546886560058593,8.427308752441405,3.07793896484375,-190.5097328244275,-97.55659923664122,239.11787404580153,0
6967,5.989037573242187,6.08817373046875,3.5615677001953125,-170.81507633587788,-103.3352251908397,251.02627099236642,0
6992,7.255570251464843,4.711507775878906,3.17370703125,-155.58606870229008,-79.5413320610687,251.02627099236642,0
7017,6.776729919433593,3.0666912353515623,2.256727795410156,-135.53263358778628,-87.35049236641221,251.02627099236642,0
7042,6.501396728515624,2.25745107421875,0.6119112548828124,-109.91431297709924,-108.99171374045801,251.02627099236642,0
7067,6.106353454589843,0.8664199096679687,0.8633024291992186,-84.91431297709924,-104.53369847328244,251.02627099236642,0
7092,5.570052282714843,-1.6067904052734374,-0.015369580078125,-52.372328244274804,-95.01461450381679,251.02627099236642,0
7117,4.538151367187499,-2.14787998046875,-0.2787317626953125,-25.32652671755725,-62.95354580152672,251.02627099236642,0
7142,4.128742883300781,-2.5955956909179685,-0.733630078125,10.986450381679388,-84.0298816793893,251.02627099236642,0
7167,2.6371552490234373,-2.9523317382812495,-0.4870273071289062,55.574236641221376,-112.99171374045801,251.02627099236642,0
7192,1.4639964355468749,-4.206893408203125,-0.427172265625,93.88721374045801,-124.51843129770992,249.94230152671756,0
7217,0.7433417358398433,-4.759953991699218,-1.21247041015625,121.60477099236641,-114.11385114503817,228.3163473282443,0
7242,0.44406652832031224,-4.836568444824218,-0.8724937744140625,147.6582061068702,-114.93064503816794,204.09497328244274,0
7267,-0.6740256469726567,-4.805443823242187,0.3772794921875,176.42156488549617,-124.2970572519084,180.20947709923664,0
7293,-1.2773644653320315,-5.138237854003906,1.2080674682617187,213.69637404580152,-149.28942366412213,154.86596564885497,0
7318,-1.7274743774414065,-5.052046594238281,1.9071743530273435,245.0398854961832,-152.58713358778627,126.85833206106871,0
7343,-1.540726647949219,-4.199710803222656,3.597480725097656,250.6047709923664,-155.991713740458,99.3316145038168,0
7368,-1.377920935058594,-3.8740993774414054,5.752262219238281,250.6047709923664,-203.41919465648854,66.0110038167939,0
7393,-2.5917811767578125,-5.111901635742187,6.674029858398437,250.6047709923664,-196.28179007633588,34.17130916030535,0
7418,-3.3842619262695313,-3.361740222167968,7.277368676757812,250.6047709923664,-148.77797328244273,11.56825572519084,0
7443,-2.354755212402344,-2.380117541503906,7.39947296142578,250.6047709923664,-107.64056870229007,-4.401209923664123,0
7468,-0.9086574096679689,-1.4032832641601563,8.792898327636719,250.6047709923664,-83.97644656488549,-20.523347328244274,0
7493,0.13042611083984346,-0.9986631835937501,10.437714868164061,250.6047709923664,-102.12911832061069,-39.126400763358774,0
7518,0.36505787353515595,-0.7137531860351563,10.90458419189453,250.6047709923664,-119.3886603053435,-62.69128625954198,0
7543,1.076135766601562,-0.11759697265624999,11.069784106445312,250.6047709923664,-114.09858396946565,-83.95846183206106,0
7568,1.2533066894531246,0.5527794921875,10.449685876464843,250.6047709923664,-165.08331679389312,-100.98136259541984,0
7593,2.345062646484375,2.037184521484375,9.865500671386718,238.74980916030535,-141.12911832061067,-124.66075190839695,0
7619,2.194227941894531,3.3923026611328124,9.661993530273437,200.04751908396946,-121.21308778625954,-146.80579007633588,0
7644,3.582864904785156,3.825653161621094,9.707483361816406,173.6047709923664,-134.2970572519084,-165.18746946564886,0
7669,3.391328771972656,4.060284924316406,9.051472106933593,162.76507633587786,-178.28179007633588,-179.7981564885496,0
7694,2.9914970947265616,5.9924056640625,7.715507580566405,133.04751908396946,-176.48026335877861,-188.48517938931298,0
7719,3.4631548217773434,6.799251623535156,6.630934228515624,107.61240458015267,-179.81614122137404,-190.7828893129771,0
7744,4.461536914062499,7.414561450195312,4.902320629882812,79.4368320610687,-217.45736259541985,-182.85922519083968,0
7769,4.270000781249999,8.326752282714843,5.642128942871093,49.253625954198476,-248.71690458015266,-167.11876717557251,0
7794,4.753629516601562,8.116062536621094,3.4179156005859377,-2.1662213740458016,-248.71690458015266,-147.92792748091603,0
7819,4.277183386230468,9.0186765625,3.049208544921875,-46.90667938931298,-223.79324045801528,-127.7065534351145,0
7844,4.823061364746093,9.301192358398437,3.0061129150390626,-77.70057251908398,-209.77033969465649,-111.37830916030534,0
7869,3.9276299438476556,9.70102403564453,3.659729968261719,-95.18912213740458,-227.36575954198472,-99.99662977099236,0
7894,3.0345927246093742,10.76644377441406,2.1154698974609376,-113.26545801526719,-248.71690458015266,-91.00426335877863,0
7919,3.1064187744140623,10.567725036621093,0.9614646972656249,-162.72347328244274,-200.4878969465649,-77.61495038167939,0
7944,3.4224533935546866,10.483927978515624,2.1825075439453125,-196.77690839694657,-143.66346946564886,-82.28670610687023,0
7969,3.9491777587890615,11.341052172851562,3.702825598144531,-194.525,-170.47262977099237,-86.86685877862595,0
7995,4.358586242675781,10.902913269042967,4.830494580078124,-190.53263358778628,-212.02224809160305,-84.83632442748092,0
8020,4.162261706542968,10.534206213378905,4.045196435546875,-190.7540076335878,-248.71690458015266,-60.798156488549616,0
8045,3.640325744628906,10.799962597656249,3.3532721557617187,-215.99064885496185,-241.6176679389313,-29.057698473282443,0
8070,5.287536486816405,9.689053027343748,2.8361245971679687,-237.41812977099238,-227.28179007633588,2.8965,0
8095,4.602794812011718,9.842281933593748,4.569526599121093,-229.8303435114504,-248.71690458015266,41.392683206106874,0
8120,4.471113720703125,10.807145202636718,3.949428369140625,-243.09751908396947,-229.93827862595418,87.85833206106871,0
8145,4.6602556518554685,11.75046065673828,2.484176953125,-240.12041984732824,-221.96117938931297,131.4613854961832,0
8170,5.383304553222655,11.192611669921874,3.2862345092773437,-238.3952290076336,-190.77797328244273,163.8201641221374,0
8195,5.4311885864257805,10.285209240722654,4.35404844970703,-232.44866412213742,-148.79324045801528,186.45375190839695,0
8220,6.396051855468749,9.753696472167967,3.7794400512695314,-205.77690839694657,-161.1443854961832,206.7056603053435,0
8245,6.113536059570312,8.537442028808593,2.4793885498046877,-190.54026717557252,-151.31232442748092,228.5758893129771,0
8270,5.965095556640624,6.906990698242187,1.5264962890624998,-187.77690839694657,-110.77797328244274,251.02627099236642,0
8295,6.419993872070312,4.826429455566406,2.0963162841796876,-179.2807251908397,-68.19782061068702,251.02627099236642,0
8320,7.902004699707031,3.569473583984375,1.9766062011718748,-156.82270992366412,-68.63293511450381,251.02627099236642,0
8345,7.404010754394531,2.7482624145507812,0.11152310791015624,-114.9601145038168,-120.07568320610686,251.02627099236642,0
8371,4.502238342285156,1.819312170410156,-0.9395314208984374,-86.44103053435116,-104.19018702290076,251.02627099236642,0
8396,4.226905151367187,0.16252462158203124,-1.681733935546875,-62.357061068702286,-71.9382786259542,251.02627099236642,0
8421,4.037763220214843,-0.8909241088867188,-1.3226036865234374,-35.8837786259542,-57.77797328244275,251.02627099236642,0
8446,3.0345927246093742,-3.1079548461914057,-0.3721056274414062,-0.4257633587786259,-58.77797328244275,251.02627099236642,0
8471,2.902911633300781,-3.3832880371093745,-0.6258910034179688,56.00935114503817,-95.02224809160305,251.02627099236642,0
8496,1.9476251708984371,-3.694534252929687,-1.1909225952148437,106.475,-112.99171374045801,251.02627099236642,0
8521,1.3586515624999995,-4.31223828125,-0.896435791015625,157.81087786259542,-142.6711030534351,238.9881030534351,0
8546,-0.022802795410156396,-4.515745422363281,-0.81024453125,197.0398854961832,-141.7627061068702,209.41558396946564,0
8571,-1.0882225341796878,-3.7160820678710933,0.7052851196289062,233.7727099236641,-150.93064503816794,175.58352290076337,0
8596,-1.5455150512695315,-3.148656274414062,1.7754932617187498,250.6047709923664,-183.6176679389313,137.77436259541986,0
8621,-1.789723620605469,-3.5724299682617184,3.3221475341796873,250.6047709923664,-206.785606870229,96.26291221374046,0
8646,-2.5319261352539066,-4.345757104492187,5.7785984374999995,250.6047709923664,-234.68637022900762,48.9728358778626,0
8671,-2.651636218261719,-4.992191552734375,6.937392041015625,250.6047709923664,-208.04514885496184,3.6522251908396948,0
8696,-1.6245237060546878,-3.1510504760742184,7.516788842773437,250.6047709923664,-195.28942366412213,-41.859225190839695,0
8722,-0.2909533813476566,-1.2835731811523436,8.464892700195312,250.6047709923664,-233.81614122137404,-94.3477748091603,0
8747,0.5661708129882808,-1.4344078857421874,9.767338403320311,250.6047709923664,-208.54896564885496,-151.0271641221374,0
8772,1.8638281127929686,-2.073659729003906,10.236601928710936,250.6047709923664,-175.44972900763358,-195.27907251908397,0
8797,2.040999035644531,-0.4575736083984375,9.286103869628905,250.6047709923664,-181.34285877862595,-229.88975954198472,0
8822,1.7560890380859373,1.3620196533203124,8.328423205566406,250.6047709923664,-109.49553053435115,-249.24090458015266,0
8847,2.158314916992187,3.792134338378906,8.582208581542968,250.6047709923664,-101.26652290076335,-249.24090458015266,0
8872,2.754471130371093,5.547084155273438,8.539112951660156,224.72690839694656,-101.12911832061069,-249.24090458015266,0
8897,5.012203295898437,7.558213549804687,7.564672875976562,191.66583969465648,-192.7092709923664,-245.3325076335878,0
8922,5.586811694335936,8.140004553222655,5.974922973632812,120.68874045801526,-234.99934732824428,-231.81342366412213,0
8947,4.973896069335937,8.542230432128905,5.615792724609374,37.131488549618325,-215.24362213740457,-202.9889961832061,0
8972,5.680185559082031,8.836717236328123,5.45298701171875,-22.36469465648855,-201.52606488549617,-169.37830916030535,0
8997,4.6602556518554685,9.449632861328125,5.522418859863281,-58.234923664122135,-207.6711030534351,-141.00426335877862,0
9022,3.898899523925781,9.370624206542967,4.734726513671874,-86.10515267175573,-194.16728625954198,-119.79815648854961,0
9047,3.3841461669921866,11.302744946289062,3.616634338378906,-105.89141221374047,-191.33522519083968,-112.25617175572519,0
9072,4.006638598632812,11.15669864501953,3.0348433349609376,-130.99064885496185,-169.30469083969464,-121.3859427480916,0
9098,4.152684899902344,8.963609924316405,4.289405004882812,-134.1509541984733,-199.73217175572518,-130.35540839694656,0
9123,3.020227514648437,11.130362426757811,4.3516542480468745,-147.56316793893131,-176.19782061068702,-130.7065534351145,0
9148,3.692998181152343,11.937208386230468,3.4346750122070313,-152.10515267175572,-221.85430916030535,-119.95846183206106,0
9173,3.9659371704101556,11.642721582031248,4.368413659667969,-161.21202290076337,-248.71690458015266,-96.17983587786259,0
9198,1.8901643310546872,10.768837976074217,3.7435270263671874,-175.56316793893131,-248.71690458015266,-61.309606870229004,0
9223,4.02100380859375,11.625962170410155,3.8752081176757813,-191.58606870229008,-228.9001106870229,-30.523347328244274,0
9248,4.083253051757812,11.455973852539062,3.8847849243164063,-186.86851145038167,-248.71690458015266,1.514820610687023,0
9273,3.9132647338867184,10.838269824218749,3.204831652832031,-188.87614503816795,-244.6176679389313,46.62932442748092,0
9298,3.2380998657226554,11.40569561767578,2.2016611572265625,-199.53263358778628,-200.5413320610687,95.45375190839695,0
9323,4.344221032714843,11.427243432617185,3.0252665283203126,-196.4104961832061,-181.36575954198472,135.19420992366412,0
9348,5.0361453124999995,10.318728063964842,3.3341185424804687,-187.91431297709923,-154.5031641221374,168.75909541984734,0
9373,5.402458166503906,10.289997644042968,3.049208544921875,-176.86851145038167,-139.2741564885496,197.46901908396947,0
9400,5.371333544921875,9.519064709472655,2.9414694702148436,-171.8837786259542,-104.52606488549618,224.19420992366412,0
9426,6.549280761718749,7.9700162353515625,2.972594091796875,-165.6929389312977,-80.5031641221374,243.2552786259542,0
9451,6.728845886230467,6.89262548828125,3.1497650146484375,-154.47156488549618,-68.77797328244274,251.02627099236642,0
9476,6.5780111816406235,4.735449792480469,3.010901318359375,-138.18148854961834,-66.64056870229007,251.02627099236642,0
9501,6.6163184082031234,3.6173576171875,2.213632165527344,-122.86851145038169,-60.77797328244275,251.02627099236642,0
9526,6.781518322753905,2.475323425292969,1.2032790649414062,-104.37996183206107,-63.831408396946564,251.02627099236642,0
9551,5.483861022949218,1.1680893188476562,0.5233257934570312,-85.0364503816794,-67.1825534351145,251.02627099236642,0
9576,5.637089929199218,-0.47433302001953126,1.1482124267578124,-67.58606870229008,-47.9001106870229,251.02627099236642,0
9601,6.1470548828124985,-1.03697041015625,0.6981025146484374,-42.799809160305344,-46.67873664122138,251.02627099236642,0
9626,5.421611779785155,-2.3011088867187497,0.2623578125,-6.357061068702291,-73.80087404580152,251.02627099236642,0
9651,4.250847167968749,-3.081618627929687,-0.0057927734375000026,31.627671755725192,-90.77033969465649,251.02627099236642,0
9676,3.020227514648437,-3.4168068603515622,-0.2212709228515625,72.38339694656489,-112.77797328244274,237.86596564885497,0
9701,1.3347095458984373,-4.297873071289062,-0.666592431640625,92.27652671755725,-90.63293511450381,217.95756870229008,0
9726,0.8845996337890623,-4.589965673828124,-0.3577404174804687,118.86431297709923,-95.1443854961832,199.46901908396947,0
9751,0.3961824951171873,-4.807838024902344,0.08039848632812499,152.2459923664122,-106.85430916030533,181.32398091603054,0
9776,-0.5710749755859377,-4.975432141113281,0.4658649536132812,178.1696564885496,-104.85430916030533,164.09497328244274,0
9802,-1.5143904296875002,-4.671368530273437,1.2655283081054687,208.97118320610687,-112.61766793893129,150.3850496183206,0
9827,-1.732262780761719,-4.853327856445312,2.3429190551757815,240.68874045801527,-107.61003435114503,133.82779770992366,0
9852,-2.1177292480468752,-4.388852734375,3.8680255126953123,250.6047709923664,-104.20545419847328,116.52245419847328,0
9877,-2.3499668090820314,-4.192528198242187,5.697195581054687,250.6047709923664,-98.22835496183205,99.07207251908397,0
9902,-2.75937529296875,-4.664185925292968,6.470522717285156,250.6047709923664,-69.48789694656489,82.41558396946566,0
9927,-2.706702856445313,-2.849381066894531,6.5854443969726555,250.6047709923664,-67.47262977099236,66.15604198473282,0
9952,-2.4720710937500003,-1.6690396484374999,8.215895727539062,250.6047709923664,-64.39629389312977,44.80489694656489,0
9977,-1.9453467285156252,-1.3123036010742186,9.69790655517578,250.6047709923664,-82.56423282442748,19.476652671755726,0
10002,-1.7083207641601565,-1.3577934326171874,10.181535290527343,250.6047709923664,-105.12911832061069,-9.1035,0
10027,-0.4896721191406255,-2.2508306518554684,10.24139033203125,250.6047709923664,-135.2970572519084,-40.54624809160305,0
10052,0.0825420776367185,0.42109840087890626,10.136045458984373,250.6047709923664,-127.15965267175571,-80.15693511450381,0
10077,1.461602233886718,1.742697717285156,10.844729150390624,233.7574427480916,-167.2970572519084,-120.5004465648855,0
10102,2.141555505371093,2.906279724121094,10.842334948730468,210.2841603053435,-232.66346946564886,-156.6683854961832,0
10127,2.8191145751953117,1.740303515625,10.727413269042968,176.92538167938932,-242.02224809160305,-179.5386145038168,0
10152,2.440830712890625,2.3867379638671875,9.482428405761718,139.08568702290077,-186.7474389312977,-194.3477748091603,0
10178,2.2612655883789055,4.601374499511719,9.058654711914063,124.26889312977099,-187.43446183206106,-202.14930152671755,0
10203,3.2907723022460935,5.422585668945312,7.897466906738281,113.41393129770992,-190.02224809160305,-210.98136259541985,0
10228,3.973119775390624,7.373860021972656,6.2287083496093745,104.63530534351145,-212.31232442748092,-216.55388167938932,0
10253,5.040933715820312,8.714612951660156,5.263845080566406,86.17729007633588,-248.71690458015266,-215.7447213740458,0
10278,4.6411020385742185,8.542230432128905,5.0651263427734365,50.53606870229008,-248.71690458015266,-201.2867061068702,0
10303,5.297113293457031,8.247743627929687,5.050761132812499,22.055152671755728,-248.71690458015266,-175.85922519083968,0
10328,4.183809521484374,9.41371983642578,3.5017126586914062,-17.456297709923664,-248.71690458015266,-145.55388167938932,0
10353,3.8701691040039057,10.208594787597654,2.96301728515625,-58.608969465648855,-248.71690458015266,-116.78288931297709,0
10378,2.060152648925781,11.384147802734374,1.7347918334960937,-102.14332061068703,-223.6024007633588,-90.40120992366411,0
10403,3.9850907836914056,11.65469259033203,1.6701483886718749,-138.41812977099238,-209.5031641221374,-77.6683854961832,0
10428,3.4248475952148434,11.403301416015623,2.5919160278320312,-163.76927480916032,-189.88484351145038,-73.43937786259542,0
10453,3.9659371704101556,11.894112756347655,3.6190285400390625,-163.8990458015267,-221.8237748091603,-61.59204961832061,0
10478,2.158314916992187,10.596455456542968,3.0061129150390626,-170.70057251908398,-243.93064503816794,-42.04243129770992,0
10503,4.870945397949218,11.209371081542967,2.0029424194335936,-206.38759541984734,-189.8772099236641,-23.156935114503817,0
10528,3.8390444824218743,11.621173767089843,3.853660302734375,-209.91431297709923,-207.1825534351145,-2.4088435114503817,0
10554,3.2764070922851554,12.202964770507812,3.568750305175781,-208.8990458015267,-218.3886603053435,27.86596564885496,0
10579,3.9635429687499997,10.989104528808593,1.4187572143554685,-226.83797709923664,-178.5031641221374,65.79726335877864,0
10604,4.4567485107421865,10.934037890625,1.6893020019531249,-230.97538167938933,-167.26652290076336,100.43848473282443,0
10629,4.068887841796874,11.953967797851561,2.3357364501953124,-233.525,-130.49553053435113,132.90413358778628,0
10654,4.157473303222655,10.261267224121092,3.602269128417969,-238.67767175572519,-64.89247709923664,154.690393129771,0
10679,6.23564034423828,8.499134802246093,3.2479272827148438,-215.34942748091603,-92.2970572519084,174.43848473282443,0
10704,6.499002526855468,7.400196240234375,1.7180324218749998,-198.26545801526717,-93.4649961832061,192.9881030534351,0
10729,5.857356481933594,6.248585241699218,3.097092578125,-182.68530534351146,-83.6711030534351,213.24764503816795,0
10754,5.886086901855468,5.709889868164062,3.626211145019531,-174.79980916030536,-50.35049236641222,231.0110038167939,0
10779,6.1997273193359375,5.197530712890625,4.466575927734374,-167.83797709923664,-22.56423282442748,240.17130916030536,0
10804,6.501396728515624,3.65566484375,3.9709761840820312,-157.02881679389313,-13.258889312977098,246.90413358778628,0
10829,5.874115893554687,2.33406552734375,2.6134638427734376,-162.16622137404582,25.92431679389313,250.5224541984733,0
10854,5.6777913574218735,1.0962632690429688,2.991747705078125,-146.07461832061068,-10.495530534351145,251.02627099236642,0
10879,4.720110693359374,-0.510246044921875,3.3915793823242186,-118.81507633587786,-21.205454198473284,251.02627099236642,0
10904,5.313872705078125,-0.6131967163085937,2.08195107421875,-63.853244274809164,-90.2207213740458,251.02627099236642,0
10929,4.885310607910156,-2.5405290527343745,0.386856298828125,-36.62423664122137,-82.73980534351145,251.02627099236642,0
10955,4.0233980102539055,-3.481450305175781,0.3078476440429687,-24.402862595419847,-50.327591603053435,246.44611832061068,0
10980,2.2756307983398436,-3.7184762695312497,0.9997719238281249,18.375763358778627,-102.53369847328244,244.50718702290078,0
11005,1.217393664550781,-4.654609118652344,0.8561198242187499,41.62003816793893,-75.16728625954198,240.2934465648855,0
11030,0.5518056030273435,-4.925153906249999,0.7292271362304686,63.28416030534351,-57.190187022900766,232.5758893129771,0
11055,-0.4417880859375005,-4.6570033203125,0.4634707519531249,81.25362595419847,-52.747438931297715,218.02627099236642,0
11080,-0.7961299316406254,-5.274707348632812,1.6749367919921874,114.7956106870229,-97.84667557251908,209.45375190839695,0
11105,-1.511996228027344,-6.287454650878906,2.4099567016601564,143.53606870229007,-91.10621755725191,192.58352290076337,0
11130,-3.573403857421875,-6.146196752929687,2.1968727539062503,159.7574427480916,-66.38102671755725,175.43085114503816,0
11155,-3.4153865478515626,-5.341744995117187,2.9821708984375,176.20019083969464,-57.77797328244275,159.99573664122138,0
11180,-3.7840936035156254,-4.202105004882812,5.069914746093749,225.14675572519084,-116.12911832061069,141.23237786259543,0
11205,-4.023513769531251,-4.824597436523437,6.166459106445312,250.6047709923664,-162.3504923664122,113.96520229007633,0
11230,-4.722620654296875,-4.000992065429687,6.9421804443359365,250.6047709923664,-198.26652290076336,81.32398091603054,0
11255,-4.6076989746093755,-3.3258271972656246,8.196742114257813,250.6047709923664,-174.77033969465649,48.247645038167946,0
11280,-3.3722909179687504,-1.86057578125,9.204701013183593,250.6047709923664,-155.75507251908397,10.675125954198473,0
11306,-2.1273060546875002,-0.8981067138671874,10.104920837402343,250.6047709923664,-154.56423282442748,-27.653118320610687,0
11331,-1.0116080810546877,0.9981010009765624,10.332369995117187,250.6047709923664,-213.64056870229007,-69.1951030534351,0
11356,-0.15448388671875035,0.8903619262695311,11.09612032470703,250.6047709923664,-223.48026335877861,-113.08059923664122,0
11381,1.1383850097656247,1.1824545288085937,10.31800478515625,250.6047709923664,-192.93827862595418,-144.41647709923663,0
11406,1.8805875244140617,4.28773408203125,10.552636547851561,250.6047709923664,-192.4878969465649,-168.46991221374046,0
11431,2.3881582763671867,3.820864758300781,10.703471252441405,232.1162213740458,-174.2054541984733,-184.58441603053436,0
11456,2.5461755859374993,5.444133483886719,8.021965393066406,206.72690839694656,-224.4115610687023,-182.00426335877862,0
11481,3.79116044921875,6.425756164550781,6.832047167968749,143.5895038167939,-205.12911832061067,-172.26380534351145,0
11506,4.545333972167968,7.986775646972656,6.784163134765624,91.52843511450381,-199.85430916030535,-164.515713740458,0
11531,2.8191145751953117,8.151975561523436,5.780992639160155,62.48263358778626,-242.91537786259542,-150.88975954198472,0
11556,3.111207177734374,8.817563623046874,5.2351146606445305,12.162022900763358,-193.2207213740458,-140.92029389312978,0
11581,3.9300241455078115,9.983539831542968,4.722755505371093,-26.150954198473283,-190.12148473282443,-139.7294541984733,0
11606,3.585259106445312,9.954809411621092,4.605439624023437,-60.983015267175574,-201.7474389312977,-139.1264007633588,0
11632,3.4655490234374993,10.043394873046873,4.770639538574218,-109.67003816793894,-157.84667557251908,-138.3325076335878,0
11657,3.1758506225585936,11.889324353027343,4.3516542480468745,-143.5097328244275,-145.02224809160305,-140.7981564885496,0
11682,4.633919433593749,9.68187042236328,5.8719723022460935,-165.14332061068703,-131.66346946564886,-134.75235496183205,0
11707,1.3610457641601559,11.994669226074217,6.841623974609375,-152.3417938931298,-189.33522519083968,-118.69891984732824,0
11732,2.8741812133789058,10.572513439941405,4.638958447265624,-167.96774809160306,-183.7474389312977,-90.79815648854961,0
11757,2.5844828124999992,10.962768310546874,5.687618774414062,-182.49446564885497,-169.26652290076336,-80.309606870229,0
11782,2.301967016601562,9.569342944335936,6.468128515625,-188.76164122137405,-177.04514885496184,-59.660751908396946,0
11807,2.306755419921875,9.964386218261717,4.861619201660155,-205.87614503816795,-179.4878969465649,-38.56914885496183,0
11832,3.1614854125976555,9.380201013183592,5.249479870605469,-240.74637404580153,-138.53369847328244,-20.41647709923664,0
11857,3.0345927246093742,9.856647143554687,6.575867590332031,-247.30362595419848,-148.4115610687023,1.514820610687023,0
11882,3.3314737304687494,11.044171166992186,6.207160534667968,-246.3417938931298,-168.6176679389313,23.988103053435115,0
11907,3.9707255737304683,9.964386218261717,5.611004321289062,-249.66240458015267,-164.07568320610687,55.2934465648855,0
11932,4.763206323242187,9.303586560058593,5.49129423828125,-249.66240458015267,-145.6176679389313,98.75909541984733,0
11957,5.196556823730468,9.08092580566406,6.199977929687499,-249.66240458015267,-111.19782061068702,138.3697824427481,0
11983,5.888481103515624,8.197465393066405,7.30370489501953,-249.66240458015267,-111.22835496183205,170.64459160305344,0
12008,5.969883959960938,6.696300952148437,6.5279835571289055,-246.81507633587788,-113.28942366412214,197.1789427480916,0
12033,5.905240515136717,5.860724572753906,5.31172911376953,-231.2425572519084,-117.80087404580152,220.59115648854961,0
12058,5.55329287109375,3.741856103515625,4.7083902954101555,-218.6242366412214,-94.07568320610686,237.04917175572518,0
12083,5.313872705078125,1.6493238525390623,4.789793151855468,-203.34942748091603,-63.52606488549619,246.1789427480916,0
12108,5.5796290893554685,0.4115215942382813,3.9350631591796876,-172.95248091603054,-71.68637022900764,246.11787404580153,0
12133,5.517379846191406,-0.88374150390625,3.626211145019531,-137.7540076335878,-83.91537786259542,238.02627099236642,0
12158,4.593218005371093,-1.755230908203125,2.1418061157226562,-101.08225190839696,-108.15965267175572,233.30871374045802,0
12183,3.036986926269531,-2.5908072875976558,0.89442705078125,-76.23492366412215,-99.2970572519084,230.9194007633588,0
12208,2.3378800415039054,-3.4479314819335936,0.40840411376953123,-48.860877862595416,-104.21308778625954,229.8048969465649,0
12233,1.6172253417968747,-4.254777441406249,-0.05128260498046875,-19.601335877862596,-108.24362213740457,228.0110038167939,0
12258,1.4209008056640622,-4.635455505371093,-0.800667724609375,10.910114503816793,-106.40392748091602,222.64459160305344,0
12283,0.35548106689453096,-5.143026257324219,-0.47984470214843744,44.444465648854965,-106.19018702290076,215.39268320610688,0
12308,-0.3316548095703129,-5.360898608398437,-0.17817529296874998,89.02461832061068,-131.42682824427482,210.6140572519084,0
12334,-1.3946803466796878,-4.944307519531249,0.020543444824218743,128.1925572519084,-129.9535458015267,206.26291221374046,0
12359,-2.3044769775390628,-4.374487524414062,0.8920328491210937,170.66583969465648,-135.96881297709922,200.11024045801528,0
12384,-2.632482604980469,-4.458284582519531,2.1537771240234376,220.40629770992365,-146.2741564885496,187.8048969465649,0
12409,-3.7888820068359377,-4.661791723632812,3.6573357666015625,250.6047709923664,-146.12911832061067,168.96520229007635,0
12434,-4.921339392089844,-4.355333911132812,4.775427941894531,250.6047709923664,-130.49553053435113,146.3163473282443,0
12459,-4.473623681640625,-2.775160815429687,6.3532068359375,250.6047709923664,-122.11385114503817,116.46901908396947,0
12484,-4.696284436035157,-3.771148706054687,7.643681530761718,250.6047709923664,-149.1443854961832,80.64459160305344,0
12509,-4.456864270019532,-2.583624682617187,8.627698413085938,250.6047709923664,-127.64056870229007,34.49955343511451,0
12534,-3.494395202636719,-1.9611322509765625,10.600520581054687,250.6047709923664,-163.7092709923664,-11.889759541984732,0
12559,-2.5822043701171875,-0.57728369140625,10.736990075683593,250.6047709923664,-202.32759160305343,-62.3477748091603,0
12584,-2.3715146240234377,0.15055361328125,10.794450915527342,250.6047709923664,-182.9764465648855,-108.59968320610686,0
12609,-1.3659499267578128,0.600663525390625,11.290050659179686,250.6047709923664,-91.52606488549618,-134.37067557251908,0
12634,-0.06829262695312543,1.5535557861328124,11.34511729736328,250.6047709923664,-109.22835496183205,-144.64548473282443,0
12659,-0.26940556640625024,3.416244677734375,11.634815698242187,250.6047709923664,-151.3886603053435,-157.59968320610687,0
12685,0.336327453613281,4.519971643066406,9.987604956054687,225.52843511450382,-87.08331679389313,-168.2714389312977,0
12710,1.5118804687499994,5.894243395996094,10.255755541992187,214.6047709923664,-131.56423282442748,-175.56914885496184,0
12735,2.304361218261718,8.228590014648436,9.005982275390624,189.09332061068702,-195.02988167938932,-180.3325076335878,0
12760,3.4080881835937493,7.584549768066406,9.015559082031249,137.08568702290077,-223.8085076335878,-173.35540839694656,0
12785,2.9675550781249997,7.701865649414062,9.125692358398437,93.00935114503817,-222.62530152671755,-154.0653320610687,0
12810,2.289996008300781,7.8742481689453125,8.926973620605468,71.76507633587785,-247.62530152671755,-134.75235496183205,0
12835,0.9660024902343745,8.74334337158203,6.243073559570312,37.024618320610685,-236.12911832061067,-128.2943396946565,0
12860,1.265277697753906,9.578919750976562,6.063508435058593,-12.68530534351145,-206.2588893129771,-133.0118969465649,0
12885,1.8686165161132804,10.35224688720703,5.244691467285156,-47.097519083969466,-231.31995801526716,-144.43937786259542,0
12910,3.0274101196289056,8.745737573242186,4.121810888671875,-97.3570610687023,-196.94591221374046,-154.95082824427482,0
12935,2.5174451660156247,10.77362637939453,5.182442224121093,-125.69293893129772,-190.26652290076336,-161.72182061068702,0
12960,2.5940596191406247,10.347458483886717,6.810499353027343,-124.44103053435116,-229.8237748091603,-154.22563740458014,0
12985,-0.08984044189453178,9.550189331054685,5.055549536132812,-134.14332061068703,-233.22835496183205,-127.17220229007634,0
13010,2.7808073486328118,10.725742346191405,5.467352221679687,-165.89141221374047,-193.71690458015266,-102.28670610687023,0
13035,2.8454507934570303,10.835875622558593,6.470522717285156,-189.7158396946565,-181.66346946564886,-85.08059923664122,0
13061,2.5988480224609374,11.415272424316404,6.7721921264648435,-193.70057251908398,-239.42682824427482,-62.64548473282442,0
13086,0.8175619873046873,11.685817211914062,5.716349194335937,-219.19675572519085,-231.6176679389313,-34.14166793893129,0
13111,3.075294152832031,11.836651916503905,5.838453479003905,-241.83797709923664,-214.6176679389313,-3.4775458015267176,0
13136,2.5964538208007806,11.11120881347656,6.444186499023437,-249.56316793893131,-206.53369847328244,23.873599236641223,0
13161,3.075294152832031,10.481533776855468,5.692407177734374,-249.66240458015267,-169.1825534351145,52.94230152671756,0
13186,3.3841461669921866,11.403301416015623,5.484111633300781,-248.33416030534352,-215.44209541984733,80.7819961832061,0
13211,3.530192468261718,9.543006726074218,6.029989611816406,-245.87614503816795,-180.785606870229,107.3316145038168,0
13236,4.353797839355468,8.374636315917968,6.561502380371093,-231.6242366412214,-147.90774427480915,134.50718702290078,0
13261,5.203739428710937,7.747355480957031,5.170471215820312,-212.16622137404582,-140.91537786259542,156.45375190839695,0
13286,5.349785729980468,6.102538940429687,4.298981811523437,-198.41812977099238,-126.0298816793893,176.74382824427482,0
13311,5.270777075195312,4.419415173339844,3.592692321777344,-182.21965648854962,-115.2970572519084,198.35451526717557,0
13336,5.651455139160155,3.2965345947265625,2.4865711547851563,-164.08225190839696,-105.99934732824427,220.2171106870229,0
13361,5.9387593383789055,2.228720654296875,2.5847334228515626,-144.09751908396947,-84.6940038167939,238.20947709923664,0
13386,6.132689672851561,0.6844605834960937,1.9766062011718748,-118.50209923664123,-67.15965267175572,246.5224541984733,0
13411,5.888481103515624,-0.021828906250000002,1.375661584472656,-83.04408396946566,-80.09095038167939,251.02627099236642,0
13437,3.922841540527343,-1.2524485595703125,1.5241020874023437,-48.37996183206107,-94.79324045801526,251.02627099236642,0
13462,3.0154391113281243,-2.6195377075195307,0.7052851196289062,-26.29599236641221,-72.12911832061069,251.02627099236642,0
13487,2.591665417480468,-2.897265100097656,0.2982708374023437,-2.723473282442748,-73.19782061068702,251.02627099236642,0
13512,2.268448193359374,-3.318644592285156,-0.283520166015625,16.803244274809163,-67.48789694656489,251.02627099236642,0
13537,1.1312024047851557,-3.8046675292968746,0.77950537109375,44.261259541984735,-83.15201908396946,251.02627099236642,0
13562,0.09451308593749985,-4.71446416015625,1.3732673828125,105.32996183206106,-159.02988167938932,247.13314122137405,0
13587,-0.870350183105469,-5.284284155273437,0.40361571044921873,140.50553435114503,-136.02988167938932,228.14840839694656,0
13612,-2.122517651367188,-4.156615173339843,1.6869078002929687,169.29179389312978,-121.0298816793893,215.690393129771,0
13637,-2.4672826904296876,-4.3768817260742185,3.252715686035156,218.1696564885496,-150.1443854961832,205.5758893129771,0
13662,-3.8439486450195313,-5.851709948730468,4.152935510253906,250.6047709923664,-158.64820229007634,189.8583320610687,0
13687,-4.619669982910157,-4.996979956054687,4.768245336914062,250.6047709923664,-120.09858396946565,171.44611832061068,0
13712,-4.320394775390625,-2.746430395507812,6.0611142333984365,250.6047709923664,-134.98408015267177,146.69802671755727,0
13737,-5.1344233398437495,-4.589965673828124,8.376307238769531,250.6047709923664,-127.19018702290077,121.35451526717557,0
13762,-4.3850382202148435,-4.570812060546874,8.572631774902343,250.6047709923664,-104.80087404580152,101.27054580152672,0
13788,-3.925351501464844,-2.2628016601562497,9.247796643066405,250.6047709923664,-130.80087404580152,63.20947709923664,0
13813,-3.2813112548828127,-0.548553271484375,10.006758569335936,250.6047709923664,-143.5413320610687,19.629324427480917,0
13838,-2.0985756347656253,-1.2692079711914062,11.335540490722655,250.6047709923664,-142.54896564885496,-20.889759541984734,0
13863,-0.6620546386718753,-2.6482681274414057,10.748961083984375,250.6047709923664,-147.25125572519084,-55.23327099236641,0
13888,-1.722685974121094,0.3373013427734375,10.50954091796875,250.6047709923664,-139.75507251908397,-85.51571374045801,0
13913,-1.0858283325195315,2.844030480957031,10.037883190917968,250.6047709923664,-105.38102671755725,-106.37067557251908,0
13938,-0.19039691162109396,3.4497635009765624,10.86627696533203,225.63530534351145,-41.80850763358779,-123.27907251908397,0
13963,1.0641647583007807,3.119363671875,11.622844689941406,239.93301526717556,-105.10621755725191,-134.11113358778627,0
13988,0.6571504760742184,5.161617687988281,9.999575964355468,243.59713740458014,-152.44209541984733,-149.4241106870229,0
14013,0.8678402221679682,7.167958679199218,8.031542199707031,224.42919847328244,-217.2588893129771,-158.1035,0
14038,2.79517255859375,7.474416491699219,8.002811779785155,159.7574427480916,-207.73980534351145,-159.59968320610687,0
14063,4.5668817871093745,7.50554111328125,7.854371276855468,100.81087786259542,-211.373393129771,-149.96609541984733,0
14088,2.3737930664062494,7.998746655273437,7.36834833984375,55.03988549618321,-212.48026335877861,-133.1951030534351,0
14113,2.060152648925781,8.884601269531249,6.3532068359375,18.52080152671756,-192.64820229007634,-120.11113358778626,0
14138,2.0146628173828116,9.990722436523436,5.474534826660156,-16.99828244274809,-181.1596526717557,-119.14166793893129,0
14163,2.1128250854492183,9.753696472167967,5.8528186889648435,-37.13568702290076,-206.6558358778626,-124.41647709923664,0
14188,1.873404919433593,9.229366308593749,5.412285583496093,-50.860877862595416,-234.00698091603053,-128.18746946564886,0
14214,1.217393664550781,9.404143029785155,4.521642565917968,-83.51736641221375,-215.94591221374046,-130.6302175572519,0
14239,2.0577584472656243,10.153528149414061,5.036395922851562,-109.11278625954199,-203.73980534351145,-139.04243129770992,0
14264,2.761653735351562,10.833481420898437,4.3157412231445305,-137.05935114503816,-203.44209541984733,-146.08823282442748,0
14289,2.761653735351562,9.95002100830078,5.045972729492187,-161.21965648854962,-213.5031641221374,-144.32487404580152,0
14314,0.738553332519531,9.724966052246092,6.317293811035156,-165.10515267175572,-208.44209541984733,-124.35540839694656,0
14339,2.2636597900390623,10.852635034179686,5.649311547851562,-171.97538167938933,-210.16728625954198,-102.41647709923664,0
14364,3.1447260009765623,10.306757055664061,5.3260943237304685,-202.525,-192.2588893129771,-78.01189694656489,0
14389,3.1375433959960937,9.770455883789062,6.5064357421875,-216.77690839694657,-210.7474389312977,-47.57678244274809,0
14414,1.9260773559570312,9.959597814941406,5.769021630859374,-234.54026717557252,-189.98408015267177,-5.6378511450381685,0
14439,2.6898276855468746,11.127968225097655,6.101815661621093,-244.1280534351145,-178.30469083969464,28.476652671755726,0
14464,3.9874849853515615,10.50547579345703,6.44179229736328,-245.25019083969465,-174.91537786259542,52.507187022900766,0
14489,3.0441695312499997,8.939667907714842,7.1480817871093745,-249.66240458015267,-148.07568320610687,77.60642366412215,0
14514,3.755247424316406,8.693065136718749,7.033160107421875,-249.66240458015267,-96.49553053435115,97.70566030534351,0
14539,3.9515719604492183,8.250137829589843,6.808105151367187,-249.66240458015267,-94.74743893129771,115.24764503816795,0
14564,3.338656335449218,7.16077607421875,6.609386413574218,-249.66240458015267,-75.87720992366411,133.79726335877862,0
14589,5.977066564941405,6.598138684082031,7.344406323242187,-249.66240458015267,-57.58713358778626,141.37741603053436,0
14615,4.710533886718749,4.826429455566406,6.925421032714843,-249.66240458015267,-103.62530152671755,153.2171106870229,0
14640,5.088817749023437,2.9924709838867187,5.771415832519531,-241.1509541984733,-92.26652290076335,171.62169083969465,0
14665,5.380910351562499,1.2782225952148436,4.569526599121093,-224.68530534351146,-68.25125572519083,190.02627099236642,0
14690,5.759194213867187,0.7227678100585937,3.5615677001953125,-196.54026717557252,-81.02224809160305,200.88886641221373,0
14715,5.256411865234375,0.10985218505859373,2.697260900878906,-173.79980916030536,-79.63293511450381,205.0873396946565,0
14740,4.451960107421875,-1.142315283203125,1.3110181396484375,-151.02118320610688,-83.25888931297709,208.55298854961833,0
14765,3.3075317138671867,-2.6913637573242184,1.7228208251953123,-120.04408396946566,-93.34285877862595,213.8965,0
14790,2.6395494506835933,-3.637073413085937,0.7986589843749999,-73.6013358778626,-122.1443854961832,219.56062213740458,0
14815,2.175074328613281,-3.8717051757812495,0.5951518432617187,-35.07461832061068,-113.99934732824427,219.59115648854961,0
14840,2.043393237304687,-4.788684411621094,0.5879692382812499,29.574236641221376,-163.96881297709922,220.5224541984733,0
14865,0.42730711669921817,-5.044863989257812,-0.0871956298828125,84.24599236641221,-171.6711030534351,217.62932442748092,0
14890,-0.5878343872070317,-4.71446416015625,-0.0967724365234375,123.45209923664122,-159.73980534351145,214.34688167938933,0
14915,-1.5670628662109378,-4.819809033203125,0.54966201171875,162.82614503816794,-158.6558358778626,211.81253053435114,0
14940,-2.2733523559570314,-4.757559790039062,1.4977658691406248,203.80324427480915,-161.991713740458,207.6674923664122,0
14965,-3.3339836914062504,-4.233229626464843,3.233562072753906,245.81087786259542,-165.90774427480915,200.15604198473284,0
14990,-4.602910571289063,-4.781501806640625,4.205607946777343,250.6047709923664,-168.96881297709922,187.3316145038168,0
15015,-4.760927880859375,-3.409624255371093,4.641352648925781,250.6047709923664,-122.80087404580152,165.30871374045802,0
15041,-5.914933081054688,-4.249989038085937,6.879931201171875,250.6047709923664,-121.85430916030533,146.95756870229008,0
15066,-5.4217275390625,-2.9092361083984373,8.163223291015624,250.6047709923664,-116.37339312977099,121.54535496183206,0
15091,-4.504748303222656,-2.0185930908203122,9.223854626464844,250.6047709923664,-149.00698091603053,86.1789427480916,0
15116,-5.079356701660156,-1.4559557006835937,10.159987475585936,250.6047709923664,-140.5947671755725,48.575889312977104,0
15141,-4.32997158203125,-0.8957125122070313,10.97401604003906,250.6047709923664,-80.22835496183205,19.72092748091603,0
15166,-3.0873809204101565,0.12421739501953125,11.44806796875,250.6047709923664,-85.16728625954198,0.8888664122137404,0
15191,-1.4760832031250002,1.4027210815429687,11.852688049316406,250.6047709923664,-133.2970572519084,-28.09586641221374,0
15216,-2.077027819824219,2.3101235107421876,11.323569482421874,250.6047709923664,-94.51079770992366,-58.58441603053435,0
15241,-0.8847153930664065,3.8472009765625,11.100908728027342,235.31469465648854,-68.11385114503817,-78.1035,0
15266,0.22619417724609336,5.049090209960937,10.933314611816405,226.00935114503815,-124.44209541984732,-97.56151526717557,0
15291,0.35548106689453096,6.133663562011718,9.87028907470703,196.44446564885496,-151.02224809160305,-117.81342366412214,0
15316,1.8063672729492186,5.9612810424804685,10.466445288085936,160.99408396946563,-179.51843129770992,-128.4775458015267,0
15341,2.098459875488281,6.456880786132812,9.439332775878906,140.57423664122138,-238.8772099236641,-134.27907251908397,0
15366,1.1359908081054684,7.902978588867187,7.9357741333007805,99.02461832061068,-219.41919465648854,-136.79052290076336,0
15391,1.5142746704101562,6.8830486816406244,8.029147998046874,81.66583969465648,-216.77797328244273,-137.30197328244273,0
15416,0.4320955200195309,7.433715063476562,5.948586755371093,58.17729007633588,-194.63293511450382,-135.85922519083968,0
15441,1.5046978637695307,8.977975134277342,6.068296838378906,28.574236641221376,-190.1825534351145,-142.83632442748092,0
15467,0.6667272827148434,9.437661853027343,6.516012548828124,2.162022900763359,-197.70163740458014,-153.4775458015267,0
15492,0.740947534179687,9.96917462158203,6.168853308105468,-21.35706106870229,-230.52606488549617,-162.75998854961833,0
15517,0.7098229125976561,11.25246671142578,4.710784497070312,-58.54026717557252,-234.26652290076336,-167.85922519083968,0
15542,1.5813123168945307,10.991498730468749,4.70599609375,-96.79217557251908,-221.8237748091603,-168.1035,0
15567,2.361822058105468,10.718559741210937,5.62536953125,-134.2425572519084,-178.83140839694656,-161.88975954198472,0
15592,0.7648895507812496,11.602020153808592,6.120969274902343,-167.14332061068703,-138.1062175572519,-156.43937786259542,0
15617,-0.5758633789062504,11.999457629394529,6.532771960449218,-167.0364503816794,-205.71690458015266,-143.8744923664122,0
15642,0.48476795654296856,10.60124385986328,6.741067504882812,-191.25782442748093,-204.19018702290077,-117.64548473282443,0
15667,1.056982153320312,10.768837976074217,7.174418005371093,-207.50209923664121,-213.7627061068702,-91.0271641221374,0
15692,1.5813123168945307,10.596455456542968,7.344406323242187,-225.4104961832061,-211.5947671755725,-67.63021755725191,0
15717,1.2772487060546869,9.885377563476561,7.195965820312499,-243.45629770992366,-208.49553053435113,-38.83632442748091,0
15742,1.3778051757812495,10.239719409179687,6.899084814453125,-249.66240458015267,-185.13675190839695,-4.653118320610687,0
15767,1.8063672729492186,10.54378302001953,7.32285850830078,-249.66240458015267,-182.83140839694656,22.08733969465649,0
15792,2.1511323120117183,10.321122265624998,8.43376807861328,-249.66240458015267,-184.16728625954198,40.07970610687023,0
15817,2.835873986816406,8.597297070312498,8.038724804687499,-249.66240458015267,-186.70163740458014,60.81253053435115,0
15842,3.2931665039062494,7.292457165527344,7.023583300781249,-249.66240458015267,-153.6176679389313,89.00337022900764,0
15868,4.497449938964843,6.418573559570312,5.895914318847655,-249.66240458015267,-129.7474389312977,111.78962977099236,0
15893,5.261200268554687,5.571026171875,6.178430114746093,-249.66240458015267,-115.65583587786259,127.5377213740458,0
15918,5.696944970703124,3.5910213989257813,6.5662907836914055,-220.0364503816794,-124.83140839694656,144.55298854961833,0
15943,5.694550769042968,2.1281641845703123,5.661282556152343,-185.96774809160306,-118.11385114503817,164.34688167938933,0
15968,5.371333544921875,1.0914748657226563,3.228773669433594,-161.08225190839696,-110.48026335877863,189.7667290076336,0
15993,5.220498840332031,0.1840724365234375,1.9598467895507812,-146.37232824427483,-96.66346946564884,212.37741603053436,0
16018,5.134307580566405,-0.7233299926757812,2.302217626953125,-126.38759541984733,-88.77033969465649,229.4079503816794,0
16043,5.261200268554687,-1.34342822265625,1.8688671264648435,-101.44866412213742,-92.0298816793893,238.6140572519084,0
16068,3.7720068359375,-1.6331266235351563,1.6270527587890624,-62.45629770992366,-126.83904198473283,245.47665267175572,0
16093,3.4583664184570306,-3.3545576171874996,0.5257199951171875,-27.402862595419847,-133.02988167938932,249.86596564885497,0
16118,1.0402227416992185,-4.410400549316406,0.9183690673828124,-3.9295801526717553,-103.35049236641221,251.02627099236642,0
16143,0.5589882080078121,-3.991415258789062,0.8297836059570312,20.97881679389313,-79.04514885496182,251.02627099236642,0
16168,-0.14011867675781264,-4.2092876098632805,0.3270012573242187,47.62003816793893,-76.13675190839695,251.02627099236642,0
16193,-1.1720195922851566,-3.919589208984375,0.5305083984375,85.74980916030533,-106.38102671755725,251.02627099236642,0
16219,-2.421792858886719,-4.087183325195312,1.0692037719726561,121.87194656488549,-100.54896564885496,251.02627099236642,0
16244,-4.104916625976562,-3.991415258789062,2.1729307373046876,158.53606870229007,-105.68637022900764,251.02627099236642,0
16269,-5.093721911621094,-3.8932529907226554,2.8600666137695314,184.0780534351145,-99.48789694656489,251.02627099236642,0
16294,-5.280469641113282,-2.583624682617187,4.473758532714843,210.16202290076336,-122.0680496183206,251.02627099236642,0
16319,-6.578126940917969,-2.423213171386718,5.881549108886718,238.1543893129771,-144.2207213740458,229.75146183206107,0
16344,-8.01464793701172,-3.5628531616210934,7.104986157226562,250.6047709923664,-128.25125572519084,208.8048969465649,0
16369,-7.305964245605469,-2.736853588867187,7.971687158203125,250.6047709923664,-109.51843129770992,182.4995534351145,0
16394,-6.295611145019532,0.13379420166015624,9.183153198242186,250.6047709923664,-111.03751526717556,146.1255076335878,0
16419,-6.118440222167969,-0.9220487304687499,10.277303356933594,250.6047709923664,-197.96881297709922,104.78962977099236,0
16444,-6.123228625488281,-1.3553992309570313,11.49834620361328,250.6047709923664,-193.77797328244273,52.9728358778626,0
16469,-5.7545215698242185,-0.050559326171875,11.474404187011718,250.6047709923664,-168.02988167938932,1.545354961832061,0
16494,-4.863878552246094,3.0379608154296873,11.388212927246093,250.6047709923664,-164.38102671755726,-54.01189694656488,0
16519,-4.2725107421875,3.0188072021484373,11.81198662109375,250.6047709923664,-100.22835496183205,-97.35540839694656,0
16544,-3.1687837768554687,4.065073327636719,12.496728295898437,250.6047709923664,-72.30469083969466,-119.17983587786259,0
16569,-2.8695085693359377,6.102538940429687,11.242166625976562,250.6047709923664,-112.99934732824427,-135.7981564885496,0
16595,-2.057874206542969,6.830376245117187,10.667558227539061,242.887213740458,-172.72453816793893,-142.14930152671755,0
16620,-0.7554285034179691,7.821575732421874,11.38342452392578,221.20782442748092,-230.53369847328244,-143.60731679389312,0
16645,-0.3915098510742192,7.96522783203125,8.64445782470703,165.59713740458014,-248.71690458015266,-137.56914885496184,0
16670,-0.04195640869140638,7.845517749023437,9.436938574218749,89.16202290076335,-172.53369847328244,-121.8592251908397,0
16695,0.815167785644531,7.960439428710937,10.32997579345703,76.18492366412214,-219.63293511450382,-107.37830916030534,0
16720,-0.5160083374023441,7.716230859375,8.302086987304687,56.574236641221376,-221.34285877862595,-106.95846183206106,0
16745,-0.7961299316406254,7.917343798828124,8.065061022949218,19.5131679389313,-181.38102671755726,-114.17983587786259,0
16770,-0.2119447265625003,9.320345971679686,9.163999584960937,-7.311259541984733,-212.8237748091603,-135.4775458015267,0
16795,-1.4377759765625002,8.961215722656249,7.497635229492187,-39.66240458015267,-248.71690458015266,-152.79052290076336,0
16820,0.037052246093749464,10.337881677246093,6.123363476562499,-109.18912213740458,-228.04514885496184,-168.85922519083968,0
16845,0.7840431640624996,10.608426464843749,6.484887927246093,-138.98301526717557,-248.71690458015266,-172.897393129771,0
16870,1.2437298828124996,8.27168564453125,7.22709044189453,-152.04408396946565,-248.71690458015266,-154.31724045801528,0
16895,-0.4705185058593755,9.83509932861328,7.677200354003905,-166.47156488549618,-210.81614122137404,-136.1798358778626,0
16920,1.516668872070312,8.863053454589842,7.5790380859374995,-186.2272900763359,-206.19782061068702,-114.73708778625954,0
16945,1.198240051269531,8.523076818847654,8.9580982421875,-199.8456106870229,-216.81614122137404,-89.63021755725191,0
16970,0.33153905029296826,9.06895479736328,7.5790380859374995,-226.3570610687023,-184.11385114503815,-64.28670610687023,0
16995,1.3754109741210936,10.867000244140623,7.760997412109374,-247.2807251908397,-168.28179007633588,-53.01189694656488,0
17020,2.2971786132812495,8.956427319335937,8.9580982421875,-249.66240458015267,-166.61003435114503,-42.50044656488549,0
17046,2.230140966796874,8.635604296874998,9.046683703613281,-249.66240458015267,-179.38102671755726,-23.44701145038168,0
17071,3.506250451660156,8.640392700195312,8.05787841796875,-249.66240458015267,-153.9535458015267,-1.7981564885496182,0
17096,3.597230114746093,7.16077607421875,8.711495471191405,-249.66240458015267,-120.28179007633588,25.499553435114503,0
17121,4.202963134765624,6.5670140625,8.871906982421875,-249.66240458015267,-111.13675190839695,58.003370229007636,0
17146,4.143108093261718,5.918185412597656,9.075414123535156,-249.66240458015267,-98.11385114503817,79.32398091603054,0
17171,4.937983044433593,5.427374072265625,9.147240173339842,-232.90667938931298,-126.39629389312977,93.51482061068702,0
17196,4.712928088378906,4.079438537597656,6.755432714843749,-198.25019083969465,-188.44972900763358,112.6140572519084,0
17221,4.0042443969726556,3.1169694702148436,6.28856339111328,-182.74637404580153,-164.1443854961832,144.04917175572518,0
17246,4.119166076660155,-1.027393603515625,2.9079506469726564,-225.82270992366412,-21.495530534351143,159.03390458015267,0
17271,6.496608325195312,-0.5150344482421875,3.872813916015625,-204.67003816793894,-97.31995801526718,166.35451526717557,0
17296,4.353797839355468,-0.7496662109375,5.476929028320312,-172.05171755725192,-108.51079770992366,172.84306488549618,0
17321,3.8390444824218743,-1.8390279663085938,2.9199216552734377,-149.9448473282443,-86.3886603053435,171.34688167938933,0
17346,3.5780765014648432,-1.8366337646484374,1.3301717529296875,-105.01354961832061,-119.96881297709923,178.42321755725192,0
17371,2.383369873046875,-2.830227453613281,0.233627392578125,-79.7158396946565,-102.90774427480916,188.47665267175572,0
17396,2.8741812133789058,-3.3258271972656246,-0.5564591552734375,-63.19675572519084,-72.03751526717556,200.3850496183206,0
17421,1.248518286132812,-3.850157360839843,-0.7647546997070312,-28.63950381679389,-84.09858396946565,212.1789427480916,0
17447,0.4871621582031245,-5.080777014160156,-0.7216590698242188,21.245992366412214,-129.19018702290077,230.01863740458015,0
17472,-0.3915098510742192,-4.633061303710937,-1.7272237670898436,63.574236641221376,-141.9001106870229,246.54535496183206,0
17497,-1.713109167480469,-4.534899035644531,-0.6833518432617187,97.05515267175572,-125.83140839694656,251.02627099236642,0
17522,-2.9892186523437503,-4.345757104492187,0.15461873779296872,145.3833969465649,-139.98408015267177,251.02627099236642,0
17547,-3.858313854980469,-3.9483196289062494,1.1218762084960936,196.53606870229007,-151.5031641221374,251.02627099236642,0
17572,-5.914933081054688,-3.5844009765625,2.0125192260742186,238.0551526717557,-133.08331679389312,251.02627099236642,0
17597,-6.853460131835938,-4.345757104492187,3.611845935058594,250.6047709923664,-128.25125572519084,251.02627099236642,0
17622,-6.8606427368164065,-2.0138046874999995,4.835282983398437,250.6047709923664,-125.20545419847328,236.6140572519084,0
17647,-7.423280126953125,-2.3465987182617183,7.15047598876953,250.6047709923664,-120.80850763358778,205.2171106870229,0
17672,-7.167100549316406,-0.7161473876953125,8.840782360839842,250.6047709923664,-155.0909503816794,166.14077480916032,0
17698,-6.252515515136719,-0.8717704956054688,9.989999157714843,250.6047709923664,-173.8237748091603,123.0110038167939,0
17723,-6.645164587402344,0.30138831787109377,11.304415869140625,250.6047709923664,-149.2588893129771,85.22474427480917,0
17748,-5.306805859375,0.5503852905273438,11.2565318359375,250.6047709923664,-167.81614122137404,46.78962977099237,0
17773,-4.399403430175782,2.5663030883789064,11.981974938964843,250.6047709923664,-145.0680496183206,-7.2103702290076335,0
17799,-3.650018310546875,3.1600651000976563,13.3251220703125,250.6047709923664,-148.8619427480916,-59.23327099236641,0
17824,-2.4864363037109376,3.0283840087890623,12.11844443359375,250.6047709923664,-188.785606870229,-96.98136259541984,0
17849,-2.5582623535156253,3.9597284545898437,11.426520153808593,232.73454198473283,-196.51079770992365,-125.97372900763358,0
17874,-2.103364038085938,4.6301049194335935,11.70903594970703,187.72690839694656,-189.38102671755726,-136.00426335877862,0
17899,-0.8464081665039065,5.851147766113281,12.037041577148436,159.3986641221374,-234.73980534351145,-141.98136259541985,0
17924,-0.9613298461914066,5.985223059082031,9.56383126220703,126.0780534351145,-248.71690458015266,-145.39357633587787,0
17949,-1.3084890869140628,7.266120947265625,8.373913037109375,74.21545801526717,-217.36575954198472,-150.897393129771,0
17974,-0.6572662353515628,7.756932287597656,9.21906622314453,46.36812977099237,-194.6558358778626,-160.79052290076336,0
17999,-0.1568780883789067,7.148805065917968,9.0347126953125,28.849045801526717,-197.57186641221372,-173.09586641221372,0
18024,-0.8200719482421879,7.685106237792969,9.001193872070312,5.368129770992366,-180.75507251908397,-189.76762213740457,0
18049,-0.5662865722656254,9.58610235595703,8.168011694335936,-21.18148854961832,-192.05278244274808,-210.04243129770992,0
18074,0.5494114013671871,9.729754455566406,8.687553454589843,-58.097519083969466,-177.31232442748092,-224.9889961832061,0
18099,-0.28377077636718795,9.631592187499999,8.51756513671875,-82.63187022900765,-168.0909503816794,-220.26380534351145,0
18124,-0.5710749755859377,9.461603869628904,8.381095642089843,-93.26545801526719,-202.05278244274808,-196.54624809160305,0
18149,-0.27419396972656296,9.724966052246092,8.187165307617187,-118.37996183206107,-197.22835496183205,-174.43174427480915,0
18174,-0.38432724609375013,9.01149395751953,8.47925791015625,-141.26545801526717,-200.15201908396946,-152.4775458015267,0
18200,-0.43939388427734416,9.368230004882811,7.643681530761718,-170.21202290076337,-187.34285877862595,-135.1798358778626,0
18225,-0.7793705200195316,10.33309327392578,8.182376904296873,-197.8837786259542,-169.79324045801528,-128.07296564885496,0
18250,-0.17842590332031305,10.515052600097654,8.558266564941405,-205.76164122137405,-173.0680496183206,-123.5920496183206,0
18275,0.6260258544921871,10.000299243164061,8.488834716796875,-212.13568702290078,-168.2741564885496,-116.17983587786259,0
18300,1.1407792114257806,8.968398327636718,8.649246228027343,-219.49446564885497,-154.58713358778627,-104.59968320610686,0
18325,1.8350976928710931,8.144792956542968,9.796068823242187,-220.34942748091603,-150.33522519083968,-79.5920496183206,0
18350,2.3905524780273435,8.831928833007812,10.667558227539061,-210.78454198473284,-164.4649961832061,-46.53098091603053,0
18375,2.5653291992187492,8.549413037109375,9.283709667968749,-215.6242366412214,-152.2970572519084,-15.653118320610687,0
18400,2.962766674804687,7.50554111328125,9.381871936035155,-224.6929389312977,-129.66346946564886,15.88886641221374,0
18425,3.5134330566406247,6.4688517944335935,9.590167480468748,-223.08225190839696,-109.45736259541984,49.58352290076336,0
18450,3.5565286865234373,5.518353735351562,8.457710095214843,-220.1509541984733,-84.19782061068702,78.1789427480916,0
18475,3.247676672363281,4.539125256347656,7.533548254394531,-221.59370229007635,-56.47262977099237,98.95756870229008,0
18500,3.6882097778320304,3.5958098022460936,7.957321948242187,-211.96774809160306,-57.67110305343512,116.20947709923665,0
18525,3.690603979492187,2.475323425292969,7.152870190429687,-185.2807251908397,-97.70163740458015,136.79726335877862,0
18550,2.943613061523437,1.1393588989257812,5.769021630859374,-172.1509541984733,-89.38102671755725,162.7667290076336,0
18575,2.720952307128906,0.21998546142578124,4.7443033203125,-168.31125954198473,-55.40392748091603,181.64459160305344,0
18600,3.3458389404296867,-0.9866921752929687,5.115404577636718,-174.4333969465649,-16.800874045801525,184.58352290076337,0
18626,2.4432249145507807,-1.027393603515625,4.995694494628906,-140.7540076335878,-85.05278244274808,185.11787404580153,0
18651,1.5094862670898435,-2.442366784667968,3.166524426269531,-120.13568702290077,-92.64056870229007,192.45375190839695,0
18676,-0.6644488403320317,-1.8893062011718749,1.624658557128906,-147.18912213740458,6.786912213740457,200.67512595419848,0
18701,1.5621587036132807,-5.217246508789062,1.8856265380859374,-150.72347328244274,1.9014160305343513,198.15604198473284,0
18726,-0.07547523193359407,-4.120702148437499,2.6134638427734376,-119.70057251908398,-56.39629389312977,197.2018435114504,0
18751,-1.1576543823242191,-4.779107604980468,1.9382989746093748,-82.53263358778626,-101.70163740458015,201.53008778625954,0
18776,-2.72106806640625,-5.006556762695312,0.6430358764648437,-57.479198473282445,-111.06041603053434,209.3850496183206,0
18801,-2.7402216796875,-5.564405749511718,0.4179809204101562,-36.525,-108.8619427480916,214.73619465648855,0
18826,-4.186319482421875,-5.6936926391601554,0.5017779785156249,-10.53263358778626,-113.20545419847328,225.23237786259543,0
18851,-5.175124768066406,-5.882834570312499,0.5065663818359374,15.184923664122136,-110.70163740458015,233.28581297709923,0
18876,-5.637205688476563,-5.813402722167968,0.8752734375,44.09332061068702,-122.51843129770992,230.2934465648855,0
18901,-5.914933081054688,-5.516521716308593,2.1418061157226562,88.77270992366411,-168.16728625954198,231.00337022900763,0
18926,-7.167100549316406,-4.853327856445312,2.2112379638671875,134.41393129770992,-192.31232442748092,235.50718702290078,0
18951,-7.885361047363281,-5.143026257324219,2.6517710693359375,162.27652671755726,-171.85430916030535,230.64459160305344,0
18976,-8.031407348632811,-4.894029284667968,4.160118115234375,183.46736641221372,-161.6024007633588,213.88123282442749,0
19001,-8.268433312988282,-4.147038366699218,5.256662475585937,213.61240458015266,-171.96117938931297,190.53008778625954,0
19027,-8.024224743652344,-4.151826770019531,7.0906209472656245,236.99408396946563,-161.73217175572518,164.45375190839695,0
19052,-8.074502978515625,-2.514192834472656,8.390672448730468,250.6047709923664,-192.96117938931297,127.58352290076336,0
19077,-7.712978527832031,-0.8574052856445312,9.058654711914063,250.6047709923664,-215.25125572519084,86.05680534351146,0
19102,-6.898949963378906,-0.6945995727539063,9.635657312011718,250.6047709923664,-195.98408015267177,51.66749236641222,0
19127,-6.142382238769532,0.5527794921875,10.691500244140624,250.6047709923664,-172.22835496183205,20.163675572519082,0
19152,-5.766492578125,1.9174744384765623,10.799239318847656,250.6047709923664,-174.19018702290077,-11.630217557251909,0
19177,-4.411374438476562,3.82804736328125,12.415325439453124,250.6047709923664,-194.9764465648855,-45.805790076335875,0
19202,-4.363490405273438,4.601374499511719,11.857476452636718,250.6047709923664,-162.40392748091602,-84.37067557251908,0
19227,-2.22307412109375,6.076202722167968,11.551018640136718,250.6047709923664,-230.73980534351145,-115.45464503816794,0
19252,-1.3180658935546878,6.025924487304687,12.554189135742186,243.55896946564886,-248.71690458015266,-147.64548473282443,0
19277,-1.1169529541015628,6.440121374511719,10.952468225097656,189.82614503816794,-248.71690458015266,-163.0653320610687,0
19302,-1.9166163085937502,6.909384899902344,9.764944201660155,143.85667938931297,-248.71690458015266,-165.0118969465649,0
19327,-0.8248603515625004,8.228590014648436,8.124916064453124,80.95591603053434,-248.71690458015266,-170.99662977099237,0
19352,-1.0858283325195315,8.99234034423828,8.345182617187499,35.391030534351145,-243.9001106870229,-176.35540839694656,0
19378,-0.4010866577148442,10.01945285644531,7.428203381347656,-13.250190839694657,-215.91537786259542,-183.88212595419847,0
19403,-0.09462884521484405,10.189441174316405,7.806487243652343,-49.12041984732824,-189.49553053435113,-196.64548473282443,0
19428,0.09930148925781213,10.045789074707029,8.098579846191406,-64.72347328244275,-201.7474389312977,-200.46991221374046,0
19453,-0.8751385864257815,11.204582678222655,7.4473569946289055,-85.318893129771,-197.1596526717557,-199.79052290076336,0
19478,0.1376087158203121,10.668281506347656,8.400249255371094,-105.28835877862596,-202.44209541984733,-190.5386145038168,0
19503,0.4057593017578123,8.652363708496093,7.729872790527343,-136.26545801526717,-185.1825534351145,-169.9355610687023,0
19528,0.6308142578124998,9.633986389160155,9.092173535156249,-163.05935114503816,-158.80087404580152,-147.34014122137404,0
19553,-0.5471329589843754,8.410549340820312,8.704312866210937,-170.9601145038168,-187.4115610687023,-111.98136259541984,0
19578,-0.20715632324218802,8.767285388183593,8.16561749267578,-196.50209923664121,-166.56423282442748,-79.40120992366411,0
19603,0.5829302246093748,9.392172021484374,8.603756396484375,-224.6395038167939,-138.34285877862595,-65.4622786259542,0
19628,-0.28616497802734386,9.064166394042967,9.010770678710937,-234.81507633587788,-139.49553053435113,-52.72945419847328,0
19653,0.08972468261718713,7.986775646972656,8.704312866210937,-247.9982824427481,-123.28942366412214,-40.355408396946565,0
19678,0.10887829589843712,7.996352453613281,8.821628747558593,-249.66240458015267,-86.4268282442748,-32.64548473282442,0
19703,1.6363789550781247,6.878260278320313,9.254979248046874,-249.66240458015267,-86.06041603053434,-28.538614503816795,0
19728,1.5430050903320307,5.9062144042968745,9.741002185058592,-249.66240458015267,-81.63293511450381,-16.836324427480918,0
19754,0.9061474487304682,4.831217858886719,10.657981420898437,-249.66240458015267,-50.27415648854962,-3.5004465648854963,0
19779,2.3690046630859367,4.110563159179687,10.614885791015624,-249.66240458015267,-77.01461450381679,6.71329389312977,0
19804,1.9907208007812498,2.4633524169921874,9.046683703613281,-249.66240458015267,-81.20545419847328,20.949935114503816,0
19829,2.3163322265624995,1.6756600708007812,8.187165307617187,-249.66240458015267,-56.30469083969466,36.072072519083974,0
19854,2.886152221679687,0.8376894897460937,8.28053917236328,-245.74637404580153,-65.6940038167939,50.14840839694657,0
19879,3.0657173461914056,-0.06253033447265624,7.655652539062499,-220.57843511450383,-91.39629389312977,67.66749236641222,0
19904,3.3817519653320307,-0.9603559570312499,5.826482470703124,-201.26545801526717,-94.80850763358778,90.9728358778626,0
19929,2.589271215820312,-1.4487730957031248,5.153711804199218,-191.10515267175572,-79.3886603053435,115.94230152671756,0
19954,2.4647727294921866,-2.121543762207031,4.35404844970703,-177.37232824427483,-81.35049236641221,140.8735992366412,0
19979,3.472731628417968,-2.535740649414062,3.721979211425781,-157.9448473282443,-98.01461450381679,158.15604198473284,0
20004,2.5174451660156247,-2.442366784667968,2.8457014038085937,-139.44866412213742,-103.54896564885496,172.28581297709923,0
20029,0.9947329101562494,-3.4958155151367185,1.9454815795898437,-118.54790076335878,-112.28942366412214,192.14840839694656,0
20054,0.702640307617187,-4.367304919433593,1.7802816650390623,-103.75400763358779,-89.38102671755725,206.86596564885497,0
20079,-0.018014392089844122,-4.364910717773437,1.2870761230468748,-72.54026717557252,-120.3886603053435,222.88886641221373,0
20104,-1.2127210205078127,-4.367304919433593,0.8249952026367187,-37.71583969465649,-146.28942366412213,238.9194007633588,0
20130,-3.0801983154296875,-5.116690039062499,0.367702685546875,-4.387595419847329,-150.31232442748092,251.02627099236642,0
20155,-4.030696374511718,-4.877269873046875,-0.31464478759765624,14.841412213740458,-131.12148473282443,251.02627099236642,0
20180,-4.883032165527344,-4.996979956054687,1.4474876342773437,43.91774809160305,-152.48026335877861,251.02627099236642,0
20205,-6.252515515136719,-4.831780041503905,1.9430873779296873,85.5895038167939,-194.99934732824428,249.84306488549618,0
20230,-7.5741148315429685,-5.178939282226562,1.9670293945312498,120.97118320610686,-216.53369847328244,238.39268320610688,0
20255,-8.452786840820313,-4.544475842285156,3.070756359863281,147.7956106870229,-205.35812595419847,226.9881030534351,0
20280,-9.01542423095703,-5.157391467285156,4.011677612304687,176.5131679389313,-183.6176679389313,209.74382824427482,0
20305,-8.802340283203126,-4.537293237304687,5.481717431640624,203.87958015267176,-182.68637022900762,180.8201641221374,0
20330,-8.491094067382813,-3.768754504394531,7.057102124023436,246.475,-221.71690458015266,146.2171106870229,0
20355,-8.455181042480469,-2.727276782226562,7.588614892578124,250.6047709923664,-247.785606870229,112.17130916030534,0
20380,-7.978734912109375,-2.418424768066406,8.886272192382812,250.6047709923664,-236.22835496183205,84.11787404580153,0
20405,-7.262868615722656,-1.084854443359375,9.369900927734374,250.6047709923664,-217.89247709923663,53.24001145038168,0
20430,-6.6355877807617185,0.17928403320312497,9.956480334472655,250.6047709923664,-177.31232442748092,18.484286259541985,0
20455,-4.562209143066406,0.543202685546875,10.602914782714842,250.6047709923664,-193.0909503816794,-15.256171755725191,0
20480,-5.287652246093749,3.1145752685546877,10.918949401855468,250.6047709923664,-58.556599236641226,-39.0653320610687,0
20506,-3.7433921752929686,4.352377526855468,10.102526635742187,250.6047709923664,-161.9001106870229,-52.77525572519084,0
20531,-2.9748534423828126,5.1161278564453125,12.001128552246092,250.6047709923664,-181.9764465648855,-76.1951030534351,0
20556,-1.1935674072265627,7.0123355712890625,11.4863751953125,250.6047709923664,-248.71690458015266,-100.47754580152672,0
20581,-0.6692372436523442,6.198307006835937,9.769732604980469,211.53606870229007,-248.71690458015266,-122.0653320610687,0
20606,-2.0028075683593753,7.809604724121093,7.358771533203124,138.02461832061067,-245.53369847328244,-126.4622786259542,0
20631,-0.255040356445313,8.070572705078124,8.476863708496094,61.139122137404584,-153.49553053435113,-121.03479770992367,0
20656,-0.25982875976562525,8.87741866455078,8.383489843749999,43.10095419847328,-202.93064503816794,-118.35540839694656,0
20681,-0.8823211914062503,7.938891613769531,8.292510180664062,15.81851145038168,-192.16728625954198,-117.8210572519084,0
20706,-1.224692028808594,9.370624206542967,5.888731713867187,-11.952480916030535,-190.54896564885496,-131.03479770992365,0
20731,-1.3563731201171878,9.780032690429687,6.743461706542968,-48.71583969465649,-160.3886603053435,-153.44701145038167,0
20756,-0.7123328735351566,10.376188903808593,6.832047167968749,-59.90667938931298,-191.25125572519084,-172.92792748091603,0
20781,-0.11857086181640675,9.622015380859374,6.695577673339843,-87.99064885496183,-183.21308778625954,-181.7294541984733,0
20806,-0.33883741455078153,10.68982932128906,7.703536572265624,-106.50973282442749,-160.28942366412213,-183.34014122137404,0
20831,0.04902325439453081,10.31393966064453,7.780151025390624,-114.72347328244275,-188.2741564885496,-170.52334732824428,0
20856,0.09451308593749985,10.838269824218749,7.205542626953124,-127.01354961832061,-195.73217175572518,-148.56151526717557,0
20882,-0.36277943115234423,9.332316979980467,7.995629174804687,-141.3570610687023,-197.98408015267177,-116.0653320610687,0
20907,-0.29574178466796885,9.921290588378906,8.347576818847655,-169.91431297709923,-166.5565992366412,-85.27907251908397,0
20932,-0.16166649169921898,10.366612097167968,8.371518835449217,-191.83797709923664,-153.8237748091603,-66.47754580152672,0
20957,0.10408989257812484,10.043394873046873,8.77853311767578,-207.21202290076337,-157.35812595419847,-53.56151526717557,0
20982,0.07535947265624987,9.054589587402342,8.98204025878906,-221.2272900763359,-142.41919465648854,-36.57678244274809,0
21007,0.44406652832031224,8.745737573242186,8.845570764160156,-248.51736641221373,-93.5031641221374,-24.332507633587788,0
21032,1.519063073730468,8.661940515136717,9.530312438964843,-249.66240458015267,-109.23598854961831,-22.95082824427481,0
21057,1.7345412231445305,7.067402209472656,9.324411096191405,-249.66240458015267,-86.75507251908397,-13.256171755725191,0
21082,2.8550276000976558,6.27970986328125,9.496793615722655,-249.66240458015267,-59.7321717557252,2.22474427480916,0
21107,3.321896923828125,5.6045449951171875,9.982816552734374,-249.66240458015267,-62.571866412213744,13.949935114503816,0
21132,3.3266853271484367,4.93895693359375,9.259767651367186,-249.66240458015267,-80.77033969465649,30.804896946564885,0
21157,3.616383728027343,3.4138504760742188,9.173576391601562,-249.66240458015267,-81.66346946564884,56.42321755725191,0
21182,5.945941943359375,3.4569461059570314,8.965280847167968,-226.12041984732824,-204.2588893129771,82.94993511450382,0
21207,0.9755792968749994,-0.18702882080078123,6.235890954589843,-210.53263358778628,-191.0680496183206,143.7819961832061,0
21233,7.004179077148437,0.040420336914062494,5.043578527832031,-246.15858778625955,-41.23598854961833,174.3163473282443,0
21258,2.1894395385742182,-0.9914805786132812,4.5527671875,-249.66240458015267,61.84034732824427,137.79726335877862,0
21283,3.001073901367187,-0.9819037719726562,6.240679357910156,-234.96774809160306,17.298362595419846,113.45375190839695,0
21308,3.060928942871093,-2.370540734863281,4.243915173339843,-175.47919847328245,-79.77797328244274,99.73619465648855,0
21333,2.1678917236328124,-2.423213171386718,3.4346750122070313,-147.2807251908397,-90.68637022900764,109.72856106870229,0
21358,1.5813123168945307,-3.617919799804687,1.4905832641601562,-133.4333969465649,-67.10621755725191,134.2171106870229,0
21383,2.100854077148437,-4.125490551757812,0.5233257934570312,-122.97538167938932,-53.869576335877866,157.46901908396947,0
21408,2.254082983398437,-4.194922399902343,0.7340155395507811,-98.73110687022901,-88.61003435114503,182.41558396946564,0
21434,1.4639964355468749,-4.082394921874999,0.14504193115234373,-66.4333969465649,-123.84667557251908,214.77436259541986,0
21459,-0.3508084228515629,-4.142249963378906,-0.6977170532226562,-32.242557251908394,-134.40392748091602,250.55298854961833,0
21484,-2.5822043701171875,-3.9626848388671867,-0.13986806640625,12.322328244274809,-149.991713740458,251.02627099236642,0
21509,-2.8096535278320314,-3.5245459350585935,-0.2691549560546875,69.25362595419847,-166.85430916030535,251.02627099236642,0
21534,-5.069779895019531,-3.2755489624023433,0.6789489013671874,142.07041984732822,-209.35812595419847,251.02627099236642,0
21559,-7.095274499511719,-3.445537280273437,1.0979341918945311,214.34522900763358,-237.6024007633588,251.02627099236642,0
21584,-8.45996944580078,-3.493421313476562,1.6462063720703124,243.02461832061067,-190.94591221374046,251.02627099236642,0
21609,-8.574891125488282,-1.9180366210937498,3.2359562744140624,246.74217557251907,-149.61003435114503,246.8583320610687,0
21634,-8.93880977783203,-2.1837930053710934,6.130546081542968,250.6047709923664,-150.12911832061067,227.5987900763359,0
21659,-10.296322119140624,-1.2620253662109375,7.607768505859374,250.6047709923664,-141.56423282442748,209.82779770992366,0
21684,-9.618763049316406,-0.22533604736328125,8.393066650390624,249.69637404580152,-97.54896564885496,171.11787404580153,0
21709,-9.087250280761719,-0.42405478515625006,10.583761169433593,250.6047709923664,-125.09095038167939,114.43848473282443,0
21734,-8.692207006835936,0.22237966308593748,11.55580704345703,250.6047709923664,-187.8237748091603,58.339248091603054,0
21759,-8.19900146484375,1.740303515625,11.007534863281249,250.6047709923664,-234.9764465648855,1.5987900763358778,0
21785,-7.195830969238282,2.56390888671875,11.13442755126953,250.6047709923664,-215.85430916030535,-50.90502671755725,0
21810,-5.258921826171875,3.5575025756835936,10.550242346191405,250.6047709923664,-199.64056870229007,-89.92792748091603,0
21835,-4.073792004394531,4.045919714355469,10.736990075683593,250.6047709923664,-190.39629389312978,-111.8210572519084,0
21860,-2.5223493286132816,5.630881213378906,11.551018640136718,232.0551526717557,-195.75507251908397,-126.79052290076335,0
21885,-2.3906682373046877,6.401814147949219,11.148792761230467,196.5895038167939,-211.2970572519084,-132.99662977099237,0
21910,-2.2589871459960937,5.6236986083984375,11.261320239257811,170.55896946564886,-228.2970572519084,-127.9889961832061,0
21935,-2.268563952636719,7.182323889160156,9.707483361816406,140.4902671755725,-227.8772099236641,-133.92029389312978,0
21960,-2.3786972290039063,7.663558422851562,9.843952856445311,108.98645038167939,-231.77033969465649,-154.37830916030535,0
21985,-2.347572607421875,9.277250341796874,8.017176989746092,69.02461832061068,-227.16728625954198,-183.75235496183205,0
22010,-1.1337123657226564,9.68187042236328,8.436162280273436,25.917748091603055,-209.02224809160305,-214.86685877862595,0
22035,-1.2869412719726565,8.875024462890623,8.335605810546875,-13.143320610687024,-171.63293511450382,-222.8744923664122,0
22060,-1.559880261230469,10.127191931152343,8.208713122558594,-18.18148854961832,-228.24362213740457,-217.34014122137404,0
22085,-1.0211848876953127,10.055365881347655,7.722690185546874,-41.95248091603053,-217.9764465648855,-204.53098091603053,0
22110,-1.4305933715820316,9.803974707031248,7.655652539062499,-64.47919847328245,-213.16728625954198,-187.75235496183205,0
22136,-1.0499153076171879,10.373794702148436,7.176812207031249,-89.37996183206107,-197.6176679389313,-172.11876717557251,0
22161,-1.262999255371094,10.663493103027342,7.507212036132811,-106.55553435114504,-194.23598854961833,-152.69891984732823,0
22186,-0.5255851440429691,10.823904614257811,7.40665556640625,-125.70820610687024,-196.2588893129771,-133.84395801526716,0
22211,-0.7266980834960941,11.384147802734374,7.5981916992187495,-145.3570610687023,-191.0680496183206,-109.80579007633588,0
22236,-0.4729127075195314,10.795174194335937,7.421020776367187,-171.44103053435114,-159.19782061068702,-80.53098091603053,0
22261,0.9085416503906245,10.845452429199218,8.390672448730468,-185.59370229007635,-142.49553053435113,-58.363041984732824,0
22286,0.2214057739257811,9.332316979980467,8.474469506835936,-198.41812977099238,-131.4115610687023,-35.46991221374046,0
22311,-0.05153321533203181,9.26049093017578,7.866342285156249,-224.6242366412214,-98.28942366412214,-13.813423664122137,0
22336,-0.1065998535156254,9.332316979980467,9.271738659667967,-246.6929389312977,-46.54896564885497,0.7514618320610686,0
22361,0.7553127441406247,8.738554968261717,9.343564709472655,-248.8303435114504,-52.197820610687025,12.72092748091603,0
22386,1.5118804687499994,6.70108935546875,9.666781933593748,-248.9601145038168,-74.86957633587785,24.38504961832061,0
22411,1.763271643066406,5.420191467285156,9.451303784179686,-249.66240458015267,-69.68637022900764,41.23237786259542,0
22436,1.4137182006835936,4.577432482910156,9.125692358398437,-249.66240458015267,-44.10621755725191,54.011003816793895,0
22461,1.1742980346679683,3.7466445068359375,9.082596728515623,-249.66240458015267,-35.877209923664125,59.751461832061075,0
22486,1.650744165039062,1.8935324218749998,8.85514757080078,-249.66240458015267,-30.95354580152672,67.0491717557252,0
22512,2.2397177734374996,0.4881360473632812,7.993234973144531,-249.66240458015267,-37.686370229007636,75.98810305343511,0
22537,2.321120629882812,-0.14153898925781247,6.982881872558593,-234.54026717557252,-65.34285877862595,86.04153816793894,0
22562,1.8542513061523431,-0.701782177734375,5.62536953125,-223.66240458015267,-68.80087404580152,101.94993511450382,0
22587,1.4328718139648435,-1.7217120849609375,5.31172911376953,-216.05935114503816,-47.76270610687023,123.13314122137405,0
22612,1.3825935791015622,-2.2987146850585933,4.717967102050781,-200.47919847328245,-53.434461832061075,139.9881030534351,0
22637,1.5837065185546875,-3.423989465332031,3.669306774902344,-182.64713740458015,-75.23598854961831,154.22474427480915,0
22662,0.7337649291992183,-3.5580647583007807,2.4482639282226564,-179.82270992366412,-59.66346946564886,171.23237786259543,0
22687,0.1543681274414057,-4.345757104492187,2.184901745605469,-169.21965648854962,-56.39629389312977,185.24764503816795,0
22712,-0.5567097656250004,-4.645032312011718,1.8568961181640624,-139.47156488549618,-102.10621755725191,189.75146183206107,0
22737,-2.3188421875,-3.807061730957031,1.2966529296874998,-118.78454198473283,-112.09858396946565,203.3316145038168,0
22762,-2.75937529296875,-4.803049621582031,0.45868234863281243,-104.21202290076336,-110.35812595419847,225.35451526717557,0
22787,-3.5949516723632815,-4.661791723632812,0.233627392578125,-87.32652671755726,-110.6940038167939,235.17130916030536,0
22812,-4.804023510742187,-3.6394676147460934,0.9207632690429687,-45.7692748091603,-169.98408015267177,251.02627099236642,0
22837,-6.458416857910157,-3.6011603881835934,-0.52294033203125,-6.3952290076335885,-183.57186641221372,251.02627099236642,0
22863,-8.13435802001953,-4.319420886230469,-0.9515024291992187,30.917748091603055,-167.52606488549617,251.02627099236642,0
22888,-9.204566162109375,-3.4958155151367185,0.40840411376953123,69.72690839694656,-159.21308778625954,251.02627099236642,0
22913,-9.793539770507813,-3.021763586425781,2.0125192260742186,116.23072519083969,-183.93827862595418,251.02627099236642,0
22938,-10.188583044433592,-2.4208189697265623,3.1018809814453125,166.62767175572517,-225.49553053435113,244.2171106870229,0
22963,-10.933179760742188,-2.408847961425781,3.7267676147460937,200.80324427480915,-234.34285877862595,231.98046946564887,0
22988,-10.636298754882812,-1.336245617675781,4.885561218261718,207.81851145038166,-186.03751526717556,212.4613854961832,0
23013,-10.732066821289063,-0.6658691528320313,7.193571618652343,221.78034351145038,-156.31995801526716,188.94993511450383,0
23038,-10.56686690673828,-0.6036199096679687,7.9190147216796865,250.6047709923664,-196.4649961832061,153.33924809160305,0
23063,-10.155064221191406,0.4139157958984375,8.55587236328125,250.6047709923664,-201.21308778625954,108.07207251908397,0
23088,-10.406455395507813,1.6517180541992187,9.523129833984374,250.6047709923664,-193.06041603053436,58.65985877862596,0
23113,-9.719319519042969,3.4904649291992187,9.788886218261718,250.6047709923664,-186.81614122137404,9.507187022900762,0
23138,-7.973946508789062,3.4641287109375,11.685093933105469,250.6047709923664,-157.44972900763358,-32.294339694656486,0
23163,-6.566155932617187,4.117745764160156,12.43687325439453,250.6047709923664,-199.98408015267177,-61.752354961832054,0
23188,-5.527072412109375,5.772139111328125,10.643616210937498,234.29179389312978,-248.33522519083968,-83.40884351145039,0
23213,-4.974011828613282,5.460892895507812,11.182311584472655,189.48263358778627,-243.94591221374046,-100.3859427480916,0
23239,-4.248568725585938,6.5047648193359375,11.584537463378906,162.59713740458014,-248.71690458015266,-115.92792748091603,0
23264,-4.1192818359375,6.818405236816406,10.131257055664062,148.4520992366412,-248.71690458015266,-135.5386145038168,0
23289,-4.136041247558594,7.416955651855469,9.60213848876953,103.73454198473281,-248.71690458015266,-164.11876717557251,0
23314,-4.047455786132812,9.17190546875,9.616503698730467,83.97881679389313,-248.71690458015266,-197.76762213740457,0
23339,-3.350743103027344,9.054589587402342,8.302086987304687,50.268893129770994,-248.71690458015266,-224.86685877862595,0
23364,-2.5103783203125003,9.87340655517578,7.851977075195312,13.055152671755724,-220.96881297709922,-241.22563740458014,0
23389,-2.4864363037109376,10.330699072265624,8.431373876953124,5.429198473282442,-248.71690458015266,-247.4775458015267,0
23414,-2.4170044555664063,10.201412182617187,7.832823461914062,-14.86087786259542,-248.71690458015266,-243.22563740458014,0
23439,-1.2989122802734379,11.376965197753904,7.162446997070312,-53.25019083969465,-240.68637022900762,-237.31724045801528,0
23464,-1.033155895996094,11.228524694824218,7.267791870117187,-69.76164122137405,-248.71690458015266,-222.24853816793893,0
23489,-1.1049819458007815,11.187823266601562,7.066678930664062,-87.6395038167939,-248.71690458015266,-194.2867061068702,0
23514,-1.4281991699218752,10.603638061523435,6.293351794433593,-127.28835877862596,-211.5565992366412,-157.7828893129771,0
23539,-0.11617666015625039,10.88136545410156,7.782545227050781,-148.0135496183206,-190.42682824427482,-124.64548473282443,0
23564,-0.13772447509765673,11.336263769531248,8.05787841796875,-158.55553435114504,-193.71690458015266,-90.08059923664122,0
23589,-0.11138825683593767,10.898124865722655,8.168011694335936,-172.42576335877862,-179.8237748091603,-52.668385496183205,0
23615,0.8678402221679682,10.512658398437498,8.239837744140624,-183.23492366412214,-166.373393129771,-22.737087786259544,0
23640,-0.1760317016601567,8.937273706054686,8.299692785644531,-198.28835877862596,-138.85430916030535,7.240011450381679,0
23665,-0.029985400390625472,8.223801611328124,8.577420178222656,-225.70057251908398,-73.27415648854961,30.88886641221374,0
23690,1.114442993164062,8.051419091796875,8.484046313476561,-236.79980916030536,-67.66346946564884,38.507187022900766,0
23715,1.0234633300781244,6.557437255859375,8.699524462890624,-247.3952290076336,-61.12911832061069,40.35451526717558,0
23740,0.8510808105468746,4.845583068847656,8.8048693359375,-249.66240458015267,-54.46499618320611,43.18657633587787,0
23765,0.8798112304687495,3.8831140014648438,8.359547827148436,-249.66240458015267,-29.655835877862597,46.54535496183206,0
23790,2.249294580078124,3.365966442871094,8.553478161621094,-249.66240458015267,-69.64056870229007,48.78962977099237,0
23815,2.6539146606445305,2.058732336425781,7.887890100097655,-249.66240458015267,-73.67873664122136,53.47665267175573,0
23840,1.7704542480468746,1.0100720092773436,7.195965820312499,-249.66240458015267,-55.02988167938932,64.70566030534351,0
23865,1.8997411376953117,-0.24927806396484373,6.891902209472655,-249.66240458015267,-19.85430916030534,73.64459160305344,0
23890,2.1128250854492183,-1.1901993164062499,6.681212463378905,-237.25782442748093,-96.58713358778625,93.07970610687023,0
23915,3.525404064941406,-1.8653641845703124,5.37637255859375,-213.37996183206107,-116.54896564885496,118.90413358778626,0
23940,2.87178701171875,-2.293926281738281,3.891967529296875,-200.6395038167939,-107.23598854961831,146.41558396946564,0
23966,1.8662223144531245,-2.954725939941406,2.5296667846679686,-199.30362595419848,-69.65583587786259,174.99573664122138,0
23991,1.9715671874999998,-3.780725512695312,2.3357364501953124,-186.0135496183206,-64.92301145038168,194.37741603053436,0
24016,1.6196195434570306,-3.404835852050781,1.7156382202148437,-157.53263358778628,-97.1443854961832,208.32398091603054,0
24041,0.4320955200195309,-3.371317028808593,1.2080674682617187,-121.94484732824428,-140.77797328244273,228.90413358778628,0
24066,-1.4712947998046877,-3.0457056030273435,0.20250277099609373,-85.53263358778626,-168.56423282442748,251.02627099236642,0
24091,-3.0778041137695316,-3.347375012207031,-0.7360242797851563,-65.05171755725192,-145.11385114503815,251.02627099236642,0
24116,-3.83197763671875,-2.6674217407226557,0.02293764648437499,-31.280725190839693,-154.92301145038167,251.02627099236642,0
24141,-6.051402575683594,-2.1406973754882808,0.5807866333007812,25.13148854961832,-203.2970572519084,251.02627099236642,0
24166,-8.062531970214843,-2.772766613769531,-0.3122505859375,77.98645038167939,-217.6176679389313,251.02627099236642,0
24191,-9.283574816894532,-3.2851257690429683,0.3629142822265625,120.45973282442748,-191.0909503816794,251.02627099236642,0
24216,-9.855789013671874,-1.4176484741210937,2.0268844360351563,172.22309160305343,-205.63293511450382,251.02627099236642,0
24241,-11.395260681152344,-2.4040595581054682,3.731556018066406,237.03225190839694,-234.6176679389313,251.02627099236642,0
24266,-10.492646655273436,-3.076830224609375,4.191242736816406,250.6047709923664,-238.8619427480916,231.7285610687023,0
24291,-10.84220009765625,-0.43841999511718754,6.176035913085937,250.6047709923664,-224.64056870229007,182.27817938931298,0
24317,-10.004229516601562,0.02844932861328124,8.079426232910155,250.6047709923664,-222.1596526717557,137.73619465648855,0
24342,-10.032959936523437,0.023660925292968746,9.458486389160155,250.6047709923664,-248.71690458015266,101.11024045801527,0
24367,-9.515812377929688,3.5622909790039063,10.169564282226562,250.6047709923664,-200.5947671755725,60.68275954198474,0
24392,-7.504682983398437,2.8560014892578125,10.193506298828124,250.6047709923664,-175.39629389312978,33.507187022900766,0
24417,-6.353071984863281,4.792910632324219,10.890218981933593,250.6047709923664,-206.93827862595418,-1.653118320610687,0
24442,-5.371449304199219,6.368295324707031,12.116050231933594,250.6047709923664,-213.00698091603053,-37.92029389312977,0
24467,-3.75536318359375,7.342735400390625,12.970780224609374,216.83377862595418,-196.47262977099237,-68.66075190839695,0
24492,-3.6524125122070314,6.8998080932617185,11.385818725585937,172.268893129771,-248.71690458015266,-86.14166793893129,0
24517,-3.094563525390625,8.985157739257811,11.194282592773437,117.76507633587785,-213.79324045801528,-94.91266030534351,0
24542,-4.210261499023438,9.602861767578124,10.413772851562499,100.71164122137404,-248.71690458015266,-108.64548473282443,0
24567,-2.8695085693359377,10.510264196777342,8.64445782470703,68.0398854961832,-248.71690458015266,-131.8210572519084,0
24592,-2.208708911132813,9.215001098632811,8.168011694335936,24.86431297709924,-248.71690458015266,-154.39357633587787,0
24617,-2.4912247070312503,10.297180249023436,6.671635656738281,-17.01354961832061,-248.71690458015266,-169.58441603053436,0
24642,-1.9381641235351563,10.40970772705078,7.713113378906249,-55.50973282442748,-201.2970572519084,-179.98136259541985,0
24667,-1.942952526855469,10.34027587890625,8.615727404785156,-59.44103053435114,-187.96117938931297,-186.67601908396946,0
24693,-1.033155895996094,9.68187042236328,7.689171362304687,-49.89904580152672,-236.94591221374046,-186.35540839694656,0
24718,-1.2869412719726565,9.18387647705078,6.52558935546875,-74.54026717557252,-209.28942366412213,-182.52334732824428,0
24743,-1.6676193359375002,9.207818493652342,7.375530944824218,-102.00591603053435,-157.17491984732823,-178.07296564885496,0
24768,-0.6859966552734378,9.435267651367186,7.705930773925781,-99.0746183206107,-210.89247709923663,-172.69128625954198,0
24793,0.13042611083984346,9.3634416015625,6.906267419433593,-133.76164122137405,-178.45736259541985,-172.32487404580152,0
24818,-0.6357184204101565,8.18788858642578,8.266173962402343,-158.1509541984733,-163.93827862595418,-159.9889961832061,0
24843,-0.3508084228515629,8.135216149902343,8.033936401367187,-177.37232824427483,-156.47262977099237,-139.56151526717557,0
24868,-0.5806517822265627,9.52864151611328,8.397855053710936,-200.98301526717557,-137.26652290076336,-121.39357633587785,0
24893,0.017898632812499482,10.005087646484373,9.652416723632811,-211.16622137404582,-128.2741564885496,-109.08059923664122,0
24918,0.20704056396484338,9.404143029785155,9.903807897949218,-210.63187022900763,-143.73217175572518,-91.01953053435115,0
24943,0.12324350585937482,8.908543286132812,10.282091760253905,-219.82270992366412,-135.67873664122138,-62.19510305343511,0
24968,1.425689208984375,8.216619006347655,10.150410668945312,-226.1280534351145,-133.19782061068702,-32.51571374045801,0
24993,1.9428367675781244,7.100921032714844,9.81282823486328,-237.78454198473284,-106.66346946564884,-5.324874045801527,0
25018,1.8255208862304686,5.767350708007812,9.791280419921874,-242.55553435114504,-88.21308778625954,20.58352290076336,0
25044,1.9069237426757804,5.180771301269531,9.853529663085936,-244.37996183206107,-69.02224809160305,44.96520229007634,0
25069,2.9148826416015616,4.259003662109375,9.173576391601562,-240.41812977099238,-80.13675190839695,64.18657633587786,0
25094,3.283589697265625,2.688407373046875,8.218289929199218,-238.9601145038168,-90.35812595419847,82.27054580152672,0
25119,3.0441695312499997,1.8767730102539062,7.339617919921874,-246.04408396946565,-79.97644656488549,100.50718702290077,0
25144,2.7999609619140617,1.4529993164062498,6.985276074218749,-237.51736641221373,-107.35812595419847,120.8048969465649,0
25169,3.2740128906249995,0.6389707519531249,5.802540454101562,-232.4868320610687,-75.84667557251908,139.3850496183206,0
25194,3.4751258300781247,-1.0154225952148437,4.806552563476562,-215.6395038167939,-89.47262977099236,148.484286259542,0
25219,2.0505758422851557,-1.8893062011718749,3.975764587402344,-190.08225190839696,-121.94591221374046,166.28581297709923,0
25244,1.7177818115234373,-2.408847961425781,2.6517710693359375,-169.76927480916032,-122.4268282442748,192.24001145038167,0
25269,1.2820371093749996,-2.8517752685546873,1.8401367065429686,-155.91431297709923,-98.8619427480916,213.94993511450383,0
25294,1.0737415649414057,-3.3737112304687495,1.0644153686523437,-131.8456106870229,-105.73980534351145,231.72092748091603,0
25319,-0.16406069335937534,-3.560458959960937,0.38446209716796875,-106.87614503816795,-103.84667557251908,249.78962977099238,0
25344,-0.7482458984375002,-3.5580647583007807,-0.10874344482421874,-71.86087786259543,-114.88484351145038,251.02627099236642,0
25369,-3.286099658203125,-3.2204823242187497,0.5089605834960937,-28.250190839694657,-140.7627061068702,251.02627099236642,0
25394,-4.171954272460938,-3.6705922363281247,-0.4918157104492187,11.108587786259541,-148.72453816793893,251.02627099236642,0
25419,-5.5462260253906255,-3.2755489624023433,-0.41041285400390626,40.29179389312977,-136.2207213740458,251.02627099236642,0
25445,-7.418491723632813,-3.6897458496093747,0.7747169677734375,80.3604961832061,-149.30469083969464,251.02627099236642,0
25470,-8.361807177734374,-3.5293343383789058,1.8018294799804686,104.1162213740458,-147.9535458015267,251.02627099236642,0
25495,-9.338641455078125,-2.4974334228515622,2.5344551879882813,113.30706106870228,-132.90774427480915,251.02627099236642,0
25520,-9.592426831054688,-2.341810314941406,3.8776023193359372,127.55896946564884,-126.92301145038167,251.02627099236642,0
25545,-10.485464050292968,-2.803891235351562,4.346865844726562,153.12385496183205,-119.85430916030533,241.02627099236642,0
25570,-11.26357958984375,-2.641085522460937,4.696419287109374,165.95591603053435,-103.16728625954198,213.67512595419848,0
25595,-11.452721520996093,-1.566088977050781,6.389119860839843,176.09332061068702,-92.49553053435115,182.92703435114504,0
25620,-11.189359338378907,-0.38574755859375,7.780151025390624,207.23835877862595,-124.45736259541984,154.79726335877862,0
25645,-10.770374047851561,0.35645495605468747,8.596573791503905,240.90248091603053,-155.09858396946564,119.8048969465649,0
25670,-10.787133459472656,1.6158050292968749,8.764167907714842,250.6047709923664,-176.07568320610687,80.40031679389314,0
25695,-10.064084558105469,2.451381408691406,10.033094787597655,250.6047709923664,-179.47262977099237,34.255278625954205,0
25720,-8.934021374511719,2.3005467041015626,11.064995703125,250.6047709923664,-227.64056870229007,-17.187469465648856,0
25745,-8.364201379394531,3.1456998901367186,11.105697131347656,250.6047709923664,-248.71690458015266,-63.1035,0
25770,-7.897332055664062,4.321252905273438,10.871065368652342,250.6047709923664,-226.4649961832061,-100.62258396946565,0
25795,-5.464823168945312,6.282104064941406,8.756985302734375,250.6047709923664,-236.3886603053435,-119.75998854961831,0
25821,-4.835148132324219,7.699471447753906,10.059431005859373,250.6047709923664,-248.71690458015266,-150.2180038167939,0
25846,-3.29567646484375,7.905372790527344,11.936485107421873,237.53606870229007,-248.71690458015266,-172.84395801526716,0
25871,-3.944505114746094,7.637222204589843,10.62446259765625,192.58187022900762,-248.71690458015266,-181.69891984732823,0
25896,-2.4433406738281254,8.288445056152343,10.66276982421875,123.76507633587785,-248.71690458015266,-178.11113358778627,0
25921,-2.402639245605469,9.179088073730467,10.73220167236328,75.09332061068702,-248.71690458015266,-175.0118969465649,0
25946,-3.073015710449219,10.136768737792968,8.74022589111328,19.558969465648858,-248.71690458015266,-166.6683854961832,0
25971,-1.1408949707031253,10.373794702148436,9.266950256347656,-46.95248091603053,-223.64820229007634,-163.84395801526716,0
25996,-2.0219611816406253,10.570119238281249,8.553478161621094,-85.74637404580153,-222.2970572519084,-163.64548473282443,0
26021,-1.2294804321289066,10.258873022460936,8.120127661132813,-131.318893129771,-212.72453816793893,-160.309606870229,0
26046,-1.205538415527344,10.21817159423828,8.177588500976562,-176.79217557251908,-169.28179007633588,-161.35540839694656,0
26071,-1.9118279052734377,9.648351599121092,8.009994384765625,-196.16622137404582,-177.3886603053435,-151.97372900763358,0
26096,-1.4066513549804691,9.526247314453125,8.187165307617187,-221.68530534351146,-142.43446183206106,-148.21037022900762,0
26121,-1.6101584960937503,8.49434639892578,8.903031604003905,-237.72347328244274,-122.37339312977099,-146.71418702290077,0
26146,-1.607764294433594,8.137610351562499,9.769732604980469,-247.34942748091603,-109.9001106870229,-141.69891984732823,0
26171,-0.659660437011719,8.314781274414061,9.477640002441406,-249.66240458015267,-119.76270610687023,-138.36304198473283,0
26197,-0.784158923339844,7.270909350585938,10.262938146972655,-249.66240458015267,-101.43446183206106,-133.4775458015267,0
26222,-0.8464081665039065,6.85431826171875,10.109709240722655,-249.66240458015267,-115.70163740458015,-115.03479770992367,0
26247,-0.6141706054687504,5.556660961914062,11.088937719726562,-249.66240458015267,-80.48026335877863,-88.7447213740458,0
26272,0.8534750122070309,4.462510803222656,10.250967138671873,-249.66240458015267,-84.77797328244274,-64.37067557251908,0
26297,0.8031967773437496,4.05789072265625,9.283709667968749,-249.66240458015267,-65.96117938931297,-43.294339694656486,0
26322,0.34111585693359325,1.2279443603515623,9.02034748535156,-249.66240458015267,-43.319958015267176,-22.92029389312977,0
26347,0.5374403930664058,0.7610750366210937,9.185547399902344,-249.66240458015267,-65.70927099236641,2.2323778625954196,0
26372,2.4288597045898435,0.02844932861328124,9.154422778320312,-249.66240458015267,-89.96881297709923,16.514820610687025,0
26397,1.7489064331054687,-1.53496435546875,7.061890527343749,-244.16622137404582,-95.70927099236641,33.560622137404586,0
26422,0.9276952636718745,-1.61157880859375,5.299758105468749,-239.12041984732824,-80.48026335877863,53.827797709923665,0
26447,1.969172985839843,-3.057676611328125,4.749091723632812,-233.72347328244274,-59.701637404580154,67.11787404580153,0
26472,2.718558105468749,-4.606725085449218,4.617410632324218,-194.9448473282443,-113.34285877862595,79.95756870229008,0
26497,2.1104308837890624,-3.6897458496093747,3.8584487060546873,-147.70820610687022,-173.35812595419847,113.98046946564885,0
26522,1.667503576660156,-4.314632482910156,1.2415862915039062,-118.01354961832061,-192.99934732824428,149.90413358778628,0
26547,0.635602661132812,-4.71446416015625,0.31024184570312496,-130.60896946564887,-98.80087404580152,178.9728358778626,0
26573,0.805590979003906,-4.929942309570312,1.325383349609375,-101.28835877862596,-125.21308778625954,201.9346679389313,0
26598,0.037052246093749464,-4.913182897949218,1.2248268798828124,-53.40286259541985,-195.8085076335878,226.40031679389313,0
26623,-1.3994687500000003,-3.807061730957031,-0.32422159423828123,-2.1585877862595417,-241.52606488549617,251.02627099236642,0
26648,-5.36426669921875,-5.444695666503906,-1.3968239379882812,21.253625954198476,-195.39629389312978,251.02627099236642,0
26673,-5.366660900878906,-4.441525170898437,-0.6139199951171875,35.772709923664124,-152.991713740458,251.02627099236642,0
26698,-5.354689892578126,-3.646650219726562,1.325383349609375,53.92538167938932,-149.96881297709922,251.02627099236642,0
26723,-7.186254162597656,-4.223652819824219,2.1920843505859375,117.1696564885496,-236.77033969465649,251.02627099236642,0
26748,-8.555737512207031,-2.475885607910156,1.191308056640625,147.32996183206106,-217.9001106870229,251.02627099236642,0
26773,-8.768821459960938,-2.4902508178710936,1.8880207397460935,152.09332061068702,-163.32759160305343,251.02627099236642,0
26798,-7.533413403320313,-1.8390279663085938,3.702825598144531,162.86431297709922,-126.19782061068702,251.02627099236642,0
26823,-9.822270190429688,-1.795932336425781,4.619804833984374,194.2841603053435,-141.51079770992365,251.02627099236642,0
26848,-10.272380102539064,-1.1854109130859374,5.749868017578124,228.35286259541985,-149.03751526717556,226.47665267175572,0
26873,-10.291533715820313,-1.6977700683593748,6.9972470825195305,250.6047709923664,-169.5413320610687,182.94230152671756,0
26898,-10.772768249511717,-1.0872486450195311,8.002811779785155,250.6047709923664,-164.73217175572518,133.04153816793894,0
26925,-10.138304809570311,0.9597937744140624,8.745014294433593,250.6047709923664,-171.28179007633588,76.98810305343511,0
26950,-9.233296582031251,1.079503857421875,10.775297302246093,250.6047709923664,-248.71690458015266,25.919400763358777,0
26975,-8.603621545410157,3.358783837890625,10.67474083251953,250.6047709923664,-232.24362213740457,-29.98136259541985,0
27000,-7.598056848144531,3.6628474487304685,10.533482934570312,250.6047709923664,-174.08331679389312,-67.84395801526718,0
27025,-5.347507287597656,6.669964733886719,8.809657739257812,245.3757633587786,-169.991713740458,-89.59968320610686,0
27050,-4.313212170410156,6.9883935546875,12.877406359863281,211.06278625954198,-188.39629389312978,-114.32487404580152,0
27075,-4.0067543579101565,6.5670140625,12.841493334960937,202.01698473282443,-248.71690458015266,-127.24853816793893,0
27100,-4.4401048583984375,7.393013635253906,10.50954091796875,161.35286259541985,-248.71690458015266,-130.67601908396946,0
27125,-3.561432849121094,8.580537658691405,10.306033776855468,127.41393129770992,-248.71690458015266,-138.35540839694656,0
27150,-3.228638818359375,8.64757530517578,9.901413696289062,87.26125954198473,-238.5947671755725,-160.32487404580152,0
27175,-3.4129923461914062,8.221407409667968,9.190335803222656,58.65057251908397,-248.71690458015266,-181.32487404580152,0
27200,-2.546291345214844,11.312321752929686,8.47207530517578,19.604770992366415,-230.0680496183206,-207.85159160305344,0
27225,-3.0083722656250003,10.90770167236328,7.933379931640625,-8.074618320610687,-205.47262977099237,-234.09586641221372,0
27250,-2.7641636962890628,9.483151684570311,8.132098669433592,-24.692938931297707,-209.89247709923663,-237.92792748091603,0
27275,-2.0985756347656253,9.59807336425781,7.535942456054687,-41.563167938931294,-211.12911832061067,-224.92792748091603,0
27301,-2.0315379882812503,9.765667480468748,7.789727832031249,-67.00591603053435,-193.70163740458014,-206.22563740458014,0
27326,-1.6987439575195316,9.009099755859374,7.933379931640625,-84.41812977099237,-194.02224809160305,-179.82869083969464,0
27351,-1.090616735839844,8.681094128417968,7.686777160644531,-117.99828244274809,-168.5795,-161.1951030534351,0
27376,-1.3444021118164065,8.470404382324217,7.655652539062499,-145.4104961832061,-161.03751526717556,-143.7447213740458,0
27401,-2.0889988281250003,7.776085900878906,8.728254882812498,-172.67767175572519,-143.94591221374046,-121.0653320610687,0
27426,-1.9884423583984376,9.001917150878905,8.852753369140624,-197.67003816793894,-129.4115610687023,-102.40884351145039,0
27451,-1.2366630371093752,9.04980118408203,9.566225463867188,-217.85324427480916,-125.6940038167939,-98.30197328244275,0
27476,-1.3515847167968753,7.8000279174804685,10.138439660644531,-235.93721374045802,-120.76270610687023,-90.96609541984732,0
27501,-0.32447220458984427,7.402590441894531,10.423349658203124,-246.112786259542,-122.58713358778625,-78.29433969465649,0
27526,-0.26461716308593797,6.851924060058593,10.155199072265624,-249.66240458015267,-117.0680496183206,-64.0271641221374,0
27551,0.24055938720703107,5.808052136230469,10.590943774414061,-249.66240458015267,-88.73217175572519,-47.485179389312975,0
27576,0.6954577026367184,4.100986352539063,11.033871081542967,-249.66240458015267,-72.61766793893129,-29.164568702290076,0
27601,1.442448620605468,3.0212014038085937,9.822405041503906,-249.66240458015267,-66.84667557251908,-9.195103053435115,0
27626,2.340274243164062,1.4793355346679686,9.377083532714844,-249.66240458015267,-52.816141221374046,12.22474427480916,0
27651,2.251688781738281,0.8616315063476562,8.24223194580078,-249.66240458015267,-56.27415648854962,39.8965,0
27676,2.4073118896484367,-0.16308680419921875,7.574249682617187,-249.66240458015267,-23.04514885496183,63.43848473282443,0
27702,2.002691809082031,-1.2859673828125,7.0738615356445305,-249.66240458015267,-15.472629770992366,82.17130916030534,0
27727,2.701798693847656,-1.3458224243164063,6.887113806152343,-249.66240458015267,-61.7321717557252,93.4995534351145,0
27752,2.8262971801757804,-2.2125234252929684,6.21194893798828,-236.14332061068703,-83.5413320610687,98.59115648854961,0
27777,0.8415040039062496,-3.6035545898437498,4.5144599609375,-194.14332061068703,-169.24362213740457,126.91176717557252,0
27802,-0.5495271606445318,-3.3066735839843746,2.7188087158203125,-161.2959923664122,-185.0146145038168,172.88123282442749,0
27827,0.7170055175781247,-4.249989038085937,1.9191453613281249,-132.79980916030536,-171.68637022900762,203.3163473282443,0
27852,0.22858837890624972,-3.957896435546875,1.6701483886718749,-104.01354961832061,-162.71690458015266,220.11024045801528,0
27877,-1.071463122558594,-3.6394676147460934,0.9135806640624999,-69.3570610687023,-176.98408015267177,241.40031679389313,0
27902,-2.0818162231445316,-3.6969284545898433,0.14264772949218749,-41.044083969465646,-173.8619427480916,251.02627099236642,0
27927,-3.513548815917969,-3.5484879516601557,0.24320419921875,-5.433396946564886,-175.5947671755725,251.02627099236642,0
27952,-5.084145104980468,-2.9236013183593745,0.51135478515625,41.10095419847328,-203.9001106870229,251.02627099236642,0
27977,-6.6930486206054685,-2.7991028320312497,0.7842937744140625,88.00171755725191,-212.40392748091602,251.02627099236642,0
28002,-8.412085412597655,-2.9978215698242185,1.5025542724609373,120.3986641221374,-195.51079770992365,251.02627099236642,0
28027,-9.52060078125,-3.493421313476562,2.7475391357421874,145.67347328244273,-169.62530152671755,251.02627099236642,0
28052,-10.26759169921875,-2.14787998046875,3.3652431640625,166.31469465648854,-153.63293511450382,251.02627099236642,0
28078,-10.380119177246094,-1.5493295654296875,4.282222399902343,183.29942748091602,-136.1596526717557,227.42321755725192,0
28103,-10.356177160644531,-0.7281183959960937,5.409891381835937,188.69637404580152,-79.45736259541984,213.88886641221373,0
28128,-10.461522033691406,0.22237966308593748,7.045131115722656,221.84141221374045,-95.62530152671755,206.30108015267177,0
28153,-10.981063793945314,0.13379420166015624,7.507212036132811,249.887213740458,-104.51079770992366,187.94230152671756,0
28178,-10.978669592285154,1.3907500732421874,8.21110732421875,250.6047709923664,-94.23598854961831,154.8583320610687,0
28203,-10.84220009765625,1.8695904052734373,9.106538745117186,250.6047709923664,-101.5413320610687,113.10260687022901,0
28228,-10.243649682617187,2.2766046875,11.146398559570311,245.89484732824428,-76.86957633587785,71.23237786259543,0
28253,-10.669817578124999,3.212737536621094,11.677911328124999,250.35286259541985,-106.99934732824427,32.66749236641221,0
28278,-9.522994982910156,3.8472009765625,10.768114697265624,246.13148854961833,-131.8619427480916,1.4461183206106871,0
28303,-8.225337683105469,4.814458447265625,10.148016467285155,239.32232824427481,-197.1596526717557,-30.027164122137403,0
28328,-7.195830969238282,5.592573986816406,10.528694531249998,220.87958015267176,-248.71690458015266,-62.69128625954198,0
28353,-6.403350219726562,7.323581787109375,10.511935119628905,180.5895038167939,-248.71690458015266,-93.84395801526718,0
28378,-5.512707202148437,7.632433801269531,10.823181335449219,141.27652671755726,-248.71690458015266,-121.3859427480916,0
28403,-5.146394348144531,7.534271533203125,10.626856799316405,130.2841603053435,-248.71690458015266,-143.4241106870229,0
28428,-4.377855615234375,8.786439001464842,8.788109924316405,109.25362595419847,-248.71690458015266,-160.46227862595418,0
28454,-4.023513769531251,9.100079418945311,8.871906982421875,58.81087786259542,-237.2970572519084,-178.59968320610687,0
28479,-3.175966381835938,8.372242114257812,8.47925791015625,43.22309160305343,-248.71690458015266,-193.7828893129771,0
28504,-2.9892186523437503,8.465615979003905,7.854371276855468,14.620038167938931,-221.7092709923664,-208.25617175572518,0
28529,-3.4417227661132817,8.891783874511718,8.598967993164061,3.948282442748092,-242.77033969465649,-218.04243129770992,0
28554,-3.523125622558594,8.798410009765623,6.750644311523437,-28.563167938931297,-228.19018702290077,-222.07296564885496,0
28579,-2.14645966796875,8.393789929199217,8.725860681152342,-88.94484732824428,-112.75507251908397,-226.57678244274808,0
28604,-2.2733523559570314,8.702641943359374,9.839164453124999,-86.57080152671756,-163.25125572519084,-226.05006488549617,0
28629,-3.4608763793945316,7.7928453125,9.511158825683593,-98.57843511450382,-192.75507251908397,-213.43937786259542,0
28654,-3.020343273925781,8.190282788085936,8.51038253173828,-127.99064885496185,-192.30469083969464,-191.1798358778626,0
28679,-2.5702333618164066,9.179088073730467,8.972463452148437,-172.87614503816795,-150.19018702290077,-179.11876717557251,0
28704,-2.8766911743164063,8.144792956542968,9.83198184814453,-199.67767175572519,-129.6711030534351,-168.88975954198472,0
28729,-3.113717138671875,9.976357226562499,11.227801416015623,-212.9219465648855,-115.86957633587785,-162.1951030534351,0
28754,-3.3100416748046877,9.90453117675781,10.82796973876953,-205.54026717557252,-172.08331679389312,-150.64548473282443,0
28779,-2.3188421875,8.065784301757812,9.78170361328125,-222.45629770992366,-182.31995801526716,-126.72182061068702,0
28804,-1.5048136230468752,7.196689099121094,10.04985419921875,-249.66240458015267,-148.80087404580152,-102.90502671755725,0
28830,-0.4106634643554692,6.420967761230469,10.574184362792968,-249.66240458015267,-116.85430916030533,-82.69128625954198,0
28855,0.5637766113281248,5.183165502929687,9.386660339355467,-249.66240458015267,-122.02224809160305,-62.59204961832061,0
28880,1.238941479492187,3.1241520751953127,8.998799670410156,-249.66240458015267,-101.93064503816794,-39.22563740458015,0
28905,1.894952734375,2.0252135131835938,8.062666821289062,-249.66240458015267,-102.54896564885496,-13.08823282442748,0
28930,2.7329233154296872,0.5958751220703125,7.6173453124999995,-249.66240458015267,-49.48026335877863,4.835431297709923,0
28955,1.8973469360351558,-1.3984948608398438,6.913450024414062,-249.66240458015267,-81.53369847328244,31.530087786259543,0
28980,2.5461755859374993,-2.3633581298828124,6.178430114746093,-249.66240458015267,-109.5031641221374,63.705660305343514,0
29005,2.924459448242187,-1.2309007446289062,6.027595410156249,-232.97538167938933,-148.07568320610687,96.74382824427481,0
29030,3.6139895263671873,-2.102390148925781,4.650929455566406,-202.67003816793894,-189.48026335877861,135.27817938931298,0
29055,1.8327034912109372,-2.217311828613281,1.9095685546874999,-188.13568702290078,-171.53369847328244,176.04153816793894,0
29080,1.7896078613281245,-3.6035545898437498,1.423545617675781,-190.93721374045802,-109.15201908396946,201.51482061068702,0
29105,1.3730167724609372,-3.665803833007812,1.0883573852539061,-177.7158396946565,-97.5795,219.46901908396947,0
29130,0.635602661132812,-3.445537280273437,1.2296152832031249,-139.7540076335878,-146.13675190839695,237.91176717557252,0
29155,-1.4090455566406253,-3.1558388793945307,0.010966638183593745,-94.12041984732825,-189.9535458015267,251.02627099236642,0
29180,-2.8766911743164063,-3.2204823242187497,-1.298661669921875,-66.25782442748093,-168.8085076335878,251.02627099236642,0
29206,-4.473623681640625,-3.0840128295898435,-0.4726620971679687,-28.525,-172.96117938931297,251.02627099236642,0
29231,-5.531860815429687,-2.9882447631835936,0.3724910888671875,38.024618320610685,-233.64820229007634,251.02627099236642,0
29256,-8.273221716308594,-2.9427549316406245,0.6023344482421874,111.13912213740457,-248.71690458015266,251.02627099236642,0
29281,-10.246043884277343,-3.3449808105468746,0.4874127685546874,164.6429389312977,-248.71690458015266,251.02627099236642,0
29306,-10.327446740722657,-3.2204823242187497,1.7084556152343748,200.2841603053435,-223.38102671755726,251.02627099236642,0
29331,-10.286745312499999,-2.4830682128906245,3.8369008911132814,245.7956106870229,-208.991713740458,237.9881030534351,0
29356,-10.56686690673828,-1.0321820068359375,5.072308947753906,250.6047709923664,-242.51079770992365,211.84306488549618,0
29381,-10.633904553222656,-0.2133650390625,6.188006921386718,250.6047709923664,-241.80087404580152,181.68275954198472,0
29406,-10.128728002929687,0.6437591552734374,7.52157724609375,250.6047709923664,-231.67873664122138,146.59115648854961,0
29431,-10.358571362304687,1.4937007446289061,9.377083532714844,250.6047709923664,-68.12148473282443,115.98046946564885,0
29456,-9.135134313964844,2.8416362792968752,8.031542199707031,250.6047709923664,-133.62530152671755,102.55298854961832,0
29481,-8.651505578613282,4.917409118652344,8.838388159179686,250.6047709923664,-176.3504923664122,69.86596564885497,0
29506,-7.346665673828125,5.2286553344726565,12.123232836914061,250.6047709923664,-159.06041603053436,24.934667938931298,0
29531,-5.558197033691407,6.502370617675781,14.661086596679686,250.6047709923664,-186.89247709923663,-23.721820610687022,0
29556,-5.766492578125,7.08416162109375,13.186258374023437,250.6047709923664,-242.70163740458014,-71.77525572519083,0
29582,-6.305187951660156,8.084937915039061,10.179141088867187,191.90248091603053,-248.71690458015266,-100.56151526717557,0
29607,-4.966829223632812,8.752920178222656,11.062601501464842,110.45209923664122,-194.373393129771,-124.83632442748092,0
29632,-3.944505114746094,9.708206640624999,10.705865454101561,74.20019083969466,-219.73980534351145,-154.36304198473283,0
29657,-4.296452758789062,9.430479248046874,9.293286474609374,45.46736641221374,-248.71690458015266,-176.0653320610687,0
29682,-3.362714111328125,9.52864151611328,8.182376904296873,-6.937213740458016,-206.23598854961833,-187.53098091603053,0
29707,-2.8766911743164063,10.546177221679686,9.044289501953124,-40.097519083969466,-144.66346946564886,-203.81342366412213,0
29732,-3.6093168823242188,10.050577478027343,9.235825634765623,-37.31889312977099,-168.4115610687023,-214.39357633587787,0
29757,-3.8415544433593753,9.543006726074218,8.74022589111328,-36.75400763358778,-179.7474389312977,-218.56914885496184,0
29782,-3.5015778076171875,8.942062109374998,8.692341857910156,-53.68530534351145,-176.991713740458,-215.6302175572519,0
29807,-2.855143359375,8.93487950439453,8.596573791503905,-81.40286259541985,-158.45736259541985,-214.15693511450382,0
29832,-2.642059411621094,8.137610351562499,9.015559082031249,-103.14332061068703,-162.98408015267177,-208.0271641221374,0
29857,-2.649242016601563,7.934103210449218,8.615727404785156,-131.0364503816794,-160.57186641221372,-194.9889961832061,0
29882,-3.79367041015625,8.039448083496094,9.348353112792967,-154.67003816793894,-155.91537786259542,-176.5004465648855,0
29907,-3.185543188476563,8.884601269531249,9.700300756835937,-189.16622137404582,-122.09858396946565,-161.80579007633588,0
29932,-2.4193986572265627,8.977975134277342,10.854305957031249,-207.63187022900763,-122.15965267175572,-153.515713740458,0
29958,-2.6851550415039065,7.50554111328125,11.208647802734374,-225.83797709923664,-123.19782061068702,-138.08823282442748,0
29983,-3.2023026000976564,6.322805493164062,11.445673767089843,-248.4104961832061,-114.11385114503817,-111.47754580152672,0
30008,-2.8000767211914064,6.080991125488281,11.625238891601562,-249.66240458015267,-87.16728625954198,-90.24853816793893,0
30033,-2.1775842895507815,4.924591723632813,11.366665112304686,-249.66240458015267,-68.70927099236641,-77.9508282442748,0
30058,-2.086604626464844,3.758615515136719,11.373847717285155,-249.66240458015267,-68.19782061068702,-68.40884351145039,0
30083,-1.2941238769531254,1.9031092285156248,11.009929064941405,-249.66240458015267,-57.95354580152672,-58.485179389312975,0
30108,-0.7602169067382816,0.8903619262695311,9.597350085449218,-249.66240458015267,-63.480263358778636,-51.33250763358778,0
30133,-0.10899405517578176,0.09069857177734375,8.864724377441405,-249.66240458015267,-53.41919465648855,-45.19510305343511,0
30158,-2.0363263916015626,2.2694220825195313,8.21110732421875,-249.66240458015267,-95.25888931297709,-33.79052290076336,0
30183,1.8063672729492186,-2.4351841796874996,6.33405322265625,-240.3570610687023,-92.15965267175572,-19.11113358778626,0
30208,-0.0826578369140627,-2.408847961425781,5.045972729492187,-229.49446564885497,-91.31995801526718,2.507187022900763,0
30233,1.7776368530273432,-3.481450305175781,4.459393322753906,-215.7540076335878,-92.04514885496182,24.38504961832061,0
30258,2.227746765136718,-3.426383666992187,4.102657275390625,-181.33416030534352,-158.36575954198472,53.35451526717558,0
30283,1.4137182006835936,-3.002609973144531,2.7858463623046874,-159.65477099236642,-179.15201908396946,89.38504961832061,0
30308,0.9636082885742185,-3.9866268554687494,1.64141796875,-128.77690839694657,-218.4115610687023,130.53008778625954,0
30334,1.5094862670898435,-4.712069958496094,0.1330709228515625,-118.79980916030534,-175.6024007633588,163.8583320610687,0
30359,-0.20476212158203166,-3.957896435546875,-0.10156083984375,-110.2043893129771,-135.04514885496184,188.9728358778626,0
30384,-0.6692372436523442,-4.747982983398437,-0.8533401611328125,-92.79980916030534,-133.03751526717556,216.91176717557252,0
30409,-1.8304250488281253,-4.3984295410156244,-1.1717689819335937,-64.4333969465649,-148.2054541984733,245.14077480916032,0
30434,-3.4249633544921876,-3.6227082031249997,-0.9634734375,-23.21202290076336,-185.8085076335878,251.02627099236642,0
30459,-5.658753503417969,-4.070423913574218,-1.78707880859375,25.589503816793894,-220.47262977099237,251.02627099236642,0
30485,-6.848671728515625,-2.6530565307617184,-1.882846875,57.31469465648855,-192.56423282442748,251.02627099236642,0
30510,-8.991482214355468,-3.139079467773437,0.02293764648437499,110.25362595419847,-217.05278244274808,251.02627099236642,0
30535,-10.26759169921875,-2.3873001464843746,0.9614646972656249,156.03225190839694,-218.2970572519084,251.02627099236642,0
30560,-11.58200841064453,-3.251606945800781,2.110681494140625,192.57423664122138,-212.28179007633588,251.02627099236642,0
30585,-12.04169512939453,-1.2237181396484376,3.195254846191406,211.2459923664122,-167.61003435114503,251.02627099236642,0
30610,-11.574825805664062,-0.3713823486328125,4.825706176757812,226.20019083969464,-134.0680496183206,226.60642366412213,0
30636,-11.919590844726564,0.05717974853515624,6.963728259277343,250.6047709923664,-143.96117938931297,202.17130916030536,0
30661,-11.668199670410157,0.44504041748046874,8.55587236328125,250.6047709923664,-227.38102671755726,172.15604198473284,0
30686,-11.129504296874998,2.3771611572265625,9.195124206542967,250.6047709923664,-210.63293511450382,117.96520229007633,0
30711,-10.732066821289063,2.3484307373046875,10.452080078124999,250.6047709923664,-149.12148473282443,69.82016412213741,0
30736,-8.517430285644531,2.776992834472656,9.731425378417969,250.6047709923664,-116.64056870229007,49.10260687022901,0
30761,-8.553343310546875,6.301257678222656,11.788044604492187,250.6047709923664,-246.12911832061067,0.3697824427480916,0
30786,-8.09126239013672,6.16478818359375,11.847899645996092,250.6047709923664,-239.43446183206106,-58.84395801526717,0
30811,-7.430462731933594,5.712284069824219,11.967609729003906,245.93301526717556,-220.49553053435113,-96.65311832061069,0
30836,-6.726567443847657,6.619686499023437,11.85029384765625,199.55896946564886,-243.5413320610687,-123.5920496183206,0
30861,-7.155129541015625,7.63961640625,9.578196472167967,163.681106870229,-248.71690458015266,-144.13403435114503,0
30886,-6.561367529296875,7.357100610351562,8.991617065429686,116.10095419847327,-248.71690458015266,-163.50808015267177,0
30911,-4.914156787109375,8.944456311035156,8.572631774902343,63.56660305343512,-221.25125572519084,-190.43937786259542,0
30936,-3.688325537109375,8.202253796386717,9.822405041503906,27.604770992366415,-165.00698091603053,-217.8744923664122,0
30961,-5.766492578125,8.898966479492186,8.302086987304687,19.70400763358779,-185.88484351145038,-231.6836526717557,0
30987,-4.756139477539063,8.910937487792967,8.110550854492187,21.452099236641224,-229.47262977099237,-237.3859427480916,0
31012,-3.8032472167968754,9.672293615722655,8.32602900390625,-5.295992366412214,-216.15201908396946,-243.11113358778627,0
31037,-3.369896716308594,8.903754882812498,8.51756513671875,-26.608969465648855,-216.86957633587787,-242.52334732824428,0
31062,-3.2980706665039063,8.410549340820312,7.998023376464843,-60.173854961832056,-191.8237748091603,-230.77525572519085,0
31087,-2.7426158813476564,9.26049093017578,8.558266564941405,-94.45629770992367,-167.79324045801528,-221.85159160305344,0
31112,-3.3100416748046877,9.715389245605467,9.154422778320312,-122.69293893129772,-169.64056870229007,-207.50808015267177,0
31137,-3.0323142822265625,10.227748400878905,9.822405041503906,-151.04408396946565,-164.9001106870229,-188.41647709923663,0
31162,-2.498407312011719,10.170287561035154,10.021123779296873,-173.26545801526717,-179.19782061068702,-168.25617175572518,0
31187,-2.649242016601563,9.310769165039062,10.243784533691406,-207.05935114503816,-155.52606488549617,-142.77525572519085,0
31212,-2.75937529296875,8.49434639892578,10.337158398437499,-232.46393129770993,-141.785606870229,-114.25617175572519,0
31237,-2.7617694946289064,8.039448083496094,11.007534863281249,-249.66240458015267,-101.65583587786259,-88.83632442748092,0
31262,-2.0818162231445316,6.174364990234375,10.746566882324219,-249.66240458015267,-47.71690458015267,-69.77525572519083,0
31287,-1.5838222778320314,4.7282671875,10.552636547851561,-249.66240458015267,-55.10621755725191,-55.82869083969465,0
31312,-1.3827093383789064,2.7602334228515626,10.183929492187499,-249.66240458015267,-51.9001106870229,-38.55388167938931,0
31337,-1.5191788330078126,2.5279958618164065,10.183929492187499,-249.66240458015267,-36.03751526717558,-29.57678244274809,0
31363,-0.7147270751953128,0.5551736938476562,9.355535717773437,-249.66240458015267,-90.99171374045801,-14.897393129770993,0
31388,-1.2701818603515627,-1.4559557006835937,6.891902209472655,-249.66240458015267,-68.35812595419847,5.293446564885496,0
31413,-0.554315563964844,-2.0592945190429686,7.100197753906249,-249.66240458015267,-83.76270610687023,25.102606870229007,0
31438,0.3961824951171873,-2.696152160644531,6.848806579589843,-241.57843511450383,-148.96117938931297,43.31634732824428,0
31463,-0.4633359008789064,-2.892476696777343,4.5144599609375,-234.16622137404582,-149.73217175572518,67.9728358778626,0
31488,-0.3484142211914065,-4.470255590820312,2.9941419067382813,-235.13568702290078,-105.71690458015267,86.67512595419848,0
31513,-0.8559849731445315,-4.249989038085937,1.9359047729492187,-215.47156488549618,-143.5031641221374,104.65985877862596,0
31538,-0.860773376464844,-3.7448124877929683,1.3612963745117186,-198.57843511450383,-168.373393129771,129.1255076335878,0
31563,-0.02040859375000048,-4.874875671386718,0.2623578125,-189.6395038167939,-154.15201908396946,151.64459160305344,0
31588,-0.889503796386719,-4.515745422363281,-1.1023371337890624,-193.2043893129771,-119.8619427480916,184.2018435114504,0
31613,-2.270958154296875,-3.831003747558593,-0.8533401611328125,-178.95248091603054,-139.15201908396946,221.07970610687022,0
31638,-3.7625457885742186,-3.0888012329101557,-1.030511083984375,-150.9448473282443,-170.66346946564886,246.20947709923664,0
31663,-5.062597290039062,-2.0138046874999995,-0.7456010864257813,-102.63187022900765,-222.7474389312977,251.02627099236642,0
31688,-7.744103149414062,-2.897265100097656,-2.038469982910156,-40.227290076335876,-248.71690458015266,251.02627099236642,0
31714,-9.178229943847656,-2.5094044311523436,-2.6657508178710936,-14.410496183206106,-248.71690458015266,251.02627099236642,0
31739,-10.258014892578124,-2.6003840942382808,-1.8541164550781248,-0.7845419847328244,-192.64056870229007,251.02627099236642,0
31764,-11.265973791503907,-3.2396359374999997,0.1905317626953125,29.925381679389314,-182.11385114503815,251.02627099236642,0
31789,-12.1254921875,-2.0521119140624995,1.2391920898437498,97.31469465648854,-241.12911832061067,251.02627099236642,0
31814,-12.838964282226563,-2.8517752685546873,1.1482124267578124,152.7192748091603,-244.44209541984733,251.02627099236642,0
31839,-13.418361083984376,-1.4344078857421874,2.148988720703125,184.89484732824428,-190.49553053435113,236.9728358778626,0
31864,-13.734395703125,-0.5557358764648438,3.9661877807617185,218.31469465648854,-173.72453816793893,200.24764503816795,0
31889,-13.748760913085938,-0.2756142822265625,5.946192553710937,250.6047709923664,-182.19782061068702,161.95756870229008,0
31914,-13.64581024169922,0.7850170532226561,7.332435314941406,250.6047709923664,-248.71690458015266,119.71329389312977,0
31939,-12.451103613281251,1.8743788085937498,7.550307666015624,250.6047709923664,-231.28942366412213,70.78962977099236,0
31964,-12.343364538574217,2.6070045166015627,9.310045886230467,250.6047709923664,-168.44972900763358,38.58352290076336,0
31989,-10.109574389648436,4.2925224853515624,7.52157724609375,250.6047709923664,-139.86957633587787,21.873599236641223,0
32014,-9.470322546386718,7.098526831054687,9.243008239746093,250.6047709923664,-191.0680496183206,-19.401209923664123,0
32039,-8.68981280517578,6.12648095703125,11.474404187011718,250.6047709923664,-213.1825534351145,-68.5920496183206,0
32064,-8.304346337890625,5.027542395019531,11.464827380371093,214.82614503816794,-212.80087404580152,-102.23327099236641,0
32090,-8.119992810058594,5.317240795898438,11.076966711425781,187.42919847328244,-248.71690458015266,-120.45464503816794,0
32115,-7.8733900390625,5.238232141113281,8.496017321777343,164.87958015267176,-248.71690458015266,-128.7065534351145,0
32140,-6.683471813964844,7.060219604492187,8.807263537597656,114.15438931297709,-248.71690458015266,-144.00426335877862,0
32165,-6.405744421386719,7.134439855957031,8.922185217285156,106.74217557251907,-248.71690458015266,-158.55388167938932,0
32190,-6.269274926757813,7.749749682617187,5.5870623046875,72.14675572519083,-248.71690458015266,-178.27907251908397,0
32215,-4.186319482421875,8.815169421386717,7.389896154785156,28.154389312977102,-207.83904198473283,-213.55388167938932,0
32240,-4.234203515625,7.766509094238281,8.146463879394531,20.67347328244275,-237.92301145038167,-239.7065534351145,0
32265,-4.277299145507813,8.470404382324217,8.536718749999999,-15.700572519083972,-158.8772099236641,-249.24090458015266,0
32290,-4.023513769531251,8.92769689941406,8.723466479492187,-18.525,-188.88484351145038,-249.24090458015266,0
32315,-3.3531373046875004,8.04184228515625,8.689947656249998,-35.059351145038164,-193.4878969465649,-249.24090458015266,0
32340,-3.381867724609375,7.823969934082031,8.735437487792968,-66.92958015267176,-183.05278244274808,-249.24090458015266,0
32365,-3.0083722656250003,7.7545380859375,9.168787988281249,-101.64713740458016,-179.6176679389313,-228.66075190839695,0
32390,-2.766557897949219,9.147963452148437,10.629251000976561,-131.15858778625955,-166.0680496183206,-204.66075190839695,0
32415,-3.132870751953125,8.211830603027343,10.63643360595703,-165.05935114503816,-121.72453816793893,-183.25617175572518,0
32440,-2.596569580078125,7.6013091796875,10.717836462402342,-190.70057251908398,-96.84667557251908,-160.9126603053435,0
32466,-3.4800299926757816,8.274079846191405,10.576578564453124,-218.7387404580153,-75.08331679389313,-136.66075190839695,0
32491,-3.2980706665039063,6.499976416015625,10.871065368652342,-241.05171755725192,-57.373393129770996,-113.60731679389313,0
32516,-3.8415544433593753,5.882272387695313,12.381806616210936,-249.66240458015267,-6.289423664122138,-97.63785114503817,0
32541,-3.209485205078125,4.373925341796875,12.058589392089843,-249.66240458015267,-10.350492366412213,-88.78288931297709,0
32566,-3.8631022583007812,2.2981525024414062,9.642839916992187,-249.66240458015267,1.191492366412214,-85.27143893129771,0
32591,-3.8032472167968754,1.0723212524414063,10.191112097167968,-249.66240458015267,62.65714122137404,-93.18746946564885,0
32616,-3.322012683105469,0.4234926025390625,9.865500671386718,-249.66240458015267,22.14569083969466,-107.17220229007633,0
32641,-2.5917811767578125,-0.2564606689453125,7.650864135742187,-234.06698473282444,-51.9001106870229,-107.88975954198473,0
32666,-2.0075959716796876,-2.236465441894531,9.422573364257811,-224.25782442748093,-128.3886603053435,-91.56151526717557,0
32691,-1.2414514404296877,-3.002609973144531,8.419402868652343,-245.525,-67.3886603053435,-76.05006488549618,0
32716,-0.6931792602539066,-2.9403607299804686,7.1097745605468745,-249.66240458015267,-72.05278244274808,-61.492812977099234,0
32741,-1.1600485839843753,-3.7543892944335933,5.010059704589843,-249.66240458015267,-48.823774809160305,-45.805790076335875,0
32766,-0.5303735473632814,-4.257171643066406,5.168077014160156,-249.66240458015267,-17.190187022900762,-35.28670610687023,0
32791,0.233376782226562,-4.226047021484375,4.2965876098632805,-249.66240458015267,-83.20545419847328,-21.515713740458015,0
32816,-0.21912733154296893,-4.609119287109374,2.7762695556640624,-249.13568702290078,-117.6711030534351,1.4919198473282442,0
32842,-0.4729127075195314,-2.523769641113281,0.7459865478515624,-243.91431297709923,-140.5947671755725,28.72856106870229,0
32867,-0.6165648071289067,-4.130278955078125,-0.20451151123046873,-233.6395038167939,-173.6711030534351,59.72092748091603,0
32892,-1.2582108520507815,-3.550882153320312,-1.9427019165039061,-228.8456106870229,-183.3504923664122,96.98046946564885,0
32917,-1.9094337036132814,-3.6873516479492183,-2.718423254394531,-213.70820610687022,-195.85430916030535,129.24764503816795,0
32942,-3.137659155273438,-2.104784350585937,-3.542028625488281,-189.65477099236642,-211.32759160305343,157.39268320610688,0
32967,-3.901409484863281,-2.437578381347656,-4.2962021484375,-141.64713740458015,-248.71690458015266,191.8048969465649,0
32992,-6.187872070312499,-2.056900317382812,-5.897923059082031,-89.01354961832061,-248.71690458015266,234.69802671755727,0
33017,-7.7057959228515625,-2.111966955566406,-5.943412890625,-35.975381679389315,-248.71690458015266,251.02627099236642,0
33042,-9.831846997070311,-2.066477124023437,-4.6744860107421875,22.467366412213742,-248.71690458015266,251.02627099236642,0
33067,-11.50539395751953,-3.1702040893554684,-4.020868957519531,83.25362595419847,-248.71690458015266,251.02627099236642,0
33092,-12.405613781738282,-3.608342993164062,-3.161350561523437,120.475,-248.71690458015266,251.02627099236642,0
33117,-13.317804614257813,-2.0497177124023436,-1.0760009155273438,156.92538167938932,-234.08331679389312,239.2171106870229,0
33142,-13.834952172851562,-1.3577934326171874,1.0620211669921875,211.10858778625953,-248.71690458015266,203.1255076335878,0
33167,-14.134227380371094,-1.5373585571289061,2.2854582153320315,250.6047709923664,-248.71690458015266,178.7132938931298,0
33192,-13.418361083984376,-0.5605242797851563,4.404326684570312,250.6047709923664,-210.00698091603053,161.2705458015267,0
33218,-13.392024865722657,0.9597937744140624,5.500871044921874,250.6047709923664,-175.51079770992365,143.15604198473284,0
33243,-14.050430322265626,1.4218746948242187,7.11216876220703,250.6047709923664,-130.0146145038168,132.54535496183206,0
33268,-11.586796813964842,3.1983723266601563,6.188006921386718,250.6047709923664,-165.77797328244273,128.41558396946564,0
33293,-11.747208325195313,3.856777783203125,8.527141943359375,250.6047709923664,-176.52606488549617,96.20184351145039,0
33318,-11.967474877929686,4.0291603027343745,10.842334948730468,250.6047709923664,-191.5795,47.23237786259542,0
33343,-11.529335974121093,3.71312568359375,10.064219409179687,250.6047709923664,-247.88484351145038,-3.1416679389312976,0
33368,-10.916420349121093,4.2733688720703125,8.790504125976561,250.6047709923664,-248.71690458015266,-43.13403435114503,0
33393,-9.283574816894532,6.7585501953125,8.136887072753906,250.6047709923664,-248.71690458015266,-81.72182061068702,0
33418,-8.1798478515625,7.469628088378906,8.299692785644531,198.39103053435113,-248.71690458015266,-125.14930152671755,0
33443,-7.595662646484375,6.696300952148437,9.116115551757812,136.93301526717556,-225.67873664122138,-160.96609541984733,0
33468,-6.8223355102539065,8.477586987304687,7.490452624511718,108.94064885496182,-239.7627061068702,-193.515713740458,0
33493,-5.893385266113281,10.07212529296875,7.976475561523436,74.89484732824427,-225.6176679389313,-225.1416679389313,0
33518,-5.821559216308594,10.469562768554686,7.610162707519531,48.398664122137404,-212.2588893129771,-247.57678244274808,0
33543,-6.343495178222656,9.45202706298828,7.837611865234375,21.268893129770994,-209.16728625954198,-249.24090458015266,0
33568,-5.062597290039062,9.186270678710937,7.294128088378906,-18.754007633587786,-164.9001106870229,-247.07296564885496,0
33594,-4.7202264526367195,8.597297070312498,9.1113271484375,-50.03645038167939,-126.68637022900762,-247.0271641221374,0
33619,-5.342718884277344,6.243796838378906,9.657205126953125,-68.33416030534352,-123.74743893129771,-237.52334732824428,0
33644,-4.725014855957031,5.9445216308593745,9.21906622314453,-99.68530534351146,-110.35049236641221,-226.30197328244273,0
33669,-5.608475268554688,6.5430720458984375,9.412996557617186,-135.9448473282443,-77.05278244274808,-223.85159160305344,0
33694,-6.827123913574218,7.352312207031249,11.036265283203123,-155.5479007633588,-70.00698091603053,-221.1035,0
33719,-6.520666101074219,7.1799296875,11.428914355468748,-162.37996183206107,-92.25125572519083,-215.43937786259542,0
33744,-5.993941735839844,5.841570959472656,10.487993103027343,-188.68530534351146,-82.12911832061069,-210.1798358778626,0
33769,-6.266880725097656,4.960504748535156,10.77050889892578,-215.44866412213742,-62.014614503816794,-204.17220229007634,0
33794,-6.159141650390625,3.753827111816406,11.292444860839844,-226.83797709923664,-46.76270610687023,-193.7065534351145,0
33819,-5.175124768066406,2.1760482177734377,11.359482507324218,-220.8837786259542,-76.9382786259542,-179.3325076335878,0
33844,-4.023513769531251,1.0579560424804688,10.255755541992187,-222.10515267175572,-92.9382786259542,-161.69891984732823,0
33869,-3.2238504150390628,-0.46475621337890627,9.985210754394531,-231.55553435114504,-87.37339312977099,-144.25617175572518,0
33894,-2.8312013427734377,-0.9938747802734376,9.741002185058592,-230.65477099236642,-123.38102671755725,-120.80579007633588,0
33919,-2.852749157714844,-2.6051724975585935,8.634881018066405,-249.66240458015267,-87.12911832061069,-93.8592251908397,0
33944,-2.270958154296875,-3.1725982910156247,7.806487243652343,-249.66240458015267,-76.37339312977099,-66.28670610687023,0
33970,-0.013225988769531405,-4.091971728515625,7.176812207031249,-249.66240458015267,-94.0298816793893,-52.15693511450382,0
33995,-1.5766396728515628,-3.991415258789062,4.921474243164062,-249.66240458015267,-106.74743893129771,-36.355408396946565,0
34020,-1.0403385009765629,-4.5803888671875,4.447422314453124,-249.66240458015267,-111.55659923664122,-15.92792748091603,0
34045,-1.368344128417969,-4.585177270507812,3.2479272827148438,-249.66240458015267,-125.68637022900764,5.949935114503816,0
34070,-0.37953884277343786,-4.348151306152343,1.6845135986328124,-249.27309160305344,-136.41919465648854,25.873599236641223,0
34095,-1.0882225341796878,-4.135067358398437,0.25517520751953127,-249.66240458015267,-130.98408015267177,44.43085114503817,0
34120,-0.9469646362304691,-4.391246936035156,-0.417595458984375,-239.9219465648855,-148.4115610687023,62.28581297709924,0
34145,-0.9589356445312502,-3.445537280273437,-1.049664697265625,-220.8837786259542,-185.47262977099237,85.53008778625954,0
34170,-0.889503796386719,-1.09443125,-1.5931484741210937,-198.9448473282443,-237.64056870229007,117.03390458015268,0
34195,-3.8200066284179686,-2.6937579589843748,-4.657726599121093,-185.56316793893131,-229.80087404580152,156.07207251908397,0
34220,-4.162377465820312,-2.6243261108398435,-5.296978442382812,-161.81507633587788,-217.38102671755726,185.43848473282443,0
34245,-6.051402575683594,-1.582848388671875,-4.595477355957032,-111.25782442748093,-248.71690458015266,206.79726335877862,0
34270,-8.227731884765625,-1.9611322509765625,-5.141355334472657,-32.280725190839696,-248.71690458015266,235.16367557251908,0
34295,-9.882125231933593,-2.1933698120117184,-5.69441591796875,26.16965648854962,-248.71690458015266,251.02627099236642,0
34320,-11.649046057128906,-2.9379665283203122,-5.287401635742188,63.31469465648855,-248.71690458015266,251.02627099236642,0
34346,-12.058454541015625,-3.3832880371093745,-3.494144592285156,94.54370229007633,-244.52606488549617,251.02627099236642,0
34371,-13.461456713867186,-1.4008890625,-1.6960991455078125,144.39103053435113,-244.28179007633588,235.9194007633588,0
34396,-14.287456286621094,-1.4200426757812499,-0.16141588134765625,182.1162213740458,-219.68637022900762,217.37741603053436,0
34421,-14.107891162109375,-1.4990513305664062,2.024490234375,212.7192748091603,-204.5413320610687,200.62932442748092,0
34446,-14.371253344726561,-0.026617309570312497,2.42671611328125,242.92538167938932,-221.991713740458,176.00337022900763,0
34471,-14.119862170410155,-0.32349831542968743,3.63339375,247.46736641221372,-172.45736259541985,153.18657633587787,0
34496,-13.904384020996094,0.6437591552734374,4.43066290283203,239.1543893129771,-115.67873664122136,143.1255076335878,0
34521,-13.930720239257813,1.6852368774414062,5.764233227539062,250.6047709923664,-131.7092709923664,137.43085114503816,0
34546,-12.281115295410157,4.13450517578125,5.824088269042968,250.6047709923664,-216.92301145038167,117.0110038167939,0
34572,-11.682564880371093,4.625316516113281,7.804093041992187,250.6047709923664,-245.2741564885496,63.6522251908397,0
34597,-11.605950427246093,3.840018371582031,10.705865454101561,250.6047709923664,-248.71690458015266,1.262912213740458,0
34622,-9.831846997070311,3.9884588745117187,9.611715295410155,250.6047709923664,-248.71690458015266,-49.3859427480916,0
34647,-9.432015319824218,5.4728639038085936,8.87430118408203,226.06278625954198,-248.71690458015266,-82.72945419847328,0
34672,-9.319487841796875,4.558278869628906,6.6237516235351555,194.85667938931297,-248.71690458015266,-97.25617175572519,0
34697,-9.233296582031251,7.579761364746093,7.224696240234374,179.66583969465648,-248.71690458015266,-105.17983587786259,0
34722,-7.361030883789063,6.183941796875,7.401867163085937,178.3070610687023,-248.71690458015266,-119.1035,0
34747,-6.171112658691406,7.891007580566406,5.8528186889648435,147.95591603053435,-248.71690458015266,-143.64548473282443,0
34772,-5.4528521606445315,9.095291015625,7.5407308593749995,116.25362595419847,-212.47262977099237,-177.49281297709922,0
34797,-4.9476756103515624,6.928538513183594,9.089779333496093,90.77270992366411,-189.03751526717556,-206.49281297709922,0
34822,-5.342718884277344,8.970792529296874,8.17280009765625,74.30706106870228,-205.0680496183206,-220.30197328244273,0
34847,-5.151182751464844,9.519064709472655,8.179982702636718,36.73454198473283,-189.7474389312977,-229.05769847328244,0
34872,-5.0386552734375005,9.782426892089843,8.500805725097656,-6.250190839694657,-162.785606870229,-234.69128625954198,0
34897,-4.753745275878906,8.875024462890623,9.578196472167967,-32.50209923664122,-198.64056870229007,-224.25617175572518,0
34922,-3.494395202636719,8.477586987304687,9.453697985839844,-81.34942748091603,-165.991713740458,-213.7981564885496,0
34948,-4.586151159667969,7.718625061035156,8.512776733398436,-123.14332061068703,-160.36575954198472,-197.76762213740457,0
34973,-5.201460986328125,8.11127413330078,9.420179162597655,-167.16622137404582,-118.15201908396946,-180.48517938931298,0
34998,-4.543055529785156,8.930091101074218,10.018729577636718,-199.55553435114504,-85.67873664122136,-173.1264007633588,0
35023,-4.5717859497070314,7.7545380859375,10.679529235839842,-220.58606870229008,-80.79324045801526,-170.73708778625954,0
35048,-5.043443676757812,6.62447490234375,10.294062768554687,-235.86087786259543,-74.13675190839695,-162.69128625954198,0
35073,-4.464046875,4.644470129394531,10.00436436767578,-249.66240458015267,-25.190187022900762,-159.80579007633588,0
35098,-4.365884606933594,3.3108998046875,9.331593701171874,-249.66240458015267,-4.755072519083969,-159.79052290076336,0
35123,-3.175966381835938,2.48729443359375,9.377083532714844,-249.66240458015267,-13.396293893129771,-161.97372900763358,0
35148,-2.730644873046875,1.1585125122070312,8.852753369140624,-249.66240458015267,-21.08331679389313,-164.88975954198472,0
35173,-3.2765228515625,0.44982882080078124,8.70191866455078,-249.66240458015267,-35.6558358778626,-160.48517938931298,0
35198,-3.1280823486328124,-1.0393646118164062,7.164841198730468,-249.66240458015267,-40.877209923664125,-142.15693511450382,0
35223,-2.0267495849609376,-2.3011088867187497,6.41066767578125,-249.66240458015267,-70.02224809160305,-116.7065534351145,0
35248,-1.052309509277344,-3.177386694335937,5.924644738769531,-249.66240458015267,-100.93064503816794,-87.49281297709923,0
35273,-0.4202402709960942,-3.7663603027343746,4.574315002441406,-249.66240458015267,-102.94591221374046,-51.752354961832054,0
35298,-0.25982875976562525,-4.491803405761718,3.8512661010742186,-249.66240458015267,-95.19782061068702,-16.95082824427481,0
35324,-0.6979676635742191,-4.015357275390625,2.5823392211914062,-249.66240458015267,-122.21308778625954,15.797263358778626,0
35349,-0.18321430664062532,-4.4534961791992185,1.9670293945312498,-249.4333969465649,-149.79324045801528,48.74382824427481,0
35374,-0.40826926269531283,-3.972261645507812,-0.34098100585937496,-230.78454198473284,-154.04514885496184,73.88886641221374,0
35399,-1.4138339599609377,-3.864522570800781,-1.911577294921875,-215.0135496183206,-135.96117938931297,100.06443893129772,0
35424,-1.6436773193359377,-4.951490124511718,-3.3217620727539057,-190.50209923664121,-129.5795,126.52245419847328,0
35449,-2.16561328125,-5.24358272705078,-4.107060217285157,-153.23492366412214,-136.2588893129771,148.11024045801528,0
35474,-3.561432849121094,-5.375263818359374,-4.703216430664063,-109.50973282442749,-140.41919465648854,156.13314122137405,0
35499,-4.516719311523437,-5.830162133789062,-5.170085754394531,-62.38759541984733,-148.7627061068702,152.16367557251908,0
35524,-5.831136022949218,-7.115848425292969,-6.0583345703125,-21.4486641221374,-130.38102671755726,142.85069847328245,0
35549,-6.716990637207031,-7.817349511718749,-5.780607177734375,7.4826335877862595,-88.96881297709923,131.0110038167939,0
35574,-7.660306091308594,-8.243517407226562,-4.923482983398437,33.49026717557252,-66.32759160305343,122.51482061068702,0
35599,-7.794381384277344,-8.988114123535157,-4.406335424804688,55.520801526717555,-60.58713358778626,114.07970610687023,0
35624,-8.481517260742187,-9.227534289550782,-3.927495092773437,74.48263358778625,-38.747438931297715,103.49191984732825,0
35649,-9.216537170410156,-8.703204125976562,-3.5204808105468746,85.74980916030533,-18.152019083969464,93.39268320610687,0
35674,-9.379342883300781,-8.427870935058595,-2.411965441894531,92.33759541984732,-0.9688129770992364,81.91940076335878,0
35700,-9.238084985351563,-7.946636401367187,-1.9283367065429686,102.21545801526717,-4.258889312977098,70.74382824427481,0
35725,-9.350612463378905,-7.805378503417968,-1.222047216796875,105.3604961832061,-1.3657595419847328,61.78962977099237,0
35750,-9.132740112304688,-8.075923291015625,-0.589977978515625,101.12385496183205,19.88614885496183,54.45375190839695,0
35775,-9.39849649658203,-7.659332202148437,0.30545344238281247,97.9635496183206,21.473935114503817,48.514820610687025,0
35800,-9.25963280029297,-7.544410522460937,0.9854067138671874,91.75744274809159,27.725843511450382,44.17130916030535,0
35825,-9.362583471679688,-7.175703466796874,1.3589021728515625,85.09332061068702,24.909049618320612,40.68275954198474,0
35850,-9.851000610351562,-6.763900781249999,1.631841162109375,69.15438931297709,50.33653053435114,37.522454198473284,0
35875,-10.202948254394531,-6.031275073242187,1.6797251953124999,62.65820610687023,46.32889694656488,36.28581297709924,0
35900,-11.18696513671875,-5.849315747070312,2.417139306640625,47.68874045801527,75.14569083969467,40.6140572519084,0
35925,-10.557290100097656,-5.600318774414062,2.9175274536132814,54.1925572519084,55.88614885496183,46.323980916030536,0
35950,-10.346600354003906,-5.157391467285156,2.4195335083007814,55.2307251908397,53.60370610687023,48.67512595419848,0
35975,-9.606792041015625,-4.539687438964843,2.644588464355469,75.46736641221374,-2.686370229007634,50.24001145038168,0
36000,-9.997046911621094,-5.35850440673828,1.9359047729492187,75.5666030534351,-3.4878969465648857,54.17894274809161,0
36025,-9.719319519042969,-4.944307519531249,2.1968727539062503,65.07041984732824,13.290729007633589,57.74382824427481,0
36050,-9.867760021972657,-4.642638110351562,2.35010166015625,62.826145038167944,1.3288969465648857,60.17130916030535,0
36075,-10.016200524902343,-4.489409204101562,2.053220654296875,53.16202290076336,13.160958015267177,63.522454198473284,0
36101,-10.578837915039063,-4.2475948364257805,2.5560030029296876,41.04751908396947,28.176225190839695,68.39268320610687,0
36126,-11.215695556640625,-4.106336938476562,2.5248783813476563,36.03225190839695,35.04645419847328,74.96520229007633,0
36151,-11.155840515136717,-3.6705922363281247,2.761904345703125,40.513167938931296,21.504469465648857,77.36214885496183,0
36176,-11.337799841308595,-3.5939777832031248,2.711626110839844,42.03225190839695,10.977751908396947,75.39268320610687,0
36201,-11.464692529296876,-2.9619085449218745,2.895979638671875,44.81087786259542,-6.9001106870229005,71.05680534351146,0
36226,-11.945927062988282,-2.892476696777343,2.3668610717773437,38.74980916030535,-2.174919847328244,66.62932442748092,0
36251,-11.893254626464845,-2.6099609008789058,2.3908030883789064,25.5131679389313,12.893782442748092,60.85069847328245,0
36276,-12.156616809082031,-2.064082922363281,2.654165270996094,19.67347328244275,17.64950763358779,54.339248091603054,0
36301,-12.408007983398438,-2.5668652709960935,2.5560030029296876,19.13912213740458,19.939583969465648,50.44611832061069,0
36326,-12.261961682128906,-2.3370219116210933,2.474600146484375,22.719274809160307,12.458667938931299,44.568255725190845,0
36351,-12.034512524414062,-2.0114104858398436,2.244756787109375,26.35286259541985,2.4815687022900765,34.85069847328245,0
36376,-12.30505731201172,-2.0233814941406245,2.697260900878906,29.63530534351145,-6.434461832061068,30.301080152671755,0
36402,-12.13746319580078,-1.9970452758789061,2.5536088012695313,31.971183206106872,-12.319958015267176,31.751461832061068,0
36427,-11.993811096191404,-1.7384714965820312,2.244756787109375,30.910114503816796,-13.587133587786258,30.24001145038168,0
36452,-12.273932690429689,-1.4727151123046875,2.4769943481445313,26.528435114503818,-7.884843511450381,27.04917175572519,0
36477,-12.55166008300781,-1.1758341064453124,2.1442003173828126,20.20782442748092,0.9090496183206108,24.110240458015266,0
36502,-12.836570080566407,-0.9124719238281249,2.3453132568359374,13.108587786259541,10.038820610687024,20.530087786259543,0
36527,-12.635457141113282,-1.0106341918945312,2.4506581298828127,9.597137404580153,9.229660305343511,15.40031679389313,0
36552,-12.436738403320312,-0.9866921752929687,2.4147451049804687,8.894847328244275,-0.5031641221374046,11.522454198473282,0
36577,-12.307451513671875,-0.9076835205078124,2.1442003173828126,3.5666030534351147,1.0769885496183207,9.285812977099237,0
36602,-12.077608154296875,-0.7999444458007813,2.0939220825195313,-3.219656488549618,8.74874427480916,9.156041984732823,0
36627,-12.115915380859374,-0.63474453125,2.3692552734375,-5.349427480916031,11.122790076335878,11.606423664122136,0
36652,-12.063242944335936,-0.6036199096679687,2.12025830078125,-4.525,6.214393129770993,15.354515267175572,0
36677,-11.943532861328126,-0.6084083129882812,1.7587338500976561,-7.5173664122137405,8.535003816793893,17.72856106870229,0
36702,-11.864524206542967,-0.6730517578125,1.5576209106445311,-12.036450381679389,23.23729389312977,18.797263358778626,0
36727,-11.883677819824218,-0.6586865478515624,1.574380322265625,-13.479198473282443,33.95485114503816,18.23237786259542,0
36753,-12.0105705078125,-0.5653126831054688,1.85210771484375,-7.647137404580153,24.809812977099238,18.339248091603054,0
36778,-12.10633857421875,-0.5629184814453125,2.1226525024414062,-0.4639312977099237,9.176225190839695,17.461385496183205,0
36803,-12.266750085449218,-0.5916489013671875,2.0268844360351563,1.9635496183206107,0.49683587786259553,13.843064885496183,0
36828,-12.252384875488282,-0.73051259765625,1.9981540161132811,-0.8303435114503818,10.222026717557252,7.591156488549618,0
36853,-12.120703784179685,-0.7089647827148438,2.3429190551757815,-0.0364503816793893,7.023553435114504,1.5224541984732824,0
