t_ms,ax,ay,az,gx,gy,gz,label
0,6.939535632324218,3.294140393066406,3.171312829589844,-28.372328244274808,9.130423664122137,20.69802671755725,0
25,6.209304125976561,3.65566484375,3.3867909790039064,-25.601335877862596,31.252561068702292,30.537721374045802,0
50,6.860526977539062,3.6436938354492185,3.221591064453125,-21.723473282442747,36.59607251908397,27.323980916030536,0
75,6.798277734375,3.0930274536132814,3.8009878662109373,-7.654770992366412,-14.495530534351145,15.285812977099237,0
100,6.671385046386718,2.420256787109375,3.7554980346679687,2.0017175572519084,-31.129118320610683,3.629324427480916,0
125,6.137478076171875,2.0515497314453124,3.872813916015625,7.787977099236641,-18.716904580152672,-2.653118320610687,0
150,6.00579698486328,2.1952018310546877,4.344471643066406,4.4902671755725185,3.9319503816793895,-2.866858778625954,0
175,6.283524377441405,2.0228193115234374,4.308558618164062,1.5131679389312978,6.6418740458015275,-0.4241106870229009,0
200,6.293101184082031,1.9078976318359373,4.466575927734374,0.09332061068702285,10.0998893129771,0.9041335877862595,0
225,6.352956225585937,1.9533874633789061,4.842465588378905,-3.647137404580153,7.565538167938932,0.8201641221374045,0
250,6.245217150878905,2.0323961181640624,5.074703149414062,-12.318893129770993,3.725843511450382,-2.8057900763358776,0
275,6.194938916015624,1.8264947753906249,5.067520544433593,-23.769274809160304,3.8861488549618324,-7.44701145038168,0
300,6.091988244628905,2.1401351928710937,5.034001721191406,-32.90667938931298,2.2372938931297712,-10.637851145038168,0
325,5.965095556640624,2.1664714111328127,4.957387268066405,-38.31889312977099,-0.28942366412213727,-12.882125954198473,0
350,5.5437160644531245,2.1449235961914064,4.8568307983398435,-44.63187022900763,3.0922557251908396,-16.179835877862597,0
375,5.5054088378906245,2.3532191406250003,4.768245336914062,-51.03645038167939,3.2143931297709925,-21.44701145038168,0
400,5.414429174804687,2.360401745605469,4.2965876098632805,-54.66240458015267,-6.869576335877863,-28.94319465648855,0
426,5.373727746582031,2.4058915771484375,3.8512661010742186,-53.921946564885495,-12.655835877862595,-37.355408396946565,0
451,5.385698754882811,2.379555358886719,3.020478125,-50.89904580152672,-4.58713358778626,-44.301973282442745,0
476,5.866933288574217,2.812905859375,2.8361245971679687,-45.8837786259542,15.237293893129772,-52.111133587786256,0
501,6.1614200927734375,3.397091064453125,2.637405859375,-31.288358778625952,16.802179389312975,-59.05769847328244,0
526,6.187756311035156,3.9238154296875,2.512907373046875,-12.616603053435115,14.28309541984733,-63.88212595419847,0
551,6.15902589111328,4.158447192382813,2.4769943481445313,4.116221374045802,31.138057251908396,-66.11876717557251,0
576,6.238034545898437,5.197530712890625,2.4195335083007814,19.467366412213742,74.4586679389313,-64.84395801526718,0
601,6.4056286621093745,5.489623315429688,3.0132955200195313,44.16202290076336,97.00065267175573,-52.668385496183205,0
626,7.2340224365234365,6.478428601074219,3.49931845703125,68.5895038167939,99.31362977099236,-35.72182061068702,0
651,7.301060083007811,7.074584814453125,4.303770214843749,84.14675572519083,100.79454580152672,-9.729454198473283,0
676,7.092764538574218,7.220631115722656,5.359613146972656,91.15438931297709,125.7792786259542,29.446118320610687,0
701,7.0616399169921875,6.332382299804688,6.38433145751953,86.91011450381679,181.18385877862596,77.27054580152672,0
726,7.827784448242187,7.651587414550781,7.768180017089843,82.62003816793893,180.91668320610688,121.67512595419848,0
751,7.267541259765625,6.8615008666992185,8.043513208007811,69.26125954198473,145.51973664122139,154.7285610687023,0
776,6.8772863891601554,5.6979188598632815,7.780151025390624,46.87958015267176,143.3441641221374,184.35451526717557,0
801,5.481466821289062,5.424979870605469,8.223078332519531,19.154389312977102,167.88614885496185,212.59115648854961,0
827,4.86376279296875,4.756997607421875,9.393842944335937,-1.9753816793893129,200.22966030534351,236.54535496183206,0
852,4.281971789550781,4.036342907714843,9.92774991455078,-19.754007633587786,202.00065267175572,251.02627099236642,0
877,2.962766674804687,3.9022676147460937,10.679529235839842,-36.37996183206107,194.84798091603054,251.02627099236642,0
902,1.7321470214843746,3.4760997192382814,11.407366540527343,-47.21965648854962,166.5884389312977,251.02627099236642,0
927,0.35548106689453096,2.915856530761719,11.855082250976562,-69.65477099236642,138.77164503816795,251.02627099236642,0
952,-1.0570979125976565,2.915856530761719,11.072178308105467,-115.73110687022901,145.83271374045802,251.02627099236642,0
977,-1.6412831176757816,2.762627624511719,12.336316784667968,-151.51736641221373,117.36706488549619,251.02627099236642,0
1002,-3.4153865478515626,0.0930927734375,11.144004357910156,-201.9448473282443,147.68004198473284,251.02627099236642,0
1027,-4.6651598144531246,1.1489357055664062,10.895007385253905,-243.77690839694657,111.3059961832061,223.83543129770993,0
1052,-5.697060729980469,-0.4360257934570313,9.853529663085936,-249.66240458015267,86.01591984732825,180.9194007633588,0
1077,-5.967605517578125,-0.4958808349609375,9.128086560058593,-249.66240458015267,62.51210305343511,135.15604198473284,0
1102,-6.362648791503906,-0.6706575561523438,7.686777160644531,-249.66240458015267,28.199125954198475,92.11024045801527,0
1127,-7.396943908691406,-2.930783923339843,6.705154479980468,-249.66240458015267,45.305996183206105,53.339248091603054,0
1152,-7.377790295410156,-1.2859673828125,5.64452314453125,-249.66240458015267,74.73347709923665,13.110240458015268,0
1177,-6.3171589599609375,-3.555670556640625,4.203213745117187,-249.66240458015267,26.45103435114504,-25.469912213740457,0
1202,-6.738538452148437,-3.960290637207031,2.4338987182617187,-249.66240458015267,4.634240458015267,-53.28670610687023,0
1228,-6.8007876953125,-4.9036060913085935,1.6988788085937498,-249.66240458015267,32.55790458015267,-78.8210572519084,0
1253,-5.294834851074219,-4.999374157714843,0.42037512207031247,-240.74637404580153,10.496835877862596,-99.63021755725191,0
1278,-4.59812216796875,-6.416741540527343,-0.4630852905273437,-211.2272900763359,-14.709270992366413,-120.40884351145039,0
1303,-4.90457998046875,-7.008109350585937,-1.5524470458984374,-189.6929389312977,2.3365305343511453,-139.25617175572518,0
1328,-4.085763012695312,-6.735170361328125,-2.0528351928710933,-169.6929389312977,44.7792786259542,-158.21037022900762,0
1353,-2.8958447875976563,-6.909947082519531,-3.2307824096679685,-130.37996183206107,30.54263740458015,-177.16456870229007,0
1378,-2.354755212402344,-6.4239241455078115,-4.126213830566407,-100.45629770992367,38.481568702290076,-194.56914885496184,0
1403,-1.358767321777344,-6.146196752929687,-4.3560571899414064,-75.59370229007634,62.244927480916026,-211.18746946564886,0
1428,-0.5710749755859377,-5.5045507080078115,-4.370422399902344,-54.044083969465646,87.82508015267176,-227.64548473282443,0
1453,0.5733534179687498,-4.52292802734375,-3.8939762695312496,-33.173854961832056,99.87088167938931,-242.3859427480916,0
1478,1.7752426513671873,-3.6442560180664056,-4.068752990722656,-15.547900763358777,87.47393511450382,-249.24090458015266,0
1503,2.2971786132812495,-2.7129115722656247,-4.152550048828125,-5.960114503816794,78.84798091603054,-249.24090458015266,0
1528,3.1255723876953123,-1.86057578125,-3.774266186523437,-4.9524809160305345,110.67240839694657,-249.24090458015266,0
1553,4.62673682861328,-0.491092431640625,-4.159732653808594,12.917748091603054,125.13042366412215,-249.24090458015266,0
1578,6.084805639648438,1.1393588989257812,-3.793419799804687,45.60477099236641,87.5731717557252,-249.24090458015266,0
1603,6.532521350097656,2.5710914916992187,-4.056781982421875,64.71164122137404,95.78691221374046,-249.24090458015266,0
1629,7.011361682128906,4.026766101074219,-3.7191995483398435,91.42156488549618,112.4586679389313,-249.24090458015266,0
1654,8.117482849121092,5.343577014160156,-3.7766603881835934,136.7956106870229,58.794545801526716,-249.24090458015266,0
1679,6.702509667968749,5.884666589355469,-4.171703662109375,163.3604961832061,60.00828625954198,-249.24090458015266,0
1704,7.415981762695311,8.293233459472654,-3.5539996337890623,195.54370229007634,88.8556145038168,-249.24090458015266,0
1729,8.285076965332031,10.641945288085935,-3.446260559082031,241.46736641221372,76.25256106870229,-243.63785114503816,0
1754,6.901228405761718,10.941220495605467,-4.095089208984375,250.6047709923664,77.00828625954199,-221.897393129771,0
1779,6.882074792480467,12.533364599609374,-3.8077850097656247,250.6047709923664,126.64187404580153,-198.56151526717557,0
1804,7.186138403320311,14.601954833984374,-3.324156274414062,250.6047709923664,126.33653053435116,-167.92792748091603,0
1829,6.403234460449219,13.977068200683592,-2.708846447753906,250.6047709923664,176.00065267175572,-127.30197328244273,0
1854,7.356126721191406,14.496609960937498,-1.1023371337890624,231.89484732824428,251.55027099236642,-55.439377862595414,0
1879,9.158960571289061,14.661809875488279,0.6597952880859375,173.0398854961832,251.55027099236642,34.03390458015267,0
1904,11.129388537597656,12.928407873535155,3.1689186279296875,120.68874045801526,251.55027099236642,124.03390458015268,0
1929,10.75589307861328,11.420060827636718,5.436227600097656,70.66583969465648,251.55027099236642,202.84306488549618,0
1954,9.223604016113281,9.083320007324218,7.236667248535156,20.459732824427483,251.55027099236642,251.02627099236642,0
1979,7.564422265624999,7.795239514160156,8.876695385742186,-24.50209923664122,251.55027099236642,251.02627099236642,0
2004,4.909252624511718,6.140846166992187,9.523129833984374,-84.65477099236642,251.55027099236642,251.02627099236642,0
2030,2.4982915527343748,4.333223913574218,10.01154697265625,-159.37232824427483,251.55027099236642,251.02627099236642,0
2055,2.005086010742187,3.5575025756835936,11.244560827636718,-226.8990458015267,251.55027099236642,251.02627099236642,0
2080,0.242953588867187,2.5950335083007814,10.593337976074217,-249.59370229007635,214.8403473282443,251.02627099236642,0
2105,-2.431369665527344,0.48095344238281246,9.204701013183593,-249.66240458015267,208.5884389312977,251.02627099236642,0
2130,-3.568615454101563,-1.161468896484375,8.943733032226561,-249.66240458015267,241.41286641221373,208.42321755725192,0
2155,-3.470453186035156,-1.8533931762695313,7.650864135742187,-249.66240458015267,186.214393129771,140.05680534351146,0
2180,-4.449681665039062,-2.8421984619140623,6.295745996093749,-249.66240458015267,148.0235534351145,76.24001145038169,0
2205,-4.262933935546875,-3.2851257690429683,4.978935083007812,-249.66240458015267,110.31362977099236,29.01863740458015,0
2230,-3.8247950317382813,-4.5803888671875,3.664518371582031,-249.66240458015267,44.90904961832061,-2.4088435114503817,0
2255,-4.830359729003906,-5.028104577636718,1.804223681640625,-249.66240458015267,20.565538167938932,-26.836324427480918,0
2280,-4.31081796875,-5.502156506347656,0.9614646972656249,-232.4333969465649,11.183858778625956,-54.40120992366412,0
2305,-2.824018737792969,-5.940295410156249,-0.27394335937500003,-210.0364503816794,10.0998893129771,-84.57678244274808,0
2330,-2.103364038085938,-6.565182043457031,-1.1574037719726562,-180.96774809160306,5.145690839694657,-117.3859427480916,0
2355,-1.8902800903320314,-6.799813806152343,-1.6577919189453125,-149.3952290076336,-10.976446564885496,-150.84395801526716,0
2380,-1.6388889160156253,-6.112677929687499,-2.9267187988281247,-124.2043893129771,5.993019083969466,-183.2943396946565,0
2405,-0.6165648071289067,-5.854104150390625,-3.537240222167968,-96.525,5.565538167938932,-212.08823282442748,0
2430,0.06338846435546852,-5.200487097167969,-4.121425427246094,-73.47156488549619,9.40523282442748,-240.56914885496184,0
2456,0.8774170288085932,-4.254777441406249,-4.135790637207031,-55.08988549618321,15.214393129770993,-249.24090458015266,0
2481,1.7225702148437492,-3.3306156005859373,-4.300990551757812,-37.90667938931298,23.176225190839695,-249.24090458015266,0
2506,2.6898276855468746,-2.332233508300781,-4.6553323974609375,-22.769274809160304,32.000652671755724,-249.24090458015266,0
2531,3.6307489379882805,-0.9172603271484374,-4.303384753417968,-2.387595419847328,23.64950763358779,-249.24090458015266,0
2556,4.296336999511718,0.32533033447265625,-4.178886267089844,9.070419847328244,45.15332442748091,-249.24090458015266,0
2581,4.969107666015624,2.994865185546875,-4.221981896972657,19.223091603053437,78.76401145038169,-249.24090458015266,0
2606,6.5780111816406235,4.598980297851562,-4.1693094604492185,44.41393129770992,86.23729389312977,-249.24090458015266,0
2631,7.437529577636718,5.580602978515625,-4.631390380859375,74.42919847328244,53.481568702290076,-249.24090458015266,0
2656,7.363309326171874,6.827982043457031,-4.873204748535156,96.93301526717556,79.41286641221375,-249.24090458015266,0
2681,8.162972680664062,9.078531604003905,-4.447036853027344,128.7727099236641,137.16095801526717,-249.24090458015266,0
2706,9.580340063476562,10.206200585937498,-4.992914831542969,190.69637404580152,89.13042366412215,-226.22563740458014,0
2731,7.480625207519531,10.500687390136717,-3.915524084472656,239.97881679389312,77.38233206106871,-194.36304198473283,0
2756,6.661808239746093,11.898901159667968,-3.8173618164062497,250.6047709923664,123.86324809160305,-171.40884351145039,0
2781,7.2316282348632805,14.08001887207031,-3.2355708129882808,250.6047709923664,130.11515648854962,-160.2867061068702,0
2806,6.137478076171875,14.460696936035154,-2.78306669921875,250.6047709923664,130.06172137404582,-157.39357633587787,0
2831,6.709692272949218,15.748777429199217,-2.469426281738281,250.6047709923664,182.80217938931298,-132.64548473282443,0
2856,7.99777276611328,15.566818103027343,-1.6793397338867186,250.6047709923664,242.94721755725192,-71.58441603053434,0
2882,9.381621325683593,15.708076000976561,-0.20690571289062498,248.3833969465649,251.55027099236642,23.476652671755726,0
2907,10.068757202148436,13.842992907714843,1.8999917480468749,189.67347328244273,251.55027099236642,134.03390458015267,0
2932,9.305006872558593,10.974739318847655,3.9709761840820312,117.93301526717556,251.55027099236642,236.07207251908397,0
2957,7.372886132812499,8.958821520996093,6.223919946289062,19.238358778625955,251.55027099236642,251.02627099236642,0
2982,4.791936743164062,6.983605151367187,8.47925791015625,-102.58606870229008,251.55027099236642,251.02627099236642,0
3007,5.177403210449218,3.5766561889648436,10.806421923828124,-198.6395038167939,251.55027099236642,251.02627099236642,0
3032,4.598006408691406,3.270198376464844,11.859870654296873,-246.91431297709923,251.55027099236642,251.02627099236642,0
3057,1.3778051757812495,3.195978125,10.071402014160155,-247.21965648854962,182.87851526717557,251.02627099236642,0
3082,-2.7713463012695314,1.0459850341796875,8.74740849609375,-249.66240458015267,188.76401145038167,251.02627099236642,0
3107,-3.044285290527344,-2.574047875976562,7.648469934082031,-249.66240458015267,236.87851526717557,242.2552786259542,0
3132,-3.113717138671875,-2.1287263671875,7.243849853515624,-249.66240458015267,225.09225572519085,172.62932442748092,0
3157,-4.29166435546875,-2.4902508178710936,5.45298701171875,-249.66240458015267,203.26019465648855,103.18657633587786,0
3182,-2.64445361328125,-4.410400549316406,4.4091150878906245,-249.66240458015267,151.63424045801528,44.881232824427485,0
3207,-3.1639953735351565,-3.1462620727539057,3.209620056152344,-249.66240458015267,36.04645419847328,0.12550763358778627,0
3232,-4.638823596191406,-5.114295837402343,1.3325659545898436,-249.66240458015267,14.542637404580153,-36.21037022900763,0
3257,-4.1384354492187505,-5.794249108886718,0.3461548706054687,-249.66240458015267,71.04645419847328,-69.31724045801526,0
3283,-2.297294372558594,-5.545252136230468,-0.4989983154296874,-231.2043893129771,47.244927480916026,-98.79815648854961,0
3308,-1.3156716918945315,-5.284284155273437,-1.1885283935546875,-197.2043893129771,13.512103053435116,-124.88212595419847,0
3333,-1.3563731201171878,-6.16295616455078,-2.5436465332031246,-172.44866412213742,14.909049618320612,-151.52334732824428,0
3358,-0.803312536621094,-5.901988183593749,-3.522875012207031,-154.6013358778626,39.00828625954198,-177.86685877862595,0
3383,0.2764724121093747,-5.114295837402343,-2.890805773925781,-123.01354961832061,40.92431679389313,-205.53098091603053,0
3408,1.4017471923828122,-4.0584529052734375,-3.0224868652343746,-88.32652671755726,24.08462213740458,-233.0118969465649,0
3433,1.7872136596679686,-2.7584014038085933,-3.987350134277343,-75.6013358778626,38.60370610687023,-249.24090458015266,0
3458,2.7472885253906245,-1.6594628417968749,-4.401547021484375,-66.69293893129772,33.15332442748092,-249.24090458015266,0
3483,3.8558038940429684,-0.41447797851562496,-5.028827856445313,-69.5631679389313,46.939583969465644,-249.24090458015266,0
3508,4.916435229492187,0.6413649536132812,-4.79419609375,-63.71583969465649,41.83271374045801,-249.24090458015266,0
3533,5.115153967285155,2.1784424194335936,-4.7678598754882815,-48.99064885496183,51.38996564885496,-249.24090458015266,0
3558,5.644272534179687,4.017189294433593,-5.153326342773437,-31.387595419847326,59.89378244274809,-249.24090458015266,0
3583,6.503790930175781,5.970857849121094,-5.749482556152343,-8.914312977099238,71.0998893129771,-249.24090458015266,0
3608,6.786306726074218,7.201477502441406,-5.993691125488281,30.63530534351145,77.50446946564885,-249.24090458015266,0
3633,6.673779248046874,8.635604296874998,-6.070305578613281,77.99408396946565,92.31362977099236,-249.24090458015266,0
3658,6.819825549316406,9.58610235595703,-5.936230285644531,130.23072519083968,107.32126335877864,-249.24090458015266,0
3684,6.728845886230467,10.922066882324218,-4.9378481933593745,178.32996183206106,164.6113396946565,-249.24090458015266,0
3709,6.882074792480467,12.914042663574218,-4.2794427368164065,239.40629770992365,160.96248473282444,-240.52334732824428,0
3734,6.1255070678710934,14.539705590820311,-3.484567785644531,250.6047709923664,158.1914923664122,-221.05006488549617,0
3759,6.063257824707031,16.024110620117188,-3.7335647583007807,250.6047709923664,175.6113396946565,-201.309606870229,0
3784,5.945941943359375,17.063194140624997,-3.1924751831054685,250.6047709923664,184.3441641221374,-172.75998854961833,0
3809,6.824613952636718,17.530063464355468,-3.0272752685546873,250.6047709923664,206.214393129771,-133.43937786259542,0
3834,7.787083020019531,17.115866577148434,-2.8979883789062497,250.6047709923664,241.4434007633588,-70.5920496183206,0
3859,8.208462512207031,15.430348608398436,-2.414359643554687,250.6047709923664,251.55027099236642,20.255278625954197,0
3884,8.105511840820313,14.721664916992186,-0.6977170532226562,250.6047709923664,251.55027099236642,127.35451526717557,0
3909,8.58674637451172,12.016217041015624,2.0364612426757813,189.99408396946563,251.55027099236642,224.50718702290078,0
3934,7.981013354492187,9.665111010742185,4.423480297851562,118.10858778625953,251.55027099236642,251.02627099236642,0
3959,6.534915551757812,6.997970361328125,5.649311547851562,31.421564885496185,251.55027099236642,251.02627099236642,0
3984,5.6921565673828125,4.680383154296875,8.460104296874999,-65.41812977099237,251.55027099236642,251.02627099236642,0
4009,5.2995074951171866,2.9038855224609375,8.946127233886719,-134.25019083969465,251.55027099236642,251.02627099236642,0
4034,2.007480212402343,2.592639306640625,9.305257482910156,-172.28835877862596,166.66477480916032,251.02627099236642,0
4059,-1.3467963134765628,0.3780027709960937,7.46411640625,-231.7158396946565,184.01591984732823,251.02627099236642,0
4084,-0.5351619506835941,-2.8326216552734373,7.358771533203124,-249.66240458015267,215.3441641221374,251.02627099236642,0
4110,-0.8655617797851565,-2.562076867675781,7.042736914062499,-249.66240458015267,170.15332442748092,225.96520229007635,0
4135,-3.7409979736328127,-2.6626333374023434,4.9525988647460935,-249.66240458015267,170.7792786259542,159.74382824427482,0
4160,-2.4170044555664063,-5.360898608398437,3.872813916015625,-249.66240458015267,251.55027099236642,96.72856106870229,0
4185,-0.29334758300781294,-4.609119287109374,3.1689186279296875,-249.66240458015267,106.16859160305344,37.514820610687025,0
4210,-1.6676193359375002,-4.71446416015625,1.2535572998046873,-249.66240458015267,25.11515648854962,-15.340141221374047,0
4235,-2.6851550415039065,-5.825373730468749,0.7172561279296874,-249.66240458015267,51.41286641221374,-55.477545801526716,0
4260,-1.282152868652344,-4.855722058105468,-0.8413691528320313,-249.66240458015267,100.97775190839695,-92.34014122137404,0
4285,0.4225187133789059,-4.065635510253906,-1.6960991455078125,-244.38759541984734,38.985385496183206,-124.81342366412214,0
4310,0.37463468017578094,-3.955502233886718,-3.2643012329101557,-229.59370229007635,11.93958396946565,-158.9355610687023,0
4335,0.14000291748046845,-3.4886329101562494,-3.369646105957031,-223.97538167938933,48.71820992366412,-190.57678244274808,0
4361,0.4560375366210936,-2.025775695800781,-3.565970642089843,-211.44103053435114,100.74874427480917,-226.7065534351145,0
4386,1.7560890380859373,-0.9220487304687499,-3.6904691284179685,-176.97538167938933,99.48920229007634,-249.24090458015266,0
4411,2.7329233154296872,0.21040865478515625,-5.6297724731445316,-152.3417938931298,100.92431679389314,-249.24090458015266,0
4436,3.094447766113281,2.707560986328125,-5.69441591796875,-130.66240458015267,107.44340076335878,-249.24090458015266,0
4461,4.382528259277343,5.058667016601563,-5.682444909667969,-103.57843511450382,97.68004198473282,-249.24090458015266,0
4486,4.894887414550781,6.85431826171875,-5.4813319702148435,-71.57843511450382,91.59607251908398,-249.24090458015266,0
4511,5.251623461914062,8.784044799804686,-5.821308605957031,-30.692938931297707,99.74111068702291,-249.24090458015266,0
4536,4.363374645996093,10.471956970214842,-6.266630114746094,17.01698473282443,111.10752290076336,-249.24090458015266,0
4561,4.111983471679687,11.738489648437499,-6.197198266601562,68.45973282442748,136.07698854961833,-249.24090458015266,0
4586,4.375345654296875,13.558082910156248,-5.093471301269531,127.9635496183206,174.67240839694657,-249.24090458015266,0
4611,4.79911934814453,16.04805263671875,-4.011292150878906,193.54370229007634,181.05408778625954,-249.24090458015266,0
4636,4.777571533203124,17.395988171386715,-3.812573413085937,250.6047709923664,174.37469847328245,-249.24090458015266,0
4661,4.140713891601562,18.509291943359372,-3.822150219726562,250.6047709923664,200.06935496183206,-249.24090458015266,0
4686,4.890099011230468,19.426271179199215,-4.324932568359375,250.6047709923664,251.55027099236642,-198.7981564885496,0
4711,5.562869677734374,19.74410144958496,-4.50689189453125,250.6047709923664,251.55027099236642,-115.90502671755725,0
4737,6.894045800781249,18.72955849609375,-3.937071899414062,250.6047709923664,251.55027099236642,-4.485179389312978,0
4762,6.908411010742186,18.909123620605467,-1.6553977172851562,250.6047709923664,251.55027099236642,105.95756870229008,0
4787,7.198109411621092,16.751947924804686,0.14504193115234373,250.6047709923664,251.55027099236642,201.8583320610687,0
4812,6.985025463867188,13.938760974121092,1.5169194824218748,250.6047709923664,251.55027099236642,251.02627099236642,0
4837,6.194938916015624,10.498293188476561,3.4945300537109376,173.475,251.55027099236642,251.02627099236642,0
4862,5.4671016113281246,7.467233886718749,5.077097351074218,61.46736641221374,251.55027099236642,251.02627099236642,0
4887,4.387316662597656,3.844806774902344,6.286169189453124,-44.58606870229008,251.55027099236642,251.02627099236642,0
4912,2.7257407104492186,0.7251620117187499,7.0930151489257804,-157.23492366412214,251.55027099236642,251.02627099236642,0
4937,1.7704542480468746,-1.3314572143554686,7.725084387207031,-242.74637404580153,251.55027099236642,251.02627099236642,0
4962,1.667503576660156,-1.257236962890625,7.562278674316405,-249.66240458015267,249.48920229007635,251.02627099236642,0
4987,-1.502419421386719,-2.775160815429687,5.371584155273437,-249.66240458015267,177.7258435114504,251.02627099236642,0
5012,-2.8024709228515627,-5.430330456542968,4.272645593261719,-249.66240458015267,197.7258435114504,213.7819961832061,0
5037,-1.5814280761718753,-4.046481896972656,3.731556018066406,-249.66240458015267,207.35943129770993,155.03390458015267,0
5062,-2.2158915161132815,-5.229217517089843,2.658953674316406,-249.66240458015267,130.61897328244274,88.51482061068702,0
5087,-2.393062438964844,-5.7296056640624995,-0.14226226806640624,-249.66240458015267,144.13042366412213,37.194209923664125,0
5112,-0.5806517822265627,-5.751153479003905,-0.2883085693359375,-249.66240458015267,118.68767557251908,-12.59968320610687,0
5138,-0.9541472412109377,-5.164574072265625,-1.394429736328125,-248.8074427480916,54.92431679389313,-59.1035,0
5163,-1.2414514404296877,-5.834950537109375,-2.385629223632812,-237.25782442748093,62.9472175572519,-98.24090458015267,0
5188,-0.5471329589843754,-4.812626428222655,-2.5675885498046873,-233.18912213740458,116.35943129770993,-136.36304198473283,0
5213,1.3945645874023436,-4.364910717773437,-2.9650260253906247,-196.25019083969465,85.83271374045802,-175.83632442748092,0
5238,1.629196350097656,-3.9507138305664062,-4.77504248046875,-158.1280534351145,45.489202290076335,-212.04243129770992,0
5263,2.2445061767578123,-3.385682238769531,-4.406335424804688,-138.74637404580153,66.9319503816794,-243.95082824427482,0
5288,2.3498510498046867,-1.9012772094726562,-4.427883239746094,-120.02881679389314,104.7792786259542,-249.24090458015266,0
5313,3.621172131347656,-0.50066923828125,-3.992138537597656,-91.0746183206107,121.19912595419848,-249.24090458015266,0
5338,4.796725146484374,1.3931442749023437,-4.470978869628906,-58.66240458015267,103.9701183206107,-249.24090458015266,0
5363,5.383304553222655,3.186401318359375,-4.178886267089844,-31.372328244274808,89.22966030534351,-249.24090458015266,0
5388,5.270777075195312,5.221472729492187,-4.183674670410157,-9.647137404580153,83.98538549618321,-249.24090458015266,0
5413,4.5477281738281246,6.997970361328125,-3.7000459350585935,16.085687022900764,80.03882061068703,-249.24090458015266,0
5438,4.396893469238281,8.252532031249999,-3.3361272827148434,40.61240458015267,108.33653053435116,-249.24090458015266,0
5463,3.9515719604492183,10.251690417480468,-3.9753791259765623,70.69637404580152,126.05408778625954,-249.24090458015266,0
5488,3.7624300292968744,12.04973586425781,-4.080723999023437,98.03225190839694,154.71820992366412,-249.24090458015266,0
5514,3.714545996093749,14.271555004882812,-3.1182549316406245,141.50553435114503,184.66477480916032,-249.24090458015266,0
5539,3.568499694824218,16.486191540527344,-3.237965014648437,197.68874045801527,208.22202671755727,-249.24090458015266,0
5564,4.763206323242187,18.020874804687498,-3.9394661010742182,250.6047709923664,242.43576717557252,-209.00426335877862,0
5589,4.995443884277343,18.317755810546874,-3.8149676147460934,250.6047709923664,251.55027099236642,-134.50808015267177,0
5614,5.292324890136718,18.360851440429684,-2.0025569580078124,250.6047709923664,251.55027099236642,-43.82869083969465,0
5639,6.041710009765624,19.74410144958496,-1.241200830078125,250.6047709923664,251.55027099236642,49.72092748091603,0
5664,7.46865419921875,19.158120593261717,-0.3266157958984375,250.6047709923664,251.55027099236642,142.14840839694656,0
5689,7.365703527832031,17.63061993408203,2.204055358886719,250.6047709923664,251.55027099236642,221.37741603053436,0
5714,6.917987817382811,15.298667517089843,2.9606230834960936,250.6047709923664,251.55027099236642,251.02627099236642,0
5739,6.403234460449219,12.164657543945312,4.109839880371093,184.72690839694656,251.55027099236642,251.02627099236642,0
5764,6.185362109374998,8.484769592285154,5.218355249023437,83.90248091603053,251.55027099236642,251.02627099236642,0
5789,4.0617052368164055,5.477652307128906,6.099421459960937,-39.70820610687023,251.55027099236642,251.02627099236642,0
5814,3.001073901367187,2.374766955566406,6.5303777587890615,-161.31125954198473,251.55027099236642,251.02627099236642,0
5839,1.4687848388671867,0.21998546142578124,6.508829943847656,-247.4868320610687,251.55027099236642,251.02627099236642,0
5865,-0.5902285888671877,-2.1837930053710934,6.381937255859374,-249.66240458015267,251.55027099236642,251.02627099236642,0
5890,0.25013619384765606,-3.3234329956054682,6.800922546386718,-249.66240458015267,192.9853854961832,251.02627099236642,0
5915,-0.7219096801757816,-3.4168068603515622,4.461787524414062,-249.66240458015267,175.82508015267177,243.68275954198472,0
5940,-2.4457348754882813,-4.170980383300781,2.4722059448242186,-249.66240458015267,165.5121030534351,187.7667290076336,0
5965,-2.5295319335937503,-3.7926965209960932,2.3046118286132815,-249.66240458015267,164.7258435114504,136.23237786259543,0
5990,-2.3308131958007814,-5.231611718749999,0.3006650390625,-249.66240458015267,167.80981297709923,84.30108015267176,0
6015,-0.9134458129882816,-6.122254736328125,-0.6905344482421875,-249.66240458015267,157.87851526717557,34.8965,0
6040,-0.8583791748046878,-6.620248681640624,-1.3585167114257812,-249.66240458015267,178.7029427480916,-11.93556106870229,0
6065,-0.43221127929687553,-4.053664501953125,-2.356898803710937,-249.66240458015267,157.68767557251908,-62.20273664122137,0
6090,0.2381651855468747,-4.647426513671874,-3.4127417358398433,-240.8990458015267,150.26782824427482,-114.62258396946565,0
6115,0.8271387939453123,-5.164574072265625,-3.5539996337890623,-209.76927480916032,163.91668320610688,-160.0118969465649,0
6140,1.4400544189453122,-4.240412231445312,-3.257118627929687,-169.3570610687023,180.214393129771,-201.1035,0
6165,2.4121002929687494,-2.578836279296875,-4.411123828125,-119.15858778625955,157.36706488549618,-237.01953053435113,0
6191,3.0154391113281243,-1.566088977050781,-4.210010888671875,-77.96774809160306,135.38996564885497,-249.24090458015266,0
6216,4.145502294921874,-0.4767272216796875,-4.011292150878906,-46.44103053435114,133.06935496183206,-249.24090458015266,0
6241,4.772783129882812,0.9789473876953124,-3.9011588745117183,-17.85324427480916,141.8403473282443,-249.24090458015266,0
6266,5.048116320800781,2.592639306640625,-3.522875012207031,8.322328244274809,155.37469847328245,-249.24090458015266,0
6291,5.261200268554687,4.316464501953125,-2.871652160644531,44.757442748091606,156.55027099236642,-249.24090458015266,0
6316,5.450342199707031,6.734608178710937,-2.8046145141601557,72.81851145038168,168.2372938931298,-249.24090458015266,0
6341,4.9260120361328115,8.83911143798828,-1.4471021728515625,100.26889312977099,201.78691221374046,-249.24090458015266,0
6366,5.287536486816405,11.147121838378904,-0.532517138671875,139.39103053435113,217.14569083969465,-249.24090458015266,0
6391,5.107971362304687,12.674622497558593,-0.8030619262695312,177.83377862595418,231.29836259541986,-249.24090458015266,0
6416,4.4375948974609365,14.44393752441406,0.3533374755859374,211.82614503816794,251.55027099236642,-247.67601908396946,0
6441,4.040157421875,15.418377600097655,0.8633024291992186,245.7574427480916,251.55027099236642,-195.44701145038167,0
6466,3.4009055786132807,15.851728100585936,1.6701483886718749,250.6047709923664,251.55027099236642,-136.03479770992365,0
6491,3.0154391113281243,18.150161694335935,2.15856552734375,250.6047709923664,251.55027099236642,-70.6683854961832,0
6516,3.994667590332031,18.889970007324216,0.9135806640624999,250.6047709923664,251.55027099236642,-2.43937786259542,0
6541,4.657861450195312,18.94743084716797,1.382844189453125,250.6047709923664,251.55027099236642,69.3316145038168,0
6566,5.1678264038085935,18.482955725097653,4.337289038085937,217.94828244274808,251.55027099236642,148.50718702290078,0
6592,6.554069165039063,17.625831530761715,6.221525744628906,205.93301526717556,251.55027099236642,226.75909541984734,0
6617,6.329014208984375,16.567594396972655,7.064284729003906,186.9864503816794,251.55027099236642,251.02627099236642,0
6642,5.8262318603515615,14.257189794921873,7.375530944824218,156.72690839694656,211.3059961832061,251.02627099236642,0
6667,5.002626489257812,12.150292333984373,7.198360021972656,93.32996183206106,204.27546183206107,251.02627099236642,0
6692,4.246058764648437,9.564554541015625,8.16561749267578,6.612404580152671,210.10752290076337,251.02627099236642,0
6717,2.9938912963867184,6.839953051757813,7.940562536621093,-92.0746183206107,219.90141603053436,251.02627099236642,0
6742,1.313161730957031,4.189571813964844,7.6915655639648435,-210.9448473282443,251.55027099236642,251.02627099236642,0
6767,-0.0826578369140627,1.3763848632812499,7.519183044433593,-249.66240458015267,251.55027099236642,251.02627099236642,0
6792,-0.4800953125000005,-0.5820720947265625,7.725084387207031,-249.66240458015267,251.55027099236642,251.02627099236642,0
6817,-1.4880542114257815,-1.38173544921875,7.042736914062499,-249.66240458015267,226.35179770992366,233.8048969465649,0
6842,-2.4553116821289063,-2.3202624999999997,5.637340539550781,-249.66240458015267,155.91668320610688,180.3697824427481,0
6867,-2.170401684570313,-3.309067785644531,3.975764587402344,-249.66240458015267,140.8174465648855,126.78962977099236,0
6892,-1.981259753417969,-4.242806433105469,2.7762695556640624,-249.66240458015267,99.67240839694657,73.88886641221374,0
6917,-1.8807032836914064,-4.8485394531249995,1.6462063720703124,-249.66240458015267,113.00065267175573,16.73619465648855,0
6942,-1.3444021118164065,-5.143026257324219,-0.09437823486328126,-249.66240458015267,142.57317175572518,-38.668385496183205,0
6967,-0.47530690917968776,-4.249989038085937,-0.1733868896484375,-249.66240458015267,96.3288969465649,-87.99662977099236,0
6993,-0.132936071777344,-4.3409687011718745,-1.990585949707031,-249.66240458015267,52.176225190839695,-131.7828893129771,0
7018,-0.03956220703125046,-4.783896008300781,-2.402388635253906,-245.25019083969465,91.02355343511451,-171.3325076335878,0
7043,0.8438982055664059,-2.8326216552734373,-3.4797793823242182,-228.81507633587788,137.0235534351145,-213.8210572519084,0
7068,1.5142746704101562,-1.49665712890625,-3.3576750976562497,-188.05935114503816,130.93958396946564,-249.24090458015266,0
7093,2.8239029785156244,-1.49665712890625,-3.5827300537109372,-144.06698473282444,121.12279007633589,-249.24090458015266,0
7118,3.115995581054687,0.217591259765625,-3.678498120117187,-102.34942748091603,125.55027099236642,-249.24090458015266,0
7143,3.4009055786132807,1.4721529296874998,-3.295425854492187,-65.48683206106871,157.97011832061068,-249.24090458015266,0
7168,4.181415319824218,3.7657981201171875,-2.986573840332031,-25.49446564885496,190.9319503816794,-249.24090458015266,0
7193,4.892493212890624,6.025924487304687,-2.6489914062499995,22.452099236641224,206.4205,-249.24090458015266,0
7218,5.555687072753906,8.470404382324217,-2.3545046020507807,72.84141221374045,194.75637786259543,-249.24090458015266,0
7243,5.215710437011718,10.594061254882812,-1.8780584716796873,119.6429389312977,193.07698854961833,-249.24090458015266,0
7268,3.9515719604492183,12.43999073486328,-1.0927603271484374,168.68874045801527,201.9090496183206,-249.24090458015266,0
7293,3.7217286010742185,13.886088537597654,-0.8270039428710937,218.0780534351145,232.50446946564887,-249.24090458015266,0
7318,4.133531286621094,15.576394909667966,-0.46547949218749995,250.6047709923664,233.69530916030536,-249.24090458015266,0
7343,2.91009423828125,17.81018505859375,1.2344036865234373,250.6047709923664,251.55027099236642,-248.07296564885496,0
7368,2.4312539062499994,19.74410144958496,3.0061129150390626,250.6047709923664,251.55027099236642,-185.67601908396946,0
7394,3.7432764160156244,19.74410144958496,0.45389394531249994,250.6047709923664,251.55027099236642,-106.51571374045801,0
7419,3.4559722167968747,19.74410144958496,-1.42316015625,250.6047709923664,251.55027099236642,-1.0424312977099235,0
7444,3.5373750732421874,19.74410144958496,-0.29549117431640626,250.6047709923664,251.55027099236642,123.4995534351145,0
7469,4.708139685058593,19.74410144958496,2.92471005859375,221.6582061068702,251.55027099236642,239.0644389312977,0
7494,5.9746723632812495,18.32015001220703,6.147305493164062,190.72690839694656,251.55027099236642,251.02627099236642,0
7519,6.31225479736328,15.973832385253905,7.095409350585937,175.29179389312978,251.55027099236642,251.02627099236642,0
7544,5.572446484374999,12.969109301757811,7.753814807128905,144.2841603053435,224.38996564885497,251.02627099236642,0
7569,3.6283547363281246,10.009876049804687,6.750644311523437,66.26889312977099,251.55027099236642,251.02627099236642,0
7594,2.984314489746093,8.190282788085936,7.195965820312499,-51.70057251908397,251.55027099236642,251.02627099236642,0
7619,1.2987965209960932,4.024371899414062,7.040342712402343,-170.4868320610687,251.55027099236642,251.02627099236642,0
7644,-1.2199036254882816,0.11464058837890624,6.432215490722656,-249.66240458015267,251.55027099236642,251.02627099236642,0
7669,-1.2127210205078127,-2.219706030273437,7.490452624511718,-249.66240458015267,251.55027099236642,251.02627099236642,0
7694,-2.4074276489257813,-2.7991028320312497,5.512842053222656,-249.66240458015267,189.66477480916032,251.02627099236642,0
7719,-3.8032472167968754,-4.182951391601562,3.19286064453125,-249.66240458015267,219.33653053435114,209.85069847328245,0
7744,-2.038720593261719,-4.470255590820312,2.8935854370117187,-249.66240458015267,172.46630152671756,153.68275954198472,0
7769,-2.0243553833007812,-4.6977047485351555,2.5224841796875,-249.66240458015267,177.3441641221374,76.0491717557252,0
7795,-4.095339819335938,-5.32019718017578,-0.9251662109375,-249.66240458015267,196.95485114503816,0.5377213740458016,0
7820,-2.431369665527344,-5.234005920410156,-1.9857975463867186,-249.66240458015267,251.55027099236642,-67.309606870229,0
7845,0.6068722412109371,-4.958672729492187,-1.1023371337890624,-249.66240458015267,218.3288969465649,-129.36304198473283,0
7870,0.7050345092773433,-3.2396359374999997,-2.1893046874999995,-204.05935114503816,89.00828625954199,-171.65311832061067,0
7895,0.683486694335937,-3.3401924072265623,-4.650543994140625,-158.49446564885497,78.72584351145039,-205.58441603053436,0
7920,0.8079851806640623,-2.784737622070312,-4.538016516113281,-147.86851145038167,173.20675954198472,-237.54624809160305,0
7945,1.4568138305664062,-1.5972135986328124,-3.101495520019531,-99.95248091603054,174.6495076335878,-249.24090458015266,0
7970,2.7832015502929686,-0.701782177734375,-3.400770727539062,-51.57843511450382,162.20675954198472,-249.24090458015266,0
7995,3.6092011230468746,1.117811083984375,-3.082341906738281,-17.105152671755725,176.7258435114504,-249.24090458015266,0
8020,4.363374645996093,2.56390888671875,-2.1940930908203122,8.994083969465649,189.61897328244274,-249.24090458015266,0
8045,5.072058337402343,5.161617687988281,-1.55723544921875,49.42156488549618,169.65714122137405,-249.24090458015266,0
8070,6.135083874511719,6.811222631835937,-2.0600177978515624,88.12385496183205,127.46630152671756,-249.24090458015266,0
8095,5.943547741699217,7.610885986328125,-2.0217105712890624,117.26889312977099,116.82508015267176,-249.24090458015266,0
8120,5.052904724121093,9.444844458007811,-1.5356876342773438,146.42919847328244,134.35179770992366,-249.24090458015266,0
8145,4.90207001953125,12.001851831054687,-1.25077763671875,175.3757633587786,172.92431679389313,-249.24090458015266,0
8170,5.0936061523437495,14.206911560058591,-1.068818310546875,216.83377862595418,185.16859160305344,-249.24090458015266,0
8196,4.791936743164062,15.12149659423828,-0.9969922607421875,250.32996183206106,209.94721755725192,-235.01953053435113,0
8221,4.64589044189453,15.0329111328125,-0.26676075439453123,250.6047709923664,245.77164503816795,-179.1264007633588,0
8246,3.0657173461914056,15.413589196777343,1.9885772094726561,250.6047709923664,251.55027099236642,-109.40884351145039,0
8271,4.459142712402343,17.501333044433593,-0.034523193359375,250.6047709923664,226.2372938931298,-42.63785114503816,0
8296,4.885310607910156,18.980949670410155,-2.2276119140624995,250.6047709923664,251.55027099236642,7.316347328244275,0
8321,5.081635144042968,18.87560479736328,1.0452617553710937,232.2459923664122,251.55027099236642,63.820164122137406,0
8346,6.6163184082031234,17.676109765624997,3.4250982055664063,225.61240458015266,251.55027099236642,132.4995534351145,0
8371,7.226839831542969,16.739976916503906,3.4562228271484376,223.03225190839694,228.50446946564887,194.5987900763359,0
8396,7.17416739501953,16.639420446777343,4.4091150878906245,199.76507633587786,212.3288969465649,249.8735992366412,0
8421,6.6905386596679675,13.998616015624998,5.218355249023437,160.80324427480915,230.0464541984733,251.02627099236642,0
8446,6.278735974121093,11.855805529785155,5.302152307128906,105.21545801526717,249.97775190839695,251.02627099236642,0
8471,5.0744525390624995,9.291615551757811,5.967740368652343,28.29179389312977,251.55027099236642,251.02627099236642,0
8496,3.862986499023437,5.882272387695313,6.42263868408203,-75.04408396946566,251.55027099236642,251.02627099236642,0
8521,2.3690046630859367,3.550319970703125,6.911055822753905,-186.8303435114504,251.55027099236642,251.02627099236642,0
8546,1.0617705566406248,0.8352952880859374,7.289339685058593,-249.66240458015267,251.55027099236642,251.02627099236642,0
8571,1.1695096313476556,-0.7376952026367187,8.788109924316405,-249.66240458015267,251.55027099236642,251.02627099236642,0
8597,0.2764724121093747,-2.8565636718749996,7.895072705078125,-249.66240458015267,251.55027099236642,251.02627099236642,0
8622,-2.4241870605468754,-2.6051724975585935,5.807328857421874,-249.66240458015267,204.14569083969465,215.02627099236642,0
8647,-3.137659155273438,-4.175768786621093,5.187230627441406,-249.66240458015267,196.1227900763359,158.11024045801528,0
8672,-4.191107885742188,-4.824597436523437,3.7985936645507814,-249.66240458015267,181.7792786259542,96.98810305343511,0
8697,-3.8535254516601567,-5.897199780273437,2.6134638427734376,-249.66240458015267,167.3059961832061,36.339248091603054,0
8722,-3.3651083129882813,-5.911564990234375,1.4163630126953124,-249.66240458015267,169.94721755725192,-24.95082824427481,0
8747,-2.3595436157226564,-6.18210977783203,0.7842937744140625,-227.72347328244274,104.31362977099236,-78.80579007633588,0
8772,-3.2908880615234377,-4.803049621582031,-1.5141398193359374,-191.19675572519085,44.20675954198473,-125.47754580152672,0
8797,-2.8168361328125,-5.183727685546875,-2.220429309082031,-177.4104961832061,38.50446946564885,-160.20273664122138,0
8822,-1.3348253051757815,-5.705663647460937,-2.835739135742187,-175.83797709923664,87.12279007633589,-196.94319465648854,0
8847,-1.0547037109375004,-4.388852734375,-2.6585682128906245,-168.2272900763359,138.42813358778628,-237.85159160305344,0
8872,-0.4010866577148442,-2.0712655273437495,-2.8477101440429684,-128.06698473282444,95.55027099236642,-249.24090458015266,0
8897,0.9660024902343745,-2.6195377075195307,-3.3385214843749997,-98.32652671755726,79.77164503816795,-249.24090458015266,0
8922,1.7225702148437492,-1.6786164550781248,-2.9458724121093747,-75.86851145038169,103.27546183206107,-249.24090458015266,0
8947,2.941218859863281,0.46658823242187497,-2.4957624999999997,-44.31125954198473,119.00828625954199,-249.24090458015266,0
8972,3.7576416259765617,2.331671325683594,-2.5675885498046873,-4.891412213740458,107.26782824427481,-249.24090458015266,0
8998,4.205357336425781,4.045919714355469,-3.565970642089843,20.268893129770994,108.34416412213741,-249.24090458015266,0
9023,4.947559851074218,5.520747937011719,-3.3121852661132807,42.54370229007634,119.64950763358779,-249.24090458015266,0
9048,5.124730773925781,7.457657080078125,-2.787855102539062,72.04751908396946,135.9853854961832,-249.24090458015266,0
9073,5.795107238769531,9.19584748535156,-2.3592930053710934,114.32996183206106,150.66477480916032,-249.24090458015266,0
9098,5.838202868652343,11.661875195312499,-2.481397290039062,155.42156488549617,165.68767557251908,-249.24090458015266,0
9123,5.797501440429687,13.833416101074217,-1.7631367919921874,193.68874045801527,198.5121030534351,-249.24090458015266,0
9148,6.115930261230468,14.819827185058593,-1.0448762939453125,238.93301526717556,231.626606870229,-233.95082824427482,0
9173,5.749617407226562,16.112696081542968,0.030120251464843747,250.6047709923664,246.13042366412213,-178.3325076335878,0
9198,6.597164794921874,16.701669689941404,0.6669778930664062,250.6047709923664,251.55027099236642,-119.31724045801526,0
9223,6.214092529296875,17.079953552246092,2.2160263671875002,250.6047709923664,251.55027099236642,-44.866858778625954,0
9248,6.250005554199219,18.669703454589843,2.8337303955078124,250.6047709923664,251.55027099236642,44.056805343511456,0
9273,6.1829679077148425,18.719981689453125,2.7188087158203125,250.6047709923664,251.55027099236642,140.94230152671756,0
9298,5.845385473632812,17.55400548095703,4.796975756835937,250.6047709923664,251.55027099236642,242.78962977099238,0
9323,5.871721691894531,18.363245642089844,5.649311547851562,172.0780534351145,251.55027099236642,251.02627099236642,0
9348,6.163814294433593,14.870105419921874,6.901479016113281,52.261259541984735,251.55027099236642,251.02627099236642,0
9374,6.015373791503905,11.00346973876953,8.091397241210936,-89.47919847328245,251.55027099236642,251.02627099236642,0
9399,4.621948425292969,6.617292297363281,10.35631201171875,-214.8303435114504,251.55027099236642,251.02627099236642,0
9424,3.0130449096679683,3.4138504760742188,10.708259655761719,-249.66240458015267,251.55027099236642,251.02627099236642,0
9449,0.242953588867187,1.1728777221679687,10.543059741210937,-249.66240458015267,251.55027099236642,251.02627099236642,0
9474,0.6140548461914057,-1.3865238525390624,10.947679821777342,-249.66240458015267,239.27546183206107,251.02627099236642,0
9499,-0.6907850585937503,-1.6259440185546874,8.776138916015624,-249.66240458015267,201.1227900763359,231.14077480916032,0
9524,-3.005978063964844,-1.1064022583007813,6.784163134765624,-249.66240458015267,186.22202671755727,178.98046946564887,0
9549,-3.0706215087890625,-3.723264672851562,6.123363476562499,-249.66240458015267,134.7945458015267,131.16367557251908,0
9574,-4.25335712890625,-4.654609118652344,3.9853413940429685,-249.66240458015267,159.55027099236642,74.68275954198474,0
9599,-6.096892407226562,-4.103942736816406,2.61825224609375,-249.66240458015267,221.77164503816795,6.499553435114503,0
9624,-4.641217797851563,-4.3050556762695305,1.3972093994140624,-249.66240458015267,192.18385877862596,-50.40120992366412,0
9649,-2.697126049804688,-4.8485394531249995,1.5815629272460936,-249.66240458015267,153.64187404580153,-98.17983587786259,0
9674,-2.326024792480469,-4.987403149414062,-0.67616923828125,-211.86851145038167,82.29072900763359,-140.14930152671755,0
9699,-2.4648884887695313,-4.537293237304687,-1.51892822265625,-188.8837786259542,70.90904961832061,-176.76762213740457,0
9724,-1.1313181640625003,-4.747982983398437,-2.268313342285156,-168.0364503816794,65.20675954198474,-209.18746946564886,0
9749,0.08014787597656214,-5.468637683105468,-2.7902493041992185,-144.42576335877862,79.51210305343511,-239.95082824427482,0
9775,0.824744592285156,-4.532504833984374,-1.7248295654296875,-104.65477099236642,82.96248473282444,-249.24090458015266,0
9800,1.0186749267578121,-4.065635510253906,-1.78707880859375,-53.93721374045801,80.60370610687023,-249.24090458015266,0
9825,2.2181699584960937,-2.925995520019531,-2.2084583007812495,-2.6547709923664122,60.756377862595414,-249.24090458015266,0
9850,2.5820886108398433,-0.8119154541015625,-2.4263306518554684,27.742175572519084,69.76401145038169,-249.24090458015266,0
9875,3.5134330566406247,0.7491040283203124,-2.976997033691406,45.55896946564886,85.79454580152672,-249.24090458015266,0
9900,4.6243426269531245,1.9653584716796872,-2.864469555664062,65.98645038167939,104.55790458015268,-249.24090458015266,0
9925,4.133531286621094,3.7466445068359375,-2.4646378784179683,93.38339694656489,115.5350038167939,-249.24090458015266,0
9950,6.352956225585937,5.829599951171875,-2.395206030273437,125.87958015267175,155.47393511450383,-249.24090458015266,0
9975,6.673779248046874,8.049024890136717,-2.019316369628906,169.82614503816794,153.71820992366412,-249.24090458015266,0
10000,5.754405810546875,9.811157312011717,-1.2914790649414063,212.43683206106869,161.58080534351146,-249.24090458015266,0
10025,5.146278588867187,12.085648889160154,-0.1159260498046875,250.6047709923664,194.54263740458015,-249.24090458015266,0
10050,5.287536486816405,14.506186767578123,0.51135478515625,250.6047709923664,220.86324809160305,-231.08823282442748,0
10075,5.222893041992187,16.605901623535154,1.1003283935546875,250.6047709923664,224.64187404580153,-195.5004465648855,0
10100,4.830243969726562,18.214805139160156,1.411574609375,250.6047709923664,235.3975992366412,-157.27907251908397,0
10125,4.305913806152343,18.758288916015623,0.7531691528320312,250.6047709923664,251.55027099236642,-99.08823282442748,0
10151,4.277183386230468,18.56196437988281,0.9566762939453124,250.6047709923664,251.55027099236642,-11.62258396946565,0
10176,5.649060937499999,19.184456811523436,2.8121825805664065,241.03225190839694,251.55027099236642,97.18657633587786,0
10201,7.7032859619140615,19.081506140136717,5.757050622558594,190.1162213740458,251.55027099236642,203.63695801526717,0
10226,7.588364282226562,16.483797338867184,6.300534399414062,149.36812977099237,251.55027099236642,251.02627099236642,0
10251,6.460695300292968,14.690540295410155,7.8232466552734365,74.93301526717556,251.55027099236642,251.02627099236642,0
10276,5.189374218749999,11.657086791992187,9.211883618164062,-25.089885496183204,251.55027099236642,251.02627099236642,0
10301,2.778413146972656,8.185494384765624,9.664387731933592,-151.76927480916032,251.55027099236642,251.02627099236642,0
10326,0.2740782104492183,4.924591723632813,9.578196472167967,-249.66240458015267,251.55027099236642,251.02627099236642,0
10351,-2.0698452148437503,0.5001070556640624,9.64044571533203,-249.66240458015267,251.55027099236642,251.02627099236642,0
10376,-2.5103783203125003,-2.277166870117187,11.567778051757811,-249.66240458015267,251.55027099236642,251.02627099236642,0
10401,-3.75536318359375,-1.2524485595703125,9.673964538574218,-249.66240458015267,251.55027099236642,209.0873396946565,0
10426,-6.4177154296875,-2.2819552734374997,7.097803552246093,-249.66240458015267,196.26019465648855,142.11024045801528,0
10451,-4.696284436035157,-3.6897458496093747,5.922250537109375,-249.66240458015267,140.92431679389313,86.0110038167939,0
10476,-4.432922253417969,-3.119925854492187,3.2958113159179687,-249.66240458015267,68.94721755725192,26.911767175572518,0
10503,-5.385814514160156,-4.132673156738281,1.7563396484374998,-249.66240458015267,64.00065267175573,-28.13403435114504,0
10528,-5.0027422485351565,-5.873257763671875,0.046879663085937495,-249.66240458015267,109.58080534351146,-74.82869083969466,0
10553,-3.554250244140625,-5.573982556152343,-0.37449982910156243,-237.51736641221373,134.4205,-118.79815648854961,0
10578,-2.402639245605469,-4.800655419921875,-1.011357470703125,-181.5479007633588,95.43576717557252,-159.1416679389313,0
10603,-2.0698452148437503,-4.968249536132812,-1.5883600708007812,-135.02881679389313,75.74874427480917,-193.14930152671755,0
10628,-0.812889343261719,-5.193304492187499,-1.8277802368164062,-102.08988549618321,90.14569083969467,-223.00426335877862,0
10653,-0.029985400390625472,-3.921983410644531,-2.0815656127929683,-66.44866412213742,100.83271374045802,-249.24090458015266,0
10678,1.1503560180664056,-3.5341227416992185,-2.5867421630859373,-25.387595419847326,84.3059961832061,-249.24090458015266,0
10703,2.0721236572265624,-3.4311720703124995,-2.641808801269531,9.543702290076336,80.5350038167939,-249.24090458015266,0
10728,2.8191145751953117,-2.7895260253906247,-2.328168383789062,37.97118320610687,90.78691221374046,-249.24090458015266,0
10753,3.563711291503906,-1.4080716674804687,-1.97861494140625,61.34522900763359,107.26019465648855,-249.24090458015266,0
10778,4.088041455078124,0.11464058837890624,-1.1693747802734376,91.91774809160304,93.68004198473282,-249.24090458015266,0
10803,4.459142712402343,1.9605700683593748,-1.9953743530273436,117.08568702290076,74.0998893129771,-249.24090458015266,0
10828,5.3952755615234365,2.9421927490234374,-2.4550610717773433,118.90248091603053,116.8174465648855,-249.24090458015266,0
10853,5.792713037109375,4.946139538574219,-0.24042453613281248,133.52080152671755,158.00065267175572,-249.24090458015266,0
10878,6.364927233886719,7.191900695800781,-0.3481636108398437,163.97118320610687,162.78691221374046,-249.24090458015266,0
10904,6.496608325195312,8.659546313476561,-1.1047313354492188,192.0398854961832,147.7945458015267,-249.24090458015266,0
10929,6.700115466308593,10.510264196777342,0.24559840087890625,222.52843511450382,162.4205,-232.79052290076336,0
10954,6.975448657226562,12.660257287597656,0.04448546142578125,250.6047709923664,194.7792786259542,-185.90502671755726,0
10979,7.229234033203125,14.257189794921873,-0.2691549560546875,250.6047709923664,192.2372938931298,-130.9355610687023,0
11004,5.608359509277343,14.896441638183592,0.4419229370117187,250.6047709923664,217.83271374045802,-70.80579007633588,0
11029,4.341826831054687,16.27071339111328,1.7898584716796873,250.6047709923664,251.55027099236642,-9.195103053435115,0
11054,4.181415319824218,17.91792413330078,2.0556148559570313,250.6047709923664,251.55027099236642,44.18657633587787,0
11079,4.964319262695311,18.267477575683593,3.611845935058594,250.6047709923664,251.55027099236642,91.07970610687023,0
11104,6.2954953857421865,18.26029497070312,4.543190380859374,250.6047709923664,251.55027099236642,142.56062213740458,0
11129,7.358520922851562,17.065588342285153,6.3915140625,231.50553435114503,251.55027099236642,209.3163473282443,0
11154,7.57639327392578,14.800673571777342,8.32602900390625,153.80324427480915,251.55027099236642,251.02627099236642,0
11179,6.3697156372070305,12.169445947265624,9.786492016601562,35.452099236641224,251.55027099236642,251.02627099236642,0
11204,3.8677749023437498,8.453644970703124,10.653193017578124,-113.57080152671756,251.55027099236642,251.02627099236642,0
11229,1.3658341674804682,5.1185220581054685,12.372229809570312,-249.66240458015267,251.55027099236642,251.02627099236642,0
11254,-0.8464081665039065,2.408285778808594,13.219777197265625,-249.66240458015267,251.55027099236642,251.02627099236642,0
11280,-1.6580425292968752,-0.2756142822265625,12.45602686767578,-249.66240458015267,251.55027099236642,251.02627099236642,0
11305,-2.2158915161132815,-0.09844335937500001,12.250125524902343,-249.66240458015267,251.55027099236642,239.2934465648855,0
11330,-3.8176124267578126,-0.46954461669921876,9.669176135253906,-249.66240458015267,152.74874427480916,172.7132938931298,0
11355,-6.568550134277343,-1.831845361328125,6.293351794433593,-249.66240458015267,173.37469847328245,109.79726335877864,0
11380,-6.697837023925781,-3.936348620605468,5.405102978515624,-249.66240458015267,191.74874427480916,47.0491717557252,0
11405,-6.669106604003906,-3.3234329956054682,3.5424140869140626,-249.66240458015267,194.50446946564887,-13.43937786259542,0
11430,-5.5749564453125,-4.501380212402343,2.5751566162109376,-249.66240458015267,137.4968358778626,-66.40120992366411,0
11455,-6.211814086914062,-4.879664074707031,1.7970410766601561,-220.0135496183206,108.67240839694657,-111.27907251908397,0
11480,-5.965211315917969,-3.7831197143554682,0.030120251464843747,-187.15858778625955,111.88614885496183,-153.82869083969464,0
11505,-4.303635363769532,-4.197316601562499,-1.05924150390625,-144.0364503816794,60.298362595419846,-186.8744923664122,0
11530,-2.9221810058593753,-5.145420458984375,-0.6498330200195312,-111.26545801526719,21.695309160305342,-209.48517938931298,0
11555,-2.4002450439453127,-5.712846252441405,-1.5356876342773438,-87.38759541984733,12.657141221374046,-228.35540839694656,0
11580,-2.0650568115234376,-4.819809033203125,-1.1238849487304687,-75.42576335877864,51.88614885496183,-248.309606870229,0
11605,-0.16406069335937534,-3.9507138305664062,-1.336968896484375,-52.059351145038164,77.19912595419848,-249.24090458015266,0
11630,1.5501876953124993,-3.4311720703124995,-1.5787832641601562,-12.616603053435115,63.22202671755725,-249.24090458015266,0
11655,1.8638281127929686,-2.7775550170898433,-1.8612990600585937,18.062786259541987,70.91668320610687,-249.24090458015266,0
11681,1.950019372558593,-1.4511672973632812,-0.8150329345703125,43.8719465648855,109.78691221374046,-249.24090458015266,0
11706,3.1088129760742182,1.1680893188476562,-0.7767257080078125,74.475,125.8174465648855,-249.24090458015266,0
11731,4.360980444335937,3.279775183105469,-1.0089632690429686,107.41393129770992,96.19912595419848,-249.24090458015266,0
11756,5.064875732421874,4.6660179443359375,-0.8078503295898437,122.60477099236641,97.41286641221375,-249.24090458015266,0
11781,5.419217578124999,5.616516003417969,-1.0065690673828125,136.84141221374045,99.1380572519084,-249.24090458015266,0
11806,5.82144345703125,6.770521203613281,-0.56124755859375,153.39103053435113,108.22966030534351,-249.24090458015266,0
11831,6.113536059570312,8.62842169189453,0.3030592407226562,179.59713740458014,136.90141603053436,-249.24090458015266,0
11856,6.654625634765623,11.36738839111328,0.9399168823242187,214.29942748091602,167.94721755725192,-249.24090458015266,0
11881,7.202897814941406,12.844610815429686,0.4227693237304687,250.6047709923664,171.36706488549618,-239.52334732824428,0
11906,6.858132775878906,14.261978198242186,0.9183690673828124,250.6047709923664,191.87088167938933,-188.92792748091603,0
11931,6.542098156738281,15.686528186035154,1.7060614135742187,250.6047709923664,229.0235534351145,-124.309606870229,0
11956,6.3697156372070305,16.862081201171872,2.4506581298828127,250.6047709923664,251.55027099236642,-48.859225190839695,0
11981,6.170996899414061,17.50372724609375,3.46101123046875,250.6047709923664,251.55027099236642,36.507187022900766,0
12006,5.651455139160155,18.413523876953125,5.124981384277343,250.6047709923664,251.55027099236642,131.16367557251908,0
12031,5.6562435424804685,19.196427819824216,5.812117260742187,250.6047709923664,251.55027099236642,211.5758893129771,0
12057,5.615542114257813,19.165303198242185,7.0714673339843745,214.58187022900762,251.55027099236642,251.02627099236642,0
12082,5.323449511718749,17.453449011230468,7.2606092651367184,135.5666030534351,251.55027099236642,251.02627099236642,0
12107,5.464707409667969,13.491045263671873,8.60615059814453,25.070419847328246,251.55027099236642,251.02627099236642,0
12132,4.710533886718749,9.71299504394531,10.143228063964843,-94.54026717557252,251.55027099236642,251.02627099236642,0
12157,2.629972644042968,6.598138684082031,11.009929064941405,-218.57843511450383,251.55027099236642,251.02627099236642,0
12182,0.8462924072265623,4.072255932617187,11.627633093261718,-249.66240458015267,251.55027099236642,251.02627099236642,0
12207,-1.9070395019531252,1.328500830078125,11.371453515625,-249.66240458015267,251.55027099236642,251.02627099236642,0
12232,-2.8982389892578126,-0.9555675537109374,10.169564282226562,-249.66240458015267,251.55027099236642,231.56062213740458,0
12257,-4.3491251953125,-1.1949877197265624,10.109709240722655,-249.66240458015267,251.55027099236642,148.7667290076336,0
12282,-4.950069812011719,-1.49665712890625,8.110550854492187,-249.66240458015267,208.3441641221374,73.20184351145039,0
12307,-5.7545215698242185,-2.782343420410156,5.278210290527343,-249.66240458015267,156.10752290076337,15.667492366412214,0
12332,-6.32194736328125,-3.8142443359374996,3.049208544921875,-249.66240458015267,191.55027099236642,-36.164568702290076,0
12357,-5.309200061035156,-3.292308374023437,1.8401367065429686,-249.66240458015267,155.91668320610688,-83.96609541984732,0
12382,-3.9109862915039066,-3.433566271972656,1.6893020019531249,-249.66240458015267,123.18385877862596,-124.95846183206106,0
12407,-3.341166296386719,-4.075212316894531,-0.23563613281249998,-248.21965648854962,82.1380572519084,-156.48517938931298,0
12432,-2.754586889648438,-3.9315602172851563,-1.3058442749023438,-215.25782442748093,85.1762251908397,-182.16456870229007,0
12458,-1.3563731201171878,-3.3497692138671873,-1.9331251098632811,-186.318893129771,101.4968358778626,-211.52334732824428,0
12483,-0.34362581787109425,-2.976273754882812,-1.6194846923828123,-151.57843511450383,107.75637786259543,-239.37067557251908,0
12508,0.7529185424804683,-3.012186779785156,-2.289861157226562,-106.47919847328245,112.88614885496183,-249.24090458015266,0
12533,1.9021353393554685,-2.7129115722656247,-2.871652160644531,-53.31889312977099,109.41286641221375,-249.24090458015266,0
12558,2.742500122070312,-2.3082914916992183,-2.682510229492187,-2.1509541984732823,115.5350038167939,-249.24090458015266,0
12583,3.039381127929687,-1.26681376953125,-2.3161973754882808,45.8719465648855,136.24492748091603,-249.24090458015266,0
12608,3.5014620483398433,0.20083184814453126,-2.076777209472656,90.9253816793893,155.28309541984734,-249.24090458015266,0
12633,5.086423547363281,1.1489357055664062,-1.40400654296875,131.58187022900762,162.83271374045802,-249.24090458015266,0
12658,6.319437402343749,2.427439392089844,-0.37449982910156243,166.72690839694656,172.22202671755727,-249.24090458015266,0
12683,5.795107238769531,4.1225341674804685,0.7627459594726562,203.48263358778627,168.26019465648855,-249.24090458015266,0
12708,6.036921606445312,5.9612810424804685,0.03730285644531249,229.3833969465649,163.8556145038168,-249.24090458015266,0
12733,5.060087329101562,7.855094555664063,0.3030592407226562,242.36812977099237,175.4968358778626,-249.24090458015266,0
12758,4.66504405517578,9.56694874267578,0.8130241943359374,250.6047709923664,189.7792786259542,-234.71418702290077,0
12783,4.382528259277343,11.441608642578124,2.8528840087890623,250.6047709923664,221.57317175572518,-212.25617175572518,0
12808,5.409640771484374,13.445555432128904,4.485729541015624,250.6047709923664,236.4205,-181.20273664122138,0
12834,6.671385046386718,15.600336926269529,3.3532721557617187,250.6047709923664,221.2372938931298,-143.69891984732823,0
12859,5.893269506835936,17.5611880859375,1.9239337646484374,250.6047709923664,217.3288969465649,-100.6683854961832,0
12884,3.8917169189453116,19.306561096191405,2.5560030029296876,250.6047709923664,247.29836259541986,-32.935561068702285,0
12909,4.2101457397460935,18.557175976562498,3.3867909790039064,250.6047709923664,251.55027099236642,63.09497328244275,0
12934,4.461536914062499,18.763077319335935,4.145752905273437,229.21545801526716,251.55027099236642,165.8583320610687,0
12959,3.937206750488281,19.450213195800778,5.869578100585937,152.45973282442748,251.55027099236642,251.02627099236642,0
12984,4.801513549804687,18.10706606445312,7.962110351562499,91.91011450381679,251.55027099236642,251.02627099236642,0
13009,4.784754138183593,15.052064746093748,8.500805725097656,34.03225190839695,251.4586679389313,251.02627099236642,0
13034,3.681027172851562,11.898901159667968,9.41060235595703,-32.70820610687023,251.55027099236642,251.02627099236642,0
13059,2.9914970947265616,9.147963452148437,10.248572937011717,-106.15858778625955,251.55027099236642,251.02627099236642,0
13084,0.9923387084960935,6.598138684082031,10.11928604736328,-189.98301526717557,251.55027099236642,251.02627099236642,0
13109,-0.7913415283203129,3.5527141723632814,9.518341430664062,-249.66240458015267,251.55027099236642,251.02627099236642,0
13134,-1.8423960571289064,0.3780027709960937,10.954862426757812,-249.66240458015267,251.55027099236642,251.02627099236642,0
13159,-2.9365462158203126,-0.24688386230468748,10.370677221679687,-249.66240458015267,251.55027099236642,232.94993511450383,0
13184,-4.059426794433594,-1.3123036010742186,8.507988330078124,-249.66240458015267,211.26782824427482,156.43085114503816,0
13209,-6.037037365722656,-3.254001147460937,5.864789697265625,-249.66240458015267,204.37469847328245,88.20947709923665,0
13234,-6.032248962402344,-3.991415258789062,4.643746850585937,-249.66240458015267,201.76401145038167,25.972835877862597,0
13260,-5.3451130859375,-4.946701721191406,4.191242736816406,-249.66240458015267,191.1762251908397,-26.530980916030536,0
13285,-5.330747875976563,-3.8190327392578123,3.0635737548828126,-249.66240458015267,148.61897328244274,-70.53861450381679,0
13310,-3.958870324707031,-4.743194580078124,2.151382922363281,-249.66240458015267,119.58080534351146,-108.01189694656489,0
13335,-3.6332588989257815,-4.611513488769531,0.8896386474609375,-209.19675572519085,63.618973282442745,-144.6149503816794,0
13360,-3.4920010009765625,-5.052046594238281,-0.7886967163085937,-166.8074427480916,46.10752290076336,-175.14930152671755,0
13385,-2.649242016601563,-5.28907255859375,-0.29070277099609376,-136.47156488549618,68.98538549618321,-203.11113358778627,0
13410,-0.563892370605469,-4.625878698730468,-0.9395314208984374,-92.26545801526719,49.68767557251908,-226.53098091603053,0
13435,0.3698462768554682,-4.0967601318359375,-1.72961796875,-51.929580152671754,17.634240458015267,-248.7294541984733,0
13460,0.19985795898437475,-3.9459254272460935,-1.6146962890624998,-24.150954198473283,18.26782824427481,-249.24090458015266,0
13485,0.5661708129882808,-4.190133996582031,-1.4614673828125,0.6353053435114504,67.09225572519084,-249.24090458015266,0
13510,1.6220137451171874,-1.815085949707031,-1.2435950317382811,36.627671755725196,87.09225572519084,-249.24090458015266,0
13535,2.926853649902343,-0.28519108886718747,-1.4973804077148436,73.03225190839694,76.4205,-249.24090458015266,0
13560,4.009032800292968,0.5575678955078125,-2.3066205688476558,92.97881679389313,83.46630152671756,-249.24090458015266,0
13585,4.382528259277343,1.6181992309570312,-1.1143081420898437,111.42919847328244,109.48156870229008,-249.24090458015266,0
13610,5.124730773925781,3.8136821533203125,0.17616655273437498,143.0551526717557,132.7945458015267,-249.24090458015266,0
13635,6.460695300292968,6.006770874023437,0.8345720092773437,178.63530534351145,149.2372938931298,-249.24090458015266,0
13660,7.073610925292969,7.574972961425781,1.2224326782226562,214.63530534351145,158.83271374045802,-240.22563740458014,0
13686,7.377674536132811,8.506317407226561,2.7834521606445315,246.3986641221374,196.7945458015267,-216.40884351145039,0
13711,6.946718237304688,10.584484448242186,4.021254418945312,250.6047709923664,202.47393511450383,-174.49281297709922,0
13736,7.301060083007811,11.85819973144531,3.662124169921875,250.6047709923664,172.76401145038167,-126.39357633587785,0
13761,6.396051855468749,13.524564086914062,3.3987619873046877,250.6047709923664,166.22966030534351,-83.79052290076335,0
13786,5.792713037109375,14.843769201660155,5.098645166015625,250.6047709923664,197.46630152671756,-42.935561068702285,0
13811,5.742434802246094,15.815815075683592,5.089068359374999,250.6047709923664,212.7258435114504,4.003370229007634,0
13836,6.113536059570312,17.312191113281248,6.17364171142578,250.6047709923664,209.00065267175572,51.18657633587787,0
13861,6.793489331054686,17.824550268554685,7.500029431152343,250.6047709923664,197.55027099236642,100.28581297709924,0
13886,6.678567651367186,17.38162296142578,7.679594555664062,250.6047709923664,213.55790458015267,159.4613854961832,0
13911,7.224445629882811,16.476614733886716,8.467286901855468,188.1696564885496,246.03882061068703,228.13314122137405,0
13936,7.480625207519531,15.037699536132811,9.729031176757811,114.4368320610687,236.54263740458015,251.02627099236642,0
13961,5.663426147460936,11.75046065673828,9.908596301269531,18.589503816793894,251.55027099236642,251.02627099236642,0
13986,3.865380700683593,8.678699926757812,10.63643360595703,-101.67003816793894,251.55027099236642,251.02627099236642,0
14011,1.7800310546874991,5.879878186035156,11.685093933105469,-229.86087786259543,251.55027099236642,251.02627099236642,0
14036,-0.003649182128906414,3.8926908081054687,12.173511071777343,-249.66240458015267,251.55027099236642,251.02627099236642,0
14061,-1.7250801757812502,2.0419729248046874,11.005140661621093,-249.66240458015267,251.55027099236642,251.02627099236642,0
14087,-2.4553116821289063,0.19125504150390624,10.581366967773437,-249.66240458015267,251.55027099236642,236.30871374045802,0
14112,-2.9126041992187504,-1.4200426757812499,9.161605383300781,-249.66240458015267,199.0235534351145,168.2705458015267,0
14137,-5.093721911621094,-1.2907557861328125,7.36834833984375,-249.66240458015267,125.80981297709924,109.48428625954199,0
14162,-5.455246362304687,-3.3306156005859373,5.134558190917968,-249.66240458015267,112.42813358778626,55.86596564885497,0
14187,-5.993941735839844,-4.587571472167968,4.741909118652344,-249.66240458015267,179.96248473282444,-0.3248740458015268,0
14212,-5.668330310058593,-4.2859020629882805,3.9398515625,-249.66240458015267,152.2907290076336,-60.79052290076336,0
14237,-5.457640563964844,-4.692916345214844,2.3764378784179687,-229.65477099236642,112.58080534351146,-112.00426335877863,0
14262,-5.304411657714844,-4.759953991699218,0.9447052856445312,-195.08225190839696,105.08462213740458,-151.8210572519084,0
14287,-4.037878979492188,-4.309844079589843,0.5352968017578125,-157.2959923664122,81.80217938931298,-186.8744923664122,0
14312,-2.8168361328125,-4.750377185058594,-0.3385868041992187,-119.5631679389313,57.00828625954198,-212.96609541984733,0
14337,-2.1512480712890625,-4.721646765136718,-0.6234968017578125,-88.89141221374047,46.313629770992364,-231.50808015267177,0
14362,-0.9828776611328127,-3.9459254272460935,-0.877282177734375,-67.17385496183206,58.19912595419847,-247.03479770992365,0
14387,0.47040274658203085,-2.9475433349609372,-1.1023371337890624,-44.19675572519084,62.428133587786256,-249.24090458015266,0
14412,1.3634399658203122,-2.3777233398437496,-0.7551778930664063,-20.028816793893128,61.88614885496183,-249.24090458015266,0
14437,2.0673352539062497,-1.6427034301757812,-0.6713808349609375,7.4826335877862595,75.71820992366412,-249.24090458015266,0
14462,2.6156074340820306,-0.5413706665039062,-0.26676075439453123,38.574236641221376,87.19149236641222,-249.24090458015266,0
14488,2.8262971801757804,1.4673645263671873,0.2264447875976562,62.940648854961836,115.75637786259543,-249.24090458015266,0
14513,4.270000781249999,3.0571144287109373,0.3605200805664063,90.27652671755725,123.97775190839695,-249.24090458015266,0
14538,5.459919006347655,4.17281240234375,-0.03212899169921875,106.84141221374045,129.1762251908397,-249.24090458015266,0
14563,6.063257824707031,5.444133483886719,0.8010531860351562,123.97881679389313,125.73347709923665,-249.24090458015266,0
14588,6.463089501953124,6.2222490234375,1.9574525878906248,144.44446564885496,130.07698854961833,-249.24090458015266,0
14613,6.058469421386717,7.163170275878906,2.4722059448242186,175.59713740458014,150.42813358778628,-237.60731679389312,0
14638,7.111918151855469,7.94607421875,3.3867909790039064,215.03225190839694,174.07698854961833,-206.11113358778627,0
14663,7.049668908691406,9.645957397460936,4.169694921874999,250.6047709923664,191.63424045801528,-162.37067557251908,0
14688,7.116706555175781,11.151910241699218,4.983723486328125,250.6047709923664,217.57317175572518,-113.92792748091603,0
14713,6.393657653808593,13.043329553222655,5.397920373535156,250.6047709923664,225.29836259541986,-62.72182061068702,0
14738,5.881298498535156,14.024952233886717,5.5535434814453115,250.6047709923664,230.82508015267177,-7.401209923664123,0
14763,5.804684045410155,14.455908532714842,6.161670703124999,250.6047709923664,250.11515648854962,59.15604198473283,0
14788,5.021780102539062,16.732794311523435,7.950139343261718,250.6047709923664,251.55027099236642,128.05680534351146,0
14813,4.631525231933593,18.770259924316406,8.306875390624999,250.6047709923664,251.55027099236642,182.00337022900763,0
14838,3.9707255737304683,19.45739580078125,7.928591528320312,205.1925572519084,251.55027099236642,236.69802671755727,0
14863,5.088817749023437,17.65695615234375,9.741002185058592,92.44446564885496,251.55027099236642,251.02627099236642,0
14888,4.5668817871093745,14.250007189941405,10.581366967773437,-44.34179389312977,251.55027099236642,251.02627099236642,0
14914,3.1088129760742182,9.811157312011717,12.049012585449217,-191.09751908396947,251.55027099236642,251.02627099236642,0
14939,1.3586515624999995,7.009941369628906,13.195835180664062,-249.66240458015267,251.55027099236642,251.02627099236642,0
14964,-0.6740256469726567,4.998811975097656,13.339487280273437,-249.66240458015267,251.55027099236642,251.02627099236642,0
14989,-1.8471844604492191,3.0020477905273437,13.121614929199218,-249.66240458015267,251.55027099236642,251.02627099236642,0
15014,-2.910209997558594,1.3955384765624999,11.488769396972655,-249.66240458015267,200.74874427480916,210.73619465648855,0
15039,-5.280469641113282,1.7019962890624998,9.614109497070311,-249.66240458015267,135.06935496183206,157.0110038167939,0
15064,-5.969999719238281,-0.9076835205078124,7.519183044433593,-249.66240458015267,106.03882061068703,105.87359923664123,0
15089,-6.903738366699218,-2.5501058593749995,5.891125915527343,-249.66240458015267,138.7411106870229,57.6140572519084,0
15114,-7.282022229003906,-2.9523317382812495,4.4378455078125,-249.66240458015267,187.09225572519085,1.9346679389312977,0
15139,-6.403350219726562,-3.5197575317382808,3.8321124877929686,-249.66240458015267,151.58080534351146,-49.3859427480916,0
15164,-6.379408203125,-3.787908117675781,2.1968727539062503,-248.68530534351146,111.12279007633589,-87.56151526717557,0
15189,-5.893385266113281,-4.29308466796875,1.911962756347656,-216.76927480916032,120.65714122137405,-116.20273664122136,0
15214,-4.875849560546875,-5.013739367675781,1.902385949707031,-169.731106870229,98.29836259541985,-143.6302175572519,0
15239,-4.267722338867188,-4.410400549316406,0.3461548706054687,-122.0746183206107,56.71057633587786,-170.03479770992365,0
15264,-3.7386037719726564,-4.4271599609375,-0.7144764648437499,-90.44866412213742,29.466301526717558,-192.34014122137404,0
15289,-2.4289754638671877,-5.324985583496093,-0.5564591552734375,-73.26545801526719,49.71057633587786,-210.9355610687023,0
15314,-1.0642805175781254,-4.7360119750976555,-0.30027957763671875,-45.8837786259542,44.565538167938925,-228.7447213740458,0
15340,-0.2574345581054689,-4.053664501953125,-0.5061809204101563,-19.250190839694657,50.36706488549618,-247.31724045801528,0
15365,1.0090981201171871,-3.5173633300781244,-0.5205461303710938,10.826145038167938,49.939583969465644,-249.24090458015266,0
15390,2.0721236572265624,-3.129502661132812,-0.7384184814453125,42.78797709923664,49.000652671755724,-249.24090458015266,0
15415,2.622790039062499,-2.313079895019531,-0.25239554443359374,73.16202290076335,64.99301908396947,-249.24090458015266,0
15440,3.412876586914062,-1.6043962036132813,0.12109991455078123,104.3986641221374,74.3288969465649,-249.24090458015266,0
15465,3.9156589355468743,-0.5557358764648438,0.4323461303710937,132.74217557251907,81.23729389312977,-249.24090458015266,0
15490,3.8941111206054684,1.3069530151367186,0.9782241088867187,154.268893129771,92.26019465648855,-249.24090458015266,0
15515,4.1359254882812495,3.236679553222656,1.375661584472656,166.39103053435113,117.86324809160305,-249.24090458015266,0
15540,4.602794812011718,5.9995882690429685,2.0867394775390626,173.20019083969464,137.16859160305344,-249.24090458015266,0
15565,5.802289843749999,7.8383351440429685,3.190466442871094,186.95591603053435,146.91668320610688,-249.24090458015266,0
15590,5.931576733398436,9.39456622314453,3.973370385742187,210.1543893129771,127.86324809160305,-249.24090458015266,0
15615,5.538927661132813,11.338657971191404,4.758668530273437,233.2841603053435,141.01591984732823,-248.09586641221372,0
15640,6.151843286132812,13.060088964843748,3.540019885253906,250.6047709923664,152.28309541984734,-207.13403435114503,0
15665,5.704127575683594,14.743212731933593,3.544808288574219,250.6047709923664,185.69530916030536,-144.40884351145039,0
15690,5.558081274414062,15.909188940429686,4.289405004882812,250.6047709923664,210.16095801526717,-63.46991221374046,0
15715,5.5054088378906245,17.302614306640624,5.263845080566406,250.6047709923664,247.01591984732823,22.407950381679388,0
15740,4.562093383789062,17.328950524902343,6.221525744628906,250.6047709923664,251.55027099236642,115.24764503816795,0
15766,4.4567485107421865,18.05678782958984,7.792122033691405,250.6047709923664,251.55027099236642,202.5224541984733,0
15791,4.60758321533203,19.414300170898436,8.766562109374998,235.6429389312977,251.55027099236642,251.02627099236642,0
15816,4.088041455078124,18.284236987304684,9.350747314453125,193.59713740458014,251.55027099236642,251.02627099236642,0
15841,3.3865403686523434,17.13741439208984,9.944509326171874,117.69637404580152,251.55027099236642,251.02627099236642,0
15866,3.4966736450195306,14.209305761718749,11.354694104003904,19.52080152671756,251.55027099236642,251.02627099236642,0
15891,1.8518571044921872,10.615609069824217,11.692276538085936,-88.89904580152673,251.55027099236642,251.02627099236642,0
15916,-0.37475043945312514,6.921355908203124,11.910148889160155,-217.40286259541986,251.55027099236642,251.02627099236642,0
15941,-2.175190087890625,4.139293579101563,11.694670739746092,-249.66240458015267,251.55027099236642,251.02627099236642,0
15966,-4.344336791992188,0.9573995727539062,12.22618350830078,-249.66240458015267,251.55027099236642,251.02627099236642,0
15991,-5.381026110839844,-0.9555675537109374,10.84712335205078,-249.66240458015267,251.55027099236642,181.7819961832061,0
16016,-6.901344165039062,-0.9675385620117187,9.120903955078123,-249.66240458015267,251.55027099236642,91.85833206106871,0
16041,-7.231743994140625,-1.8940946044921876,7.217513635253906,-249.66240458015267,251.55027099236642,13.247645038167938,0
16066,-7.286810632324219,-2.0497177124023436,5.960557763671875,-249.66240458015267,126.28309541984733,-34.485179389312975,0
16091,-6.4105328247070315,-2.7607956054687497,4.188848535156249,-249.66240458015267,112.7792786259542,-69.75235496183205,0
16116,-6.369831396484376,-4.048876098632812,2.175324938964844,-249.66240458015267,156.08462213740458,-101.53861450381679,0
16141,-5.3977855224609375,-4.065635510253906,1.2942587280273437,-249.66240458015267,166.35179770992366,-132.26380534351145,0
16166,-4.200684692382812,-3.854945764160156,0.8728792358398436,-211.32652671755727,139.94721755725192,-158.6836526717557,0
16192,-3.5446734375,-4.29308466796875,-0.6330736083984375,-158.17385496183206,119.64187404580153,-179.75998854961833,0
16217,-2.986824450683594,-4.393641137695312,-1.2747196533203125,-117.68530534351146,134.80217938931298,-196.54624809160305,0
16242,-1.5910048828125003,-4.103942736816406,-0.4726620971679687,-75.95248091603054,145.71820992366412,-209.83632442748092,0
16267,-0.5614981689453127,-3.500603918457031,-0.2691549560546875,-25.98301526717557,128.3975992366412,-221.6149503816794,0
16292,1.2221820678710933,-3.1079548461914057,-0.9227720092773437,20.192557251908397,108.52737022900764,-233.44701145038167,0
16317,1.6603209716796874,-2.602778295898437,-0.9538966308593749,57.719274809160304,106.00828625954199,-244.85159160305344,0
16342,2.227746765136718,-1.9347960327148435,-0.2308477294921875,93.98645038167939,109.29836259541985,-249.24090458015266,0
16367,3.1447260009765623,-1.142315283203125,0.10673470458984374,126.7956106870229,124.35179770992367,-249.24090458015266,0
16392,3.7744010375976558,-0.24927806396484373,0.5664214233398437,158.35286259541985,133.96248473282444,-249.24090458015266,0
16417,4.169444311523437,1.3141356201171874,0.904003857421875,185.32996183206106,144.50446946564887,-249.24090458015266,0
16442,4.483084729003906,3.1840071166992185,1.9981540161132811,204.7956106870229,171.45103435114504,-249.24090458015266,0
16467,4.966713464355468,5.037119201660156,3.156947619628906,229.39103053435113,174.7792786259542,-243.7294541984733,0
16492,5.895663708496094,6.315622888183594,3.2575040893554688,250.6047709923664,168.95485114503816,-227.41647709923663,0
16518,5.562869677734374,8.717007153320312,3.7052197998046874,250.6047709923664,163.7258435114504,-204.16456870229007,0
16543,5.972278161621094,9.327528576660155,4.169694921874999,250.6047709923664,155.32126335877862,-172.9126603053435,0
16568,5.881298498535156,11.063324780273437,6.166459106445312,250.6047709923664,205.24492748091603,-136.49281297709922,0
16593,5.754405810546875,13.92678996582031,6.834441369628905,250.6047709923664,194.1380572519084,-86.89739312977099,0
16618,5.1869800170898435,15.643432556152343,5.924644738769531,250.6047709923664,207.55027099236642,-36.72182061068702,0
16643,3.786372045898437,16.01453381347656,6.815287756347655,250.6047709923664,248.3059961832061,26.01100381679389,0
16668,2.8598160034179685,17.307402709960936,8.179982702636718,250.6047709923664,251.55027099236642,96.84306488549619,0
16693,2.828691381835937,18.145373291015623,8.055484216308592,250.6047709923664,251.55027099236642,159.50718702290078,0
16718,2.325909033203125,18.63139622802734,8.79768673095703,207.62003816793893,251.55027099236642,218.7132938931298,0
16743,3.4966736450195306,17.570764892578122,9.87028907470703,136.91774809160304,251.55027099236642,251.02627099236642,0
16768,3.168668017578124,16.4885857421875,11.120062341308593,61.398664122137404,251.55027099236642,251.02627099236642,0
16793,2.510262561035156,14.91080684814453,12.089714013671873,-20.402862595419847,251.55027099236642,251.02627099236642,0
16818,2.366610461425781,12.147898132324217,12.305192163085936,-98.44103053435116,245.5884389312977,251.02627099236642,0
16843,1.0306459350585935,9.902136975097655,12.72417745361328,-174.731106870229,232.2907290076336,251.02627099236642,0
16868,-0.6692372436523442,7.996352453613281,12.159145861816405,-249.66240458015267,236.77164503816795,251.02627099236642,0
16893,-2.179978491210938,5.85833037109375,11.627633093261718,-249.66240458015267,249.8174465648855,251.02627099236642,0
16919,-3.5662212524414065,3.684395263671875,10.976410241699218,-249.66240458015267,251.55027099236642,244.102606870229,0
16944,-5.136817541503906,2.6931957763671877,10.564607556152342,-249.66240458015267,251.55027099236642,189.79726335877862,0
16969,-5.823953417968751,0.9861299926757812,9.439332775878906,-249.66240458015267,225.51973664122139,125.58352290076336,0
16994,-7.27962802734375,-0.5246112548828125,8.244626147460936,-249.66240458015267,190.78691221374046,63.03390458015267,0
17019,-7.916485668945312,-1.336245617675781,5.962951965332031,-249.66240458015267,213.61897328244274,-2.7370877862595417,0
17044,-8.368989782714843,-1.6905874633789062,3.1593418212890625,-249.66240458015267,190.07698854961833,-67.01953053435115,0
17069,-7.641152478027344,-2.0616887207031245,2.639800061035156,-249.66240458015267,173.15332442748092,-115.48517938931298,0
17094,-6.001124340820312,-3.3689228271484373,2.9654114868164063,-249.66240458015267,179.32126335877862,-157.58441603053436,0
17119,-4.804023510742187,-2.1550625854492185,0.6837373046874999,-243.19675572519085,115.22202671755726,-196.90502671755726,0
17144,-3.8391602416992185,-2.3968769531249996,-1.032905285644531,-194.6242366412214,69.6113396946565,-227.31724045801528,0
17169,-2.8288071411132814,-2.995427368164062,-0.8126387329101562,-162.13568702290078,72.91668320610687,-249.24090458015266,0
17194,-2.4624942871093753,-3.7256588745117183,-0.7384184814453125,-143.42576335877862,156.2525610687023,-249.24090458015266,0
17219,-0.37953884277343786,-2.4160305664062496,-1.298661669921875,-85.8837786259542,126.34416412213741,-249.24090458015266,0
17244,1.152750219726562,-2.2125234252929684,-2.220429309082031,-37.25019083969465,96.45103435114504,-249.24090458015266,0
17269,0.683486694335937,-1.9754974609374998,-1.3872471313476562,-3.86087786259542,100.33653053435116,-249.24090458015266,0
17295,1.6435615600585933,-1.3123036010742186,-1.0807893188476563,24.849045801526717,141.07698854961833,-249.24090458015266,0
17320,2.680250878906249,0.2630810913085937,-0.3721056274414062,60.45973282442748,184.93958396946564,-249.24090458015266,0
17345,3.4440012084960934,1.9126860351562498,0.37009688720703127,103.49790076335877,192.97011832061068,-240.20273664122138,0
17370,4.188597924804687,3.4042736694335938,0.2958766357421875,142.3070610687023,199.11515648854962,-230.98136259541985,0
17395,4.9810786743164055,5.020359790039063,1.634235363769531,172.00935114503815,224.5121030534351,-224.76762213740457,0
17420,5.40006396484375,6.722637170410156,3.161736022949219,206.0780534351145,234.28309541984734,-212.6836526717557,0
17445,5.831020263671875,8.00353505859375,3.659729968261719,242.87958015267176,230.82508015267177,-191.94319465648854,0
17470,5.725675390624999,9.696235632324218,4.8568307983398435,250.6047709923664,247.0998893129771,-159.97372900763358,0
17495,4.79911934814453,11.582866540527343,6.23110255126953,250.6047709923664,251.55027099236642,-115.69128625954198,0
17520,4.904464221191406,13.304297534179685,7.890284301757812,250.6047709923664,251.55027099236642,-65.45464503816794,0
17545,4.540545568847656,14.599560632324216,8.261385559082031,250.6047709923664,251.55027099236642,-9.416477099236642,0
17570,3.283589697265625,16.299443811035154,7.622133715820312,250.6047709923664,251.55027099236642,50.34688167938932,0
17595,2.3953408813476553,17.870040100097654,7.124139770507812,250.6047709923664,251.55027099236642,112.49191984732825,0
17620,1.8494629028320304,19.43105958251953,8.031542199707031,250.6047709923664,251.55027099236642,180.5224541984733,0
17645,1.689051391601562,19.74410144958496,8.972463452148437,250.6047709923664,251.55027099236642,246.82779770992366,0
17671,1.207816857910156,19.74410144958496,9.480034204101562,194.4520992366412,251.55027099236642,251.02627099236642,0
17696,1.1647212280273433,19.74410144958496,10.262938146972655,91.16202290076335,251.55027099236642,251.02627099236642,0
17721,1.2772487060546869,18.214805139160156,11.282868054199218,-18.34179389312977,251.55027099236642,251.02627099236642,0
17746,-0.07786943359375043,14.039317443847654,12.575736950683593,-123.7158396946565,251.55027099236642,251.02627099236642,0
17771,-1.253422448730469,10.30196865234375,13.387371313476562,-219.7387404580153,251.55027099236642,251.02627099236642,0
17796,-3.513548815917969,6.887837084960937,13.305968457031248,-249.66240458015267,251.55027099236642,251.02627099236642,0
17821,-5.1918841796875,4.847977270507813,12.46320947265625,-249.66240458015267,251.55027099236642,251.02627099236642,0
17846,-7.080909289550781,4.32604130859375,11.100908728027342,-249.66240458015267,251.55027099236642,195.4613854961832,0
17871,-7.818323400878906,1.0459850341796875,9.192730004882812,-249.66240458015267,251.55027099236642,113.34688167938931,0
17896,-8.462363647460936,-0.13675058593749997,7.835217663574218,-249.66240458015267,251.55027099236642,26.484286259541985,0
17921,-8.632351965332031,-0.9603559570312499,6.52558935546875,-249.66240458015267,188.13042366412213,-43.21037022900763,0
17946,-8.316317346191406,-1.3027267944335936,5.436227600097656,-249.66240458015267,105.69530916030534,-89.14930152671755,0
17971,-8.534189697265624,-2.0114104858398436,1.9263279663085937,-249.66240458015267,123.56553816793894,-124.05006488549618,0
17996,-6.930074584960938,-2.9882447631835936,1.612687548828125,-249.66240458015267,179.4968358778626,-156.59968320610687,0
18022,-6.128017028808594,-3.5341227416992185,2.56079140625,-249.66240458015267,153.45103435114504,-178.22563740458014,0
18047,-4.708255444335938,-3.864522570800781,0.4969895751953124,-223.70057251908398,129.6495076335878,-192.92792748091603,0
18072,-3.101746130371094,-3.9052239990234368,0.06842747802734374,-181.2959923664122,130.59607251908398,-205.7294541984733,0
18097,-1.8783090820312502,-4.731223571777344,-0.42477806396484374,-141.7540076335878,150.09225572519085,-217.88975954198472,0
18122,-0.5806517822265627,-4.609119287109374,-0.8820705810546875,-98.83797709923665,169.03118702290078,-227.7981564885496,0
18147,0.20943476562499974,-3.672986437988281,-0.7096880615234374,-45.41049618320611,152.6495076335878,-232.37067557251908,0
18172,0.9181184570312495,-4.139855761718749,-0.609131591796875,10.413931297709924,122.44340076335878,-231.11876717557251,0
18197,1.9332599609374999,-3.1031664428710934,-0.46069108886718746,56.18492366412214,125.4586679389313,-229.16456870229007,0
18222,2.1990163452148437,-2.1790046020507807,0.185743359375,97.67347328244274,128.22202671755724,-227.00426335877862,0
18247,3.4583664184570306,-1.566088977050781,0.046879663085937495,136.16202290076336,137.008286259542,-220.41647709923663,0
18272,4.198174731445312,-0.9723269653320312,0.5903634399414062,170.34522900763358,151.01591984732823,-212.85922519083968,0
18297,4.214934143066405,0.13618840332031248,1.2104616699218749,202.7192748091603,162.29836259541986,-203.56151526717557,0
18322,3.7456706176757804,1.8600135986328123,2.0125192260742186,233.97881679389312,165.26019465648855,-195.6149503816794,0
18347,3.5373750732421874,3.5144069458007814,2.50333056640625,250.6047709923664,170.52737022900763,-189.2867061068702,0
18373,3.3242911254882808,5.458498693847656,3.5232604736328126,250.6047709923664,200.97011832061068,-184.56151526717557,0
18398,2.811931970214843,8.50152900390625,7.049919519042968,250.6047709923664,251.55027099236642,-169.5386145038168,0
18423,6.0488926147460935,10.452803356933593,8.40264345703125,250.6047709923664,251.55027099236642,-138.11876717557251,0
18448,5.534139257812499,12.64349787597656,8.232655139160155,250.6047709923664,218.54263740458015,-97.45464503816794,0
18473,3.5206156616210933,14.398447692871093,7.39947296142578,250.6047709923664,228.59607251908398,-32.7065534351145,0
18498,2.3953408813476553,15.935525158691405,8.309269592285155,250.6047709923664,251.55027099236642,54.331614503816795,0
18523,1.0258575317382808,17.77906043701172,9.92056730957031,250.6047709923664,251.55027099236642,143.24001145038167,0
18548,0.3435100585937496,18.526051354980467,9.700300756835937,247.29179389312978,251.55027099236642,208.23237786259543,0
18573,0.5134983764648435,17.85567489013672,10.150410668945312,183.99408396946563,251.55027099236642,251.02627099236642,0
18598,0.2740782104492183,16.625055236816404,12.257308129882812,123.18492366412214,251.55027099236642,251.02627099236642,0
18623,-0.6812082519531253,16.04805263671875,13.435255346679686,72.72690839694656,239.0998893129771,251.02627099236642,0
18648,-0.9493588378906253,14.48942735595703,12.688264428710937,9.329961832061068,210.61897328244274,251.02627099236642,0
18673,-2.0698452148437503,12.823063000488279,13.595666857910155,-72.25782442748093,211.03118702290078,251.02627099236642,0
18698,-3.209485205078125,10.206200585937498,12.872617956542967,-165.68530534351146,214.03118702290078,251.02627099236642,0
18723,-4.792052502441406,7.187112292480468,12.295615356445312,-249.66240458015267,239.99301908396947,251.02627099236642,0
18749,-5.5462260253906255,4.953322143554687,11.603691076660155,-249.66240458015267,251.55027099236642,251.02627099236642,0
18774,-7.238926599121093,1.7043904907226561,10.856700158691405,-249.66240458015267,251.55027099236642,209.75909541984734,0
18799,-8.110416003417969,-0.6275619262695312,9.88944268798828,-249.66240458015267,251.55027099236642,121.55298854961832,0
18824,-8.337865161132813,-1.1111906616210938,8.048301611328124,-249.66240458015267,251.55027099236642,38.58352290076336,0
18849,-9.056125659179688,-1.1758341064453124,6.032383813476562,-249.66240458015267,205.65714122137405,-32.3859427480916,0
18874,-8.222943481445313,-2.911630310058593,4.3516542480468745,-249.66240458015267,114.4586679389313,-73.78288931297709,0
18899,-7.3299062622070315,-3.419201062011718,2.8073941772460937,-249.66240458015267,135.2525610687023,-108.44701145038168,0
18924,-7.169494750976562,-4.163797778320312,1.5432557006835936,-249.66240458015267,116.15332442748092,-141.18746946564886,0
18949,-6.3339183715820315,-5.7296056640624995,0.7531691528320312,-249.66240458015267,169.0235534351145,-160.6683854961832,0
18974,-5.335536279296875,-4.628272900390624,1.6605715820312499,-195.67003816793894,166.7029427480916,-175.69891984732823,0
18999,-3.4225691528320317,-4.575600463867187,0.9854067138671874,-131.49446564885497,135.4205,-188.48517938931298,0
19024,-3.0299200805664066,-5.253159533691406,-0.0488884033203125,-73.08225190839696,107.4205,-199.63785114503816,0
19049,-1.741839587402344,-4.613907690429687,-0.46069108886718746,-34.51736641221374,137.14569083969465,-212.15693511450382,0
19074,-0.9852718627929691,-3.6490444213867184,0.24559840087890625,13.620038167938931,127.07698854961832,-221.2180038167939,0
19099,0.3339332519531246,-2.9906389648437495,0.6334590698242187,73.42919847328244,51.96248473282442,-228.13403435114503,0
19125,1.590889123535156,-3.6107371948242184,0.5855750366210937,112.475,8.741110687022902,-238.92029389312978,0
19150,2.194227941894531,-3.1821750976562497,0.0947636962890625,138.9101145038168,-14.22835496183206,-249.24090458015266,0
19175,3.7193343994140617,-2.5094044311523436,-0.7025054565429687,142.67347328244273,23.634240458015267,-249.24090458015266,0
19200,4.262818176269531,-1.2979383911132811,0.33897226562499994,137.3986641221374,110.42813358778626,-249.24090458015266,0
19225,3.7959488525390617,0.4139157958984375,2.2256031738281252,163.67347328244273,144.4968358778626,-249.24090458015266,0
19250,4.205357336425781,1.733120910644531,2.9462578735351563,199.39103053435113,151.2525610687023,-249.24090458015266,0
19275,5.050510522460937,4.316464501953125,3.3341185424804687,217.23072519083968,187.33653053435114,-236.73708778625954,0
19300,4.528574560546875,6.210278015136718,4.507277355957031,235.62003816793893,208.38996564885497,-218.63785114503816,0
19325,3.862986499023437,8.377030517578124,5.247085668945312,250.6047709923664,184.16095801526717,-194.52334732824428,0
19350,3.6068069213867178,9.581313952636718,5.706772387695312,250.6047709923664,202.8556145038168,-168.13403435114503,0
19375,2.83347978515625,11.039382763671874,7.421020776367187,250.6047709923664,245.7029427480916,-123.2180038167939,0
19400,2.9292478515625,12.399289306640624,8.177588500976562,250.6047709923664,227.24492748091603,-65.3477748091603,0
19425,3.2716186889648435,13.51259307861328,8.941338830566405,250.6047709923664,240.16859160305344,3.4537519083969466,0
19450,3.937206750488281,15.166986425781248,9.326805297851562,250.6047709923664,251.55027099236642,86.07207251908397,0
19475,3.039381127929687,15.846939697265624,10.399407641601561,227.74217557251907,251.55027099236642,181.690393129771,0
19501,1.8470687011718745,17.01770430908203,11.407366540527343,179.95591603053435,251.55027099236642,251.02627099236642,0
19526,1.1742980346679683,17.506121447753905,12.886983166503905,118.88721374045801,251.55027099236642,251.02627099236642,0
19551,0.233376782226562,16.778284143066404,13.3251220703125,69.61240458015267,240.20675954198472,251.02627099236642,0
19576,-1.2079326171875002,17.27388388671875,13.16471055908203,3.13912213740458,210.13042366412213,251.02627099236642,0
19601,-2.1081524414062502,14.82700979003906,13.382582910156248,-92.83797709923665,241.32126335877862,251.02627099236642,0
19626,-2.756981091308594,10.239719409179687,14.53658811035156,-213.7540076335878,251.55027099236642,251.02627099236642,0
19651,-5.543831823730469,6.4856112060546875,13.4783509765625,-249.66240458015267,251.55027099236642,251.02627099236642,0
19676,-7.691430712890625,2.630946533203125,12.37941241455078,-249.66240458015267,251.55027099236642,245.8735992366412,0
19701,-9.242873388671875,-0.9340197387695313,10.804027722167968,-249.66240458015267,251.55027099236642,141.00337022900763,0
19726,-10.576443713378906,-1.7887497314453125,8.292510180664062,-249.66240458015267,251.55027099236642,29.652225190839694,0
19751,-10.483069848632812,-1.9850742675781248,6.911055822753905,-249.66240458015267,251.55027099236642,-68.81342366412214,0
19776,-9.817481787109376,-2.447155187988281,5.5343898681640615,-249.66240458015267,251.55027099236642,-140.3325076335878,0
19801,-9.02978944091797,-2.552500061035156,3.4849532470703126,-249.66240458015267,134.42813358778628,-178.3325076335878,0
19826,-7.966763903808594,-3.072041821289062,0.291088232421875,-249.66240458015267,144.3823320610687,-203.0653320610687,0
19851,-7.39454970703125,-2.7799492187499997,-0.2595781494140625,-249.66240458015267,166.15332442748092,-224.05769847328244,0
19877,-5.270892834472656,-3.845368957519531,-0.020157983398437503,-210.2959923664122,159.91668320610688,-235.79052290076336,0
19902,-3.302859069824219,-3.5365169433593744,-1.3800645263671873,-148.58606870229008,136.80217938931298,-245.4241106870229,0
19927,-2.4337638671875004,-3.4575082885742185,-2.057623596191406,-101.12041984732825,134.99301908396947,-249.24090458015266,0
19952,-1.5933990844726564,-3.749600891113281,-1.4686499877929686,-66.69293893129772,184.06172137404582,-249.24090458015266,0
19977,0.14957972412109344,-3.672986437988281,-1.02093427734375,-4.670038167938932,153.7029427480916,-249.24090458015266,0
20002,0.6092664428710934,-3.7639661010742183,-0.7360242797851563,46.1925572519084,150.1380572519084,-243.5004465648855,0
20027,1.8566455078125,-2.552500061035156,-0.3936534423828125,92.91774809160304,152.95485114503816,-234.85922519083968,0
20052,2.9364304565429684,-1.4415904907226562,-0.22845352783203124,135.681106870229,157.3823320610687,-226.8744923664122,0
20077,3.396117175292968,-1.0154225952148437,0.9806183105468749,176.72690839694656,165.55027099236642,-217.4775458015267,0
20102,3.8031314575195303,-0.25406646728515625,2.146594519042969,216.8719465648855,172.59607251908398,-206.05006488549617,0
20127,4.2676065795898435,1.2063965454101562,2.8887970336914064,250.6047709923664,173.1762251908397,-193.20273664122138,0
20152,4.497449938964843,3.128940478515625,3.8225356811523437,250.6047709923664,185.9853854961832,-180.6302175572519,0
20178,3.621172131347656,5.305269787597656,4.7850047485351554,250.6047709923664,208.48156870229008,-163.71418702290077,0
20203,3.6690561645507804,7.740172875976563,5.62536953125,250.6047709923664,214.9319503816794,-141.75235496183205,0
20228,3.750459020996093,9.01149395751953,5.393131970214843,250.6047709923664,222.93958396946564,-117.81342366412214,0
20253,2.8550276000976558,10.151133947753905,5.318911718749999,250.6047709923664,239.4586679389313,-77.52334732824427,0
20279,0.9348778686523436,11.920448974609373,6.278986584472656,250.6047709923664,251.55027099236642,-18.019530534351144,0
20304,-0.21433892822265666,14.460696936035154,7.921408923339843,250.6047709923664,251.55027099236642,51.759095419847334,0
20329,-0.21433892822265666,16.680121874999998,9.614109497070311,250.6047709923664,251.55027099236642,116.06443893129772,0
20354,-0.7099386718750003,17.92989514160156,9.518341430664062,250.6047709923664,251.55027099236642,170.03390458015267,0
20379,-0.9828776611328127,19.249100256347653,7.660440942382812,250.6047709923664,251.55027099236642,223.11787404580153,0
20404,-0.31010699462890656,19.45739580078125,7.274974475097656,204.4520992366412,251.55027099236642,251.02627099236642,0
20429,-0.9421762329101566,19.74410144958496,11.012323266601562,83.3604961832061,251.55027099236642,251.02627099236642,0
20454,-1.1768079956054691,19.263465466308592,13.75128996582031,-3.502099236641221,251.55027099236642,251.02627099236642,0
20479,-1.579033874511719,17.384017163085936,13.961979711914061,-78.95248091603054,237.26019465648855,251.02627099236642,0
20504,-2.68276083984375,14.544493994140623,13.86621164550781,-168.4868320610687,220.03882061068703,251.02627099236642,0
20529,-3.2597634399414064,10.653916296386717,14.12239122314453,-249.66240458015267,207.24492748091603,251.02627099236642,0
20554,-4.648400402832031,8.274079846191405,12.556583337402342,-249.66240458015267,209.56553816793894,251.02627099236642,0
20579,-5.876625854492188,5.1903481079101565,10.650798815917968,-249.66240458015267,239.2907290076336,251.02627099236642,0
20604,-7.224561389160156,1.5080659545898436,9.422573364257811,-249.66240458015267,251.55027099236642,180.484286259542,0
20629,-7.689036511230468,-1.0417588134765625,8.83599395751953,-249.66240458015267,251.55027099236642,78.68275954198474,0
20655,-8.184636254882811,-1.1375268798828124,6.951757250976562,-249.66240458015267,220.0464541984733,-10.737087786259542,0
20680,-7.940427685546875,-1.3170920043945311,4.950204663085937,-249.66240458015267,164.5884389312977,-78.84395801526718,0
20705,-7.061755676269531,-2.3657523315429683,3.8009878662109373,-249.66240458015267,105.6647748091603,-121.309606870229,0
20730,-6.329129968261719,-3.376105432128906,2.9271042602539064,-249.66240458015267,79.64950763358779,-153.60731679389312,0
20755,-5.529466613769531,-3.7926965209960932,-0.003398571777343755,-249.66240458015267,99.58843893129772,-179.27907251908397,0
20780,-4.545449731445313,-4.4271599609375,-1.2100762084960937,-212.15858778625955,161.3059961832061,-197.6683854961832,0
20805,-3.056256298828125,-4.815020629882812,0.16658974609375,-154.53263358778628,162.74874427480916,-208.897393129771,0
20830,-2.0650568115234376,-3.854945764160156,-0.16620428466796874,-80.33416030534352,92.54263740458016,-215.9355610687023,0
20855,-2.4553116821289063,-4.661791723632812,-0.130291259765625,-39.85324427480916,94.55027099236642,-222.50808015267177,0
20880,-1.2653934570312502,-4.314632482910156,-0.29549117431640626,-16.265458015267175,137.27546183206107,-228.4012099236641,0
20905,0.4033651000976559,-2.597989892578125,-0.48463310546874994,13.61240458015267,152.60370610687022,-239.67601908396946,0
20930,0.8175619873046873,-2.0209872924804686,0.9135806640624999,53.635305343511455,136.00065267175572,-249.24090458015266,0
20955,1.724964416503906,-1.7791729248046875,0.9351284790039062,92.2841603053435,138.19912595419848,-249.24090458015266,0
20980,2.7089812988281246,-1.4104658691406249,1.2152500732421874,123.94828244274808,159.4434007633588,-249.24090458015266,0
21005,2.254082983398437,0.5767215087890625,2.4506581298828127,152.0398854961832,187.84798091603054,-245.2332709923664,0
21031,3.0250159179687497,2.5998219116210937,3.30778232421875,187.23835877862595,195.3975992366412,-233.55388167938932,0
21056,4.085647253417968,4.754603405761719,4.052379040527343,218.8490458015267,202.71057633587787,-225.90502671755726,0
21081,2.6946160888671873,7.689894641113281,4.306164416503906,248.78797709923663,214.13042366412213,-214.75235496183205,0
21106,3.5014620483398433,9.250914123535155,5.903096923828125,250.6047709923664,222.33653053435114,-193.30197328244273,0
21131,3.8366502807617184,10.112826721191405,6.9421804443359365,250.6047709923664,228.91668320610688,-151.9355610687023,0
21156,2.941218859863281,11.891718554687499,7.3108875,250.6047709923664,236.7411106870229,-88.05769847328244,0
21181,2.1822569335937496,13.69694660644531,6.829652966308593,250.6047709923664,248.6113396946565,-8.645484732824428,0
21206,1.0019155151367185,15.090371972656248,7.083438342285156,250.6047709923664,251.55027099236642,71.66749236641222,0
21231,-0.36517363281250015,15.676951379394529,8.771350512695312,250.6047709923664,251.55027099236642,152.75909541984734,0
21256,-0.8751385864257815,17.652167749023437,9.719454370117187,250.6047709923664,251.55027099236642,230.99573664122138,0
21281,0.21661737060546837,18.221987744140623,9.482428405761718,216.34522900763358,251.55027099236642,251.02627099236642,0
21306,-0.3915098510742192,19.74410144958496,11.033871081542967,119.13912213740457,251.55027099236642,251.02627099236642,0
21331,-1.6819845458984377,19.74410144958496,13.37540030517578,6.856679389312977,251.55027099236642,251.02627099236642,0
21356,-3.0514678955078125,17.55400548095703,14.25646651611328,-89.47156488549619,251.55027099236642,251.02627099236642,0
21381,-3.7026907470703128,14.75039533691406,15.278790625,-186.99064885496185,251.55027099236642,251.02627099236642,0
21407,-4.0091485595703125,11.90368956298828,15.235694995117186,-249.66240458015267,251.55027099236642,251.02627099236642,0
21432,-6.384196606445313,8.001140856933594,13.100067114257811,-249.66240458015267,251.55027099236642,251.02627099236642,0
21457,-8.175059448242187,3.9693052612304687,11.5629896484375,-249.66240458015267,251.55027099236642,198.3697824427481,0
21482,-9.606792041015625,0.2702636962890625,9.963662939453124,-249.66240458015267,251.55027099236642,103.85069847328245,0
21507,-9.609186242675781,-1.76480771484375,9.314834289550781,-249.66240458015267,251.55027099236642,14.209477099236642,0
21532,-9.939586071777343,-0.0840781494140625,6.937392041015625,-249.66240458015267,204.26019465648855,-60.14166793893129,0
21557,-10.241255480957031,-1.3865238525390624,4.073926855468749,-249.66240458015267,143.32126335877862,-111.24090458015267,0
21582,-9.264421203613281,-3.7184762695312497,3.279051904296875,-249.66240458015267,158.68004198473284,-148.7065534351145,0
21607,-7.909303063964844,-3.3018851806640623,1.2056732666015624,-249.66240458015267,149.01591984732823,-180.11113358778627,0
21632,-7.542990209960937,-3.895647192382812,0.06363907470703124,-236.0135496183206,154.67240839694657,-202.92029389312978,0
21657,-5.699454931640625,-4.278719458007812,0.9878009155273437,-176.26545801526717,156.8556145038168,-215.5920496183206,0
21682,-4.219838305664062,-4.089577526855468,-0.6258910034179688,-105.10515267175573,112.47393511450382,-222.88975954198472,0
21707,-3.5590386474609375,-4.573206262207031,-1.4279485595703125,-51.47156488549618,86.61897328244275,-227.0805992366412,0
21732,-2.7641636962890628,-4.477438195800781,-1.8900294799804687,-17.532633587786258,105.45103435114504,-226.92792748091603,0
21758,-2.019566979980469,-4.226047021484375,-0.5277287353515625,13.368129770992367,131.07698854961833,-224.94319465648854,0
21783,-1.215115222167969,-4.012963073730468,-0.003398571777343755,56.5513358778626,126.48156870229008,-222.79052290076336,0
21808,0.6715156860351557,-2.8134680419921874,0.0947636962890625,98.52843511450381,117.3059961832061,-224.84395801526716,0
21833,1.2628834960937496,-2.4615203979492186,0.29348243408203123,129.887213740458,127.0998893129771,-225.9126603053435,0
21858,1.9619903808593744,-2.0185930908203122,0.7411981445312499,162.17729007633588,132.92431679389313,-221.86685877862595,0
21883,2.4264655029296867,-0.9100777221679688,1.6773309936523437,189.06278625954198,152.80217938931298,-214.0653320610687,0
21908,2.493503149414062,0.57193310546875,2.6613478759765625,216.09332061068702,169.4434007633588,-200.85922519083968,0
21933,3.0657173461914056,2.0707033447265624,3.7171908081054688,241.78034351145038,185.3823320610687,-183.54624809160305,0
21958,3.805525659179687,4.065073327636719,4.413903491210937,250.6047709923664,202.78691221374046,-165.7447213740458,0
21983,3.2548592773437495,6.782492211914063,4.626987438964843,250.6047709923664,195.09225572519085,-148.71418702290077,0
22008,2.007480212402343,7.740172875976563,5.788175244140624,250.6047709923664,222.57317175572518,-127.21037022900762,0
22033,0.9540314819335936,8.76249698486328,8.230260937499999,250.6047709923664,251.0998893129771,-87.05006488549618,0
22058,2.0577584472656243,11.16388125,9.439332775878906,250.6047709923664,251.55027099236642,-39.20273664122137,0
22083,2.4504075195312494,12.607584851074217,10.267726550292968,250.6047709923664,227.90141603053436,9.583522900763358,0
22108,0.5877186279296871,13.045723754882811,10.054642602539062,250.6047709923664,232.26019465648855,71.35451526717557,0
22134,-1.1696253906250003,14.611531640624998,10.507146716308593,248.41393129770992,251.55027099236642,147.85069847328245,0
22159,-1.3348253051757815,15.65779776611328,11.36427091064453,203.5131679389313,251.55027099236642,226.0644389312977,0
22184,-2.124911853027344,16.457461120605466,12.367441406249998,144.9864503816794,251.55027099236642,251.02627099236642,0
22209,-2.565444958496094,16.682516076660153,13.0186642578125,75.26125954198473,251.55027099236642,251.02627099236642,0
22234,-3.676354528808594,17.06079993896484,14.091266601562499,-3.7921755725190835,251.55027099236642,251.02627099236642,0
22259,-5.2110377929687495,16.929118847656248,15.594825244140624,-70.89904580152673,223.09225572519085,251.02627099236642,0
22284,-5.287652246093749,15.492597851562499,15.783967175292968,-134.58606870229008,182.71820992366412,251.02627099236642,0
22309,-5.273287036132812,13.115155603027342,14.756854663085937,-218.0364503816794,176.96248473282444,251.02627099236642,0
22334,-6.6906544189453125,8.748131774902342,13.79677979736328,-249.66240458015267,212.77164503816795,251.02627099236642,0
22359,-8.318711547851564,5.6620058349609375,12.178299475097655,-249.66240458015267,251.55027099236642,228.56825572519085,0
22384,-10.023383129882813,2.475323425292969,10.610097387695312,-249.66240458015267,251.55027099236642,137.7819961832061,0
22409,-11.265973791503907,-0.6969937744140625,9.271738659667967,-249.66240458015267,251.55027099236642,34.45375190839695,0
22434,-11.452721520996093,-0.9459907470703124,7.909437915039062,-249.66240458015267,251.55027099236642,-67.04243129770992,0
22459,-11.203724548339842,0.12421739501953125,5.045972729492187,-249.66240458015267,236.1380572519084,-149.82869083969464,0
22485,-10.291533715820313,-1.7049526733398437,3.554385095214844,-249.66240458015267,145.2372938931298,-198.07296564885496,0
22510,-8.776004064941407,-3.4072300537109372,1.7156382202148437,-249.66240458015267,123.43576717557252,-225.1264007633588,0
22535,-7.851842224121094,-2.679392749023437,-0.14944487304687498,-249.66240458015267,146.13042366412213,-244.99662977099237,0
22560,-6.910920971679688,-3.3138561889648432,0.0947636962890625,-237.25782442748093,155.1914923664122,-249.24090458015266,0
22585,-4.492777294921876,-3.5341227416992185,-0.3385868041992187,-169.19675572519085,128.67240839694657,-249.24090458015266,0
22610,-2.795288317871094,-3.483844506835937,-1.0137516723632811,-115.2043893129771,117.38996564885497,-249.24090458015266,0
22635,-2.141671264648438,-3.9483196289062494,-2.7639130859375,-73.76164122137405,135.07698854961833,-249.24090458015266,0
22660,-1.5335440429687504,-3.878887780761718,-2.265919140625,-39.234923664122135,170.6113396946565,-242.39357633587787,0
22685,-0.16406069335937534,-3.419201062011718,-1.068818310546875,9.184923664122136,162.76401145038167,-231.2180038167939,0
22710,1.2509124877929683,-3.280337365722656,-0.5636417602539062,61.520801526717555,140.99301908396947,-219.05006488549617,0
22735,1.8303092895507804,-2.8541694702148432,-0.6785634399414062,104.82614503816794,138.22202671755727,-205.6836526717557,0
22760,1.6770803833007806,-2.5309522460937495,0.2982708374023437,137.4520992366412,160.09225572519085,-188.16456870229007,0
22785,2.2397177734374996,-1.7217120849609375,1.107510998535156,169.16202290076336,181.2907290076336,-169.309606870229,0
22810,2.6491262573242187,-0.3665939453125,1.9766062011718748,202.65057251908397,193.36706488549618,-154.00426335877862,0
22835,2.629972644042968,1.0555618408203125,3.049208544921875,234.1925572519084,202.4205,-142.7294541984733,0
22861,2.704192895507812,2.1784424194335936,4.157723913574218,250.6047709923664,204.68767557251908,-131.52334732824428,0
22886,2.850239196777343,3.6580590454101563,4.761062731933594,250.6047709923664,206.46630152671756,-123.22563740458016,0
22911,2.534204577636718,5.9995882690429685,5.448198608398437,250.6047709923664,212.07698854961833,-114.92029389312977,0
22936,1.7584832397460932,7.711442456054687,6.286169189453124,250.6047709923664,225.55790458015267,-102.9508282442748,0
22961,1.3778051757812495,9.75130227050781,7.622133715820312,250.6047709923664,245.63424045801528,-81.67601908396946,0
22986,0.9037532470703122,11.633144775390624,9.408208154296874,250.6047709923664,251.55027099236642,-46.76762213740458,0
23011,0.635602661132812,13.49343946533203,10.148016467285155,250.6047709923664,251.55027099236642,6.094973282442748,0
23036,-0.26461716308593797,14.870105419921874,9.769732604980469,250.6047709923664,251.55027099236642,72.11787404580153,0
23061,-1.1169529541015628,15.904400537109373,9.815222436523436,250.6047709923664,251.55027099236642,144.14077480916032,0
23086,-1.9549235351562504,17.1781158203125,9.81282823486328,216.45973282442748,251.55027099236642,215.9728358778626,0
23111,-2.2541987426757815,17.889193713378905,9.942115124511718,152.4902671755725,251.55027099236642,251.02627099236642,0
23136,-3.1999083984375,17.958625561523437,10.667558227539061,69.8337786259542,251.55027099236642,251.02627099236642,0
23161,-3.446511169433594,18.257900769042966,11.74734317626953,-20.921946564885495,251.55027099236642,251.02627099236642,0
23186,-4.7776872924804685,17.71920539550781,15.00345743408203,-91.21202290076336,251.55027099236642,251.02627099236642,0
23212,-5.464823168945312,15.471050036621092,16.1981640625,-118.31125954198474,177.68004198473284,251.02627099236642,0
23237,-6.4081386230468755,13.967491394042968,14.392936010742186,-163.9601145038168,151.19912595419848,251.02627099236642,0
23262,-6.853460131835938,11.063324780273437,13.327516271972655,-237.76927480916032,155.74874427480916,251.02627099236642,0
23287,-7.416097521972656,7.761720690917969,11.261320239257811,-249.66240458015267,180.73347709923664,251.02627099236642,0
23312,-7.942821887207031,4.311676098632812,9.836770251464843,-249.66240458015267,236.97011832061068,237.7285610687023,0
23337,-9.343429858398437,0.5264432739257812,7.9549277465820305,-249.66240458015267,251.55027099236642,129.04917175572518,0
23362,-9.843818005371094,-2.0401409057617186,7.2606092651367184,-249.66240458015267,251.55027099236642,9.194209923664122,0
23387,-10.56686690673828,-1.5158107421875,4.957387268066405,-249.66240458015267,251.55027099236642,-103.58441603053434,0
23412,-9.669041284179688,-2.18618720703125,3.834506689453125,-249.66240458015267,231.00065267175572,-179.00426335877862,0
23437,-8.4479984375,-2.7296709838867184,3.0085071166992186,-249.66240458015267,118.71057633587786,-214.92029389312978,0
23462,-7.770439367675781,-3.5053923217773435,0.5185373901367187,-249.66240458015267,131.33653053435114,-234.35540839694656,0
23487,-6.202237280273438,-4.391246936035156,-0.5373055419921875,-249.66240458015267,184.26019465648855,-249.24090458015266,0
23512,-5.048232080078125,-3.040917199707031,-0.6211026000976563,-213.8456106870229,182.52737022900763,-249.24090458015266,0
23537,-2.5534739501953125,-3.730447277832031,-1.5763890624999999,-143.8837786259542,172.97011832061068,-249.24090458015266,0
23562,-1.4689005981445316,-4.159009374999999,-1.451890576171875,-95.50209923664123,190.11515648854962,-249.24090458015266,0
23588,-0.7027560668945316,-3.550882153320312,-0.98262705078125,-39.57843511450382,180.56553816793894,-243.48517938931298,0
23613,0.7098229125976561,-3.0097925781249995,-0.8820705810546875,16.604770992366415,173.97011832061068,-231.84395801526716,0
23638,1.6579267700195306,-2.636297119140625,-0.24760714111328125,65.62767175572519,183.26782824427482,-216.6836526717557,0
23663,2.120007690429687,-2.3657523315429683,0.4682591552734374,111.97118320610686,194.71057633587787,-198.1798358778626,0
23688,2.400129284667968,-1.8845177978515626,1.6749367919921874,157.681106870229,203.33653053435114,-173.16456870229007,0
23713,3.1040245727539055,-0.8262806640625,2.6709246826171875,199.0017175572519,212.99301908396947,-148.1035,0
23738,3.2309172607421868,0.7874112548828124,3.7147966064453124,235.17729007633588,218.2372938931298,-128.65311832061067,0
23763,2.809537768554687,2.5423610717773437,4.962175671386718,250.6047709923664,215.0998893129771,-114.36304198473282,0
23788,2.6156074340820306,3.9788820678710937,6.1353344848632805,250.6047709923664,215.75637786259543,-104.23327099236641,0
23813,2.7329233154296872,5.424979870605469,6.748250109863281,250.6047709923664,198.8174465648855,-93.9508282442748,0
23838,1.966778784179687,7.036277587890625,5.982105578613281,250.6047709923664,185.16095801526717,-82.37830916030534,0
23863,1.133596606445312,8.11845673828125,6.314899609374999,250.6047709923664,224.8937824427481,-61.01953053435114,0
23888,-0.4657301025390628,10.412101928710936,8.194347912597655,250.6047709923664,251.55027099236642,-18.897393129770993,0
23913,-1.3180658935546878,13.514987280273436,10.399407641601561,250.6047709923664,251.55027099236642,36.064438931297715,0
23938,-1.3084890869140628,15.583577514648436,10.696288647460937,250.6047709923664,251.55027099236642,89.71329389312977,0
23964,-2.5295319335937503,16.249165576171873,10.284485961914061,250.6047709923664,251.55027099236642,148.2552786259542,0
23989,-3.2908880615234377,16.069600451660154,9.88944268798828,238.9635496183206,251.55027099236642,216.5224541984733,0
24014,-3.362714111328125,17.527669262695312,10.710653857421875,173.09332061068702,251.55027099236642,251.02627099236642,0
24039,-2.3619378173828127,18.099883459472654,11.59411427001953,89.29179389312976,251.55027099236642,251.02627099236642,0
24064,-4.150406457519532,17.992144384765623,13.042606274414062,0.940648854961832,251.55027099236642,251.02627099236642,0
24089,-5.1344233398437495,18.00650959472656,14.25646651611328,-76.08225190839696,239.33653053435114,251.02627099236642,0
24114,-5.215826196289063,16.6418146484375,14.510251892089842,-142.112786259542,190.3059961832061,251.02627099236642,0
24139,-5.63241728515625,13.728071228027343,13.382582910156248,-209.76164122137405,151.6495076335878,251.02627099236642,0
24164,-5.548620227050781,10.309151257324217,12.626015185546875,-249.66240458015267,132.94721755725192,251.02627099236642,0
24189,-6.1112576171874995,7.531877331542969,10.722624865722656,-249.66240458015267,153.31362977099238,251.02627099236642,0
24214,-7.334694665527343,4.6133455078125,9.808039831542969,-249.66240458015267,209.60370610687022,224.2705458015267,0
24239,-7.3107526489257815,1.273434191894531,8.163223291015624,-249.66240458015267,251.55027099236642,128.7667290076336,0
24264,-8.804734484863282,-1.6762222534179687,6.587838598632812,-249.66240458015267,251.55027099236642,26.804896946564885,0
24289,-9.147105322265624,-3.878887780761718,5.737897009277344,-249.66240458015267,251.55027099236642,-57.622583969465644,0
24314,-8.984299609375,-3.0840128295898435,3.9063327392578127,-249.66240458015267,251.55027099236642,-131.77525572519085,0
24341,-8.318711547851564,-4.333786096191406,2.8289419921875,-249.66240458015267,251.55027099236642,-190.03479770992365,0
24366,-7.028236853027344,-5.028104577636718,2.635011657714844,-249.66240458015267,177.18385877862596,-222.25617175572518,0
24391,-6.482358874511719,-3.6155255981445307,0.19771436767578124,-249.66240458015267,173.3059961832061,-245.03479770992365,0
24416,-5.392997119140626,-3.8884645874023436,-0.9993864624023437,-216.64713740458015,227.41286641221373,-249.24090458015266,0
24441,-3.446511169433594,-4.48462080078125,-0.14705067138671873,-162.51736641221373,251.55027099236642,-249.24090458015266,0
24466,-1.4880542114257815,-4.082394921874999,-0.0488884033203125,-85.37996183206107,234.08462213740458,-249.24090458015266,0
24492,-0.8751385864257815,-3.012186779785156,-0.2308477294921875,-15.891412213740457,199.90141603053436,-249.24090458015266,0
24517,0.29562602539062466,-3.1917519042968747,-0.06325361328125,38.00935114503817,188.92431679389313,-247.82869083969464,0
24542,1.3466805541992182,-3.4670850952148435,0.48023016357421866,85.94828244274808,173.71820992366412,-234.80579007633588,0
24567,2.3139380249023436,-2.1167553588867185,0.9542820922851561,127.72690839694656,165.16095801526717,-219.31724045801528,0
24592,2.0505758422851557,-1.506233935546875,2.1633539306640626,158.6429389312977,175.71057633587787,-200.1035,0
24617,2.3713988647460935,-0.7257241943359375,2.8648550170898437,190.13148854961833,189.09225572519085,-173.71418702290077,0
24642,2.5222335693359366,1.2111849487304687,3.9542167724609376,219.0398854961832,204.66477480916032,-149.34014122137404,0
24667,1.8997411376953117,2.6860131713867186,4.787398950195312,250.6047709923664,191.68004198473284,-126.79815648854961,0
24692,2.3881582763671867,4.187177612304687,5.697195581054687,250.6047709923664,198.96248473282444,-108.7065534351145,0
24717,2.0386048339843743,5.927762219238281,6.496858935546874,250.6047709923664,214.06172137404582,-92.18746946564885,0
24742,0.824744592285156,7.54384833984375,6.968516662597656,250.6047709923664,211.65714122137405,-71.31724045801526,0
24767,1.1575386230468747,9.68187042236328,7.219907836914062,250.6047709923664,236.214393129771,-48.21800381679389,0
24792,0.07775367431640579,11.044171166992186,7.5407308593749995,250.6047709923664,251.55027099236642,-15.996629770992367,0
24817,-1.3851035400390628,12.523787792968749,8.448133288574217,250.6047709923664,251.55027099236642,32.34688167938931,0
24842,-2.4912247070312503,14.33619844970703,9.063443115234374,250.6047709923664,251.55027099236642,90.23237786259543,0
24868,-3.592557470703125,15.526116674804685,10.555030749511717,250.6047709923664,251.55027099236642,157.88886641221373,0
24893,-3.6667777221679687,16.78067834472656,11.855082250976562,246.17729007633588,251.55027099236642,231.58352290076337,0
24918,-2.0028075683593753,17.16375061035156,11.443279565429686,209.94828244274808,251.55027099236642,251.02627099236642,0
24943,-3.7386037719726564,18.111854467773437,9.532706640625,129.06278625954198,251.55027099236642,251.02627099236642,0
24968,-3.8607080566406253,18.93306563720703,9.805645629882811,19.66583969465649,251.55027099236642,251.02627099236642,0
24993,-4.9476756103515624,18.87560479736328,11.761708386230469,-92.7158396946565,251.55027099236642,251.02627099236642,0
25018,-6.058585180664062,17.269095483398434,13.042606274414062,-191.02118320610688,251.55027099236642,251.02627099236642,0
25043,-6.989929626464844,13.184587451171874,14.50546348876953,-249.66240458015267,202.99301908396947,251.02627099236642,0
25068,-7.042602062988281,10.335487475585936,13.95000870361328,-249.66240458015267,183.32126335877862,251.02627099236642,0
25093,-7.308358447265625,8.374636315917968,12.350681994628905,-249.66240458015267,204.2525610687023,251.02627099236642,0
25118,-8.58207373046875,4.476876013183594,10.78966251220703,-249.66240458015267,234.7945458015267,196.484286259542,0
25143,-9.108798095703126,1.2758283935546875,9.089779333496093,-249.66240458015267,251.55027099236642,88.00337022900764,0
25168,-10.202948254394531,-2.3346277099609374,7.4856642211914055,-249.66240458015267,251.55027099236642,-13.416477099236642,0
25193,-10.006623718261718,-2.7991028320312497,5.8145114624023435,-249.66240458015267,250.7411106870229,-101.4622786259542,0
25218,-9.549331201171874,-2.4615203979492186,3.63339375,-249.66240458015267,251.55027099236642,-179.97372900763358,0
25243,-9.120769104003905,-2.715305773925781,2.275881408691406,-249.66240458015267,235.06935496183206,-235.67601908396946,0
25269,-7.538201806640625,-2.7895260253906247,1.1386356201171874,-249.66240458015267,181.4205,-249.24090458015266,0
25294,-5.522284008789063,-3.263577954101562,0.3174244506835937,-223.6166030534351,137.5884389312977,-249.24090458015266,0
25319,-4.746562670898438,-4.029722485351562,-0.5923721801757812,-179.25782442748093,171.16095801526717,-249.24090458015266,0
25344,-3.994783349609375,-3.500603918457031,-0.75278369140625,-141.81507633587788,227.7258435114504,-249.24090458015266,0
25369,-1.7538105957031251,-3.024157788085937,0.4323461303710937,-77.0364503816794,196.14569083969465,-249.24090458015266,0
25394,0.12324350585937482,-3.4168068603515622,0.3174244506835937,-15.189122137404581,162.0998893129771,-249.24090458015266,0
25419,0.326750646972656,-3.433566271972656,0.4179809204101562,27.436832061068703,177.2372938931298,-249.24090458015266,0
25444,0.5781418212890621,-3.213299719238281,1.7300034301757812,73.52080152671755,165.33653053435114,-249.24090458015266,0
25469,2.359427856445312,-2.6291145141601557,2.23517998046875,118.67347328244274,144.3059961832061,-240.7447213740458,0
25494,2.720952307128906,-1.6187614135742188,2.3716494750976564,155.8719465648855,131.47393511450383,-221.85922519083968,0
25519,2.5413871826171874,-0.682628564453125,2.730779724121094,177.71164122137404,160.7411106870229,-196.20273664122138,0
25544,2.981920288085937,1.0148604125976561,3.209620056152344,194.3757633587786,198.29836259541986,-167.50808015267177,0
25569,3.017833312988281,3.1049984619140627,4.042802233886718,210.43683206106869,233.14569083969465,-141.4241106870229,0
25594,2.7496827270507804,4.699536767578125,5.237508862304687,231.71164122137404,247.24492748091603,-115.30197328244275,0
25619,2.5222335693359366,6.181547595214844,6.21194893798828,250.6047709923664,249.3441641221374,-87.50808015267175,0
25645,1.6172253417968747,7.539059936523437,7.083438342285156,250.6047709923664,251.55027099236642,-54.19510305343511,0
25670,0.645179467773437,8.891783874511718,7.258215063476562,250.6047709923664,251.55027099236642,-15.500446564885497,0
25695,-1.6771961425781252,10.550965624999998,7.478481616210937,250.6047709923664,251.55027099236642,29.690393129770992,0
25720,-2.788105712890625,12.083254687499998,8.40264345703125,250.6047709923664,251.55027099236642,83.3316145038168,0
25745,-2.4936189086914062,13.663427783203124,9.06583731689453,250.6047709923664,251.55027099236642,134.82779770992366,0
25770,-4.016331164550781,14.666598278808593,9.166393786621093,250.6047709923664,251.55027099236642,182.02627099236642,0
25795,-4.339548388671875,15.439925415039061,9.209489416503905,248.36812977099237,251.55027099236642,240.75909541984734,0
25820,-3.7649399902343754,17.50372724609375,9.752973193359374,211.44446564885496,251.55027099236642,251.02627099236642,0
25845,-2.18476689453125,19.399934960937497,10.16477587890625,133.44446564885496,251.55027099236642,251.02627099236642,0
25870,-4.198290490722656,18.743923706054687,11.251743432617186,32.955916030534354,251.55027099236642,251.02627099236642,0
25895,-5.1727305664062495,17.5611880859375,12.362653002929687,-69.31125954198474,251.55027099236642,251.02627099236642,0
25920,-5.160759558105468,17.16853901367187,13.897336267089843,-145.55553435114504,216.1227900763359,251.02627099236642,0
25945,-5.313988464355469,15.605125329589843,13.181469970703123,-217.92958015267178,190.43576717557252,251.02627099236642,0
25970,-5.124846533203125,10.383371508789061,12.649957202148437,-249.66240458015267,171.97775190839695,251.02627099236642,0
25995,-6.45602265625,6.842347253417969,12.084925610351561,-249.66240458015267,178.28309541984734,251.02627099236642,0
26020,-7.365819287109375,4.376319543457031,10.076190417480468,-249.66240458015267,226.66477480916032,198.53772137404582,0
26046,-8.019436340332032,2.3580075439453125,9.061048913574218,-249.66240458015267,251.55027099236642,108.66749236641222,0
26071,-8.69699541015625,-0.8430400756835937,8.56784337158203,-249.66240458015267,251.55027099236642,18.614057251908395,0
26096,-9.281180615234375,-2.313079895019531,6.238285156249999,-249.66240458015267,251.55027099236642,-63.416477099236644,0
26121,-9.190200952148437,-2.801497033691406,5.280604492187499,-249.66240458015267,240.52737022900763,-133.40884351145039,0
26146,-8.677841796875,-2.9140245117187495,4.516854162597656,-249.66240458015267,162.52737022900763,-180.50808015267177,0
26171,-7.387367102050781,-4.216470214843749,2.3931972900390623,-249.66240458015267,155.22202671755727,-211.85159160305344,0
26196,-6.362648791503906,-3.6969284545898433,0.8130241943359374,-249.66240458015267,195.06935496183206,-238.75235496183205,0
26221,-5.141605944824219,-4.2667484497070305,0.2958766357421875,-222.525,180.03882061068703,-249.24090458015266,0
26246,-4.021119567871094,-4.242806433105469,0.2575694091796875,-152.56316793893131,146.76401145038167,-249.24090458015266,0
26271,-2.402639245605469,-4.8461452514648435,-0.4989983154296874,-103.7158396946565,153.88614885496185,-249.24090458015266,0
26296,-1.109770349121094,-3.771148706054687,-0.0776188232421875,-52.99064885496183,137.3288969465649,-249.24090458015266,0
26321,0.6236316528320307,-3.0552824096679685,0.010966638183593745,-14.36469465648855,163.06935496183206,-249.24090458015266,0
26347,1.6052543334960934,-3.900435595703125,-0.25718394775390624,38.03225190839695,120.69530916030534,-249.24090458015266,0
26372,1.5406108886718748,-4.029722485351562,-0.015369580078125,65.72690839694656,126.64950763358779,-249.24090458015266,0
26397,2.534204577636718,-3.040917199707031,0.5185373901367187,92.0398854961832,144.1914923664122,-246.48517938931298,0
26422,3.1830332275390623,-2.1742161987304685,1.107510998535156,122.95591603053434,138.08462213740458,-224.2867061068702,0
26447,3.4990678466796865,-1.5158107421875,1.7300034301757812,142.23072519083968,172.13042366412213,-193.95846183206106,0
26472,3.1638796142578123,0.38997377929687493,3.2168026611328124,159.87958015267176,224.96248473282444,-159.59968320610687,0
26497,3.5014620483398433,2.317306115722656,4.009283410644531,187.44446564885496,233.58080534351146,-129.30197328244273,0
26522,3.523009863281249,3.356389636230469,5.546360876464843,214.63530534351145,234.91668320610688,-104.58441603053434,0
26547,3.434424401855468,4.5175774414062495,6.5662907836914055,241.62003816793893,227.1914923664122,-82.28670610687023,0
26572,2.3737930664062494,6.272527258300781,6.829652966308593,250.6047709923664,231.5884389312977,-60.477545801526716,0
26598,1.648349963378906,7.467233886718749,7.650864135742187,250.6047709923664,241.56553816793894,-29.653118320610687,0
26623,0.6499678710937498,9.045012780761718,7.658046740722655,250.6047709923664,251.55027099236642,9.667492366412214,0
26648,-1.109770349121094,11.022623352050779,7.897466906738281,250.6047709923664,251.55027099236642,58.392683206106874,0
26673,-2.7402216796875,12.602796447753905,9.50637042236328,242.01698473282443,251.55027099236642,118.56062213740458,0
26698,-2.086604626464844,13.835810302734373,10.282091760253905,237.02461832061067,251.55027099236642,181.68275954198472,0
26723,-3.6356531005859374,14.8796822265625,10.013941174316406,209.7192748091603,251.55027099236642,234.44611832061068,0
26748,-4.413768640136719,14.41281290283203,10.492781506347656,157.63530534351145,251.55027099236642,251.02627099236642,0
26773,-3.9876007446289066,14.762366345214842,12.683476025390624,102.6429389312977,251.55027099236642,251.02627099236642,0
26798,-4.940493005371094,15.633855749511717,14.177457861328124,49.887213740458016,238.0998893129771,251.02627099236642,0
26823,-5.534255017089844,15.030516931152341,13.28681484375,-18.66240458015267,222.6495076335878,251.02627099236642,0
26848,-5.539043420410156,15.30585012207031,13.210200390625,-93.02881679389314,199.19912595419848,251.02627099236642,0
26873,-4.236597717285156,15.720047009277343,13.559753833007811,-151.6166030534351,163.0235534351145,251.02627099236642,0
26898,-5.644388293457031,13.51259307861328,12.841493334960937,-217.4333969465649,159.80981297709923,251.02627099236642,0
26923,-6.807970300292968,8.23337841796875,12.434479052734375,-249.66240458015267,186.68004198473284,251.02627099236642,0
26949,-7.588480041503906,4.318858703613281,11.565383850097655,-249.66240458015267,213.46630152671756,251.02627099236642,0
26974,-9.420044311523437,1.6900252807617187,9.939720922851562,-249.66240458015267,251.55027099236642,205.36214885496184,0
26999,-9.554119604492186,-0.6682633544921875,8.28772177734375,-249.66240458015267,251.55027099236642,83.79726335877864,0
27024,-11.036130432128907,-2.8709288818359373,6.379543054199218,-249.66240458015267,251.55027099236642,-47.79052290076336,0
27049,-10.53574228515625,-3.6969284545898433,4.356442651367187,-249.66240458015267,251.55027099236642,-152.24090458015266,0
27074,-10.406455395507813,-3.6897458496093747,3.1306114013671875,-249.66240458015267,251.55027099236642,-220.59968320610687,0
27099,-9.76241514892578,-3.033734594726562,0.9399168823242187,-249.66240458015267,104.5731717557252,-248.92029389312978,0
27124,-7.763256762695312,-3.742418286132812,-2.0145279663085938,-249.66240458015267,90.84034732824428,-249.24090458015266,0
27149,-7.1072455078125,-5.248371130371093,-1.9139714965820311,-226.98301526717557,196.7411106870229,-249.24090458015266,0
27174,-4.763322082519531,-5.370475415039062,-0.47984470214843744,-169.2425572519084,251.55027099236642,-249.24090458015266,0
27199,-3.5973458740234374,-3.972261645507812,-1.0664241088867188,-74.02118320610687,184.60370610687022,-249.24090458015266,0
27224,-1.7562047973632815,-3.9842326538085935,-1.5883600708007812,-10.402862595419847,167.52737022900763,-249.24090458015266,0
27249,-0.4130576660156251,-4.068029711914062,-1.0568473022460938,29.29179389312977,198.008286259542,-240.17220229007634,0
27274,0.6332084594726557,-3.2947025756835933,-0.23803033447265623,79.5895038167939,178.41286641221373,-227.7065534351145,0
27299,1.0162807250976558,-2.5764420776367185,0.06603327636718749,128.1543893129771,149.83271374045802,-217.2867061068702,0
27325,1.6244079467773433,-2.1263321655273435,-0.020157983398437503,161.00935114503815,156.22966030534351,-208.14930152671755,0
27350,2.5749060058593747,-1.9108540161132812,0.9303400756835937,180.6047709923664,200.75637786259543,-196.57678244274808,0
27375,2.2588713867187495,-1.1087964599609375,2.38840888671875,211.52843511450382,208.2525610687023,-176.03479770992365,0
27400,2.1152192871093742,0.27265789794921874,3.5041068603515626,244.4520992366412,194.5350038167939,-152.82869083969464,0
27425,2.7305291137695304,1.9869062866210936,3.891967529296875,250.6047709923664,206.2372938931298,-133.56914885496184,0
27450,2.4312539062499994,4.158447192382813,4.8209177734374995,250.6047709923664,232.92431679389313,-117.81342366412214,0
27475,1.9260773559570312,5.513565332031249,5.752262219238281,250.6047709923664,229.35943129770993,-99.41647709923664,0
27500,2.1654975219726555,6.698695153808593,6.985276074218749,250.6047709923664,241.7411106870229,-74.98136259541984,0
27525,0.6044780395507807,7.960439428710937,7.344406323242187,250.6047709923664,251.55027099236642,-41.53861450381679,0
27550,-1.875914880371094,10.325910668945312,8.285327575683594,250.6047709923664,251.55027099236642,5.186576335877862,0
27575,-1.8591554687500003,13.170222241210936,9.415390759277344,250.6047709923664,251.55027099236642,58.76672900763359,0
27600,-1.895068493652344,14.846163403320311,10.121680249023436,250.6047709923664,251.55027099236642,110.9728358778626,0
27625,-2.038720593261719,15.17895743408203,10.344341003417968,239.0398854961832,251.55027099236642,176.7819961832061,0
27650,-2.3212363891601564,15.928342553710936,10.267726550292968,187.48263358778627,251.55027099236642,251.02627099236642,0
27675,-2.756981091308594,16.73040010986328,10.614885791015624,117.13912213740457,251.55027099236642,251.02627099236642,0
27701,-5.342718884277344,17.312191113281248,10.715442260742186,45.261259541984735,251.55027099236642,251.02627099236642,0
27726,-6.4847530761718755,17.422324389648434,11.783256201171874,-31.64713740458015,250.06172137404582,251.02627099236642,0
27751,-6.429686437988281,16.50055675048828,12.810368713378905,-94.67003816793894,218.31362977099238,251.02627099236642,0
27776,-6.994718029785156,15.114313989257811,12.11126182861328,-161.34942748091603,201.88614885496185,251.02627099236642,0
27801,-7.607633654785156,12.135927124023436,12.92768459472656,-239.00591603053437,213.84798091603054,251.02627099236642,0
27826,-7.370607690429687,9.1335982421875,13.851846435546873,-249.66240458015267,201.59607251908398,251.02627099236642,0
27851,-8.495882470703124,5.6596116333007815,12.731360058593749,-249.66240458015267,204.22966030534351,251.02627099236642,0
27876,-9.52060078125,1.4625761230468748,10.686711840820312,-249.66240458015267,247.9090496183206,201.8965,0
27901,-10.748826232910154,-0.30434470214843745,8.970069250488281,-249.66240458015267,251.55027099236642,89.75909541984733,0
27926,-10.801498669433592,-3.337798205566406,7.5981916992187495,-249.66240458015267,251.55027099236642,-27.561515267175572,0
27951,-10.564472705078124,-2.9499375366210936,5.527207263183593,-249.66240458015267,251.55027099236642,-132.04243129770992,0
27976,-10.530953881835938,-3.3880764404296873,3.994918200683594,-249.66240458015267,251.55027099236642,-205.57678244274808,0
28001,-9.264421203613281,-4.166191979980469,3.2934171142578124,-249.66240458015267,188.41286641221373,-243.54624809160305,0
28026,-8.16787684326172,-4.357728112792969,2.266304602050781,-249.66240458015267,102.90904961832061,-249.24090458015266,0
28051,-6.982747021484375,-4.831780041503905,0.1330709228515625,-239.79217557251908,139.68767557251908,-249.24090458015266,0
28077,-5.8095882080078125,-4.515745422363281,-1.5213224243164063,-203.74637404580153,209.80217938931298,-249.24090458015266,0
28102,-3.8391602416992185,-5.061623400878906,-0.46069108886718746,-147.56316793893131,212.4968358778626,-249.24090458015266,0
28127,-2.756981091308594,-4.975432141113281,-0.7671489013671875,-80.17385496183206,164.22966030534351,-242.56914885496184,0
28152,-1.607764294433594,-5.250765332031249,-1.6793397338867186,-31.425763358778624,157.9853854961832,-230.03479770992365,0
28177,-0.9062632080078128,-5.28188995361328,-1.471044189453125,0.7040076335877863,207.86324809160305,-217.94319465648854,0
28202,0.36026947021484323,-4.309844079589843,0.20968537597656248,54.32232824427481,190.71820992366412,-202.55388167938932,0
28227,1.3083733276367182,-4.159009374999999,0.6238822631835936,114.30706106870228,130.8403473282443,-189.8210572519084,0
28252,1.8781933227539058,-4.084789123535156,0.0947636962890625,148.23835877862595,128.214393129771,-179.97372900763358,0
28277,2.2995728149414054,-3.280337365722656,0.27911722412109374,168.49790076335879,146.8937824427481,-168.86685877862595,0
28302,2.266053991699218,-2.14787998046875,1.1960964599609374,183.6047709923664,182.7411106870229,-152.41647709923663,0
28327,2.778413146972656,-1.027393603515625,2.1418061157226562,210.0780534351145,178.59607251908398,-134.82869083969464,0
28352,2.7329233154296872,0.04281453857421874,2.8049999755859374,232.95591603053435,190.3975992366412,-118.47754580152672,0
28377,2.436042309570312,1.1728777221679687,3.8967559326171877,250.6047709923664,205.8937824427481,-101.50808015267175,0
28402,2.359427856445312,2.6357349365234377,4.983723486328125,250.6047709923664,216.48920229007635,-84.1035,0
28427,1.8470687011718745,3.801711145019531,5.64452314453125,250.6047709923664,212.03118702290078,-63.32487404580152,0
28453,1.6603209716796874,5.7362260864257815,6.6045980102539055,250.6047709923664,219.3059961832061,-46.668385496183205,0
28478,0.12324350585937482,7.9843814453125,6.834441369628905,250.6047709923664,238.64187404580153,-26.45464503816794,0
28503,-0.8057067382812504,9.71299504394531,7.387501953125,250.6047709923664,251.55027099236642,2.3010801526717555,0
28528,-1.9668945434570315,11.458368054199218,8.225472534179687,250.6047709923664,251.55027099236642,41.24001145038168,0
28553,-2.8192303344726564,12.914042663574218,9.412996557617186,250.6047709923664,251.55027099236642,88.0110038167939,0
28578,-4.133647045898438,14.333804248046873,9.908596301269531,250.6047709923664,251.55027099236642,140.3850496183206,0
28603,-3.52551982421875,14.685751892089842,10.095344030761717,250.6047709923664,251.55027099236642,201.41558396946564,0
28628,-2.5630507568359375,16.847715991210936,10.320398986816405,200.18492366412212,251.55027099236642,251.02627099236642,0
28653,-1.6484657226562502,17.68808077392578,9.44890958251953,99.42919847328244,251.55027099236642,251.02627099236642,0
28678,-3.858313854980469,18.50450354003906,9.82001083984375,-38.75400763358778,251.55027099236642,251.02627099236642,0
28703,-6.851065930175781,18.73434689941406,11.076966711425781,-158.07461832061068,251.55027099236642,251.02627099236642,0
28728,-7.231743994140625,16.56998859863281,11.795227209472655,-249.66240458015267,222.626606870229,251.02627099236642,0
28753,-7.818323400878906,14.034529040527342,13.255690222167967,-249.66240458015267,172.008286259542,251.02627099236642,0
28779,-7.545384411621094,10.431255541992186,13.212594592285155,-249.66240458015267,166.69530916030536,251.02627099236642,0
28804,-7.191042565917969,6.909384899902344,12.276461743164061,-249.66240458015267,195.83271374045802,251.02627099236642,0
28829,-8.548554907226563,3.4760997192382814,11.136821752929686,-249.66240458015267,226.18385877862596,197.49191984732823,0
28854,-10.279562707519531,0.2582926879882812,9.269344458007811,-249.66240458015267,251.55027099236642,103.24001145038169,0
28879,-10.724884216308592,-2.8374100585937496,7.684382958984374,-249.66240458015267,251.55027099236642,-2.7828893129770993,0
28904,-10.557290100097656,-3.184569299316406,5.977317175292968,-249.66240458015267,251.55027099236642,-110.37830916030534,0
28929,-10.368148168945313,-4.044087695312499,3.5232604736328126,-249.66240458015267,251.55027099236642,-201.46991221374046,0
28954,-9.930009265136718,-3.5963719848632807,2.0747684692382813,-249.66240458015267,251.55027099236642,-249.24090458015266,0
28979,-8.969934399414061,-4.666580126953124,1.4929774658203123,-249.66240458015267,251.55027099236642,-249.24090458015266,0
29004,-7.959581298828125,-3.5245459350585935,0.655006884765625,-205.57080152671756,195.1380572519084,-249.24090458015266,0
29029,-5.412150732421875,-3.3354040039062496,-0.3721056274414062,-142.07461832061068,168.87088167938933,-249.24090458015266,0
29054,-4.1958962890625,-4.795867016601562,-0.9371372192382812,-91.24255725190841,158.65714122137405,-249.24090458015266,0
29079,-2.364332019042969,-4.906000292968749,-0.7408126831054688,-51.33416030534351,181.83271374045802,-249.24090458015266,0
29104,-1.1792021972656253,-3.7998791259765623,-0.45111428222656247,-8.173854961832062,183.19912595419848,-249.24090458015266,0
29129,0.21901157226562473,-3.3354040039062496,0.20250277099609373,33.5513358778626,176.84798091603054,-249.24090458015266,0
29155,1.3347095458984373,-3.7160820678710933,0.2982708374023437,74.10858778625953,182.16859160305344,-233.44701145038167,0
29180,1.8039730712890618,-3.1127432495117184,0.9375226806640624,118.10858778625953,162.4434007633588,-210.30197328244273,0
29205,1.8398860961914059,-2.8900824951171873,2.242362585449219,150.35286259541985,165.4052328244275,-184.48517938931298,0
29230,3.3290795288085935,-2.64587392578125,2.1130756958007813,181.55133587786258,160.08462213740458,-154.7828893129771,0
29255,2.8239029785156244,-1.5589063720703125,2.9678056884765627,201.86431297709922,183.7792786259542,-121.7447213740458,0
29280,2.512656762695312,-0.017040502929687507,4.018860217285156,221.95591603053435,197.90141603053436,-88.46991221374046,0
29305,3.115995581054687,1.539190576171875,5.2351146606445305,245.55133587786258,201.87851526717557,-61.71418702290076,0
29330,2.139161303710937,2.786569641113281,5.397920373535156,250.6047709923664,206.91668320610688,-39.981362595419846,0
29355,1.7465122314453119,4.548702062988281,6.3412358276367184,250.6047709923664,226.87851526717557,-18.45464503816794,0
29380,1.2676718994140619,5.889454992675781,7.569461279296874,250.6047709923664,232.1914923664122,4.972835877862595,0
29405,0.9540314819335936,6.868683471679687,8.543901354980468,250.6047709923664,237.8556145038168,33.02627099236641,0
29430,-0.30292438964843793,8.415337744140624,8.464892700195312,250.6047709923664,244.4052328244275,65.62932442748092,0
29455,-2.141671264648438,10.239719409179687,8.500805725097656,250.6047709923664,251.55027099236642,111.59115648854961,0
29480,-3.2980706665039063,12.186205358886717,9.391448742675781,250.6047709923664,251.55027099236642,169.01863740458015,0
29506,-3.621287890625,13.938760974121092,10.176746887207031,250.23072519083968,251.55027099236642,225.99573664122138,0
29531,-3.9325341064453125,14.479850549316405,10.404196044921875,226.29179389312978,240.94721755725192,251.02627099236642,0
29556,-4.906974182128906,14.874893823242186,10.076190417480468,182.29179389312978,234.626606870229,251.02627099236642,0
29581,-4.705861242675781,16.1055134765625,9.685935546875,122.46736641221374,228.1914923664122,251.02627099236642,0
29606,-4.306029565429688,17.944260351562498,9.946903527832031,45.436832061068706,227.27546183206107,251.02627099236642,0
29631,-3.111322937011719,18.233958752441403,9.865500671386718,-55.044083969465646,238.47393511450383,251.02627099236642,0
29656,-5.105692919921875,17.374440356445312,11.548624438476562,-162.86087786259543,247.626606870229,251.02627099236642,0
29681,-6.630799377441406,13.507804675292967,13.363429296875,-231.51736641221373,197.0464541984733,251.02627099236642,0
29706,-6.30279375,10.823904614257811,13.293997448730467,-249.66240458015267,167.74874427480916,251.02627099236642,0
29731,-7.590874243164063,7.088950024414062,12.898954174804686,-249.66240458015267,159.75637786259543,251.02627099236642,0
29756,-8.404902807617187,4.0674675292968745,11.831140234374999,-249.66240458015267,180.45103435114504,209.75146183206107,0
29781,-9.472716748046874,0.8736025146484374,10.112103442382812,-249.66240458015267,225.6113396946565,122.74382824427481,0
29806,-10.372936572265624,-1.0034515869140626,8.347576818847655,-249.66240458015267,251.55027099236642,18.675125954198474,0
29831,-10.346600354003906,-2.380117541503906,6.38433145751953,-249.66240458015267,251.55027099236642,-88.4622786259542,0
29856,-9.824664392089844,-2.7512187988281247,3.30778232421875,-249.66240458015267,251.55027099236642,-183.73708778625954,0
29882,-9.484687756347656,-3.177386694335937,2.635011657714844,-249.66240458015267,251.55027099236642,-249.24090458015266,0
29907,-8.24449129638672,-3.7663603027343746,1.6007165405273436,-249.66240458015267,251.55027099236642,-249.24090458015266,0
29932,-8.031407348632811,-5.020921972656249,0.6909199096679687,-249.66240458015267,251.55027099236642,-249.24090458015266,0
29957,-6.465599462890625,-3.574824169921875,-0.072830419921875,-191.76164122137405,245.56553816793894,-249.24090458015266,0
29982,-4.516719311523437,-2.7584014038085933,-0.2308477294921875,-123.1662213740458,240.56553816793894,-249.24090458015266,0
30007,-2.498407312011719,-3.5269401367187494,-0.17817529296874998,-59.15858778625954,227.95485114503816,-249.24090458015266,0
30032,-1.8543670654296878,-4.661791723632812,-0.17099268798828124,-5.479198473282443,223.31362977099238,-249.24090458015266,0
30057,-0.5279793457031254,-4.33139189453125,1.0404733520507812,45.98645038167939,219.00065267175572,-249.24090458015266,0
30082,0.5015273681640622,-3.749600891113281,1.6294469604492186,98.09332061068702,196.8937824427481,-227.18746946564886,0
30107,1.1695096313476556,-4.091971728515625,2.1034988891601563,148.1696564885496,163.11515648854962,-198.3477748091603,0
30132,2.120007690429687,-3.723264672851562,2.50333056640625,184.43683206106869,147.69530916030536,-165.55388167938932,0
30157,2.5006857543945307,-3.2300591308593747,3.607057531738281,211.52080152671755,146.8403473282443,-128.73708778625954,0
30182,2.141555505371093,-1.7145294799804687,4.167300720214843,233.6429389312977,149.74874427480916,-88.5920496183206,0
30210,2.5461755859374993,0.03084353027343749,4.971752478027343,245.46736641221372,174.99301908396947,-46.63785114503816,0
30236,2.5174451660156247,1.5176427612304686,6.056325830078125,250.6047709923664,189.7411106870229,-13.378309160305344,0
30261,1.535822485351562,2.4992654418945315,6.614174816894531,250.6047709923664,191.14569083969465,17.331614503816795,0
30286,0.8367156005859373,3.703548876953125,7.2606092651367184,250.6047709923664,193.7258435114504,50.31634732824428,0
30311,0.3674520751953123,4.946139538574219,7.938168334960936,250.6047709923664,207.87088167938933,82.71329389312977,0
30336,-0.6045937988281254,6.646022717285156,8.28053917236328,250.6047709923664,224.75637786259543,112.48428625954199,0
30361,-2.3715146240234377,8.307598669433592,8.36433623046875,250.6047709923664,231.26782824427482,145.14077480916032,0
30386,-3.350743103027344,10.067336889648436,8.524747741699217,246.5666030534351,242.3288969465649,181.690393129771,0
30411,-4.054638391113281,12.10240830078125,9.712271765136718,225.0017175572519,246.37469847328245,224.63695801526717,0
30436,-4.203078894042969,13.821445092773436,10.320398986816405,209.45973282442748,223.22202671755727,251.02627099236642,0
30461,-4.48320048828125,14.127902905273436,10.040277392578124,190.8490458015267,188.0464541984733,251.02627099236642,0
30486,-4.748956872558594,14.185363745117186,9.726636975097655,148.53606870229007,191.55790458015267,251.02627099236642,0
30511,-4.200684692382812,14.94911407470703,9.982816552734374,82.681106870229,221.83271374045802,251.02627099236642,0
30536,-4.018725366210938,15.308244323730467,10.320398986816405,6.032251908396947,219.51973664122139,251.02627099236642,0
30562,-5.170336364746094,15.087977770996092,11.570172253417967,-82.22729007633589,220.24492748091603,251.02627099236642,0
30587,-6.159141650390625,14.530128784179686,13.645945092773436,-159.45629770992366,194.97011832061068,251.02627099236642,0
30612,-7.200619372558593,13.277961315917967,14.845440124511718,-217.6242366412214,145.47393511450383,251.02627099236642,0
30637,-8.388143395996094,11.250072509765623,14.859805334472656,-249.66240458015267,115.74111068702291,251.02627099236642,0
30662,-8.38335499267578,9.22218370361328,14.029017358398436,-249.66240458015267,103.00065267175573,251.02627099236642,0
30687,-8.558131713867187,7.074584814453125,12.247731323242187,-249.66240458015267,134.3059961832061,199.88886641221373,0
30712,-9.302728430175781,4.469693408203125,10.58615537109375,-249.66240458015267,201.48920229007635,124.31634732824428,0
30737,-9.55172540283203,2.669253759765625,8.891060595703124,-249.66240458015267,251.55027099236642,27.377416030534352,0
30762,-10.885295727539063,0.13618840332031248,6.6596646484374995,-249.66240458015267,251.55027099236642,-77.56151526717557,0
30787,-10.672211779785155,-2.18618720703125,5.8528186889648435,-249.66240458015267,251.55027099236642,-160.95846183206106,0
30812,-10.605174133300782,-2.226888635253906,4.789793151855468,-249.66240458015267,201.73347709923664,-219.6302175572519,0
30837,-10.020988928222657,-2.5572884643554685,2.50333056640625,-249.66240458015267,161.71820992366412,-249.24090458015266,0
30862,-8.19900146484375,-3.040917199707031,0.11631151123046873,-249.66240458015267,183.06172137404582,-249.24090458015266,0
30887,-7.1790715576171875,-2.636297119140625,-0.973050244140625,-242.26545801526717,140.71820992366412,-249.24090458015266,0
30913,-5.000348046875001,-3.898041394042968,-2.5244929199218746,-172.45629770992366,139.92431679389313,-249.24090458015266,0
30938,-3.997177551269531,-3.881281982421875,-2.938689807128906,-122.72347328244275,189.22966030534351,-249.24090458015266,0
30963,-2.0530858032226567,-3.921983410644531,-2.452666870117187,-73.85324427480917,250.42813358778628,-249.24090458015266,0
30988,-0.6237474121093753,-3.1127432495117184,-1.3824587280273437,-0.5708015267175574,219.14569083969465,-249.24090458015266,0
31013,0.4320955200195309,-2.973879553222656,-0.90601259765625,63.902480916030534,184.28309541984734,-249.22563740458014,0
31038,1.0114923217773435,-2.6578449340820307,-0.6594098266601562,105.33759541984732,196.00065267175572,-229.2332709923664,0
31063,1.2604892944335933,-2.7224883789062497,0.6861315063476562,137.97118320610687,228.92431679389313,-201.0271641221374,0
31088,2.436042309570312,-1.6403092285156249,2.170536535644531,183.12385496183205,210.626606870229,-168.98136259541985,0
31113,2.685039282226562,-0.711358984375,2.953440478515625,217.74980916030535,203.8403473282443,-137.52334732824428,0
31138,2.5557523925781247,0.20562025146484375,3.4657996337890626,236.00935114503815,224.47393511450383,-106.90502671755725,0
31163,2.1678917236328124,1.8552251953124999,4.2391267700195305,246.39103053435113,251.55027099236642,-75.17983587786259,0
31188,1.3083733276367182,3.2869577880859375,5.709166589355468,250.6047709923664,251.55027099236642,-44.126400763358774,0
31213,1.0258575317382808,4.1799950073242185,7.181600610351562,250.6047709923664,251.55027099236642,-16.1416679389313,0
31238,0.7050345092773433,5.547084155273438,8.455315893554687,250.6047709923664,251.55027099236642,8.73619465648855,0
31263,-0.9493588378906253,7.507935314941406,9.298074877929686,250.6047709923664,251.55027099236642,39.705660305343514,0
31289,-2.156036474609375,9.629197985839843,8.883877990722656,250.6047709923664,251.55027099236642,71.2934465648855,0
31314,-3.56382705078125,11.532588305664062,9.317228491210937,250.6047709923664,251.55027099236642,111.45375190839695,0
31341,-4.600516369628906,13.471891650390624,10.54784814453125,250.6047709923664,251.55027099236642,162.484286259542,0
31366,-5.412150732421875,14.58519542236328,10.562213354492187,250.45973282442748,251.55027099236642,213.09497328244274,0
31391,-5.74733896484375,14.625896850585937,10.815998730468749,211.06278625954198,251.55027099236642,251.02627099236642,0
31416,-5.788040393066407,14.688146093749998,10.449685876464843,144.681106870229,251.55027099236642,251.02627099236642,0
31441,-5.910144677734375,16.024110620117188,10.320398986816405,62.894847328244275,247.8937824427481,251.02627099236642,0
31466,-5.318776867675782,16.981791284179685,11.316386877441404,-32.71583969465649,246.64187404580153,251.02627099236642,0
31491,-4.231809313964844,18.16692110595703,12.439267456054687,-129.16622137404582,221.93958396946564,251.02627099236642,0
31516,-6.793605090332031,17.2547302734375,11.158369567871093,-226.28835877862596,204.56553816793894,251.02627099236642,0
31541,-8.450392639160157,14.159027526855468,12.221395104980468,-249.66240458015267,174.80981297709923,251.02627099236642,0
31566,-8.01464793701172,11.52061729736328,12.262096533203124,-249.66240458015267,141.16095801526717,251.02627099236642,0
31591,-8.23730869140625,9.5166705078125,11.493557800292967,-249.66240458015267,165.0998893129771,224.15604198473284,0
31617,-9.429621118164063,5.372307434082031,10.397013439941405,-249.66240458015267,224.71057633587787,138.3163473282443,0
31642,-9.848606408691406,1.4290572998046873,8.263779760742187,-249.66240458015267,251.00065267175572,43.827797709923665,0
31667,-11.002611608886717,-1.34342822265625,6.360389440917968,-249.66240458015267,195.45103435114504,-45.45464503816794,0
31692,-10.523771276855468,-3.2587895507812497,4.093080468749999,-249.66240458015267,149.5121030534351,-110.59968320610686,0
31717,-9.432015319824218,-2.217311828613281,4.109839880371093,-249.66240458015267,217.06935496183206,-172.50808015267177,0
31742,-8.622775158691406,-3.627496606445312,1.555226708984375,-249.66240458015267,251.55027099236642,-233.88975954198472,0
31767,-7.638758276367187,-4.554052648925781,0.8297836059570312,-249.66240458015267,218.4968358778626,-249.24090458015266,0
31792,-6.173506860351562,-4.5468700439453125,-0.9491082275390624,-249.66240458015267,230.97775190839695,-249.24090458015266,0
31817,-5.392997119140626,-5.195698693847656,-0.7743315063476562,-194.79217557251908,243.626606870229,-249.24090458015266,0
31842,-3.5207314208984375,-4.788684411621094,-1.087971923828125,-118.36469465648855,226.48156870229008,-249.24090458015266,0
31867,-1.7178975708007815,-4.3984295410156244,-2.3161973754882808,-60.99064885496183,240.86324809160305,-249.24090458015266,0
31892,0.02029283447265584,-3.9459254272460935,-1.7152527587890625,-15.402862595419847,251.55027099236642,-237.8744923664122,0
31917,0.36505787353515595,-3.7543892944335933,0.046879663085937495,43.574236641221376,243.03882061068703,-220.43937786259542,0
31942,0.8726286254882809,-4.065635510253906,0.7340155395507811,102.16202290076335,176.20675954198472,-200.31724045801528,0
31967,1.9595961791992185,-3.4407488769531245,0.4419229370117187,134.94064885496184,158.87088167938933,-184.94319465648854,0
31993,2.0697294555664056,-2.617143505859375,1.174548645019531,146.54370229007634,192.20675954198472,-166.67601908396946,0
32018,1.6268021484374993,-2.0114104858398436,2.137017712402344,163.9635496183206,193.18385877862596,-142.75235496183205,0
32043,2.2780249999999995,-1.5158107421875,3.0516027465820312,179.58187022900762,198.7792786259542,-113.39357633587785,0
32068,1.985932397460937,-0.4599678100585938,3.992523999023437,185.93301526717556,232.71820992366412,-82.7447213740458,0
32093,1.7297528198242187,0.8400836914062499,5.1034335693359365,196.0780534351145,251.55027099236642,-47.89739312977099,0
32118,1.246124084472656,1.8145237670898435,6.144911291503906,209.8490458015267,251.55027099236642,-15.98136259541985,0
32143,0.6858808959960934,3.1265462768554686,7.0738615356445305,224.57423664122138,251.55027099236642,14.323980916030534,0
32168,-0.11138825683593767,4.5726440795898435,8.043513208007811,233.83377862595418,251.55027099236642,43.30108015267176,0
32193,-1.2222978271484377,5.676371044921875,8.43376807861328,237.68874045801527,251.55027099236642,75.59879007633589,0
32218,-2.230256726074219,6.526312634277343,8.81684034423828,230.3070610687023,251.55027099236642,113.40031679389314,0
32243,-4.971617626953125,7.955651025390624,9.82001083984375,224.44446564885496,251.55027099236642,158.53772137404582,0
32268,-5.105692919921875,10.369006298828124,11.007534863281249,227.83377862595418,233.71820992366412,205.484286259542,0
32293,-6.039431567382812,12.073677880859373,10.69389444580078,211.46736641221372,236.74874427480916,245.22474427480915,0
32318,-6.965987609863281,12.629132666015623,10.552636547851561,176.29179389312978,251.55027099236642,251.02627099236642,0
32343,-7.832688610839844,13.761590051269529,10.818392932128905,138.1009541984733,251.55027099236642,251.02627099236642,0
32369,-8.974722802734375,14.611531640624998,11.223013012695311,99.87194656488549,244.50446946564887,251.02627099236642,0
32394,-8.421662219238282,15.52372247314453,11.5629896484375,45.32996183206107,243.93958396946564,251.02627099236642,0
32419,-8.254068103027343,16.529287170410154,11.385818725585937,-38.89141221374046,251.55027099236642,251.02627099236642,0
32444,-8.141540625000001,17.575553295898438,11.953244519042968,-132.37232824427483,243.26019465648855,251.02627099236642,0
32469,-7.6842481079101566,17.204452038574217,11.82395762939453,-223.87614503816795,195.5121030534351,251.02627099236642,0
32494,-9.647493469238281,15.559635498046873,12.013099560546873,-249.66240458015267,166.3441641221374,251.02627099236642,0
32519,-9.312305236816407,12.914042663574218,11.076966711425781,-249.66240458015267,146.3288969465649,251.02627099236642,0
32544,-9.637916662597657,9.193453283691404,9.843952856445311,-249.66240458015267,165.09225572519085,180.2171106870229,0
32569,-10.67700018310547,4.869525085449219,8.67079404296875,-249.66240458015267,191.37469847328245,95.78962977099236,0
32594,-10.904449340820314,1.500883349609375,7.136110778808593,-249.66240458015267,223.87851526717557,1.2858129770992366,0
32619,-11.258791186523439,-0.6227735229492187,5.25426827392578,-249.66240458015267,230.8174465648855,-90.79815648854961,0
32644,-10.993034802246093,-0.6562923461914062,5.067520544433593,-249.66240458015267,246.01591984732823,-171.99662977099237,0
32669,-10.473493041992187,-2.0233814941406245,2.0675858642578127,-249.66240458015267,251.55027099236642,-239.45464503816794,0
32694,-9.805510778808593,-2.9978215698242185,0.28390562744140624,-249.66240458015267,251.55027099236642,-249.24090458015266,0
32719,-8.596438940429687,-3.2276649291992183,0.2312331909179687,-249.66240458015267,251.55027099236642,-249.24090458015266,0
32744,-6.470387866210937,-2.995427368164062,-1.4183717529296875,-178.65477099236642,202.83271374045802,-249.24090458015266,0
32770,-5.464823168945312,-3.4311720703124995,-1.7152527587890625,-111.04408396946566,178.61897328244274,-249.24090458015266,0
32795,-4.837542333984375,-3.8669167724609372,-1.4111891479492187,-55.89141221374046,178.1762251908397,-249.24090458015266,0
32820,-2.891056384277344,-2.6578449340820307,-2.3305625854492185,-11.677671755725191,224.1762251908397,-249.24090458015266,0
32845,-0.7673995117187502,-2.3346277099609374,-0.5827953735351562,43.139122137404584,214.5884389312977,-249.24090458015266,0
32870,-0.7482458984375002,-3.656227026367187,0.5736040283203124,88.48263358778625,204.24492748091603,-238.5386145038168,0
32895,1.5023036621093748,-2.9475433349609372,0.5281141967773437,134.5666030534351,195.84798091603054,-216.01953053435113,0
32920,1.9907208007812498,-2.1287263671875,0.7627459594726562,173.52080152671755,186.0464541984733,-197.01953053435113,0
32945,1.8566455078125,-2.7224883789062497,1.634235363769531,196.6429389312977,195.0464541984733,-174.59968320610687,0
32970,0.6978519042968747,-3.1821750976562497,2.663742077636719,212.29179389312978,210.78691221374046,-141.8210572519084,0
32995,1.0905009765624998,-1.353005029296875,3.42270400390625,227.5895038167939,223.6495076335878,-97.92029389312977,0
33020,1.0833183715820307,0.23435067138671872,4.8568307983398435,231.6047709923664,251.55027099236642,-51.08823282442748,0
33045,0.3961824951171873,2.077885949707031,5.994076586914062,234.87958015267176,251.55027099236642,-5.072965648854963,0
33070,0.3028086303710933,3.8807197998046874,7.495241027832031,239.68874045801527,251.55027099236642,35.888866412213744,0
33095,-0.9062632080078128,5.451316088867188,8.620515808105468,242.2459923664122,251.55027099236642,72.62169083969466,0
33120,-2.029143786621094,6.3563243164062495,9.393842944335937,235.62003816793893,251.55027099236642,114.43085114503818,0
33145,-4.461652673339843,7.321187585449218,9.657205126953125,212.89484732824428,251.55027099236642,165.82779770992366,0
33171,-5.922115686035156,8.298021862792968,10.985987048339842,182.07041984732822,251.55027099236642,227.14840839694656,0
33196,-6.554184924316406,10.30196865234375,11.395395532226562,157.68874045801527,251.55027099236642,251.02627099236642,0
33221,-6.266880725097656,11.40569561767578,10.564607556152342,130.1162213740458,235.9853854961832,251.02627099236642,0
33246,-9.190200952148437,12.511816784667968,9.530312438964843,90.34522900763358,219.26782824427482,251.02627099236642,0
33271,-9.247661791992186,12.993051318359374,10.255755541992187,42.67347328244275,216.15332442748092,251.02627099236642,0
33296,-9.0609140625,14.886864831542967,11.500740405273437,-6.883778625954199,211.0235534351145,251.02627099236642,0
33321,-8.560525915527343,14.901230041503904,10.133651257324217,-71.3570610687023,194.6113396946565,251.02627099236642,0
33346,-8.99627061767578,15.001786511230467,10.741778479003905,-165.0898854961832,211.6113396946565,251.02627099236642,0
33371,-9.18301834716797,16.388029272460937,12.669110815429686,-249.66240458015267,205.27546183206107,251.02627099236642,0
33396,-10.818258081054687,15.008969116210936,12.654745605468749,-249.66240458015267,172.00065267175572,251.02627099236642,0
33421,-11.07204345703125,11.671452001953124,11.946061914062499,-249.66240458015267,176.87088167938933,229.01863740458015,0
33446,-11.732843115234374,8.123245141601561,11.069784106445312,-249.66240458015267,212.08462213740458,140.43848473282443,0
33471,-12.98022218017578,5.128098864746094,9.73621378173828,-249.66240458015267,251.55027099236642,39.44611832061069,0
33496,-14.093525952148436,2.393920568847656,7.140899182128906,-249.66240458015267,251.55027099236642,-70.5538816793893,0
33521,-14.356888134765626,-1.3697644409179688,4.662900463867187,-249.66240458015267,251.55027099236642,-165.43937786259542,0
33546,-13.964239062499999,-1.0609124267578125,2.9941419067382813,-249.66240458015267,245.45103435114504,-240.4241106870229,0
33572,-12.850935290527342,-0.30434470214843745,1.2559515014648437,-249.66240458015267,251.55027099236642,-249.24090458015266,0
33597,-11.450327319335937,-2.8996593017578123,-0.30027957763671875,-249.66240458015267,250.3441641221374,-249.24090458015266,0
33622,-10.339417749023436,-3.2204823242187497,-0.9036183959960937,-249.66240458015267,206.7258435114504,-249.24090458015266,0
33647,-8.318711547851564,-2.679392749023437,-2.0169221679687497,-170.10515267175572,149.50446946564887,-249.24090458015266,0
33672,-5.179913171386719,-2.9331781249999995,-4.502103491210938,-97.65477099236642,131.78691221374046,-249.24090458015266,0
33697,-4.519113513183594,-3.5149691284179685,-3.8915820678710933,-54.097519083969466,173.29836259541986,-249.24090458015266,0
33722,-4.114493432617188,-3.6203140014648434,-3.8532748413085933,-15.242557251908398,209.8937824427481,-249.24090458015266,0
33747,-1.6388889160156253,-2.5955956909179685,-3.3576750976562497,30.085687022900764,235.51973664122139,-249.24090458015266,0
33772,-0.3915098510742192,-2.3537813232421874,-2.1797278808593745,80.24599236641221,236.19912595419848,-229.77525572519085,0
33797,1.1024719848632807,-2.8541694702148432,-0.570824365234375,129.3833969465649,223.35179770992366,-199.20273664122138,0
33822,0.22858837890624972,-3.2683663574218746,0.0756100830078125,176.33759541984733,194.69530916030536,-168.5386145038168,0
33847,0.635602661132812,-2.7967086303710933,0.54966201171875,210.74217557251907,172.99301908396947,-137.31724045801528,0
33872,1.873404919433593,-2.200552416992187,1.356507971191406,219.01698473282443,215.7411106870229,-106.50808015267175,0
33897,1.4592080322265621,-1.8677583862304687,2.8026057739257815,227.27652671755726,244.87088167938933,-65.79815648854961,0
33922,1.2676718994140619,-0.7999444458007813,3.8273240844726564,237.09332061068702,250.22966030534351,-18.592049618320612,0
33948,1.0689531616210934,0.6940373901367187,4.737120715332031,244.475,243.20675954198472,23.51482061068702,0
33973,0.30520283203124965,2.0036656982421874,6.089844653320312,242.18492366412212,251.55027099236642,59.16367557251909,0
33998,-1.2797586669921879,3.55989677734375,7.509606237792968,238.57423664122138,251.55027099236642,99.83543129770993,0
34023,-2.1105466430664066,4.953322143554687,8.99640546875,241.55133587786258,251.55027099236642,141.3316145038168,0
34048,-3.025131677246094,6.442515576171875,10.428138061523436,240.475,251.55027099236642,180.50718702290078,0
34073,-5.048232080078125,7.991564050292968,11.26850284423828,236.22309160305343,251.55027099236642,223.49191984732823,0
34098,-5.922115686035156,9.140780847167967,11.462433178710937,227.62767175572517,242.3441641221374,251.02627099236642,0
34123,-5.579744848632813,10.18704697265625,10.86627696533203,198.7574427480916,234.68004198473284,251.02627099236642,0
34148,-7.1072455078125,12.435202331542968,9.970845544433592,152.40629770992365,225.41286641221373,251.02627099236642,0
34173,-7.712978527832031,14.032134838867186,11.194282592773437,96.39103053435115,226.87088167938933,251.02627099236642,0
34198,-7.7991697875976564,14.05607685546875,12.113656030273436,37.28416030534351,216.91668320610688,251.02627099236642,0
34223,-9.008241625976563,14.453514331054686,10.878247973632812,-40.1662213740458,215.7792786259542,251.02627099236642,0
34248,-8.81191708984375,16.36648145751953,10.34912940673828,-132.47919847328245,218.82508015267177,251.02627099236642,0
34273,-9.147105322265624,17.50851564941406,12.274067541503905,-216.86087786259543,223.48920229007635,251.02627099236642,0
34298,-12.072819750976564,15.092766174316404,12.240548718261717,-249.66240458015267,183.1762251908397,251.02627099236642,0
34323,-11.9339560546875,12.097619897460936,12.843887536621093,-249.66240458015267,192.77164503816795,235.17130916030536,0
34349,-11.414414294433595,9.633986389160155,11.895783679199218,-249.66240458015267,226.26019465648855,137.26291221374046,0
34374,-12.451103613281251,7.213448510742187,9.116115551757812,-249.66240458015267,251.55027099236642,16.04917175572519,0
34399,-14.471809814453124,3.6891836669921876,6.537560363769531,-249.66240458015267,251.55027099236642,-98.22563740458016,0
34424,-14.979380566406249,-0.7041763793945313,4.854436596679687,-249.66240458015267,220.15332442748092,-175.84395801526716,0
34449,-14.024094104003904,-2.2412538452148434,3.7914110595703123,-249.66240458015267,92.22202671755726,-211.03479770992365,0
34474,-13.945085449218748,0.3277245361328125,4.172089123535156,-249.66240458015267,87.22202671755726,-222.92792748091603,0
34499,-11.234849169921876,-0.29476789550781246,0.046879663085937495,-249.66240458015267,201.7411106870229,-249.24090458015266,0
34524,-10.30589892578125,-2.3729349365234373,-1.5045630126953125,-249.66240458015267,197.9090496183206,-249.24090458015266,0
34549,-8.488699865722655,-3.254001147460937,-2.835739135742187,-214.68530534351146,184.0998893129771,-249.24090458015266,0
34574,-6.549396520996094,-3.1702040893554684,-4.820532312011719,-146.79217557251908,220.03882061068703,-249.24090458015266,0
34599,-6.6475587890625,-3.9459254272460935,-2.5316755249023433,-73.67003816793894,205.80217938931298,-249.24090458015266,0
34624,-4.9093683837890625,-3.900435595703125,-3.1158607299804686,7.436832061068702,135.88614885496185,-249.24090458015266,0
34649,-3.1352649536132815,-3.242030139160156,-4.250712316894531,52.49026717557252,141.626606870229,-239.24853816793893,0
34674,-2.79768251953125,-4.091971728515625,-3.1828983764648435,77.32996183206106,184.3975992366412,-221.1798358778626,0
34699,-1.444958581542969,-3.56524736328125,-1.432736962890625,106.77270992366411,208.7258435114504,-198.53098091603053,0
34725,-0.19518531494140667,-2.7512187988281247,-0.09916663818359375,152.93301526717556,175.83271374045802,-180.95082824427482,0
34750,0.34590426025390597,-3.0385229980468744,-0.0057927734375000026,183.85667938931297,176.8403473282443,-165.08823282442748,0
34775,0.4177303100585932,-3.455114086914062,1.0883573852539061,200.71164122137404,212.214393129771,-146.7828893129771,0
34800,0.08733048095703078,-3.1414736694335934,1.883232336425781,223.41393129770992,213.03118702290078,-126.31724045801526,0
34825,0.4129419067382809,-0.9699327636718749,3.097092578125,246.95591603053435,195.5884389312977,-105.93556106870228,0
34850,0.288443420410156,-0.019434704589843754,4.310952819824219,250.6047709923664,209.68767557251908,-84.79815648854961,0
34875,0.36026947021484323,0.17210142822265623,5.524813061523437,250.6047709923664,239.1762251908397,-58.08059923664122,0
34900,-0.870350183105469,1.9055034301757812,6.626145825195312,250.6047709923664,251.55027099236642,-23.25617175572519,0
34925,-1.3132774902343753,3.579050390625,8.385884045410155,248.97881679389312,251.55027099236642,16.56825572519084,0
34950,-2.105758239746094,4.579826684570312,9.954086132812499,236.34522900763358,251.55027099236642,61.514820610687025,0
34975,-3.645229907226563,6.689118347167969,11.050630493164062,216.52843511450382,251.55027099236642,111.20184351145039,0
35000,-4.784869897460938,8.28365665283203,12.010705358886717,201.63530534351145,251.55027099236642,160.15604198473284,0
35025,-6.041825769042969,8.183100183105468,11.941273510742187,163.54370229007634,251.55027099236642,214.23237786259543,0
35050,-7.456798950195313,8.875024462890623,10.983592846679686,118.41393129770992,251.50446946564887,251.02627099236642,0
35075,-8.328288354492187,9.878194958496092,10.804027722167968,71.05515267175572,220.29836259541986,251.02627099236642,0
35101,-10.396878588867187,10.653916296386717,11.072178308105467,24.612404580152674,210.99301908396947,251.02627099236642,0
35126,-11.285127404785158,12.806303588867186,12.499122497558593,-21.921946564885495,203.5350038167939,251.02627099236642,0
35151,-11.048101440429686,13.373729382324218,11.634815698242187,-78.00591603053435,190.59607251908398,251.02627099236642,0
35176,-11.218089758300781,14.13269130859375,10.109709240722655,-159.02118320610688,195.8174465648855,251.02627099236642,0
35201,-11.134292700195314,15.468655834960936,11.419337548828125,-241.30362595419848,190.9090496183206,251.02627099236642,0
35226,-12.865300500488281,15.133467602539062,11.074572509765623,-249.66240458015267,184.10752290076337,251.02627099236642,0
35251,-13.619474023437501,11.2021884765625,9.568619665527343,-249.66240458015267,185.05408778625954,191.47665267175572,0
35276,-14.59630830078125,6.763338598632813,8.28772177734375,-249.66240458015267,234.0998893129771,103.07207251908397,0
35301,-14.622644519042968,2.9685289672851565,7.2606092651367184,-249.66240458015267,240.61897328244274,6.812530534351144,0
35326,-14.656163342285154,1.49130654296875,5.373978356933593,-249.66240458015267,216.71820992366412,-95.79052290076335,0
35351,-14.24436065673828,1.0890806640625,2.687684094238281,-249.66240458015267,251.55027099236642,-193.46227862595418,0
35376,-13.542859570312501,-1.2548427612304687,1.1984906616210937,-249.66240458015267,251.55027099236642,-249.24090458015266,0
35401,-13.121480078125,-3.0289461914062494,-0.17578109130859373,-249.66240458015267,197.26019465648855,-249.24090458015266,0
35426,-12.065637145996092,-3.2970967773437496,0.9255516723632812,-249.66240458015267,193.16859160305344,-249.24090458015266,0
35451,-9.829452795410155,-2.3753291381835933,-1.4303427612304687,-249.66240458015267,236.2372938931298,-249.24090458015266,0
35476,-7.981129113769531,-3.1175316528320307,-3.494144592285156,-193.82270992366412,198.26019465648855,-249.24090458015266,0
35502,-6.175901062011718,-4.352939709472656,-4.772648278808593,-133.8074427480916,210.0464541984733,-249.24090458015266,0
35527,-5.309200061035156,-4.870087268066405,-5.036010461425781,-85.00591603053435,241.6495076335878,-249.24090458015266,0
35552,-2.725856469726563,-3.8381863525390623,-4.624207775878906,-24.555534351145038,235.90141603053436,-249.24090458015266,0
35577,-1.6412831176757816,-3.4694792968749995,-4.652938195800782,25.650572519083973,245.22202671755727,-238.64548473282443,0
35602,-0.0012549804687504995,-3.7950907226562496,-4.049599377441406,65.4368320610687,251.55027099236642,-202.79052290076336,0
35627,0.5518056030273435,-3.933954418945312,-2.2156409057617186,104.25362595419847,251.55027099236642,-159.58441603053436,0
35652,1.538216687011718,-3.955502233886718,-0.8222155395507812,169.7192748091603,186.2907290076336,-120.72182061068702,0
35677,1.6627151733398433,-4.534899035644531,-0.5277287353515625,198.35286259541985,160.0998893129771,-84.51571374045801,0
35702,0.6308142578124998,-5.162179870605469,0.559238818359375,215.7192748091603,148.61897328244274,-48.71418702290076,0
35727,0.5829302246093748,-5.511733312988281,1.5983223388671874,232.12385496183205,122.11515648854962,-11.43937786259542,0
35752,0.4033651000976559,-5.042469787597656,2.7140203125,235.18492366412212,134.8556145038168,20.484286259541985,0
35777,-0.14490708007812536,-4.2092876098632805,3.7938052612304687,240.50553435114503,130.2372938931298,50.45375190839695,0
35802,-0.4824895141601564,-2.9140245117187495,5.110616174316406,247.14675572519084,127.40523282442749,73.37741603053435,0
35827,-0.9804834594726566,-1.7624135131835936,6.468128515625,250.6047709923664,135.4586679389313,86.98046946564885,0
35852,-1.4952368164062502,-0.261249072265625,6.793739941406249,250.6047709923664,146.64187404580153,96.99573664122137,0
35877,-1.9166163085937502,0.011689916992187493,7.397078759765624,250.6047709923664,154.33653053435114,106.98046946564885,0
35903,-1.3084890869140628,-0.34744033203125,7.655652539062499,237.5895038167939,169.35943129770993,120.59115648854961,0
35928,-1.8208482421875,0.4689824340820312,7.947745141601562,198.55896946564886,167.22966030534351,135.2552786259542,0
35953,-3.2023026000976564,1.2662515869140625,9.975633947753906,143.53606870229007,164.03118702290078,148.23237786259543,0
35978,-4.5023541015625,1.1369646972656249,12.056195190429687,83.62767175572519,169.67240839694657,157.16367557251908,0
36003,-4.971617626953125,0.7419214233398437,11.764102587890624,26.307061068702293,141.11515648854962,153.3697824427481,0
36028,-5.845501232910156,-0.0026752929687499927,11.151186962890623,-47.50209923664122,151.36706488549618,136.9881030534351,0
36053,-8.036195751953125,-0.6778401611328125,10.128862854003906,-119.99828244274809,162.50446946564887,115.2552786259542,0
36078,-10.42800321044922,-2.255619055175781,9.56383126220703,-171.2272900763359,161.66477480916032,96.24764503816795,0
36103,-10.593203124999999,-3.0648592163085935,10.107315039062499,-196.27309160305344,155.66477480916032,75.83543129770993,0
36128,-9.307516833496093,-3.366528625488281,8.960492443847656,-206.49446564885497,164.214393129771,44.827797709923665,0
36153,-11.807063366699218,-5.004162561035156,7.2606092651367184,-208.10515267175572,164.80981297709923,16.988103053435115,0
36178,-12.1254921875,-6.5747588500976555,6.458551708984374,-188.731106870229,119.88614885496183,7.9041335877862595,0
36203,-11.412020092773439,-5.55722314453125,6.745855908203124,-164.57843511450383,131.83271374045802,-8.637851145038168,0
36228,-11.277944799804686,-5.894805578613281,4.619804833984374,-133.12041984732824,136.9853854961832,-33.91266030534351,0
36253,-12.927549743652342,-6.615460278320312,3.688460388183594,-108.02881679389314,129.48920229007635,-36.97372900763359,0
36278,-12.317028320312499,-6.287454650878906,3.5232604736328126,-79.06698473282444,115.42813358778626,-32.83632442748091,0
36304,-10.947544970703124,-5.708057849121094,2.4051682983398437,-48.08225190839695,86.67240839694657,-35.21037022900763,0
36329,-10.408849597167968,-6.014515661621093,1.794646875,-34.00591603053435,82.39759923664123,-34.27907251908397,0
36354,-10.219707666015625,-5.487791296386718,1.9670293945312498,-29.387595419847326,86.01591984732825,-24.561515267175572,0
36379,-9.7887513671875,-6.6489791015624995,1.404392004394531,-33.2043893129771,93.93958396946566,-9.553881679389313,0
36404,-9.240479187011719,-5.6362317993164055,1.6007165405273436,-23.731106870229006,50.305996183206105,3.5224541984732824,0
36429,-8.392931799316406,-5.2052755004882805,1.1099052001953125,-16.463931297709923,16.42813358778626,11.072072519083969,0
36454,-8.282798522949218,-4.776713403320312,0.6478242797851562,-28.02118320610687,41.51973664122137,15.507187022900762,0
36479,-8.594044738769531,-4.956278527832031,-0.19732890625,-46.08225190839695,75.72584351145039,21.476652671755726,0
36504,-8.795157678222656,-4.992191552734375,0.7340155395507811,-57.227290076335876,86.52737022900764,25.24001145038168,0
36530,-9.003453222656251,-4.278719458007812,0.7483807495117186,-45.85324427480916,54.939583969465644,25.033904580152672,0
36555,-9.669041284179688,-3.9076182006835936,-0.4870273071289062,-34.547900763358776,23.710576335877864,26.812530534351144,0
36580,-10.277168505859375,-4.068029711914062,-1.068818310546875,-41.25782442748091,39.611339694656486,33.54535496183206,0
36605,-10.897266735839843,-4.29308466796875,-0.5564591552734375,-37.25019083969465,24.160958015267177,42.34688167938932,0
36630,-10.26759169921875,-3.8908587890624995,-0.4487200805664062,-26.899045801526714,5.764011450381679,48.31634732824428,0
36655,-10.214919262695311,-3.881281982421875,-0.8796763793945312,-4.433396946564886,-46.13675190839695,50.759095419847334,0
36680,-11.139081103515625,-3.627496606445312,-1.2914790649414063,-17.425763358778624,-1.228354961832061,56.62169083969466,0
36705,-11.893254626464845,-3.933954418945312,-0.915589404296875,-26.257824427480916,12.466301526717558,61.72856106870229,0
36730,-12.07521395263672,-3.7280530761718746,-0.7647546997070312,-8.082251908396946,-40.71690458015267,62.705660305343514,0
36755,-12.087184960937499,-2.9475433349609372,-1.2435950317382811,-5.18912213740458,-22.839041984732823,55.644591603053435,0
36780,-11.72326630859375,-3.1510504760742184,-1.394429736328125,-10.166221374045803,5.557904580152671,42.10260687022901,0
36805,-12.309845715332031,-3.4311720703124995,-0.9538966308593749,-12.563167938931299,13.565538167938932,31.820164122137403,0
36830,-12.76953243408203,-3.158233081054687,-0.8246097412109374,-11.212022900763358,8.199125954198474,27.05680534351145,0
36855,-12.728831005859373,-2.679392749023437,-1.0544531005859374,-11.38759541984733,10.557904580152671,23.125507633587787,0
36880,-12.812628063964844,-2.4710972045898436,-1.0712125122070313,-10.578435114503817,10.710576335877864,19.133141221374046,0
36906,-12.180558825683594,-2.631508715820312,-1.1023371337890624,0.30706106870229005,-26.91537786259542,16.26291221374046,0
36931,-12.786291845703126,-1.6067904052734374,-1.1190965454101562,-9.837977099236642,2.7640114503816795,15.461385496183206,0
36956,-12.173376220703126,-2.313079895019531,-1.0712125122070313,-10.670038167938932,-0.4191946564885496,11.178942748091602,0
36981,-12.254779077148438,-2.1742161987304685,-1.0831835205078124,-14.112786259541986,15.993019083969466,6.751461832061068,0
37006,-12.178164624023438,-2.246042248535156,-1.4734383911132811,-17.960114503816794,28.4586679389313,1.72856106870229,0
37031,-12.204500842285157,-1.9228250244140626,-1.3082384765625,-15.624236641221374,21.657141221374047,-1.8592251908396946,0
