t_ms,ax,ay,az,gx,gy,gz,label
0,6.343379418945312,3.5575025756835936,2.4961479614257813,-2.257824427480916,0.42813358778625965,0.8812328244274809,0
25,6.400840258789061,3.588627197265625,2.570368212890625,0.024618320610687028,0.15332442748091624,-0.7752557251908397,0
50,6.647443029785156,3.701154675292969,2.6757130859375002,3.658206106870229,0.3899656488549619,-1.9508282442748093,0
75,6.704903869628905,3.90466181640625,2.7954231689453124,6.96354961832061,-3.3810267175572517,-1.7905229007633587,0
100,6.570828576660156,4.1776008056640626,2.8049999755859374,7.398664122137404,-4.777973282442748,-0.7523549618320612,0
125,6.355350427246093,4.053102319335937,2.8720376220703123,4.650572519083969,0.0006526717557253647,-0.08059923664122137,0
150,6.305072192382812,4.0100066894531246,2.8720376220703123,2.4826335877862595,5.817446564885497,0.3697824427480916,0
175,6.154237487792968,3.9214212280273437,2.637405859375,4.024618320610687,4.779278625954198,-0.721820610687023,0
200,5.881298498535156,3.844806774902344,2.577550817871094,5.696374045801527,6.786912213740457,-3.324874045801527,0
225,5.673002954101562,3.849595178222656,2.5248783813476563,8.383396946564886,11.557904580152671,-8.59968320610687,0
250,5.972278161621094,3.8136821533203125,2.5990986328125,12.383396946564885,12.634240458015269,-15.248538167938932,0
275,5.9746723632812495,4.144081982421875,2.644588464355469,14.238358778625955,4.336530534351145,-19.218003816793892,0
300,6.803066137695311,4.500818029785156,3.4083387939453127,15.910114503816793,-10.052782442748091,-20.324874045801526,0
325,6.072834631347656,4.072255932617187,2.5919160278320312,13.345229007633588,-10.976446564885496,-19.75998854961832,0
350,6.065652026367187,4.385896350097656,2.7283855224609375,10.856679389312976,0.4205000000000001,-21.805790076335878,0
375,6.566040173339842,4.031554504394531,2.8648550170898437,9.345229007633588,12.855614503816794,-25.64548473282443,0
400,7.011361682128906,5.051484411621094,3.259898291015625,6.757442748091603,16.672408396946565,-29.859225190839695,0
425,7.473442602539062,5.175982897949218,3.317359130859375,4.30706106870229,12.970118320610688,-31.30197328244275,0
451,8.316201586914062,5.166406091308594,3.1018809814453125,2.5131679389312978,15.43576717557252,-27.57678244274809,0
476,8.783070910644529,6.157605578613281,3.204831652832031,5.742175572519083,3.25256106870229,-11.416477099236642,0
501,8.546044946289062,6.1863359985351565,3.42270400390625,8.001717557251908,-3.1520190839694657,14.507187022900762,0
526,8.574775366210936,5.872695581054687,3.3700315673828123,3.7879770992366413,20.672408396946565,40.15604198473283,0
551,8.117482849121092,6.1456345703125,3.7985936645507814,-5.563167938931298,54.061721374045796,66.94230152671756,0
576,8.474218896484373,5.676371044921875,3.863237109375,-16.036450381679387,59.305996183206105,89.48428625954199,0
601,8.416758056640624,5.1903481079101565,4.176877526855468,-25.99828244274809,44.21439312977099,107.18657633587786,0
626,8.926723010253905,4.5367310546874995,3.8321124877929686,-34.39522900763359,18.634240458015267,124.8048969465649,0
651,9.254728637695312,4.9868409667968745,3.80577626953125,-35.99064885496183,-19.342858778625953,155.28581297709923,0
676,7.526115039062499,5.7553796997070314,4.385173071289062,-34.70057251908397,-38.816141221374046,201.03390458015267,0
701,7.521326635742187,3.5359547607421873,4.3899614746093745,-60.059351145038164,14.680041984732824,242.83543129770993,0
726,7.969042346191405,3.29174619140625,4.155329711914062,-92.02881679389314,35.53500381679389,251.02627099236642,0
751,7.617094702148436,3.332447619628906,4.284616601562499,-103.24255725190841,-18.289423664122136,251.02627099236642,0
776,4.949954052734374,2.267027880859375,4.7083902954101555,-119.89904580152673,-6.3504923664122135,251.02627099236642,0
801,5.447947998046874,-0.14153898925781247,3.6477589599609375,-137.56316793893131,19.183858778625954,251.02627099236642,0
826,5.627513122558594,-2.2723784667968747,1.7060614135742187,-121.29599236641222,-61.80087404580153,251.02627099236642,0
851,2.926853649902343,-3.203722912597656,2.3357364501953124,-101.6395038167939,-101.34285877862595,251.02627099236642,0
877,-0.6045937988281254,-5.521310119628906,2.218420568847656,-127.96774809160306,26.54263740458015,251.02627099236642,0
902,1.5214572753906248,-6.414347338867187,0.4514997436523437,-132.77690839694657,31.344164122137403,251.02627099236642,0
927,0.36026947021484323,-6.510115405273437,0.15222453613281248,-106.8074427480916,-43.28942366412214,251.02627099236642,0
952,-1.6867729492187502,-5.990573645019531,0.12109991455078123,-91.13568702290077,-67.31995801526718,251.02627099236642,0
977,-3.568615454101563,-6.282666247558593,-0.3816824340820313,-84.0364503816794,-35.877209923664125,239.96520229007635,0
1002,-2.673184033203125,-7.441459851074218,-0.52294033203125,-77.54026717557252,-12.434461832061068,219.86596564885497,0
1027,-3.4608763793945316,-7.094300610351562,-1.030511083984375,-57.097519083969466,-58.739805343511456,198.46901908396947,0
1052,-5.740156359863281,-6.816573217773437,-1.8541164550781248,-47.00591603053435,-77.73980534351145,181.8965,0
1077,-7.119216516113281,-6.639402294921874,-1.222047216796875,-36.41049618320611,-69.37339312977099,175.94993511450383,0
1102,-6.496724084472657,-8.090288500976563,-0.4678736938476562,-51.41049618320611,21.58080534351145,164.02627099236642,0
1127,-6.951622399902344,-6.972196325683593,-1.0903661254882813,-41.41049618320611,-11.07568320610687,148.88886641221373,0
1152,-9.38652548828125,-7.266683129882812,-1.72961796875,-40.21965648854962,-20.75507251908397,130.16367557251908,0
1177,-10.023383129882813,-6.9314948974609365,-1.5931484741210937,-46.85324427480916,29.405232824427483,106.3316145038168,0
1202,-10.617145141601561,-9.462166052246094,-1.4590731811523436,-15.899045801526716,-22.533698473282442,76.73619465648855,0
1227,-10.138304809570311,-8.85164462890625,-1.48062099609375,-13.341793893129772,15.26782824427481,29.22474427480916,0
1253,-11.222878161621093,-8.882769250488282,-1.7439831787109374,5.154389312977099,-25.08331679389313,-27.94319465648855,0
1278,-11.67777647705078,-8.075923291015625,-2.182122082519531,17.436832061068703,-31.312324427480913,-88.49281297709923,0
1303,-11.996205297851564,-7.484555480957031,-2.6298377929687495,35.955916030534354,-52.12911832061069,-152.46991221374046,0
1328,-10.241255480957031,-7.853262536621093,-1.4590731811523436,45.58950381679389,-36.02988167938932,-209.79052290076336,0
1353,-8.373778186035157,-8.394352111816406,-0.6594098266601562,53.719274809160304,-3.006980916030534,-249.24090458015266,0
1378,-7.119216516113281,-7.994520434570313,-0.6618040283203125,64.18492366412214,11.901416030534351,-249.24090458015266,0
1403,-4.9093683837890625,-7.3432975830078115,-0.4822389038085937,69.78797709923664,26.466301526717558,-249.24090458015266,0
1428,-3.101746130371094,-7.237952709960937,0.41558671875,76.95591603053434,38.87851526717557,-249.24090458015266,0
1453,-1.3827093383789064,-6.799813806152343,0.47544176025390616,81.29942748091602,53.97011832061068,-249.24090458015266,0
1478,0.23098258056640608,-5.688904235839844,0.28390562744140624,86.30706106870228,45.20675954198473,-249.24090458015266,0
1503,2.2756307983398436,-5.26273634033203,0.9518878906249999,84.10858778625953,16.878515267175572,-249.24090458015266,0
1528,2.5054741577148434,-3.898041394042968,0.7555633544921875,76.08568702290076,-4.793240458015267,-249.24090458015266,0
1553,4.502238342285156,-3.040917199707031,0.7962647827148437,68.78034351145038,-61.0527824427481,-249.24090458015266,0
1578,3.9826965820312497,-4.970643737792968,1.4738238525390623,30.078053435114505,17.725843511450382,-249.24090458015266,0
1603,5.1869800170898435,-1.353005029296875,1.8760497314453124,-8.586068702290076,126.35943129770993,-249.24090458015266,0
1628,6.424782275390624,0.052391345214843746,2.3764378784179687,27.230725190839696,62.4205,-249.24090458015266,0
1654,5.641878332519531,2.209567041015625,2.3644668701171874,18.02461832061069,131.3059961832061,-249.24090458015266,0
1679,7.906793103027343,2.9326159423828124,4.559949792480468,74.88721374045801,-15.029881679389312,-249.24090458015266,0
1704,5.77595362548828,4.864736682128906,3.525654675292969,70.81851145038168,-43.44972900763359,-249.24090458015266,0
1729,7.116706555175781,5.4369508789062495,3.233562072753906,42.704007633587786,0.9777519083969466,-249.24090458015266,0
1754,8.086358227539062,6.978816748046874,3.1880722412109375,46.97881679389313,-10.587133587786258,-240.6302175572519,0
1779,7.937917724609375,7.747355480957031,3.164130224609375,53.86431297709924,-42.96881297709924,-212.79052290076336,0
1804,8.095935034179686,7.723413464355469,2.242362585449219,47.48263358778626,-37.04514885496184,-183.37067557251908,0
1829,9.276276452636719,7.843123547363281,2.1058930908203126,47.826145038167944,-44.58713358778626,-143.84395801526716,0
1854,8.816589733886719,9.207818493652342,1.864078723144531,33.93301526717558,-42.95354580152672,-103.3477748091603,0
1879,8.1390306640625,9.384989416503904,2.290246618652344,16.887213740458016,-33.83140839694657,-63.39357633587785,0
1904,8.54125654296875,9.447238659667967,1.7323976318359373,-1.2196564885496182,-3.1901870229007634,-28.43937786259542,0
1929,9.024885278320312,9.255702526855467,1.5695919189453125,-19.13568702290076,27.12279007633588,0.07207251908396939,0
1954,10.26508173828125,10.720953942871093,1.7730990600585936,-20.471564885496182,0.7792786259541986,32.44611832061069,0
1979,9.88200947265625,9.770455883789062,1.4355166259765624,-15.318893129770993,-25.251255725190838,74.23237786259543,0
2004,9.668925524902342,9.837493530273436,1.5504383056640625,-7.6318702290076335,-29.526064885496183,119.24764503816795,0
2029,9.058404101562498,9.274856140136718,1.631841162109375,-4.601335877862596,-29.88484351145038,164.14840839694656,0
2055,8.72561007080078,8.688276733398435,1.35411376953125,-4.815076335877863,-42.44972900763359,202.30108015267177,0
2080,7.878062683105468,8.242955224609373,1.3732673828125,-9.578435114503817,-39.03751526717558,238.24764503816795,0
2105,8.320989990234374,6.540677844238281,1.2391920898437498,-15.311259541984732,-31.159652671755726,251.02627099236642,0
2130,7.483019409179687,6.440121374511719,1.4546702392578124,-24.66240458015267,-31.617667938931294,251.02627099236642,0
2155,6.941929833984374,5.621304406738281,1.7611280517578123,-34.00591603053435,-42.62530152671756,251.02627099236642,0
2180,6.362533032226561,3.5527141723632814,1.0380791503906248,-34.77690839694657,-60.2970572519084,251.02627099236642,0
2205,5.321055310058593,2.6908015747070313,0.8561198242187499,-40.02881679389313,-50.388660305343514,251.02627099236642,0
2230,3.8869285156249997,1.4170862915039062,0.9327342773437499,-45.7692748091603,-41.13675190839695,251.02627099236642,0
2255,3.0274101196289056,-0.7185415893554687,0.16419554443359374,-36.47156488549618,-66.70163740458015,251.02627099236642,0
2280,1.8542513061523431,-2.8900824951171873,0.0277260498046875,-37.8456106870229,-36.10621755725191,251.02627099236642,0
2305,0.5111041748046872,-2.6243261108398435,-0.8222155395507812,-31.257824427480916,-35.739805343511456,251.02627099236642,0
2330,-1.3467963134765628,-4.319420886230469,-1.3656993164062499,-14.837977099236642,-46.22835496183206,251.02627099236642,0
2355,-2.862325964355469,-4.920365502929687,-1.5500528442382813,-12.608969465648855,-19.213087786259543,251.02627099236642,0
2380,-3.7218443603515627,-6.366463305664062,-1.8134150268554687,-3.830343511450381,-21.05278244274809,251.02627099236642,0
2405,-5.488765185546875,-6.337732885742187,-1.1789515869140625,0.6200381679389313,-16.213087786259543,251.02627099236642,0
2430,-6.353071984863281,-6.917129687499999,-1.8876352783203125,2.4826335877862595,-6.319958015267176,251.02627099236642,0
2456,-7.945216088867188,-6.502932800292968,-1.1550095703125,12.528435114503816,-18.05278244274809,251.02627099236642,0
2481,-7.861419030761718,-7.731158251953125,-1.3465457031249999,13.917748091603054,-12.006980916030534,234.690393129771,0
2506,-9.32188204345703,-7.757494470214843,-1.4471021728515625,17.108587786259545,-17.846675572519082,200.58352290076337,0
2531,-9.82705859375,-8.195633374023437,-0.8054561279296875,21.20019083969466,-20.090950381679388,161.43085114503816,0
2556,-11.095985473632812,-6.706439941406249,-0.7072938598632812,28.49790076335878,-39.823774809160305,134.1789427480916,0
2581,-10.925997155761717,-4.0584529052734375,0.5783924316406249,36.68110687022901,-75.07568320610686,124.4461183206107,0
2606,-9.556513806152344,-4.726435168457031,1.0979341918945311,9.765076335877863,-11.9001106870229,111.28581297709924,0
2631,-12.953885961914061,-7.965790014648436,2.0101250244140627,-4.349427480916031,20.22966030534351,83.22474427480917,0
2656,-13.571589990234376,-6.435895153808593,0.38925050048828125,-25.112786259541984,0.13042366412213746,-47.50044656488549,0
2681,-10.332235144042968,-7.283442541503906,1.2559515014648437,-24.952480916030535,17.138057251908396,-75.07296564885496,0
2706,-10.803892871093751,-6.167744567871093,0.6574010864257812,-33.547900763358776,-9.945912213740458,-111.58441603053434,0
2731,-11.19893614501953,-6.560393640136718,0.6190938598632811,-53.051717557251905,-8.23598854961832,-144.75998854961833,0
2756,-11.50539395751953,-6.936283300781249,0.137859326171875,-62.425763358778624,4.519736641221375,-188.4012099236641,0
2781,-9.99944111328125,-7.611448168945312,-0.7886967163085937,-59.1280534351145,26.160958015267177,-231.2714389312977,0
2806,-6.889373156738281,-7.556381530761718,-0.9945980590820312,-36.07461832061068,4.993019083969466,-249.24090458015266,0
2831,-7.545384411621094,-7.360056994628906,-1.3585167114257812,-26.723473282442747,26.328896946564885,-249.24090458015266,0
2857,-5.455246362304687,-6.402376330566406,-1.6458209106445312,-12.166221374045803,41.19912595419847,-249.24090458015266,0
2882,-3.513548815917969,-6.878822460937499,-2.3018321655273435,2.1467557251908396,63.16095801526717,-249.24090458015266,0
2907,-1.9692887451171877,-6.004938854980468,-1.9929801513671874,23.910114503816796,64.15332442748091,-249.24090458015266,0
2932,0.6954577026367184,-5.978602636718749,-1.0927603271484374,51.06278625954199,39.4205,-249.24090458015266,0
2957,1.9356541625976558,-5.925930200195312,-1.0448762939453125,68.74980916030533,24.214393129770993,-249.24090458015266,0
2982,2.869392810058593,-4.568417858886718,-0.8030619262695312,68.44446564885496,44.428133587786256,-249.24090458015266,0
3007,3.281195495605468,-3.6897458496093747,-1.8541164550781248,75.29942748091602,16.725843511450382,-249.24090458015266,0
3032,3.7983430541992185,-3.0002157714843745,-1.4662557861328125,52.91011450381679,59.19149236641221,-249.24090458015266,0
3057,5.100788757324218,0.5767215087890625,0.6813431030273437,45.704007633587786,117.48156870229008,-249.24090458015266,0
3082,4.231693554687499,5.9421274291992185,0.655006884765625,61.99408396946565,37.90904961832061,-249.24090458015266,0
3107,6.309860595703124,6.5239184326171875,1.2200384765624999,40.894847328244275,64.51973664122137,-249.24090458015266,0
3132,8.383239233398438,3.787345935058594,0.8800618408203125,66.45973282442748,-58.79324045801527,-249.24090458015266,0
3157,8.32338419189453,6.239008435058594,1.2248268798828124,49.65820610687023,-52.35049236641222,-249.24090458015266,0
3182,8.397604443359374,8.345905895996093,1.9550583862304687,37.48263358778626,-94.25125572519083,-249.24090458015266,0
3207,9.249940234375,5.9804346557617185,1.4786122558593748,-1.242557251908397,-11.159652671755724,-207.82869083969464,0
3232,9.932287707519531,7.656375817871093,1.33496015625,-27.036450381679387,92.48920229007634,-135.77525572519085,0
3258,10.935458203124998,7.644404809570312,1.4331224243164062,-16.715839694656488,78.27546183206107,-73.82869083969466,0
3283,11.076716101074219,9.296403955078123,1.2822877197265623,-15.410496183206106,65.74874427480917,-36.18746946564885,0
3308,11.873985253906248,9.124021435546874,1.864078723144531,-11.280725190839695,16.145690839694655,-9.469912213740459,0
3333,12.048761975097655,10.01945285644531,2.1011046875,-16.654770992366412,-28.5413320610687,23.980469465648856,0
3358,11.830889624023435,9.339499584960937,1.9909714111328125,-32.57843511450382,-24.518431297709924,71.27054580152672,0
3383,12.620976171875,8.712218749999998,1.2367978881835937,-45.921946564885495,-15.442095419847327,131.24001145038167,0
3408,12.144530041503906,8.719401354980468,1.0620211669921875,-42.01354961832061,-36.006980916030535,195.90413358778628,0
3433,11.107840722656249,8.834323034667968,1.4929774658203123,-35.15858778625954,-31.060416030534352,251.02627099236642,0
3458,9.690473339843749,8.278868249511717,1.3708731811523436,-32.26545801526717,-9.083316793893129,251.02627099236642,0
3483,9.585128466796874,6.684329943847656,1.0452617553710937,-35.83034351145038,-2.5031641221374046,251.02627099236642,0
3508,8.088752429199218,5.810446337890625,1.2631341064453123,-33.21965648854962,-32.251255725190845,251.02627099236642,0
3533,6.008191186523438,4.891072900390625,1.7204266235351562,-29.616603053435114,-38.938278625954204,251.02627099236642,0
3558,4.696168676757812,3.4784939208984373,1.593533935546875,-32.914312977099236,-11.671103053435115,251.02627099236642,0
3583,3.731305407714843,0.562356298828125,0.8465430175781249,-36.921946564885495,-5.823774809160305,251.02627099236642,0
3609,2.6874334838867187,-1.0609124267578125,-0.04649420166015625,-35.44103053435114,-37.48789694656489,251.02627099236642,0
3634,-0.5399503540039063,-2.727276782226562,0.5688156249999999,-46.357061068702286,-9.800874045801526,251.02627099236642,0
3659,-0.044350610351562736,-3.917195007324218,0.32460705566406245,-62.70057251908397,22.222026717557252,251.02627099236642,0
3684,-1.550303454589844,-4.877269873046875,-0.67616923828125,-54.47156488549618,-21.312324427480917,251.02627099236642,0
3709,-3.5997400756835938,-5.157391467285156,-1.1861341918945312,-34.87614503816794,-95.0298816793893,251.02627099236642,0
3734,-7.1790715576171875,-5.904382385253906,-0.2212709228515625,-20.67767175572519,-100.91537786259542,251.02627099236642,0
3759,-6.637981982421875,-6.730381958007812,0.03490865478515624,-38.31125954198473,18.0998893129771,251.02627099236642,0
3784,-7.1048513061523435,-7.190068676757812,-1.262748645019531,-37.616603053435114,29.496835877862598,251.02627099236642,0
3809,-8.481517260742187,-5.7104520507812495,-1.9043946899414061,-23.31889312977099,-9.449729007633588,251.02627099236642,0
3834,-9.678618090820311,-5.648202807617187,-1.643426708984375,-19.418129770992365,-1.2741564885496182,231.62932442748092,0
3859,-11.048101440429686,-5.066411804199218,-1.2771138549804688,-7.349427480916031,2.725843511450382,201.7132938931298,0
3884,-11.696930090332032,-4.688127941894531,-1.3130268798828124,15.406297709923663,0.2907290076335878,167.73619465648855,0
3909,-13.159787304687498,-4.767136596679687,-1.7631367919921874,44.49790076335878,-26.861942748091604,119.65985877862596,0
3934,-22.238599999999998,-10.458153942871094,3.2383504760742188,35.31469465648855,-68.2970572519084,-2.8821259541984734,0
3959,-11.438356311035157,-5.28188995361328,0.05406226806640624,25.688740458015268,-8.045148854961832,-79.98136259541984,0
3984,-10.597991528320312,-6.490961791992187,1.0308965454101562,24.711641221374048,-6.762706106870228,-119.49281297709923,0
4009,-9.889307836914062,-6.39998212890625,0.8824560424804687,10.887213740458014,-12.197820610687023,-144.37830916030535,0
4035,-10.392090185546873,-7.300201953125,0.44910554199218744,-3.952480916030534,-26.11385114503817,-168.0653320610687,0
4060,-9.946768676757813,-7.0799354003906245,0.3413664672851562,-23.074618320610686,6.244927480916031,-192.83632442748092,0
4085,-8.945992382812499,-8.559552026367188,0.6430358764648437,-24.715839694656488,21.41286641221374,-222.50808015267177,0
4110,-7.040207861328125,-7.848474133300781,0.08518688964843749,-22.2043893129771,18.535003816793893,-249.24090458015266,0
4135,-6.855854333496094,-7.881992956542969,-0.4678736938476562,-21.387595419847326,32.046454198473285,-249.24090458015266,0
4160,-5.445669555664063,-7.300201953125,-0.800667724609375,-17.66240458015267,50.05408778625954,-249.24090458015266,0
4185,-4.284481750488281,-6.32336767578125,-0.6977170532226562,-1.6624045801526717,43.76401145038167,-249.24090458015266,0
4210,-2.4577058837890626,-6.981773132324218,-1.0760009155273438,17.192557251908397,10.519736641221375,-249.24090458015266,0
4235,-0.9685124511718752,-6.28506044921875,0.05885067138671875,30.078053435114505,-2.2894236641221375,-249.24090458015266,0
4260,1.0426169433593744,-6.129437341308593,-0.18535789794921875,38.00171755725191,-5.777973282442748,-249.24090458015266,0
4285,2.273236596679687,-5.291466760253906,-1.1382501586914062,37.10095419847328,-6.464996183206107,-249.24090458015266,0
4310,3.5900475097656246,-4.532504833984374,0.09715789794921875,23.933015267175573,54.931950381679385,-249.24090458015266,0
4335,4.320279016113281,-4.975432141113281,-0.6498330200195312,24.20782442748092,116.71057633587786,-249.24090458015266,0
4363,5.498226232910155,-1.4535614990234373,-0.7192648681640625,46.894847328244275,62.7029427480916,-249.24090458015266,0
4388,6.2571881591796865,-0.6084083129882812,-0.19014630126953125,27.604770992366415,136.48920229007635,-249.24090458015266,0
4413,5.799895642089843,1.0052836059570311,1.4762180541992187,51.59713740458015,102.87851526717557,-249.24090458015266,0
4438,4.5668817871093745,6.478428601074219,2.35010166015625,59.73454198473283,55.71057633587786,-249.24090458015266,0
4463,5.761588415527343,7.493570104980469,2.3477074584960937,52.070419847328246,57.84798091603053,-249.24090458015266,0
4488,7.969042346191405,6.531101037597656,2.6038870361328126,59.91774809160305,42.37469847328244,-249.24090458015266,0
4514,9.486966198730467,7.919738000488281,1.9646351928710934,84.1162213740458,-73.85430916030533,-249.24090458015266,0
4539,7.782294616699217,7.029094982910156,2.5248783813476563,67.45209923664122,-87.41156106870228,-225.52334732824428,0
4564,9.29303586425781,7.92692060546875,2.5751566162109376,27.688740458015268,49.03118702290076,-153.7294541984733,0
4589,12.551544323730468,9.655534204101562,2.8121825805664065,10.116221374045802,96.5731717557252,-78.11113358778626,0
4614,12.81730070800781,12.372953088378905,2.5560030029296876,5.864312977099236,28.870881679389313,-10.790522900763358,0
4639,11.768640380859374,11.154304443359374,2.6852898925781252,-6.456297709923665,-16.121484732824428,40.46138549618321,0
4664,10.466194677734375,9.82791672363281,2.42671611328125,-17.066984732824427,-5.281790076335877,79.88123282442749,0
4689,11.986512731933594,8.733766564941405,2.3692552734375,-20.82270992366412,-8.671103053435115,113.69802671755725,0
4714,11.14614794921875,8.932485302734374,2.2950350219726565,-19.33416030534351,-64.6711030534351,155.20947709923664,0
4739,9.163748974609373,8.96600412597656,2.567974011230469,-31.250190839694657,-62.99171374045802,208.24764503816795,0
4764,8.368874023437499,7.541454138183593,2.3477074584960937,-54.08988549618321,-1.4191946564885494,251.02627099236642,0
4789,8.699273852539061,6.349141711425781,2.180113342285156,-69.79980916030534,16.38996564885496,251.02627099236642,0
4814,8.239587133789062,5.647640625,2.2256031738281252,-80.74637404580153,-0.8543091603053434,251.02627099236642,0
4839,6.9706602539062485,6.066625915527344,2.3189770385742188,-66.22729007633589,-59.564232824427485,251.02627099236642,0
4864,5.457524804687499,3.729885095214844,1.7300034301757812,-49.418129770992365,-83.44209541984732,251.02627099236642,0
4889,3.5780765014648432,1.9126860351562498,1.4498818359374999,-45.08988549618321,-59.86194274809161,251.02627099236642,0
4914,3.0489579345703124,0.35645495605468747,0.47065335693359367,-44.1662213740458,-47.54896564885497,251.02627099236642,0
4939,1.8279150878906245,-1.6714338500976562,-0.05607100830078125,-33.792175572519085,-62.98408015267176,251.02627099236642,0
4965,0.38421148681640593,-2.64587392578125,0.03730285644531249,-38.8837786259542,-21.93064503816794,251.02627099236642,0
4990,-0.3675678344726565,-3.3976532470703122,-0.6402562133789063,-43.53263358778626,-2.2130877862595417,251.02627099236642,0
5015,-1.3946803466796878,-4.628272900390624,-0.9754444458007813,-28.34179389312977,-45.556599236641226,251.02627099236642,0
5044,-4.648400402832031,-5.717634655761718,-0.7216590698242188,-7.647137404580153,-54.52606488549618,251.02627099236642,0
5070,-5.01950166015625,-5.305831970214843,-0.800667724609375,8.597137404580153,-52.014614503816794,251.02627099236642,0
5095,-6.6475587890625,-6.184503979492187,-1.2292298217773436,22.871946564885498,-62.17491984732825,251.02627099236642,0
5120,-8.54376650390625,-5.782278100585937,-1.1167023437499999,24.345229007633588,-45.58713358778626,251.02627099236642,0
5145,-10.258014892578124,-6.799813806152343,-0.5444881469726562,5.528435114503816,8.244927480916031,251.02627099236642,0
5170,-10.461522033691406,-6.792631201171875,-0.4774505004882812,9.849045801526717,-19.793240458015266,251.02627099236642,0
5195,-12.549265881347655,-5.360898608398437,-0.21887672119140625,19.749809160305343,-69.47262977099236,225.04153816793894,0
5220,-22.238599999999998,-15.440487597656249,12.446450061035156,-69.41812977099237,-74.99171374045801,21.110240458015266,0
5245,-12.281115295410157,-4.281113659667969,2.0077308227539064,-22.960114503816794,-52.77033969465649,-76.14166793893129,0
5270,-10.518982873535155,-7.008109350585937,3.5112894653320312,-33.983015267175574,-43.877209923664125,-110.17983587786259,0
5295,-10.360965563964843,-5.585953564453124,3.0085071166992186,-41.746374045801524,-35.04514885496184,-128.05006488549617,0
5320,-10.868536315917968,-6.809390612792968,2.539243591308594,-51.234923664122135,-39.060416030534356,-149.95082824427482,0
5345,-11.838187988281248,-6.51490380859375,1.576774523925781,-64.49446564885497,1.1991259541984733,-174.9126603053435,0
5370,-10.976275390624998,-6.627431286621094,0.51135478515625,-64.23492366412215,41.680041984732824,-205.79052290076336,0
5395,-7.715372729492187,-7.752706066894531,-0.06564781494140626,-39.25782442748091,7.664774809160306,-245.17220229007634,0
5420,-7.8733900390625,-7.383999011230468,-0.2595781494140625,-28.242557251908394,10.130423664122137,-249.24090458015266,0
5445,-5.634811486816407,-6.888399267578125,-0.6450446166992188,-20.776908396946563,25.909049618320612,-249.24090458015266,0
5471,-4.511930908203125,-6.129437341308593,-0.8533401611328125,-13.463931297709925,39.58843893129771,-249.24090458015266,0
5496,-1.5933990844726564,-6.325761877441406,-0.36013461914062495,-3.2272900763358776,35.53500381679389,-249.24090458015266,0
5521,-0.49446052246093775,-6.251541625976562,-0.46547949218749995,4.551335877862595,29.817446564885497,-249.24090458015266,0
5546,0.25492459716796834,-5.523704321289062,-0.4989983154296874,9.63530534351145,41.04645419847328,-249.24090458015266,0
5571,1.5142746704101562,-4.3792759277343745,-0.9993864624023437,5.902480916030534,59.3823320610687,-249.24090458015266,0
5596,3.242888269042968,-3.3210387939453123,-0.6402562133789063,3.543702290076336,61.680041984732824,-249.24090458015266,0
5621,4.439989099121093,-5.885228771972656,-0.283520166015625,7.108587786259542,42.82508015267175,-249.24090458015266,0
5646,4.255635571289062,-2.200552416992187,0.7124677246093749,6.894847328244275,35.565538167938925,-249.24090458015266,0
5671,4.8446091796875,0.16252462158203124,-0.21887672119140625,-0.8150763358778627,45.77164503816794,-249.24090458015266,0
5696,5.0193859008789055,1.972541076660156,-0.11353184814453125,-3.3265267175572517,19.59607251908397,-249.24090458015266,0
5721,6.501396728515624,3.222314343261719,0.7196503295898437,-23.63950381679389,44.28309541984733,-249.24090458015266,0
5746,7.4782310058593735,4.603768701171875,1.0021661254882812,-20.555534351145038,11.809812977099238,-249.24090458015266,0
5771,6.654625634765623,5.824811547851563,1.6174759521484374,-31.120419847328243,64.01591984732825,-249.24090458015266,0
5796,8.56041015625,10.65870469970703,1.2104616699218749,-7.899045801526718,-13.533698473282442,-249.24090458015266,0
5821,9.982565942382813,8.092120520019531,0.8920328491210937,-2.7005725190839693,-101.03751526717556,-249.24090458015266,0
5847,12.529996508789061,8.099303124999999,0.7986589843749999,-54.914312977099236,65.90141603053435,-186.11113358778627,0
5872,11.850043237304686,10.84305822753906,1.2200384765624999,-28.66240458015267,41.81744656488549,-102.98136259541984,0
5897,12.666466003417966,9.973963024902343,1.3301717529296875,-4.135687022900764,30.481568702290076,-30.210370229007633,0
5922,12.925039782714844,10.289997644042968,1.1386356201171874,25.696374045801527,-11.541332061068701,24.5758893129771,0
5947,12.03200256347656,11.147121838378904,1.4594586425781249,30.5513358778626,-43.58713358778626,75.62169083969466,0
5972,11.945811303710936,10.527023608398435,1.0692037719726561,14.711641221374045,-44.28942366412214,127.5758893129771,0
5997,11.320924670410154,11.76961427001953,0.77950537109375,5.001717557251908,-50.66346946564886,185.73619465648855,0
6022,11.366414501953123,11.04177696533203,0.45868234863281243,11.200190839694656,-59.40392748091603,251.02627099236642,0
6047,10.889968371582029,8.582931860351561,0.05885067138671875,26.093320610687023,-77.08331679389313,251.02627099236642,0
6072,7.9858017578124985,9.186270678710937,-0.015369580078125,27.63530534351145,-59.58713358778626,251.02627099236642,0
6097,6.209304125976561,6.476034399414062,-0.20690571289062498,36.826145038167944,-40.11385114503817,251.02627099236642,0
6122,3.6259605346679677,4.244638452148437,0.04448546142578125,37.72690839694657,11.313629770992367,251.02627099236642,0
6147,2.8430565917968744,1.577497802734375,0.23602159423828126,25.49026717557252,62.84034732824427,251.02627099236642,0
6172,2.572511804199218,-0.88374150390625,-0.19014630126953125,5.284160305343511,79.73347709923665,251.02627099236642,0
6197,1.7321470214843746,-1.9371902343749998,-0.020157983398437503,-4.608969465648856,56.802179389312975,251.02627099236642,0
6222,0.28126081542968695,-2.5189812377929686,1.153000830078125,-13.776908396946565,56.618973282442745,251.02627099236642,0
6247,-0.7673995117187502,-5.257947937011719,0.28390562744140624,-41.03645038167939,89.68004198473282,251.02627099236642,0
6273,-1.607764294433594,-4.008174670410156,-0.22366512451171874,-63.34942748091603,49.53500381679389,251.02627099236642,0
6298,-2.5391087402343753,-6.672921118164062,-0.12310865478515624,-33.53263358778626,-70.2970572519084,251.02627099236642,0
6323,-5.59411005859375,-5.401600036621093,0.05885067138671875,-27.387595419847326,-78.8619427480916,251.02627099236642,0
6348,-7.6842481079101566,-5.6745390258789055,-0.0871956298828125,-3.0822519083969464,-90.51079770992366,251.02627099236642,0
6373,-10.988246398925781,-6.557999438476562,-0.18056949462890623,-3.9143129770992364,-29.88484351145038,251.02627099236642,0
6398,-11.639469250488283,-6.550816833496093,0.5640272216796874,-5.166221374045802,6.8861488549618315,251.02627099236642,0
6423,-12.1254921875,-5.533281127929687,-0.1925405029296875,-1.9753816793893129,10.199125954198474,208.68275954198472,0
6448,-12.89163671875,-5.717634655761718,-0.4535084838867187,12.64293893129771,-4.487896946564886,140.88886641221373,0
6473,-13.562013183593749,-5.143026257324219,-0.1829636962890625,25.971183206106872,-12.045148854961832,67.72092748091603,0
6498,-12.668975964355468,-5.7846723022460935,1.0572327636718748,37.32232824427481,-12.38866030534351,-5.164568702290077,0
6523,-12.379277563476563,-6.1414083496093745,1.0739921752929686,36.024618320610685,-1.6024007633587787,-66.43174427480916,0
6548,-10.588414721679687,-6.0480344848632805,1.6893020019531249,29.116221374045804,-19.938278625954197,-111.29433969465649,0
6573,-10.451945227050782,-5.6529912109375,1.3780557861328124,16.45209923664122,-47.14438549618321,-144.14930152671755,0
6598,-9.46313994140625,-6.299425659179687,1.7132440185546873,-2.5326335877862594,-60.884843511450384,-173.77525572519085,0
6623,-7.7225553344726565,-8.707992529296876,2.5655798095703126,-18.05171755725191,-49.76270610687023,-210.1035,0
6648,-7.4424337402343745,-8.133384130859374,2.35010166015625,-31.601335877862596,-43.09095038167939,-239.897393129771,0
6673,-7.452010546875,-7.28104833984375,1.401997802734375,-52.83034351145038,-25.152019083969464,-249.24090458015266,0
6699,-5.953240307617188,-7.372028002929687,0.9806183105468749,-60.08988549618321,-31.64056870229008,-249.24090458015266,0
6724,-3.999571752929688,-8.514062194824218,1.7108498168945312,-63.4486641221374,-7.625301526717557,-249.24090458015266,0
6749,-2.469676892089844,-8.983325720214843,1.643812170410156,-51.731106870229006,15.588438931297711,-249.24090458015266,0
6774,-2.4481290771484376,-7.237952709960937,-0.25478974609375,-47.53263358778626,52.27546183206107,-249.24090458015266,0
6799,-0.8942921997070314,-5.7104520507812495,-0.877282177734375,-40.33416030534351,44.55027099236641,-249.24090458015266,0
6824,1.322738537597656,-4.3026614746093745,-0.9419256225585937,-25.79217557251908,-18.961179389312978,-249.24090458015266,0
6849,3.453578015136718,-5.047258190917968,-0.9443198242187499,-5.547900763358779,-134.22835496183205,-249.24090458015266,0
6874,2.3905524780273435,-3.1271084594726557,-1.011357470703125,-33.96011450381679,-131.1062175572519,-249.24090458015266,0
6899,3.642719946289062,-1.5876367919921874,-0.915589404296875,-68.79217557251908,-68.64820229007633,-249.24090458015266,0
6924,4.4759021240234365,-1.2309007446289062,-2.8381333374023434,-84.2043893129771,-41.381026717557255,-249.24090458015266,0
6949,5.234864050292968,2.216749645996094,-2.4191480468749997,-98.31125954198474,26.252561068702292,-249.24090458015266,0
6974,6.12071866455078,5.231049536132812,-2.0049511596679683,-78.59370229007634,5.764011450381679,-249.24090458015266,0
6999,5.955518749999999,7.457657080078125,-2.598713171386718,-69.14332061068703,-3.8237748091603057,-249.24090458015266,0
7024,7.425558569335936,8.76249698486328,-2.5316755249023433,-59.12041984732824,-12.289423664122136,-249.24090458015266,0
7049,7.633854113769531,11.977909814453124,-1.9570671264648436,-58.12041984732824,-24.358125954198474,-249.24090458015266,0
7074,7.911581506347656,10.292391845703124,-2.2922553588867185,-53.13568702290076,-19.678736641221374,-249.24090458015266,0
7099,8.835743347167966,10.969950915527342,-2.6442030029296872,-52.83034351145038,31.206759541984734,-184.86685877862595,0
7125,9.537244433593749,13.098396191406248,-2.830950732421875,-34.616603053435114,24.92431679389313,-95.5538816793893,0
7150,11.045591479492188,13.486256860351562,-3.132620141601562,-21.952480916030535,10.07698854961832,-9.973729007633588,0
7175,10.758287280273436,13.383306188964843,-3.0320636718749996,-11.86087786259542,2.2601946564885496,63.86596564885497,0
7200,10.102276025390623,12.463932751464842,-2.5675885498046873,0.2536259541984732,6.90904961832061,131.1789427480916,0
7225,9.779058801269532,12.322674853515624,-2.5915305664062496,27.047519083969465,-15.602400763358776,189.88123282442749,0
7250,9.202056201171875,11.714547631835936,-3.178109973144531,67.71164122137404,-90.5031641221374,237.6674923664122,0
7275,7.9474945312499985,9.131204040527342,-2.78306669921875,89.04751908396946,-87.02224809160305,251.02627099236642,0
7300,7.224445629882811,8.470404382324217,-2.4191480468749997,82.4368320610687,-14.602400763358776,251.02627099236642,0
7325,7.8876394897460935,7.038671789550781,-2.048046789550781,75.73454198473281,10.351797709923664,251.02627099236642,0
7350,7.413587561035155,4.826429455566406,-1.5763890624999999,66.71164122137404,26.73347709923664,251.02627099236642,0
7375,6.441541687011719,2.669253759765625,-1.3968239379882812,45.32232824427481,66.02355343511451,251.02627099236642,0
7400,5.364150939941406,1.2854052001953125,-0.10156083984375,35.17729007633588,55.53500381679389,251.02627099236642,0
7425,4.971501867675781,-0.13675058593749997,-0.6402562133789063,26.085687022900764,43.809812977099234,251.02627099236642,0
7450,2.2804192016601554,-1.2045645263671874,0.16898394775390624,18.49026717557252,39.68767557251908,251.02627099236642,0
7475,1.2724603027343746,-3.110349047851562,-0.33619260253906247,-4.2883587786259545,80.74874427480917,251.02627099236642,0
7500,0.654756274414062,-3.878887780761718,-0.513363525390625,-33.357061068702286,109.7792786259542,251.02627099236642,0
7526,0.6427852661132807,-4.592359875488281,-0.38407663574218753,-25.089885496183204,31.168591603053436,251.02627099236642,0
7551,-1.425804968261719,-5.787066503906249,-1.0760009155273438,-19.242557251908394,-22.449729007633586,251.02627099236642,0
7576,-1.7825410156250001,-5.724817260742187,-0.6713808349609375,4.650572519083969,-76.25125572519083,251.02627099236642,0
7601,-0.6931792602539066,-7.898752368164062,-1.4782267944335936,-4.318893129770993,-27.510797709923665,251.02627099236642,0
7626,-3.4584821777343753,-6.299425659179687,-1.5500528442382813,-32.295992366412214,57.36706488549618,251.02627099236642,0
7651,-4.667554016113281,-6.119860534667968,-2.0935366210937496,-16.754007633587786,-24.07568320610687,251.02627099236642,0
7676,-7.2221671875,-5.743970874023437,-0.9706560424804688,18.98645038167939,-107.0298816793893,251.02627099236642,0
7701,-8.074502978515625,-5.159785668945312,-0.5588533569335937,23.36049618320611,-52.686370229007636,251.02627099236642,0
7726,-8.876560534667968,-6.625037084960937,-1.6338499023437498,49.56660305343512,-91.785606870229,251.02627099236642,0
7751,-10.480675646972657,-4.226047021484375,-1.2747196533203125,54.42156488549618,-51.060416030534356,248.19420992366412,0
7776,-10.782345056152344,-5.849315747070312,-0.973050244140625,49.00935114503817,7.405232824427481,229.94230152671756,0
7801,-10.96909278564453,-5.011345166015625,-0.3768940307617187,49.53606870229008,40.82508015267175,201.49191984732823,0
7826,-22.238599999999998,-9.517232690429688,8.563054968261717,7.986450381679389,-130.0680496183206,-80.9889961832061,0
7851,-7.6124220581054685,-4.980220544433593,-0.41041285400390626,-11.494465648854963,-1.2741564885496182,-85.9508282442748,0
7876,-11.92198504638672,-6.9698021240234365,1.4067862060546874,-21.723473282442747,-3.0527824427480916,-93.4241106870229,0
7901,-9.32188204345703,-6.6298254882812495,1.605504943847656,-26.570801526717556,0.18385877862595423,-89.79815648854961,0
7927,-10.12154539794922,-6.002544653320312,0.7459865478515624,-29.425763358778624,-16.73217175572519,-98.41647709923664,0
7952,-11.44314471435547,-5.401600036621093,-0.09916663818359375,-30.70820610687023,-28.686370229007633,-110.84395801526718,0
7977,-10.195765649414062,-6.225205407714843,0.16898394775390624,-32.65477099236641,-6.266522900763359,-132.31724045801528,0
8002,-9.810299182128906,-8.040010266113281,-0.28591436767578127,-21.914312977099236,15.733477099236643,-160.18746946564886,0
8027,-8.96514599609375,-8.12380732421875,-0.7599662963867188,-7.578435114503817,23.24492748091603,-186.67601908396946,0
8052,-7.255686010742187,-8.229152197265625,-0.6809576416015625,4.528435114503816,23.970118320610688,-207.7981564885496,0
8077,-6.6188283691406244,-8.054375476074219,-0.90601259765625,13.444465648854962,12.015919847328245,-224.7828893129771,0
8102,-5.4528521606445315,-7.115848425292969,-0.75278369140625,15.368129770992367,1.8937824427480918,-237.53098091603053,0
8127,-4.116887634277344,-7.8125611083984365,-0.47026789550781245,15.589503816793894,1.8327137404580154,-249.24090458015266,0
8152,-0.9397820312500003,-9.325696557617187,1.2008848632812499,27.16965648854962,-31.52606488549618,-249.24090458015266,0
8177,-1.6676193359375002,-7.7000336303710935,1.0596269653320312,21.558969465648858,-25.41919465648855,-249.24090458015266,0
8202,-2.0937872314453125,-6.050428686523437,0.12109991455078123,1.8337786259541984,2.7945458015267177,-249.24090458015266,0
8227,0.14957972412109344,-5.901988183593749,-0.6187083984375,-9.86851145038168,7.6495076335877865,-249.24090458015266,0
8252,2.586877014160156,-5.743970874023437,-0.08001302490234374,-3.2272900763358776,-63.564232824427485,-249.24090458015266,0
8277,2.697010290527343,-5.894805578613281,0.6119112548828124,-2.479198473282443,-124.80087404580152,-249.24090458015266,0
8302,2.3690046630859367,-4.041693493652343,-0.24281873779296873,-32.15858778625954,-92.10621755725191,-249.24090458015266,0
8328,3.115995581054687,-2.7703724121093747,-1.2100762084960937,-54.34179389312977,-83.48789694656489,-249.24090458015266,0
8353,2.756865332031249,-3.081618627929687,-1.6937049438476561,-62.94484732824427,-106.40392748091602,-249.24090458015266,0
8378,3.542163476562499,-0.7520604125976562,-0.5588533569335937,-99.34179389312978,16.519736641221375,-249.24090458015266,0
8403,5.694550769042968,1.0388024291992186,-0.034523193359375,-95.55553435114504,82.46630152671756,-249.24090458015266,0
8428,4.655467248535156,4.450539794921875,-0.6498330200195312,-48.738740458015265,-1.006980916030534,-249.24090458015266,0
8453,4.9260120361328115,8.642786901855468,-2.5915305664062496,-57.38759541984733,17.695309160305342,-249.24090458015266,0
8478,9.472600988769532,10.790385791015623,-1.988191748046875,-42.08988549618321,-61.816141221374046,-249.24090458015266,0
8503,8.136636462402343,9.679476220703124,-2.7758840942382808,-43.50209923664122,-100.31995801526718,-249.24090458015266,0
8528,8.368874023437499,9.894954370117187,-2.6585682128906245,-71.21965648854962,12.618973282442749,-239.34014122137404,0
8553,10.016084765625,11.17585225830078,-3.271483837890625,-78.66240458015268,112.9319503816794,-165.49281297709922,0
8578,11.534008618164062,12.061706872558592,-2.9147477905273433,-67.25019083969467,141.7411106870229,-96.27143893129771,0
8603,13.57147423095703,11.197400073242186,-2.3688698120117184,-26.593702290076333,63.81744656488549,-26.477545801526716,0
8628,12.561121130371092,11.036988562011718,-1.3010558715820313,11.413931297709924,-9.083316793893129,41.568255725190845,0
8653,10.777440893554687,10.306757055664061,-0.9706560424804688,20.093320610687023,-1.014614503816794,102.82016412213741,0
8678,9.867644262695311,9.770455883789062,-0.6234968017578125,10.63530534351145,27.96248473282443,160.43085114503816,0
8703,10.21959190673828,9.250914123535155,-0.2212709228515625,4.620038167938931,16.000652671755724,211.00337022900763,0
8728,9.460629980468749,9.294009753417967,-0.02255218505859375,3.589503816793893,-18.2588893129771,251.02627099236642,0
8754,7.73680478515625,9.248519921875,0.8609082275390624,1.6047709923664124,-24.58713358778626,251.02627099236642,0
8779,8.639418811035156,6.648416918945312,0.30545344238281247,-10.570801526717558,17.695309160305342,251.02627099236642,0
8804,8.378450830078123,5.951704235839844,0.3557316772460938,-4.3952290076335885,-5.037515267175573,251.02627099236642,0
8829,6.975448657226562,4.333223913574218,0.37488529052734376,6.406297709923664,-22.785606870229007,251.02627099236642,0
8854,5.996220178222656,2.1018279663085937,0.1713781494140625,11.757442748091602,-25.42682824427481,251.02627099236642,0
8879,4.598006408691406,0.9478227661132812,0.8728792358398436,3.162022900763359,10.0998893129771,251.02627099236642,0
8904,4.054522631835937,-0.02422310791015625,0.5472678100585937,-5.112786259541985,28.60370610687023,251.02627099236642,0
8929,3.305137512207031,-2.4447609863281246,-0.22366512451171874,14.375763358778626,-27.785606870229007,251.02627099236642,0
8954,-0.3316548095703129,-3.4599024902343745,-0.1063492431640625,4.902480916030534,13.641874045801528,251.02627099236642,0
8979,-0.28377077636718795,-4.070423913574218,-0.8820705810546875,-13.990648854961833,58.81744656488549,251.02627099236642,0
9004,-0.29334758300781294,-5.969025830078125,-1.2268356201171875,6.742175572519083,-16.38102671755725,251.02627099236642,0
9029,-3.9516877197265625,-6.014515661621093,-0.7025054565429687,15.14675572519084,-26.35049236641221,251.02627099236642,0
9054,-4.499959899902343,-5.806220117187499,-0.46069108886718746,18.070419847328246,-7.854309160305343,251.02627099236642,0
9079,-6.116046020507813,-5.772701293945312,-0.4319606689453125,24.459732824427483,-11.877209923664122,251.02627099236642,0
9104,-6.836700720214844,-7.182886071777343,-0.3481636108398437,9.719274809160305,22.54263740458015,251.02627099236642,0
9129,-7.73931474609375,-7.441459851074218,-0.2763375610351563,0.3146946564885496,24.89378244274809,251.02627099236642,0
9155,-9.254844396972656,-6.670526916503905,-0.5277287353515625,3.3146946564885496,10.58080534351145,241.01863740458015,0
9180,-10.12154539794922,-5.602712976074218,-0.15662747802734373,0.5055343511450382,33.6647748091603,208.53772137404582,0
9205,-11.258791186523439,-5.509339111328124,0.17856075439453123,-11.097519083969466,73.48156870229008,169.9346679389313,0
9230,-12.343364538574217,-4.920365502929687,-0.010581176757812505,-11.19675572519084,70.35943129770993,126.37741603053435,0
9255,-12.266750085449218,-6.062399694824218,-0.40083604736328127,-7.105152671755725,35.0235534351145,67.79726335877864,0
9280,-13.327381420898437,-7.225981701660156,-0.302673779296875,4.444465648854962,-5.396293893129771,-3.3554083969465647,0
9305,-13.392024865722657,-7.367239599609374,0.137859326171875,2.97881679389313,-8.648202290076336,-77.93556106870228,0
9330,-12.652216552734373,-6.938677502441406,0.03490865478515624,-3.5784351145038165,-28.73217175572519,-144.03479770992365,0
9355,-11.629892443847655,-6.627431286621094,-0.3074621826171875,-16.899045801526714,-48.014614503816794,-194.37830916030535,0
9380,-10.514194470214843,-7.1924628784179685,-0.4726620971679687,-29.074618320610686,-68.09095038167939,-234.94319465648854,0
9405,-8.517430285644531,-7.575535144042968,-0.20690571289062498,-35.89141221374046,-70.19018702290076,-249.24090458015266,0
9430,-7.270051220703125,-7.975366821289062,-0.2212709228515625,-44.93721374045801,-29.991713740458014,-249.24090458015266,0
9455,-5.910144677734375,-7.467796069335937,-0.3936534423828125,-41.58606870229008,-3.877209923664122,-249.24090458015266,0
9480,-3.621287890625,-7.846079931640625,-1.4566789794921875,-32.18912213740458,2.687675572519084,-249.24090458015266,0
9505,-2.9628824340820312,-7.259500524902343,-1.4494963745117186,-33.792175572519085,24.168591603053436,-249.24090458015266,0
9530,-1.483265808105469,-6.261118432617187,-1.1861341918945312,-25.120419847328243,23.91668320610687,-249.24090458015266,0
9555,0.0825420776367185,-5.214852307128906,-0.3673172241210937,-11.303625954198473,2.2983625954198477,-249.24090458015266,0
9581,1.9284715576171871,-5.834950537109375,-0.187752099609375,3.5055343511450383,-25.121484732824428,-249.24090458015266,0
9606,2.2229583618164055,-3.9842326538085935,-1.9666439331054686,-4.570801526717558,-7.38866030534351,-249.24090458015266,0
9631,2.4288597045898435,-1.477503515625,-1.8349628417968749,-15.173854961832062,-71.4268282442748,-249.24090458015266,0
9656,4.794330944824218,-0.42884318847656255,-1.5716006591796874,-56.54026717557252,-15.442095419847327,-249.24090458015266,0
9681,6.032133203124999,1.962964270019531,-0.992203857421875,-63.71583969465649,-37.91537786259542,-249.24090458015266,0
9706,5.103182958984374,3.729885095214844,-1.2483834350585936,-62.31125954198473,-50.91537786259542,-249.24090458015266,0
9731,4.521391955566406,6.286892468261718,-2.4478784667968747,-66.96774809160306,-46.5795,-249.24090458015266,0
9756,6.226063537597656,6.801645825195313,-3.314579467773437,-65.44103053435116,-47.6176679389313,-249.24090458015266,0
9781,7.92115831298828,6.978816748046874,-4.554775927734375,-62.12041984732824,-3.2054541984732823,-249.24090458015266,0
9806,7.557239660644531,9.147963452148437,-3.2307824096679685,-35.227290076335876,-14.38866030534351,-249.24090458015266,0
9831,7.404010754394531,11.455973852539062,-2.8189797241210934,-19.273091603053434,4.847980916030535,-233.24853816793893,0
9856,10.107064428710938,10.732924951171874,-4.099877612304687,-5.341793893129771,5.038820610687023,-160.75235496183205,0
9881,10.363244006347657,11.611596960449218,-3.972984924316406,-4.418129770992366,23.168591603053436,-85.90502671755725,0
9906,11.385568115234374,12.696170312499998,-4.2985963500976565,-8.624236641221374,41.03882061068702,-5.7523549618320615,0
9932,11.703996936035153,13.1175498046875,-4.1310022338867185,-10.53263358778626,31.183858778625954,69.5758893129771,0
9957,10.262687536621094,11.745672253417967,-3.513298205566406,-8.631870229007633,29.687675572519083,135.5987900763359,0
9982,9.273882250976563,9.966780419921873,-3.1948693847656244,-6.265458015267176,60.77164503816794,192.30871374045802,0
10007,9.230786621093749,9.66271680908203,-2.450272668457031,-12.2043893129771,99.46630152671756,237.90413358778628,0
10032,10.49492509765625,9.243731518554686,-1.8014440185546874,-15.921946564885497,98.86324809160305,251.02627099236642,0
10057,9.714415356445311,9.602861767578124,-0.9179836059570312,2.4139312977099237,35.489202290076335,251.02627099236642,0
10082,8.61787099609375,8.46322177734375,-0.7958793212890625,33.704007633587786,-22.984080152671755,251.02627099236642,0
10107,6.44633009033203,5.808052136230469,-0.6306794067382813,59.03988549618321,-33.96881297709924,251.02627099236642,0
10132,4.835032373046874,3.5335605590820314,-0.3290099975585937,51.261259541984735,17.76401145038168,251.02627099236642,0
10157,4.820667163085937,1.4290572998046873,-0.187752099609375,12.024618320610687,84.38996564885497,251.02627099236642,0
10182,4.238876159667968,0.6820663818359374,-0.072830419921875,-5.639503816793893,58.7029427480916,251.02627099236642,0
10207,3.060928942871093,-1.1925935180664062,-0.2021173095703125,-15.051717557251909,37.35179770992366,251.02627099236642,0
10232,0.8008025756835933,-2.083236535644531,-0.13747386474609374,-24.379961832061067,21.351797709923666,251.02627099236642,0
10257,-0.008437585449219132,-3.110349047851562,-0.9108010009765625,-31.250190839694657,18.863248091603054,251.02627099236642,0
10282,-0.630930017089844,-4.470255590820312,-1.6075136840820312,-4.983015267175573,-64.73980534351145,251.02627099236642,0
10308,-3.8822558715820312,-4.850933654785155,-0.7575720947265625,27.307061068702293,-114.65583587786259,251.02627099236642,0
10333,-5.088933508300782,-4.750377185058594,0.08997529296874998,20.620038167938933,-32.99171374045802,251.02627099236642,0
10358,-3.6739603271484373,-5.068806005859375,0.2623578125,39.574236641221376,-31.533698473282445,251.02627099236642,0
10383,-4.993165441894531,-5.664962219238281,0.29348243408203123,54.87958015267176,-51.34285877862596,251.02627099236642,0
10408,-8.364201379394531,-7.0607817871093745,-1.4255543579101562,41.96354961832061,-16.472629770992366,251.02627099236642,0
10433,-9.075279272460937,-7.6808800170898435,-0.1925405029296875,10.093320610687023,38.16095801526717,251.02627099236642,0
10458,-10.456733630371094,-8.154931945800781,-0.13268546142578125,-1.35706106870229,61.58843893129771,246.23237786259543,0
10483,-12.1254921875,-7.716793041992187,-0.4487200805664062,11.719274809160305,29.680041984732824,179.19420992366412,0
10508,-13.909172424316406,-7.8867813598632805,-0.1446564697265625,33.80324427480916,10.305996183206107,87.10260687022901,0
10533,-13.14063369140625,-8.547581018066406,0.48501856689453116,63.03225190839695,-34.61003435114504,-12.790522900763358,0
10558,-12.235625463867187,-7.33132657470703,1.2631341064453123,69.00171755725191,-65.15201908396946,-86.52334732824427,0
10583,-9.989864306640625,-7.6808800170898435,3.4059445922851563,55.902480916030534,-88.11385114503817,-126.40884351145039,0
10608,-8.910079357910156,-7.13979044189453,3.721979211425781,29.94828244274809,-85.05278244274808,-144.31724045801528,0
10633,-9.01542423095703,-7.295413549804687,3.355666357421875,-5.0593511450381685,-54.41156106870229,-148.2714389312977,0
10658,-8.462363647460936,-8.193239172363281,2.4817827514648436,-37.43339694656488,0.4205000000000001,-151.49281297709922,0
10683,-7.0306310546874995,-8.755876562500001,1.7419744384765623,-47.95248091603053,2.92431679389313,-160.37830916030535,0
10709,-6.738538452148437,-9.2538705078125,0.9949835205078124,-45.746374045801524,-16.91537786259542,-176.72182061068702,0
10734,-6.685866015625,-9.632154370117188,0.7531691528320312,-40.82270992366412,-8.106217557251908,-195.37830916030535,0
10759,-3.925351501464844,-10.49885537109375,1.133847216796875,-26.692938931297707,-4.648202290076336,-215.21037022900762,0
10784,-3.4872125976562502,-9.107824206542968,0.5664214233398437,-10.601335877862596,-30.678736641221374,-225.3325076335878,0
10809,-3.52551982421875,-7.8891755615234365,0.14743613281249998,-8.54790076335878,-43.30469083969466,-222.88975954198472,0
10834,-2.677972436523438,-7.379210607910156,0.3078476440429687,-16.83034351145038,-26.327591603053435,-217.1798358778626,0
10859,-0.14730128173828172,-7.695245227050781,0.6693720947265624,-14.845610687022901,-40.03751526717558,-221.7065534351145,0
10884,-0.14969548339843763,-7.245135314941406,0.4610765502929687,-12.494465648854963,-58.83904198473283,-226.9355610687023,0
10909,0.33153905029296826,-5.930718603515625,0.18813756103515625,-23.746374045801524,-52.930645038167945,-230.69128625954198,0
10934,1.4352660156249994,-5.415965246582031,0.09236949462890623,-34.738740458015265,-49.258889312977104,-240.72182061068702,0
10959,3.0274101196289056,-6.083947509765625,0.0013898315429687474,-38.1662213740458,-63.85430916030534,-249.24090458015266,0
10984,3.3625983520507807,-4.946701721191406,-0.6522272216796875,-39.64713740458015,-109.6711030534351,-249.24090458015266,0
11009,2.869392810058593,-4.759953991699218,-0.6306794067382813,-65.98301526717557,-99.44209541984732,-249.24090458015266,0
11034,3.0106507080078115,-2.3873001464843746,-0.8820705810546875,-98.79217557251908,-40.83904198473283,-249.24090458015266,0
11059,4.688986071777343,-1.2811789794921875,-0.9012241943359375,-112.53263358778626,2.557904580152672,-249.24090458015266,0
11085,5.134307580566405,-0.25406646728515625,-1.3393630981445312,-109.23492366412215,11.901416030534351,-249.24090458015266,0
11110,5.498226232910155,1.0076778076171875,-1.7056759521484375,-109.11278625954199,50.97011832061068,-249.24090458015266,0
11135,5.172614807128905,3.17682451171875,-0.8246097412109374,-105.29599236641222,133.91668320610688,-249.24090458015266,0
11160,3.8941111206054684,5.951704235839844,-0.5373055419921875,-57.19675572519084,103.39759923664123,-249.24090458015266,0
11185,4.6434962402343745,8.913331689453123,-0.5205461303710938,-26.105152671755725,94.74874427480917,-249.24090458015266,0
11210,6.010585388183594,13.098396191406248,-0.04649420166015625,-5.85324427480916,49.0998893129771,-249.24090458015266,0
11235,11.00489005126953,12.040159057617187,-0.9012241943359375,11.291793893129771,-41.40392748091603,-249.24090458015266,0
11260,11.531614416503906,12.703352917480467,-1.1095197387695312,6.536068702290076,-98.3886603053435,-207.4775458015267,0
11285,12.190019873046875,13.62033215332031,-1.3010558715820313,-4.311259541984733,-94.43446183206106,-84.17220229007633,0
11310,11.91229248046875,13.285143920898436,-1.5739948608398437,-15.120419847328245,-41.23598854961833,35.99573664122138,0
11335,10.894756774902344,13.146280224609374,-2.0336815795898437,-25.51736641221374,18.008286259541986,139.35451526717557,0
11360,11.3568376953125,12.36337628173828,-1.5692064575195313,-16.67767175572519,6.275461832061069,219.24001145038167,0
11385,9.738357373046874,12.11437930908203,-1.1957109985351562,-6.280725190839695,-13.006980916030534,251.02627099236642,0
11410,8.569986962890624,11.226130493164062,-0.647438818359375,-1.4791984732824428,-6.5794999999999995,251.02627099236642,0
11436,9.118259143066407,8.661940515136717,-0.8222155395507812,-3.4181297709923664,7.832713740458015,251.02627099236642,0
11461,8.86686796875,7.541454138183593,-0.40562445068359376,1.322328244274809,-1.9230114503816793,251.02627099236642,0
11486,7.504567224121092,6.454486584472656,0.252781005859375,8.917748091603054,-10.869576335877863,251.02627099236642,0
11511,5.979460766601561,3.9190270263671874,-0.3122505859375,-6.769274809160306,21.7411106870229,251.02627099236642,0
11536,4.463931115722656,2.48729443359375,0.5185373901367187,-38.799809160305344,56.33653053435114,251.02627099236642,0
11561,3.6115953247070305,0.217591259765625,0.8034473876953124,-53.77690839694657,48.252561068702285,251.02627099236642,0
11586,3.0848709594726555,-0.9172603271484374,0.7938705810546874,-59.96774809160305,43.03882061068702,251.02627099236642,0
11611,1.6842629882812492,-2.3082914916992183,0.252781005859375,-58.37996183206107,17.176225190839695,251.02627099236642,0
11636,-0.008437585449219132,-2.274772668457031,-0.2500013427734375,-47.868511450381675,-18.472629770992366,251.02627099236642,0
11661,0.2477419921874997,-3.749600891113281,-0.7743315063476562,-37.295992366412214,-50.3352251908397,251.02627099236642,0
11686,-1.770570007324219,-5.116690039062499,-1.566812255859375,-3.822709923664122,-133.51079770992365,251.02627099236642,0
11711,-1.5191788330078126,-6.55321103515625,-2.337745190429687,18.00935114503817,-141.03751526717556,251.02627099236642,0
11736,-1.7059265625000002,-6.737564562988281,-1.3106326782226563,25.00935114503817,-92.31232442748092,251.02627099236642,0
11761,-2.843172351074219,-6.771083386230468,-1.451890576171875,52.91774809160305,-113.70163740458015,251.02627099236642,0
11786,-5.974788122558594,-6.213234399414062,-1.490197802734375,73.26889312977099,-119.90774427480916,251.02627099236642,0
11812,-6.894161560058594,-6.4622313720703115,-0.17099268798828124,77.2841603053435,-69.64820229007633,251.02627099236642,0
11837,-7.006689038085938,-7.0440223754882805,-0.04649420166015625,69.38339694656489,-7.014614503816793,251.02627099236642,0
11862,-8.833464904785156,-6.838121032714843,-0.5923721801757812,33.940648854961836,75.50446946564885,251.02627099236642,0
11887,-10.080843969726562,-5.657779614257812,-0.1829636962890625,8.81851145038168,76.35943129770993,248.16367557251908,0
11912,-11.993811096191404,-7.460613464355468,0.0013898315429687474,17.467366412213742,29.847980916030536,220.62932442748092,0
11937,-12.884454113769532,-7.202039685058593,-0.0297347900390625,30.116221374045804,15.473935114503817,171.04153816793894,0
11962,-4.701072839355469,-2.4615203979492186,3.8752081176757813,46.024618320610685,-61.930645038167945,-75.09586641221374,0
11987,-15.953820642089845,-4.348151306152343,0.9231574707031249,11.482633587786259,-33.77797328244275,-102.01189694656489,0
12012,-9.2524501953125,-4.932336511230468,3.0085071166992186,-1.059351145038168,-64.86957633587785,-107.35540839694656,0
12037,-10.813469677734375,-6.897976074218749,2.8744318237304687,-10.738740458015268,-51.006980916030535,-124.91266030534351,0
12062,-11.957898071289062,-7.841291528320312,1.3876325927734374,-21.754007633587786,-39.84667557251909,-142.88212595419847,0
12087,-10.928391357421873,-7.479767077636718,0.9231574707031249,-28.2043893129771,-38.40392748091603,-173.86685877862595,0
12112,-9.585244226074218,-8.696021520996094,0.8273894042968749,-25.944847328244272,-46.999347328244276,-209.44701145038167,0
12138,-7.265262817382812,-9.493290673828126,1.126664611816406,-15.242557251908398,-70.70163740458015,-241.3325076335878,0
12163,-6.89655576171875,-8.332102868652344,1.2487688964843748,-22.250190839694657,-45.80087404580153,-249.24090458015266,0
12188,-6.139988037109375,-7.21640489501953,0.6334590698242187,-22.02118320610687,-28.823774809160305,-249.24090458015266,0
12213,-4.511930908203125,-6.976984729003906,0.14504193115234373,-20.79980916030534,-28.319958015267176,-249.24090458015266,0
12238,-2.16561328125,-7.1733092651367185,0.9231574707031249,-20.70820610687023,-35.49553053435115,-249.24090458015266,0
12263,-1.4569295898437502,-6.081553308105468,1.12427041015625,-21.70820610687023,-39.49553053435115,-249.24090458015266,0
12288,-1.531149841308594,-5.291466760253906,0.2001085693359375,-31.01354961832061,-26.281790076335877,-249.24090458015266,0
12313,0.5063157714843745,-5.937901208496093,-0.09437823486328126,-37.67003816793893,-45.02988167938932,-249.24090458015266,0
12339,2.100854077148437,-6.1605619628906245,-0.3481636108398437,-40.4486641221374,-107.94591221374046,-249.24090458015266,0
12364,3.733699609374999,-6.902764477539062,0.386856298828125,-37.33416030534351,-206.77033969465649,-249.24090458015266,0
12389,2.4839263427734366,-4.628272900390624,-0.5085751220703125,-76.12805343511451,-194.67873664122138,-249.24090458015266,0
12414,2.644337854003906,-3.977050048828125,-1.2435950317382811,-120.54026717557252,-147.68637022900762,-249.24090458015266,0
12439,3.355415747070312,-2.6339029174804685,-2.613078381347656,-159.77690839694657,-83.5413320610687,-249.24090458015266,0
12464,4.006638598632812,-1.7815671264648436,-2.921930395507812,-187.95248091603054,-20.87720992366412,-249.24090458015266,0
12489,5.282748083496093,0.8017764648437499,-2.6681450195312495,-196.18912213740458,32.76401145038168,-249.24090458015266,0
12514,4.892493212890624,2.5519378784179687,-2.0264989746093747,-176.18148854961834,35.32889694656488,-249.24090458015266,0
12539,3.3649925537109366,5.89663759765625,-3.498932995605468,-154.46393129770993,-1.2359885496183205,-249.24090458015266,0
12564,5.82144345703125,9.612438574218748,-3.4438663574218746,-153.7158396946565,18.38996564885496,-249.24090458015266,0
12589,7.9618597412109375,8.903754882812498,-4.439854248046875,-127.525,-29.69400381679389,-249.24090458015266,0
12614,8.17015528564453,11.161487048339842,-5.0120684448242185,-100.54790076335878,-96.25125572519083,-249.24090458015266,0
12639,9.194873596191407,10.95797990722656,-5.624984069824219,-83.37232824427481,-101.39629389312977,-194.86685877862595,0
12664,9.532456030273437,11.331475366210936,-5.5555522216796875,-82.09751908396947,-9.877209923664122,-127.13403435114503,0
12689,10.669701818847656,12.518999389648435,-6.664067590332031,-55.12041984732824,35.489202290076335,-49.0271641221374,0
12715,12.381556005859373,12.123956115722654,-7.004044226074218,-17.196755725190837,18.870881679389313,34.27817938931298,0
12740,10.49492509765625,11.391330407714843,-6.343244567871094,16.062786259541987,18.664774809160306,112.32398091603054,0
12765,9.41514014892578,10.52462940673828,-5.536398608398438,27.093320610687023,95.29836259541985,175.5987900763359,0
12790,10.942640808105466,10.491110583496093,-4.796590295410156,49.627671755725196,101.4968358778626,227.72092748091603,0
12815,9.570763256835935,10.591667053222656,-3.3864055175781247,79.59713740458015,53.73347709923664,251.02627099236642,0
12840,8.182126293945313,9.973963024902343,-2.299437963867187,79.70400763358778,67.82508015267176,251.02627099236642,0
12865,7.57639327392578,8.822352026367186,-1.796655615234375,76.14675572519083,58.428133587786256,251.02627099236642,0
12890,7.770323608398436,6.906990698242187,-1.3417572998046874,66.74980916030533,43.73347709923664,251.02627099236642,0
12915,5.670608752441406,5.80086953125,-0.120714453125,50.955916030534354,44.58080534351145,251.02627099236642,0
12940,4.590823803710937,3.646088037109375,0.3030592407226562,38.69637404580153,51.496835877862594,251.02627099236642,0
12965,3.882140112304687,0.7347388183593749,0.05406226806640624,26.100954198473286,55.40523282442748,251.02627099236642,0
12990,2.610819030761718,-0.2277302490234375,0.11391730957031249,10.406297709923663,57.58080534351145,251.02627099236642,0
13015,1.2030284545898433,-1.6043962036132813,-0.427172265625,-0.4181297709923665,51.33653053435114,251.02627099236642,0
13040,1.8135498779296872,-3.6203140014648434,-0.6641982299804687,-21.967748091603053,54.22966030534351,251.02627099236642,0
13065,-0.5423445556640627,-4.345757104492187,-0.3266157958984375,-24.525,22.641874045801526,251.02627099236642,0
13091,-1.5550918579101565,-4.391246936035156,-0.6330736083984375,-40.051717557251905,31.214393129770993,251.02627099236642,0
13116,-2.651636218261719,-4.530110632324218,-1.1286733520507812,-18.593702290076333,-53.94591221374046,251.02627099236642,0
13141,-3.9109862915039066,-5.703269445800781,-1.1262791503906249,28.849045801526717,-169.81614122137404,251.02627099236642,0
13166,-5.400179724121093,-6.28506044921875,-0.6498330200195312,49.513167938931296,-145.4649961832061,251.02627099236642,0
13191,-4.6651598144531246,-7.08232960205078,-1.7032817504882811,33.96354961832061,-35.62530152671756,251.02627099236642,0
13216,-5.7904345947265625,-6.519692211914062,-1.2172588134765625,62.513167938931296,-68.5031641221374,251.02627099236642,0
13241,-8.479123059082031,-5.506944909667968,-0.187752099609375,91.66583969465648,-84.785606870229,251.02627099236642,0
13266,-9.791145568847657,-5.641020202636718,0.9973777221679687,85.7956106870229,7.183858778625954,251.02627099236642,0
13291,-10.411243798828124,-7.324143969726562,1.6701483886718749,70.30706106870228,79.9319503816794,251.02627099236642,0
13316,-12.142251599121092,-6.804602209472655,1.7347918334960937,65.88721374045801,58.443400763358774,223.1255076335878,0
13341,-13.992969482421874,-6.32336767578125,1.2367978881835937,55.18492366412214,27.046454198473285,168.28581297709923,0
13366,-22.238599999999998,-12.593781823730469,11.859870654296873,-8.944847328244276,-72.97644656488549,7.72092748091603,0
13391,-14.337734521484375,-4.281113659667969,3.4059445922851563,-33.01354961832061,-42.02224809160305,-95.37067557251908,0
13416,-11.548489587402344,-6.050428686523437,4.073926855468749,-42.77690839694657,-14.587133587786258,-128.88975954198472,0
13442,-11.143869506835937,-5.870863562011718,3.065967956542969,-57.372328244274804,-16.05278244274809,-147.515713740458,0
13467,-10.67700018310547,-6.026486669921875,1.9742119995117184,-77.525,-19.304690839694658,-155.8744923664122,0
13492,-9.681012292480467,-6.900370275878906,1.5169194824218748,-90.66240458015268,-19.90774427480916,-166.80579007633588,0
13517,-8.558131713867187,-8.16211455078125,0.9327342773437499,-101.84561068702291,13.000652671755725,-188.2332709923664,0
13542,-8.687418603515624,-7.728764050292968,0.137859326171875,-91.92958015267176,21.657141221374047,-210.41647709923663,0
13567,-7.5549612182617185,-7.051204980468749,-0.7647546997070312,-78.21965648854962,48.13805725190839,-233.11876717557251,0
13592,-6.2980053466796875,-6.9698021240234365,-1.1143081420898437,-49.288358778625955,43.91668320610687,-249.24090458015266,0
13617,-3.8391602416992185,-7.486949682617187,-1.3656993164062499,-22.00591603053435,47.97011832061068,-249.24090458015266,0
13642,-1.9190105102539063,-7.393575817871093,-1.2531718383789061,0.41393129770992365,37.985385496183206,-249.24090458015266,0
13667,-1.9309815185546877,-6.368857507324218,-1.4782267944335936,14.238358778625955,28.985385496183206,-249.24090458015266,0
13692,-1.0355500976562504,-4.783896008300781,-1.990585949707031,18.780343511450383,25.809812977099238,-249.24090458015266,0
13717,2.0314222290039057,-5.638626000976562,-1.1119139404296874,23.49026717557252,17.061721374045803,-249.24090458015266,0
13742,3.992273388671874,-6.409558935546874,-0.187752099609375,26.963549618320613,31.80217938931298,-249.24090458015266,0
13767,3.1423317993164055,-5.7846723022460935,-0.45111428222656247,30.444465648854962,42.97775190839695,-249.24090458015266,0
13792,3.3865403686523434,-3.385682238769531,-1.0257226806640625,28.261259541984735,45.496835877862594,-249.24090458015266,0
13817,4.255635571289062,-1.0704892333984375,-1.8062324218749999,17.810877862595422,26.214393129770993,-249.24090458015266,0
13843,5.522168249511718,-1.5158107421875,-1.6242730957031248,2.0780534351145037,10.367064885496184,-249.24090458015266,0
13868,7.34654991455078,1.4146920898437498,0.8273894042968749,-5.0593511450381685,5.58080534351145,-249.24090458015266,0
13893,6.6306836181640625,1.347654443359375,1.0835689819335936,7.795610687022901,-15.297057251908395,-249.24090458015266,0
13918,5.874115893554687,3.2486505615234376,-0.7288416748046875,13.070419847328244,-82.19018702290076,-249.24090458015266,0
13943,6.941929833984374,5.657217431640625,-0.4128070556640625,-7.822709923664123,-98.16728625954198,-249.24090458015266,0
13968,8.428729064941404,5.046696008300781,0.015755041503906247,-28.899045801526714,-46.67873664122138,-249.24090458015266,0
13993,8.852502758789061,8.120850939941405,-0.6330736083984375,-26.387595419847326,-55.243622137404586,-249.24090458015266,0
14018,10.312965771484375,8.582931860351561,-1.6984933471679686,-27.196755725190837,-66.83904198473282,-202.25617175572518,0
14043,11.5866810546875,8.298021862792968,-2.6250493896484373,-30.418129770992365,-52.67873664122138,-135.5004465648855,0
14068,10.456617871093748,9.277250341796874,-2.4071770385742184,-23.234923664122135,-32.61003435114504,-72.62258396946565,0
14093,10.38718602294922,9.86622395019531,-2.411965441894531,-27.410496183206106,48.91668320610687,-18.034797709923666,0
14118,11.055168286132812,10.10324991455078,-2.376052416992187,-14.647137404580153,54.41286641221374,31.911767175572518,0
14143,11.742304162597655,9.693841430664062,-2.6777218261718745,-5.166221374045802,33.115156488549616,80.00337022900764,0
14168,11.232339208984374,9.238943115234374,-2.239582922363281,4.444465648854962,-1.5031641221374046,124.96520229007633,0
14194,10.715191650390626,8.594902868652342,-1.5811774658203124,9.765076335877863,0.12279007633587802,161.74382824427482,0
14219,10.516472912597656,8.73616076660156,-0.704899658203125,-2.2654580152671753,51.7792786259542,200.24001145038167,0
14244,11.797370800781248,8.053813293457031,-0.7863025146484375,-7.990648854961833,46.52737022900763,246.67512595419848,0
14269,10.521261315917968,8.216619006347655,-0.513363525390625,-6.0669847328244275,-3.9306450381679388,251.02627099236642,0
14294,9.125441748046875,7.167958679199218,-0.10395504150390625,-2.1280534351145035,-28.9001106870229,251.02627099236642,0
14319,7.7775062133789055,5.702707263183593,0.10673470458984374,-5.219656488549619,-9.274156488549618,251.02627099236642,0
14344,6.9491124389648435,4.1225341674804685,0.2958766357421875,-0.807442748091603,-11.159652671755724,251.02627099236642,0
14369,4.629131030273437,3.4617345092773437,0.5640272216796874,-0.9219465648854962,-8.846675572519084,251.02627099236642,0
14394,3.4009055786132807,0.8951503295898436,-0.2500013427734375,-12.608969465648855,17.695309160305342,251.02627099236642,0
14419,2.1822569335937496,-0.23970125732421874,-0.6234968017578125,-16.082251908396945,4.015919847328244,251.02627099236642,0
14444,0.307597033691406,-1.563694775390625,-0.6498330200195312,-5.69293893129771,-26.022248091603053,251.02627099236642,0
14469,-1.3228542968750003,-2.966696948242187,-0.6354678100585938,-2.479198473282443,-20.671103053435115,251.02627099236642,0
14494,-3.1232939453125,-4.501380212402343,-0.9036183959960937,-6.883778625954199,-8.930645038167938,251.02627099236642,0
14519,-4.3491251953125,-3.5532763549804685,-1.5524470458984374,-12.586068702290076,-14.098583969465649,251.02627099236642,0
14544,-4.916550988769531,-4.113519543457031,-1.0472704956054688,13.810877862595419,-90.0680496183206,251.02627099236642,0
14569,-6.276457531738281,-5.310620373535156,-0.3385868041992187,22.261259541984735,-38.251255725190845,251.02627099236642,0
14595,-10.020988928222657,-4.2475948364257805,-1.3728819213867187,15.368129770992367,17.786912213740457,251.02627099236642,0
14620,-12.369700756835936,-4.688127941894531,-2.3401393920898435,15.948282442748091,34.0998893129771,251.02627099236642,0
14645,-14.050430322265626,-4.2667484497070305,-2.191698889160156,29.406297709923667,16.809812977099238,251.02627099236642,0
14670,-13.858894189453125,-5.849315747070312,-2.0719888061523433,44.475,26.695309160305342,210.86596564885497,0
14695,-14.665740148925781,-5.336956591796874,-1.7439831787109374,77.26125954198473,-17.08331679389313,125.70566030534351,0
14720,-11.842976391601564,-3.0457056030273435,-3.3648577026367184,106.76507633587785,-64.16728625954198,39.28581297709924,0
14745,-14.675316955566405,-4.539687438964843,3.7650748413085937,42.253625954198476,-89.3886603053435,-85.20273664122136,0
14770,-11.268367993164063,-4.965855334472656,3.5998749267578125,32.261259541984735,-38.67110305343512,-118.77525572519083,0
14795,-11.13668690185547,-5.023316174316406,3.104275183105469,7.314694656488549,-35.49553053435115,-133.95846183206106,0
14820,-10.617145141601561,-5.394417431640624,2.88640283203125,-24.227290076335876,-31.617667938931294,-137.8210572519084,0
14845,-9.93479766845703,-6.943465905761718,3.056391149902344,-50.731106870229006,-16.38102671755725,-143.5920496183206,0
14870,-9.92282666015625,-7.199645483398437,2.3285538452148438,-71.58606870229008,11.489202290076337,-156.08823282442748,0
14895,-9.113586499023437,-7.664120605468749,1.404392004394531,-77.47919847328245,20.443400763358778,-175.05769847328244,0
14920,-8.546160705566406,-7.2235875,0.39403890380859374,-68.05935114503818,4.130423664122137,-196.81342366412213,0
14945,-7.758468359375,-7.5108916992187496,0.27432882080078125,-54.929580152671754,1.5808053435114504,-219.39357633587787,0
14970,-7.856630627441406,-7.264288928222656,-0.896435791015625,-47.02881679389313,31.351797709923666,-240.75235496183205,0
14996,-6.324341564941406,-7.149367248535156,-1.7822904052734374,-30.82270992366412,29.664774809160306,-249.24090458015266,0
15021,-3.925351501464844,-7.556381530761718,-1.3585167114257812,-9.189122137404581,1.75637786259542,-249.24090458015266,0
15046,-2.8838737792968754,-7.094300610351562,-1.2651428466796875,4.070419847328244,-28.205454198473284,-249.24090458015266,0
15071,-1.2606050537109377,-5.451878271484374,-1.2771138549804688,1.1849236641221372,-35.884843511450384,-249.24090458015266,0
15096,-0.04195640869140638,-4.410400549316406,-1.5045630126953125,2.9635496183206107,-65.6940038167939,-249.24090458015266,0
15121,1.574129711914062,-3.9435312255859367,-0.7288416748046875,-3.311259541984733,-100.4268282442748,-249.24090458015266,0
15146,2.8981232299804685,-3.3737112304687495,-1.2316240234375,-14.639503816793894,-145.57186641221372,-249.24090458015266,0
15171,2.831085583496093,-0.8095212524414063,-1.1286733520507812,-53.67767175572519,-118.4649961832061,-249.24090458015266,0
15196,2.677856677246093,1.1633009155273437,-2.287466955566406,-92.50209923664123,-50.243622137404586,-249.24090458015266,0
15221,4.677015063476562,3.971699462890625,-2.8572869506835934,-112.09751908396947,9.603706106870229,-249.24090458015266,0
15246,5.658637744140624,5.410614660644531,-3.1350143432617186,-95.65477099236642,-30.739805343511453,-249.24090458015266,0
15271,5.7520116088867175,7.862277160644531,-3.5156924072265623,-89.12805343511451,-68.70927099236641,-249.24090458015266,0
15296,5.4311885864257805,8.80080421142578,-3.2738780395507807,-88.4104961832061,-36.84667557251909,-249.24090458015266,0
15321,9.05122149658203,8.384213122558593,-4.7870134887695315,-87.05935114503818,34.0998893129771,-249.24090458015266,0
15346,10.00411375732422,11.66666359863281,-3.896370471191406,-56.601335877862596,-0.5947671755725188,-246.99662977099237,0
15372,11.833283825683594,10.529417810058593,-4.930665588378906,-35.242557251908394,-8.281790076335877,-148.15693511450382,0
15397,12.606610961914061,11.254860913085937,-4.511680297851562,-20.31889312977099,31.58080534351145,-48.79052290076336,0
15422,13.408668518066406,12.696170312499998,-4.648149792480469,-7.837977099236642,28.61897328244275,45.14840839694657,0
15447,12.302547351074217,11.259649316406248,-4.1669152587890625,-2.1509541984732823,1.8327137404580154,122.88886641221374,0
15472,10.57153955078125,10.024241259765624,-3.9107356811523433,-0.7692748091603053,3.557904580152672,173.56825572519085,0
15497,10.085516613769531,9.215001098632811,-3.5875184570312495,-1.792175572519084,27.23729389312977,206.62169083969465,0
15522,10.798988708496093,7.96522783203125,-3.7024401367187494,4.421564885496183,36.64187404580152,230.56062213740458,0
15547,10.190861486816406,8.192676989746092,-3.26190703125,24.597137404580153,5.680041984732824,251.02627099236642,0
15572,8.888415783691407,6.696300952148437,-2.8620753540039057,43.85667938931298,-11.106217557251908,251.02627099236642,0
15597,8.000166967773438,5.180771301269531,-2.373658215332031,54.30706106870229,6.59607251908397,251.02627099236642,0
15622,7.890033691406249,4.912620715332031,-1.8948178833007812,61.29942748091603,5.847980916030535,251.02627099236642,0
15647,6.2954953857421865,3.44497509765625,-1.6793397338867186,75.88721374045801,-30.373393129770992,251.02627099236642,0
15672,5.1486727905273435,1.079503857421875,-1.4878036010742186,68.52843511450381,-2.2665229007633587,251.02627099236642,0
15697,4.621948425292969,-0.6682633544921875,-1.0352994873046875,48.42156488549618,39.81744656488549,251.02627099236642,0
15722,4.133531286621094,-1.3386398193359375,-1.2100762084960937,43.16965648854962,29.176225190839695,251.02627099236642,0
15748,2.6682798706054687,-2.1742161987304685,-1.3896413330078123,50.96354961832061,-5.686370229007634,251.02627099236642,0
15773,1.6842629882812492,-3.7998791259765623,-0.7743315063476562,50.452099236641224,-3.6558358778625952,251.02627099236642,0
15798,1.0090981201171871,-5.3537160034179685,-0.81024453125,26.917748091603055,62.130423664122134,251.02627099236642,0
15823,0.2381651855468747,-5.384840625,-1.4064007446289062,10.100954198473282,64.63424045801527,251.02627099236642,0
15848,0.3674520751953123,-6.021698266601562,-1.3728819213867187,31.543702290076336,-32.18255343511451,251.02627099236642,0
15873,-1.3180658935546878,-7.08232960205078,-1.0736067138671874,33.955916030534354,-43.13675190839695,251.02627099236642,0
15898,-3.3579257080078126,-6.771083386230468,-0.7264474731445313,27.413931297709926,-12.770339694656489,248.81253053435114,0
15923,-4.432922253417969,-6.6106718749999995,-0.9395314208984374,25.742175572519084,11.412866412213742,247.88123282442749,0
15948,-4.248568725585938,-5.971420031738281,-0.685746044921875,40.581870229007635,-16.060416030534352,247.75909541984734,0
15973,-5.9580287109375,-6.862063049316406,-0.6905344482421875,49.49026717557252,-19.182553435114503,246.4079503816794,0
15998,-7.633969873046875,-6.24675322265625,-0.50378671875,59.24599236641222,-16.24362213740458,249.30871374045802,0
16023,-8.507853479003906,-4.017751477050781,-0.3337984008789062,71.29942748091602,-18.785606870229007,249.27817938931298,0
16048,-9.89170203857422,-4.582783068847656,0.2767230224609375,89.99408396946565,-41.61003435114504,245.5224541984733,0
16073,-11.21330135498047,-4.929942309570312,1.3900267944335936,81.1696564885496,22.09225572519084,231.3316145038168,0
16098,-12.862906298828126,-4.070423913574218,2.0556148559570313,74.9635496183206,44.77164503816794,207.11024045801528,0
16125,-13.38244805908203,-3.8381863525390623,1.6581773803710935,56.69637404580153,57.756377862595414,162.84306488549618,0
16150,-11.783121350097655,-0.5796778930664063,-1.3680935180664062,-9.38759541984733,-111.36575954198473,-78.24853816793893,0
16175,-12.269144287109373,-5.909170788574218,3.645364758300781,-38.044083969465646,-13.945912213740458,-113.7065534351145,0
16200,-11.095985473632812,-4.958672729492187,3.1401882080078125,-39.08988549618321,-18.434461832061068,-137.7447213740458,0
16225,-11.663411267089842,-6.004938854980468,2.455446533203125,-50.731106870229006,-15.54896564885496,-158.7065534351145,0
16250,-11.299492614746093,-6.407164733886718,2.034067041015625,-62.364694656488545,-8.174919847328244,-181.4775458015267,0
16275,-10.672211779785155,-6.883610864257812,1.3493253662109375,-69.33416030534352,5.90904961832061,-209.07296564885496,0
16300,-9.10640389404297,-7.858050939941406,0.8010531860351562,-68.54790076335878,24.038820610687022,-237.75998854961833,0
16325,-7.301175842285156,-7.654543798828124,0.3772794921875,-59.112786259541984,34.35179770992366,-249.24090458015266,0
16350,-6.554184924316406,-7.553987329101562,0.233627392578125,-47.75400763358778,47.244927480916026,-249.24090458015266,0
16375,-4.423345446777343,-6.835726831054687,-0.04170579833984375,-44.31125954198473,106.02355343511451,-249.24090458015266,0
16400,-2.1177292480468752,-6.706439941406249,-0.3864708374023438,-20.624236641221373,95.51210305343511,-249.24090458015266,0
16426,0.0921188842773435,-6.653767504882812,-0.7479952880859375,5.322328244274809,34.09225572519084,-249.24090458015266,0
16451,1.873404919433593,-6.256330029296874,0.11391730957031249,14.902480916030534,-42.02988167938932,-249.24090458015266,0
16476,0.6715156860351557,-5.387234826660156,-0.4678736938476562,-0.3494274809160306,-48.319958015267176,-249.24090458015266,0
16501,1.7848194580078118,-4.9227597045898435,-1.3489399047851562,-30.15858778625954,0.8250801526717558,-249.24090458015266,0
16526,5.012203295898437,-4.67615693359375,-1.490197802734375,-39.83797709923664,8.305996183206107,-249.24090458015266,0
16551,6.506185131835937,-5.324985583496093,-0.226059326171875,-35.57080152671755,-14.029881679389312,-249.24090458015266,0
16576,3.2740128906249995,-2.7607956054687497,-0.5277287353515625,-39.06698473282442,-26.5413320610687,-249.24090458015266,0
16601,3.3099259155273435,-0.021828906250000002,-1.3800645263671873,-63.46393129770992,17.41286641221374,-249.24090458015266,0
16626,5.107971362304687,0.3492723510742187,-1.5452644409179688,-111.05935114503818,198.97775190839695,-249.24090458015266,0
16651,4.109589270019531,2.2909698974609376,0.8561198242187499,-83.85324427480917,251.55027099236642,-249.24090458015266,0
16676,4.236481958007812,4.6133455078125,1.7635222534179686,-1.1051526717557252,129.0235534351145,-249.24090458015266,0
16701,6.67617344970703,7.005152966308594,1.344536962890625,43.28416030534351,98.89378244274809,-249.24090458015266,0
16726,8.907569396972654,5.444133483886719,1.0596269653320312,76.61240458015267,57.90141603053435,-249.24090458015266,0
16751,9.199661999511719,9.894954370117187,1.8090120849609375,84.23072519083969,17.680041984732824,-249.24090458015266,0
16776,10.406339636230467,10.586878649902342,2.199266955566406,69.02461832061068,-22.816141221374046,-210.88212595419847,0
16802,11.538797021484374,10.325910668945312,2.251939392089844,36.955916030534354,19.565538167938932,-141.56151526717557,0
16827,13.573868432617186,11.302744946289062,2.8217593872070315,7.581870229007634,59.97775190839695,-64.47754580152672,0
16852,14.39029119873047,11.728912841796873,3.540019885253906,-9.555534351145038,45.672408396946565,17.163675572519082,0
16877,13.71273212890625,10.809539404296874,4.397144079589843,-18.425763358778624,10.328896946564885,92.85833206106871,0
16902,12.175654663085936,9.729754455566406,3.403550390625,-28.15858778625954,2.4968358778625954,159.484286259542,0
16927,10.930669799804686,9.622015380859374,3.17370703125,-44.044083969465646,17.199125954198472,214.0644389312977,0
16952,10.98573643798828,9.569342944335936,3.3101765258789064,-56.27309160305343,4.199125954198474,251.02627099236642,0
16977,10.195649890136718,9.028253369140623,3.087515771484375,-62.26545801526717,-49.13675190839695,251.02627099236642,0
17002,8.646601416015624,7.261332543945312,3.1593418212890625,-70.89904580152673,-60.21308778625954,251.02627099236642,0
17027,7.0831877319335925,6.514341625976562,3.4298866088867186,-87.46393129770993,-49.258889312977104,251.02627099236642,0
17052,6.065652026367187,4.601374499511719,2.644588464355469,-96.61660305343511,-63.79324045801527,251.02627099236642,0
17077,4.1167718749999995,2.5279958618164065,1.7228208251953123,-101.53263358778626,-73.48789694656489,251.02627099236642,0
17102,3.0250159179687497,-0.5509474731445313,0.8537256225585936,-98.15858778625955,-61.39629389312977,251.02627099236642,0
17127,0.9157242553710931,-2.3585697265624996,-0.4128070556640625,-102.89141221374047,-10.365759541984731,251.02627099236642,0
17152,-0.4010866577148442,0.00450731201171875,-0.2883085693359375,-48.31125954198473,-97.48026335877863,251.02627099236642,0
17178,-1.8471844604492191,-3.7376298828124996,-0.8940415893554687,8.45209923664122,-161.28179007633588,251.02627099236642,0
17203,-2.0650568115234376,-5.779883898925781,-0.5684301635742187,45.48263358778626,-153.07568320610687,251.02627099236642,0
17228,-2.354755212402344,-5.2411885253906245,-1.107125537109375,45.84904580152672,-74.3352251908397,251.02627099236642,0
17253,-4.4017976318359375,-6.071976501464843,-1.4638615844726561,28.94828244274809,-6.068049618320611,251.02627099236642,0
17278,-4.624458386230469,-6.823755822753905,-1.5955426757812499,13.169656488549618,13.168591603053436,251.02627099236642,0
17303,-4.509536706542969,-7.37681640625,-0.8270039428710937,5.29942748091603,8.573171755725191,251.02627099236642,0
17328,-6.4105328247070315,-6.802208007812499,-0.8916473876953125,9.238358778625955,-16.472629770992366,251.02627099236642,0
17353,-9.3290646484375,-7.288230944824218,-1.0185400756835936,9.039885496183206,-17.56423282442748,229.30108015267177,0
17378,-10.588414721679687,-5.806220117187499,-0.7982735229492187,9.505534351145037,-9.961179389312976,203.32398091603054,0
17403,-11.124715893554686,-5.581165161132812,-0.4726620971679687,9.520801526717557,-7.800874045801526,172.28581297709923,0
17428,-12.068031347656248,-5.624260791015624,-0.120714453125,11.63530534351145,-20.785606870229007,138.41558396946564,0
17453,-12.369700756835936,-5.387234826660156,0.6143054565429686,12.31469465648855,-29.022248091603053,103.02627099236642,0
17478,-13.267526379394532,-4.970643737792968,0.54966201171875,12.45973282442748,-17.617667938931298,64.70566030534351,0
17503,-12.714465795898438,-4.977826342773437,0.6310648681640625,16.871946564885498,-23.816141221374046,23.36214885496183,0
17529,-12.803051257324217,-4.139855761718749,1.9047801513671874,18.055152671755728,-38.434461832061075,-17.027164122137403,0
17554,-13.111903271484376,-4.8485394531249995,1.9263279663085937,7.360496183206107,-4.472629770992366,-56.25617175572519,0
17579,-11.929167651367187,-5.3920232299804685,2.23517998046875,-3.5555343511450377,6.863248091603053,-98.59968320610686,0
17604,-11.153446313476561,-6.735170361328125,1.8856265380859374,-12.883778625954198,-13.396293893129771,-143.897393129771,0
17629,-11.900437231445313,-6.263512634277343,1.31580654296875,-22.99828244274809,-25.487896946564884,-190.515713740458,0
17654,-11.347376647949218,-6.459837170410156,0.904003857421875,-33.75400763358778,-11.701637404580152,-232.27907251908397,0
17679,-9.920432458496094,-6.4191357421875,0.34376066894531243,-30.731106870229006,-18.9001106870229,-249.24090458015266,0
17704,-8.598833142089845,-6.100706921386718,-0.15662747802734373,-28.028816793893128,-18.793240458015266,-249.24090458015266,0
17729,-6.894161560058594,-6.347309692382812,-0.18535789794921875,-26.540267175572517,-13.548965648854962,-249.24090458015266,0
17754,-4.0833688110351565,-6.663344311523437,-0.0488884033203125,-24.525,-2.297057251908397,-249.24090458015266,0
17779,-1.8040888305664065,-6.806996411132812,-0.48942150878906243,-8.952480916030535,-28.08331679389313,-249.24090458015266,0
17804,-0.6859966552734378,-6.306608264160156,-0.16620428466796874,-0.6166030534351145,-61.22835496183206,-249.24090458015266,0
17829,0.6068722412109371,-5.698481042480468,0.33897226562499994,0.2612595419847328,-89.8237748091603,-249.24090458015266,0
17854,0.8127735839843746,-4.020145678710937,-0.7312358764648438,-20.32652671755725,-71.39629389312977,-249.24090458015266,0
17879,1.8566455078125,-2.8517752685546873,-1.1861341918945312,-46.57080152671755,-23.029881679389312,-249.24090458015266,0
17904,4.044945825195312,-1.4990513305664062,-1.8565106567382812,-53.95248091603053,-36.98408015267176,-249.24090458015266,0
17930,4.969107666015624,-0.644321337890625,-1.4303427612304687,-46.34942748091603,-108.45736259541984,-249.24090458015266,0
17955,4.590823803710937,0.428281005859375,-2.1462090576171873,-69.3570610687023,-90.06041603053434,-249.24090458015266,0
17980,5.385698754882811,4.361954333496094,-2.941084008789062,-86.34179389312978,-69.41156106870228,-249.24090458015266,0
18005,6.226063537597656,6.265344653320312,-2.5532233398437496,-106.05171755725192,20.038820610687022,-249.24090458015266,0
18030,6.542098156738281,6.502370617675781,-2.8141913208007807,-57.64713740458015,-71.81614122137404,-249.24090458015266,0
18055,5.828626062011717,10.354641088867186,-3.5683648437499995,-62.38759541984733,-50.64056870229008,-249.24090458015266,0
18080,7.327396301269531,9.1335982421875,-4.0663587890625,-62.68530534351145,19.60370610687023,-249.24090458015266,0
18105,8.747157885742187,10.21817159423828,-3.9107356811523433,-36.097519083969466,8.023553435114504,-243.24853816793893,0
18130,8.361691418457031,11.166275451660155,-3.877216857910156,-12.70057251908397,-8.663469465648854,-183.0805992366412,0
18155,10.456617871093748,11.700182421874999,-4.214799291992188,-16.63187022900763,44.28309541984733,-112.75235496183205,0
18180,11.735121557617187,12.559700817871093,-3.498932995605468,-19.899045801526714,68.05408778625954,-41.126400763358774,0
18205,12.393527014160156,12.454355944824217,-2.900382580566406,-8.097519083969466,17.321263358778626,34.71329389312977,0
18230,11.220368200683591,10.845452429199218,-2.8022203125,-0.8532442748091603,-3.0451488549618317,102.75146183206107,0
18256,10.3608498046875,11.07290158691406,-2.423936450195312,3.520801526717557,-18.93064503816794,161.92703435114504,0
18281,9.501331408691406,10.63955108642578,-2.232400317382812,-0.4257633587786259,-16.342858778625953,210.42321755725192,0
18306,9.26191124267578,10.304362854003905,-1.9450961181640625,-7.830343511450382,-2.2054541984732823,248.94230152671756,0
18331,8.747157885742187,9.576525549316406,-1.9953743530273436,-13.35706106870229,1.75637786259542,251.02627099236642,0
18356,9.012914270019529,8.707430346679686,-1.9139714965820311,-15.150954198473283,-5.869576335877863,251.02627099236642,0
18381,8.191703100585936,7.895795983886718,-1.8852410766601562,-7.227290076335878,-37.99171374045802,251.02627099236642,0
18406,6.8365849609375,6.236614233398437,-1.48062099609375,6.085687022900763,-53.205454198473284,251.02627099236642,0
18431,5.471890014648436,4.340406518554688,-1.8900294799804687,17.085687022900764,-29.716904580152672,251.02627099236642,0
18456,4.5501223754882805,1.8911382202148437,-1.4949862060546875,11.505534351145037,16.786912213740457,251.02627099236642,0
18481,4.131137084960937,1.589468811035156,-0.9945980590820312,-0.6395038167938932,40.7029427480916,251.02627099236642,0
18506,3.2165520507812495,0.1457652099609375,-1.6577919189453125,5.673473282442748,7.41286641221374,251.02627099236642,0
18531,2.0098744140625,-2.073659729003906,-1.72961796875,9.360496183206106,1.7792786259541986,251.02627099236642,0
18556,0.8822054321289059,-2.925995520019531,-1.8972120849609375,11.406297709923663,5.038820610687023,251.02627099236642,0
18581,-0.06589842529296908,-4.072818115234375,-2.019316369628906,16.284160305343512,-4.083316793893129,251.02627099236642,0
18606,-1.8615496704101564,-4.101548535156249,-1.6769455322265625,19.261259541984735,-12.915377862595419,251.02627099236642,0
18631,-3.204696801757813,-5.028104577636718,-1.6984933471679686,26.047519083969465,-31.38102671755725,251.02627099236642,0
18657,-4.485594689941406,-6.378434313964843,-1.336968896484375,12.429198473282442,7.931950381679389,251.02627099236642,0
18682,-5.936480895996094,-5.753547680664062,-1.952278723144531,16.223091603053437,-31.556599236641222,251.02627099236642,0
18707,-6.602068957519531,-5.600318774414062,-1.3058442749023438,39.704007633587786,-104.41919465648854,251.02627099236642,0
18732,-8.345047766113282,-6.052822888183593,-0.9371372192382812,20.84141221374046,-19.87720992366412,251.02627099236642,0
18757,-10.293927917480469,-5.743970874023437,-0.5636417602539062,15.910114503816793,-9.823774809160305,251.02627099236642,0
18782,-11.558066394042967,-5.049652392578125,-1.2052878051757812,-1.2196564885496182,31.7411106870229,251.02627099236642,0
18807,-12.084790759277343,-5.384840625,-2.067200402832031,-29.532633587786258,74.7029427480916,244.24001145038167,0
18832,-12.206895043945313,-5.3920232299804685,-2.0145279663085938,-7.899045801526718,-17.190187022900762,218.88886641221373,0
18857,-11.316252026367188,-4.2284412231445305,-0.36492302246093744,-21.1662213740458,40.7792786259542,169.75909541984734,0
18882,-22.238599999999998,-7.984943627929687,1.6462063720703124,4.558969465648855,-74.23598854961831,-103.08059923664122,0
18907,-6.602068957519531,-4.554052648925781,0.5640272216796874,8.520801526717557,2.4128664122137407,-75.37067557251908,0
18932,-11.055284045410154,-5.6362317993164055,-1.739194775390625,-0.2349236641221374,-45.938278625954204,-98.14166793893129,0
18957,-12.312239916992187,-6.050428686523437,-0.8509459594726563,-15.608969465648856,-29.686370229007633,-115.35540839694656,0
18982,-12.415190588378906,-6.22041700439453,-0.8365807495117187,-28.044083969465646,-10.098583969465649,-147.86685877862595,0
19007,-10.894872534179687,-6.641796496582031,-0.7958793212890625,-24.219656488549617,-5.106217557251908,-185.09586641221372,0
19032,-10.013806323242187,-6.632219689941405,-0.628285205078125,-14.059351145038168,-18.984080152671755,-218.6302175572519,0
19058,-9.590032629394532,-6.3425212890625,-0.8892531860351562,-16.234923664122135,17.565538167938932,-239.4012099236641,0
19083,-7.157523742675781,-6.134225744628906,-1.3345746948242188,-8.799809160305344,28.14569083969466,-249.24090458015266,0
19108,-5.735367956542969,-6.4430777587890615,-1.3728819213867187,1.9177480916030536,9.672408396946565,-249.24090458015266,0
19133,-4.523901916503906,-6.33533868408203,-1.1550095703125,9.322328244274809,-0.8619427480916029,-249.24090458015266,0
19158,-2.3810914306640627,-7.125425231933593,-0.8413691528320313,15.406297709923663,1.7105763358778627,-249.24090458015266,0
19183,-1.195961608886719,-7.996914636230469,-0.3625288208007812,18.940648854961832,3.5655381679389313,-249.24090458015266,0
19208,-0.5279793457031254,-6.280272045898437,-0.800667724609375,10.238358778625955,52.64187404580152,-249.24090458015266,0
19233,0.5302577880859372,-5.274707348632812,-1.9570671264648436,17.268893129770994,-4.533698473282442,-249.24090458015266,0
19258,1.87579912109375,-4.051270300292968,-1.8277802368164062,10.696374045801527,-34.205454198473284,-249.24090458015266,0
19283,4.542939770507812,-4.838962646484375,-0.06564781494140626,23.67347328244275,-146.09858396946564,-249.24090458015266,0
19308,4.109589270019531,-5.135843652343749,-0.5277287353515625,1.6887404580152672,-154.22835496183205,-249.24090458015266,0
19333,2.117613488769531,-1.9563438476562498,-1.8517222534179687,-44.38759541984733,-85.51843129770992,-249.24090458015266,0
19358,4.301125402832031,1.5176427612304686,-2.2970437622070308,-81.73874045801527,-22.2588893129771,-249.24090458015266,0
19383,5.986643371582031,2.283787292480469,-2.6777218261718745,-96.59370229007634,0.4357671755725192,-249.24090458015266,0
19408,6.137478076171875,3.6700300537109376,-2.692087036132812,-89.15858778625955,5.08462213740458,-249.24090458015266,0
19433,5.062481530761718,6.0355012939453125,-3.3217620727539057,-82.9601145038168,25.138057251908396,-249.24090458015266,0
19458,6.9874196655273435,7.431320861816406,-3.455837365722656,-67.98301526717557,41.95485114503816,-249.24090458015266,0
19484,6.003402783203124,9.078531604003905,-2.6298377929687495,-40.59370229007634,42.32126335877862,-249.24090458015266,0
19509,6.961083447265625,10.883759655761718,-3.3121852661132807,-17.906679389312977,67.20675954198474,-249.24090458015266,0
19534,9.03206788330078,13.22528887939453,-2.440695861816406,-3.0440839694656487,80.26019465648855,-243.37067557251908,0
19559,10.293812158203124,13.661033581542966,-3.498932995605468,9.63530534351145,50.19912595419847,-145.8210572519084,0
19584,12.692802221679685,12.14071552734375,-2.4550610717773433,16.207824427480915,25.290729007633587,-45.89739312977099,0
19609,11.15811895751953,13.098396191406248,-1.6960991455078125,5.322328244274809,21.92431679389313,50.43848473282443,0
19634,10.317754174804687,11.860593933105468,-1.1143081420898437,-15.83797709923664,23.634240458015267,123.69802671755725,0
19659,9.384015527343749,10.821510412597656,-0.9131952026367187,-32.69293893129771,16.298362595419846,170.67512595419848,0
19684,9.3265546875,10.938826293945311,-0.8820705810546875,-36.616603053435114,-16.19782061068702,206.17130916030536,0
19709,8.12466545410156,10.249296215820312,-1.2771138549804688,-32.364694656488545,-29.281790076335877,246.42321755725192,0
19734,7.672161340332031,9.116838830566405,-1.3537283081054687,-39.059351145038164,6.344164122137405,251.02627099236642,0
19759,7.9474945312499985,7.960439428710937,-1.1765573852539062,-41.929580152671754,24.351797709923666,251.02627099236642,0
19784,7.894822094726561,7.898190185546874,-0.7144764648437499,-29.150954198473283,-5.541332061068703,251.02627099236642,0
19809,6.19733311767578,6.514341625976562,0.030120251464843747,-5.089885496183206,-45.54896564885497,251.02627099236642,0
19834,5.620330517578124,3.9309980346679687,-0.8653111694335938,2.64293893129771,-14.090950381679388,251.02627099236642,0
19860,4.765600524902343,0.9621879760742187,-0.8988299926757812,-5.03645038167939,26.7411106870229,251.02627099236642,0
19885,3.676238769531249,0.5599620971679687,-0.7384184814453125,-19.50973282442748,44.87088167938931,251.02627099236642,0
19910,1.152750219726562,-1.3841296508789063,-0.4726620971679687,0.016984732824427473,-22.961179389312978,251.02627099236642,0
19935,0.9372720703124995,-0.3402577270507813,-0.877282177734375,8.772709923664122,-13.037515267175571,251.02627099236642,0
19960,0.3626636718749996,-5.016133569335937,-0.4774505004882812,21.062786259541987,-14.335225190839694,251.02627099236642,0
19985,-1.7442337890625002,-5.846921545410155,-1.490197802734375,17.245992366412214,-10.327591603053435,251.02627099236642,0
20010,-3.4776357910156253,-5.724817260742187,-1.9259425048828125,36.902480916030534,-74.48026335877863,251.02627099236642,0
20035,-3.7242385620117187,-6.5723646484375,-0.992203857421875,71.07041984732824,-132.70163740458014,251.02627099236642,0
20060,-4.98119443359375,-7.204433886718749,-0.5827953735351562,73.86431297709923,-64.03751526717556,251.02627099236642,0
20085,-6.688260217285157,-6.706439941406249,-0.41041285400390626,75.42156488549618,-29.518431297709924,251.02627099236642,0
20110,-7.669882897949218,-7.565958337402343,-0.0680420166015625,82.82614503816794,-16.251255725190838,251.02627099236642,0
20135,-8.859801123046875,-6.586729858398437,0.7531691528320312,71.93301526717556,34.19912595419847,251.02627099236642,0
20160,-10.159852624511718,-7.987337829589843,1.7132440185546873,75.82614503816794,25.695309160305342,251.02627099236642,0
20185,-11.194147741699219,-7.4366714477539055,2.5751566162109376,84.10095419847327,12.886148854961833,219.77436259541986,0
20210,-12.695312182617187,-6.127043139648437,1.555226708984375,74.24599236641221,36.77164503816794,160.3697824427481,0
20236,-22.238599999999998,-9.92424697265625,13.066548291015623,41.52843511450382,-112.28179007633588,28.278179389312978,0
20261,-13.619474023437501,-5.602712976074218,4.241520971679687,-25.379961832061067,-52.96881297709924,-86.56914885496182,0
20286,-11.07204345703125,-7.012897753906249,3.9709761840820312,-24.624236641221373,-26.449729007633586,-132.3325076335878,0
20311,-10.33702354736328,-5.2220349121093745,3.8895733276367186,-39.46393129770992,-44.46499618320611,-155.56914885496184,0
20336,-9.228508178710937,-6.263512634277343,4.205607946777343,-63.58606870229007,-43.9764465648855,-165.67601908396946,0
20361,-9.297940026855468,-6.716016748046874,2.9486520751953127,-85.1662213740458,-30.167286259541985,-176.22563740458014,0
20386,-8.294769531250001,-7.288230944824218,1.883232336425781,-101.30362595419848,-8.487896946564884,-189.52334732824428,0
20411,-6.875007946777344,-8.420688330078125,1.1697602416992186,-97.77690839694657,-9.25125572519084,-208.8210572519084,0
20436,-6.432080639648437,-7.719187243652343,0.6238822631835936,-93.72347328244275,3.8098129770992366,-228.48517938931298,0
20461,-5.752127368164063,-7.750311865234375,-0.10874344482421874,-86.53263358778626,28.970118320610688,-245.24090458015266,0
20486,-4.040273181152344,-7.316961364746093,-0.4918157104492187,-70.525,30.901416030534353,-249.24090458015266,0
20511,-1.1504717773437503,-8.787001184082031,-0.570824365234375,-47.47156488549618,-3.358125954198473,-249.24090458015266,0
20536,-0.38911564941406285,-7.774253881835937,-0.86770537109375,-31.807442748091603,-54.59476717557252,-249.24090458015266,0
20561,-0.8009183349609379,-6.244359020996093,-1.4758325927734375,-43.46393129770992,-18.434461832061068,-249.24090458015266,0
20586,-0.35559682617187516,-4.783896008300781,-1.6960991455078125,-42.486832061068704,-16.716904580152672,-249.24090458015266,0
20611,1.8087614746093745,-5.231611718749999,-1.3513341064453124,-45.12041984732824,1.1762251908396948,-249.24090458015266,0
20636,3.4032997802734366,-4.843751049804687,-0.9682618408203125,-24.876145038167937,-47.2207213740458,-249.24090458015266,0
20662,3.8893227172851557,-4.3768817260742185,-0.6043431884765625,-5.845610687022901,-168.80087404580152,-249.24090458015266,0
20687,2.196622143554687,-1.4272252807617187,-2.3161973754882808,-65.86087786259543,-48.26652290076336,-249.24090458015266,0
20712,4.677015063476562,-0.15350999755859376,-2.7758840942382808,-96.8303435114504,35.16095801526717,-249.24090458015266,0
20737,5.732857995605468,1.1225994873046874,-3.077553503417968,-89.86087786259543,12.176225190839695,-249.24090458015266,0
20762,6.180573706054687,1.5559499877929686,-3.6449792968749994,-82.89141221374047,-37.47262977099237,-249.24090458015266,0
20787,4.832638171386718,7.0123355712890625,-3.372040307617187,-93.05935114503818,-59.21308778625954,-249.24090458015266,0
20812,6.903622607421874,6.4137851562499995,-3.130225939941406,-119.48683206106871,10.878515267175572,-249.24090458015266,0
20837,8.299442175292967,6.435332971191406,-2.871652160644531,-97.77690839694657,-29.19782061068702,-249.24090458015266,0
20862,9.807789221191406,11.364994189453123,-4.1310022338867185,-74.23492366412215,-140.66346946564886,-241.9355610687023,0
20887,10.37282081298828,7.144016662597656,-4.595477355957032,-60.45629770992366,-210.04514885496184,-177.08823282442748,0
20912,7.849332263183594,8.89657227783203,-4.020868957519531,-72.31125954198474,-79.72453816793893,-122.87449236641221,0
20937,8.522102929687499,9.339499584960937,-6.427041625976562,-65.10515267175573,15.634240458015269,-60.744721374045795,0
20962,9.49175460205078,10.955585705566405,-6.798142883300781,-38.12041984732824,22.565538167938932,-3.0424312977099235,0
20987,9.336131494140623,10.73531915283203,-6.616183557128906,-12.891412213740459,31.855614503816795,42.80489694656489,0
21012,9.38880393066406,10.483927978515624,-6.771806665039063,11.986450381679388,27.61133969465649,83.95756870229008,0
21037,9.120653344726563,9.782426892089843,-6.249870703125,30.459732824427483,27.38996564885496,122.8965,0
21062,8.785465112304685,9.29879815673828,-5.332891467285156,42.91011450381679,42.794545801526716,158.1255076335878,0
21088,8.967424438476563,8.949244714355467,-4.650543994140625,49.91774809160305,58.244927480916026,192.62932442748092,0
21113,8.799830322265624,8.748131774902342,-4.478161474609375,54.97881679389313,61.07698854961832,231.20947709923664,0
21138,8.799830322265624,7.618068591308593,-4.097483410644531,60.070419847328246,44.3823320610687,251.02627099236642,0
21163,8.043262597656248,6.373083728027344,-3.609066271972656,58.16202290076336,42.51210305343511,251.02627099236642,0
21188,7.540480249023436,6.0187418823242185,-2.579559558105468,71.26125954198473,15.794545801526718,251.02627099236642,0
21213,5.565263879394531,5.020359790039063,-1.6051194824218749,94.29179389312976,-15.747438931297708,251.02627099236642,0
21238,4.389710864257812,2.939798547363281,-1.566812255859375,111.26125954198473,-18.472629770992366,251.02627099236642,0
21263,3.5014620483398433,0.6605185668945311,-2.0312873779296874,110.37576335877863,22.199125954198475,251.02627099236642,0
21288,2.6203958374023433,-0.35941134033203126,-1.7368005737304686,102.5666030534351,46.672408396946565,251.02627099236642,0
21313,1.5717355102539061,-3.2492127441406247,-1.42316015625,87.60477099236641,62.000652671755724,251.02627099236642,0
21338,0.5087099731445308,-4.4654671875,-1.2555660400390625,47.50553435114504,125.09225572519084,251.02627099236642,0
21363,-0.3125011962890629,-3.936348620605468,-0.6594098266601562,16.558969465648858,117.11515648854962,251.02627099236642,0
21388,-1.042732702636719,-4.8652988647460935,-0.5947663818359374,18.742175572519084,49.32889694656488,251.02627099236642,0
21413,-4.44489326171875,-5.121478442382812,-0.3385868041992187,16.574236641221376,10.832713740458015,251.02627099236642,0
21438,-5.242162414550782,-5.528492724609374,-0.7384184814453125,17.696374045801527,-5.1138511450381685,251.02627099236642,0
21463,-5.2852580444335935,-5.28188995361328,-0.07522462158203125,-8.471564885496184,76.89378244274809,251.02627099236642,0
21489,-4.78965830078125,-5.530886926269531,-0.18056949462890623,-9.074618320610687,51.47393511450382,251.02627099236642,0
21514,-6.460811059570313,-5.200487097167969,-0.7886967163085937,4.620038167938931,8.191492366412215,251.02627099236642,0
21539,-9.331458850097656,-4.585177270507812,-1.7751078002929688,-2.105152671755725,26.374698473282443,251.02627099236642,0
21564,-10.954727575683595,-4.61869609375,-1.7822904052734374,-6.5173664122137405,24.832713740458015,251.02627099236642,0
21589,-12.218866052246092,-5.813402722167968,-1.09754873046875,2.948282442748092,11.855614503816794,227.20947709923664,0
21614,-14.02888250732422,-5.746365075683594,-1.0640299072265624,4.4902671755725185,39.985385496183206,177.8201641221374,0
21639,-10.085632373046874,-0.3905359619140625,-2.395206030273437,5.581870229007634,-100.8237748091603,-95.08059923664122,0
21664,-12.932338146972654,-6.263512634277343,1.8090120849609375,-27.769274809160304,-36.18255343511451,-127.5386145038168,0
21689,-10.655452368164063,-5.813402722167968,1.5408614990234373,-3.6776717557251906,-29.58713358778626,-136.3477748091603,0
21714,-11.232454968261717,-7.08232960205078,1.2152500732421874,-9.280725190839695,-29.648202290076334,-144.88212595419847,0
21739,-10.717701611328124,-7.345691784667968,0.7507749511718749,-19.97538167938931,-26.167286259541985,-153.5920496183206,0
21764,-10.157458422851562,-8.549975219726562,-0.12310865478515624,-32.921946564885495,1.8098129770992366,-172.2867061068702,0
21789,-8.725725830078126,-8.856433032226562,-0.168598486328125,-35.50209923664122,23.222026717557252,-197.39357633587787,0
21814,-7.495106176757813,-8.320131860351562,-0.9299546142578125,-30.85324427480916,22.160958015267177,-220.0653320610687,0
21839,-6.400956018066406,-8.65292589111328,-1.5787832641601562,-24.593702290076333,0.08462213740458036,-242.2943396946565,0
21864,-4.365884606933594,-8.344073876953125,-0.6522272216796875,-20.98301526717557,-12.5795,-249.24090458015266,0
21889,-3.774516796875,-7.659332202148437,-1.1885283935546875,-20.784541984732822,-1.6176679389312976,-249.24090458015266,0
21915,-2.5055899169921876,-6.47659658203125,-1.4878036010742186,-19.547900763358776,-2.006980916030534,-249.24090458015266,0
21940,-1.0116080810546877,-6.431106750488281,-1.3633051147460937,-16.66240458015267,10.809812977099238,-249.24090458015266,0
21965,1.969172985839843,-7.618630773925781,-0.8365807495117187,-3.7692748091603057,2.305996183206107,-249.24090458015266,0
21990,2.342668444824218,-5.827767932128905,-0.5444881469726562,-15.692938931297709,74.22202671755726,-249.24090458015266,0
22015,2.366610461425781,-6.002544653320312,-2.797431909179687,-18.82270992366412,119.5731717557252,-249.24090458015266,0
22040,1.930865759277343,-4.870087268066405,-2.6202609863281245,-11.242557251908398,116.87851526717557,-249.24090458015266,0
22065,4.370557250976562,-2.8733230834960932,-0.21169411621093748,7.879580152671755,109.05408778625954,-249.24090458015266,0
22090,6.135083874511719,-2.8182564453124996,-0.45590268554687496,17.00171755725191,147.33653053435114,-249.24090458015266,0
22115,6.419993872070312,-0.2660374755859375,0.185743359375,58.627671755725196,-2.564232824427481,-249.24090458015266,0
22140,3.8151024658203117,2.7410798095703126,0.43474033203124995,51.59713740458015,-47.90774427480916,-249.24090458015266,0
22165,6.1255070678710934,0.24153327636718747,-0.6043431884765625,32.452099236641224,-25.2588893129771,-249.24090458015266,0
22190,6.5397039550781235,1.1896371337890623,-0.43435487060546873,28.223091603053437,-32.15965267175573,-249.24090458015266,0
22215,5.840597070312499,3.2965345947265625,-0.3577404174804687,24.726908396946566,-13.22835496183206,-249.24090458015266,0
22240,6.228457739257812,5.171194494628907,-0.886858984375,31.391030534351145,-31.69400381679389,-249.24090458015266,0
22265,7.609912097167968,7.3882252319335935,-1.3896413330078123,26.803244274809163,-23.709270992366413,-249.24090458015266,0
22291,8.162972680664062,9.418508239746092,-0.8078503295898437,41.97881679389313,-87.74743893129771,-249.24090458015266,0
22316,9.225998217773437,9.090502612304686,-1.3345746948242188,33.574236641221376,-75.94591221374046,-237.77525572519085,0
22341,9.915528295898437,9.492728491210936,-1.413583349609375,22.50553435114504,-24.41156106870229,-168.7828893129771,0
22366,10.798988708496093,10.397736718749998,-1.6290614990234373,3.3375954198473283,45.13805725190839,-86.25617175572519,0
22391,12.134953234863278,11.455973852539062,-1.6458209106445312,-10.013549618320612,67.01591984732825,-7.9813625954198475,0
22416,12.731109448242186,11.326686962890623,-1.6075136840820312,-15.158587786259542,34.9472175572519,65.82016412213741,0
22441,11.917080883789062,10.828693017578123,-1.4279485595703125,-14.418129770992367,3.9014160305343513,130.11787404580153,0
22466,10.55717434082031,10.31393966064453,-1.4494963745117186,-13.120419847328245,-3.0756832061068704,184.42321755725192,0
22491,10.15734266357422,9.921290588378906,-1.1957109985351562,-12.37232824427481,6.283095419847328,226.20947709923664,0
22516,10.028055773925779,9.315557568359374,-0.7767257080078125,-7.143320610687023,-1.7474389312977099,251.02627099236642,0
22541,8.512526123046875,8.429702954101561,-0.7551778930664063,-9.86087786259542,-5.442095419847329,251.02627099236642,0
22566,8.371268225097655,6.8806544799804685,-0.4630852905273437,-16.112786259541984,0.6037061068702291,251.02627099236642,0
22591,7.868485876464843,6.8806544799804685,-0.264366552734375,0.26889312977099233,-35.694003816793895,251.02627099236642,0
22617,6.360138830566405,3.94296904296875,-0.628285205078125,22.32232824427481,-68.8619427480916,251.02627099236642,0
22642,4.6794092651367185,2.2023844360351563,-1.1597979736328126,48.581870229007635,-98.35812595419847,251.02627099236642,0
22667,3.211763647460937,-0.222941845703125,-1.0472704956054688,43.1925572519084,-40.53369847328245,251.02627099236642,0
22692,2.663491467285156,-1.9395844360351562,-0.8940415893554687,32.345229007633584,3.634240458015267,251.02627099236642,0
22717,2.340274243164062,-2.507010229492187,-1.2914790649414063,37.55896946564886,-15.877209923664122,251.02627099236642,0
22742,1.104866186523437,-4.3026614746093745,-1.0448762939453125,50.627671755725196,-49.571866412213744,251.02627099236642,0
22767,0.5470171997070308,-5.119084240722656,-0.934743017578125,52.68874045801527,-53.91537786259542,251.02627099236642,0
22792,-0.8152835449218754,-6.850092041015625,-1.4255543579101562,37.09332061068702,-10.24362213740458,251.02627099236642,0
22817,0.3794230834960932,-7.340903381347656,-2.0743830078124996,41.60477099236641,-34.571866412213744,248.40031679389313,0
22842,-1.0068196777343752,-7.757494470214843,-1.6458209106445312,48.40629770992366,-53.319958015267176,223.28581297709923,0
22867,-3.1400533569335938,-7.202039685058593,-0.934743017578125,50.54370229007634,-16.648202290076334,210.88886641221373,0
22892,-3.733815368652344,-6.32336767578125,-0.187752099609375,66.30706106870228,-51.02988167938932,209.5758893129771,0
22917,-4.332365783691406,-7.417517834472656,-0.06085941162109375,62.18492366412214,-9.21308778625954,214.26291221374046,0
22942,-5.081750903320312,-6.886005065917968,0.9878009155273437,60.948282442748095,-11.839041984732823,215.85069847328245,0
22967,-6.4105328247070315,-6.783054394531249,1.7539454467773437,59.894847328244275,-6.770339694656489,216.03390458015267,0
22992,-7.100062902832031,-7.199645483398437,1.0021661254882812,60.49790076335878,7.8708816793893135,218.95756870229008,0
23018,-9.4056791015625,-6.165350366210937,1.3708731811523436,87.42919847328244,-59.67110305343512,225.8583320610687,0
23043,-9.724107922363281,-5.832556335449218,2.189690148925781,79.0398854961832,8.351797709923664,224.01863740458015,0
23068,-11.067255053710937,-5.399205834960937,2.589521826171875,79.93301526717556,30.14569083969466,218.3697824427481,0
23093,-11.522153369140625,-5.2986493652343745,2.8361245971679687,73.97881679389313,46.9472175572519,205.17130916030536,0
23118,-9.501447167968749,-3.991415258789062,0.5903634399414062,56.55896946564886,77.93958396946566,181.24764503816795,0
23143,-13.813404357910155,-5.5787709594726556,5.915067932128905,-23.395229007633585,-68.64820229007633,-78.98136259541984,0
23168,-9.238084985351563,-4.132673156738281,4.330106433105469,-20.525,13.031187022900763,-66.29433969465649,0
23193,-11.419202697753907,-4.467861389160156,2.2208147705078125,-34.8456106870229,21.328896946564885,-67.07296564885496,0
23218,-10.600385729980468,-5.018527770996093,2.1058930908203126,-55.112786259541984,31.168591603053436,-69.88212595419847,0
23243,-10.495040856933594,-5.152603063964843,1.5264962890624998,-60.784541984732826,-7.113851145038167,-92.08059923664122,0
23268,-10.870930517578124,-6.933889099121093,0.8202067993164062,-72.06698473282444,12.214393129770993,-129.7981564885496,0
23293,-9.970710693359376,-7.635390185546874,0.47065335693359367,-67.58606870229008,44.993019083969465,-179.95082824427482,0
23318,-8.90050255126953,-6.965013720703125,-0.41041285400390626,-44.87614503816794,7.061721374045801,-224.69128625954198,0
23343,-9.19498935546875,-6.445471960449218,-0.4918157104492187,-41.85324427480916,23.0998893129771,-249.24090458015266,0
23368,-6.7672688720703125,-6.510115405273437,-0.4774505004882812,-34.12041984732824,48.313629770992364,-249.24090458015266,0
23393,-4.282087548828125,-6.876428259277343,-0.4822389038085937,-13.952480916030535,34.000652671755724,-249.24090458015266,0
23418,-3.3387720947265627,-6.373645910644531,-0.29549117431640626,-4.303625954198473,40.04645419847328,-249.24090458015266,0
23444,-3.6907197387695314,-6.352098095703124,-0.6713808349609375,0.5513358778625954,35.07698854961832,-249.24090458015266,0
23469,0.36026947021484323,-6.107889526367187,0.5855750366210937,5.29942748091603,49.16095801526717,-249.24090458015266,0
23494,0.6212374511718748,-6.428712548828124,0.09715789794921875,15.558969465648854,35.176225190839695,-249.24090458015266,0
23519,0.5565940063476558,-5.483002893066406,-1.0616357055664063,0.10858778625954196,58.59607251908397,-249.24090458015266,0
23544,1.9021353393554685,-3.435960473632812,-0.666592431640625,-3.944847328244275,35.87851526717557,-249.24090458015266,0
23569,5.002626489257812,-4.601936682128906,0.7579575561523437,1.0322519083969466,-3.709270992366412,-249.24090458015266,0
23594,5.82144345703125,-4.683339538574218,0.8776676391601562,7.360496183206107,-41.938278625954204,-249.24090458015266,0
23619,3.2931665039062494,-1.5876367919921874,-1.0568473022460938,-0.22729007633587783,-56.755072519083974,-249.24090458015266,0
23644,4.966713464355468,-2.4639145996093745,-1.241200830078125,-24.34179389312977,-38.571866412213744,-249.24090458015266,0
23669,6.345773620605468,-1.4631383056640626,-0.8940415893554687,-24.876145038167937,-64.56423282442748,-249.24090458015266,0
23694,5.795107238769531,0.447434619140625,-0.24042453613281248,-39.90667938931298,-26.54896564885496,-249.24090458015266,0
23719,5.792713037109375,4.756997607421875,-0.3481636108398437,-56.105152671755725,56.46630152671755,-249.24090458015266,0
23744,7.54526865234375,7.120074645996094,-1.3393630981445312,-40.66240458015267,48.35943129770992,-249.24090458015266,0
23769,10.260293334960938,7.752143884277343,-1.8972120849609375,-12.02881679389313,-60.04514885496184,-249.24090458015266,0
23794,10.169313671874999,8.365059509277343,-2.0911424194335932,-3.2807251908396946,-113.30469083969466,-249.24090458015266,0
23819,9.78624140625,8.43688555908203,-2.0983250244140623,-4.448664122137405,-123.31995801526718,-228.04243129770992,0
23844,9.489360400390623,8.975580932617186,-2.768701489257812,-15.463931297709925,-60.60240076335878,-167.01953053435113,0
23870,11.162907360839842,10.306757055664061,-3.4414721557617183,-25.532633587786258,12.626606870229008,-101.97372900763358,0
23895,11.143753747558591,11.250072509765623,-3.467808374023437,-16.85324427480916,25.206759541984734,-34.4622786259542,0
23920,10.80138291015625,10.845452429199218,-3.6234314819335935,-1.525,13.618973282442749,25.568255725190838,0
23945,10.569145349121094,10.14873974609375,-3.3002142578124998,9.780343511450381,24.313629770992367,74.08733969465649,0
23970,10.267475939941406,10.25647882080078,-3.0751593017578123,18.062786259541987,26.24492748091603,118.17130916030534,0
23995,9.726386364746094,9.756090673828124,-2.7998261108398435,19.436832061068703,20.328896946564885,160.2552786259542,0
24020,8.634630407714845,9.162328662109374,-2.0791714111328123,14.368129770992367,49.618973282442745,200.9194007633588,0
24045,9.431899560546874,7.445686071777343,-1.5883600708007812,8.016984732824428,75.55790458015268,240.09497328244274,0
24070,8.914752001953126,7.534271533203125,-1.0544531005859374,4.642938931297709,58.95485114503816,251.02627099236642,0
24095,8.332960998535157,5.970857849121094,-0.9036183959960937,7.1620229007633585,22.443400763358778,251.02627099236642,0
24120,8.00495537109375,4.053102319335937,-1.3010558715820313,7.574236641221374,9.313629770992366,251.02627099236642,0
24145,6.870103784179686,3.5455315673828123,-0.9012241943359375,25.871946564885498,-39.13675190839695,251.02627099236642,0
24170,5.096000354003905,1.7211499023437498,-0.81024453125,44.8337786259542,-54.86194274809161,251.02627099236642,0
24195,3.4272417968749993,-0.8214922607421875,-0.609131591796875,53.40629770992366,-28.014614503816794,251.02627099236642,0
24220,3.391328771972656,-1.4032832641601563,-0.2595781494140625,31.49026717557252,41.29072900763359,251.02627099236642,0
24245,2.548569787597656,-2.2604074584960934,-0.6163141967773438,17.597137404580153,51.32889694656488,251.02627099236642,0
24270,1.1024719848632807,-3.2683663574218746,-0.7216590698242188,25.085687022900764,2.5273702290076336,251.02627099236642,0
24296,-0.09702304687500041,-3.6155255981445307,-0.7288416748046875,35.55896946564886,-34.518431297709924,251.02627099236642,0
24321,-2.309265380859375,-4.264354248046875,-0.22845352783203124,44.391030534351145,-41.23598854961833,251.02627099236642,0
24346,-2.692337646484375,-6.641796496582031,-0.8461575561523438,53.49790076335878,-50.060416030534356,251.02627099236642,0
24371,-3.8343718383789063,-5.1861218872070305,-0.0680420166015625,60.46736641221374,-66.64820229007633,251.02627099236642,0
24396,-6.599674755859375,-7.348085986328124,0.9255516723632812,52.09332061068702,-24.594767175572517,251.02627099236642,0
24421,-7.265262817382812,-5.638626000976562,1.4546702392578124,43.024618320610685,13.573171755725191,251.02627099236642,0
24446,-8.392931799316406,-6.584335656738281,1.4163630126953124,55.84141221374046,-19.938278625954197,251.02627099236642,0
24471,-9.376948681640624,-5.566799951171874,1.902385949707031,49.268893129770994,-40.27415648854962,238.67512595419848,0
24496,-9.78156876220703,-7.23555850830078,2.627829052734375,47.391030534351145,-37.58713358778626,221.22474427480915,0
24521,-10.406455395507813,-7.6066597656249995,2.3740436767578124,34.78797709923664,-4.045148854961832,197.3316145038168,0
24546,-12.180558825683594,-7.333720776367187,1.880838134765625,9.551335877862595,41.00828625954198,169.20947709923664,0
24571,-11.821428576660157,-4.8102322265624995,2.4195335083007814,-1.3112595419847328,33.21439312977099,140.46901908396947,0
24597,-22.238599999999998,-11.806089477539063,5.467352221679687,-16.68530534351145,-15.442095419847327,60.003370229007636,0
24622,-6.422503833007813,-4.949095922851562,3.451434423828125,-20.196755725190837,13.168591603053436,-42.485179389312975,0
24647,-10.3250525390625,-6.153379357910156,2.3261596435546874,-24.288358778625952,8.229660305343511,-44.866858778625954,0
24672,-9.376948681640624,-5.511733312988281,2.587127624511719,-28.402862595419847,17.96248473282443,-39.744721374045795,0
24697,-10.332235144042968,-6.131831542968749,1.4187572143554685,-20.463931297709923,-20.434461832061068,-62.13403435114503,0
24722,-12.740802014160156,-5.808614318847655,0.7651401611328125,-38.72347328244275,18.09225572519084,-99.40120992366411,0
24747,-11.400049084472656,-6.43828935546875,0.7076793212890624,-46.868511450381675,42.0998893129771,-145.0118969465649,0
24772,-9.52060078125,-6.557999438476562,0.48023016357421866,-37.7692748091603,9.160958015267175,-191.43937786259542,0
24797,-10.066478759765625,-6.562787841796874,-0.11353184814453125,-29.150954198473283,-33.36575954198474,-228.66075190839695,0
24822,-8.941203979492187,-6.380828515625,-0.02494638671875,-33.4486641221374,-20.57186641221374,-249.24090458015266,0
24847,-7.284416430664063,-6.771083386230468,0.08997529296874998,-28.547900763358776,-18.861942748091604,-249.24090458015266,0
24872,-5.744944763183594,-6.783054394531249,0.21207957763671872,-28.952480916030535,-18.526064885496183,-249.24090458015266,0
24897,-3.489606799316406,-6.498144396972656,0.4874127685546874,-27.63950381679389,-26.831408396946564,-249.24090458015266,0
24922,-2.0363263916015626,-6.172532971191406,-0.0441,-31.799809160305344,-28.098583969465647,-249.24090458015266,0
24947,-1.9549235351562504,-5.727211462402344,-0.19732890625,-49.525,10.702942748091603,-249.24090458015266,0
24972,0.0921188842773435,-3.919589208984375,-0.8365807495117187,-62.616603053435114,46.28309541984733,-249.24090458015266,0
24997,2.606030627441406,-4.704887353515624,-1.3417572998046874,-50.45629770992366,22.710576335877864,-249.24090458015266,0
25023,2.8622102050781244,-3.5173633300781244,-0.9275604125976562,-58.280725190839696,4.603706106870229,-249.24090458015266,0
25048,4.8685511962890615,-2.8254390502929683,-0.283520166015625,-56.70057251908397,-18.495530534351143,-249.24090458015266,0
25073,4.8877048095703115,-0.759243017578125,0.02293764648437499,-56.975381679389315,-17.648202290076334,-249.24090458015266,0
25098,5.625118920898436,-0.6371387329101562,-1.6242730957031248,-50.15858778625954,-49.39629389312977,-249.24090458015266,0
25123,5.874115893554687,1.6517180541992187,-1.7559541870117186,-56.07461832061068,-21.984080152671755,-249.24090458015266,0
25148,6.817431347656249,5.240626342773437,-1.4758325927734375,-37.34942748091603,-78.785606870229,-249.24090458015266,0
25173,6.736028491210937,6.648416918945312,-2.874046362304687,-41.66240458015267,-82.67873664122136,-249.24090458015266,0
25198,8.895598388671875,7.189506494140625,-3.2930316528320307,-40.95248091603053,-105.01461450381679,-249.24090458015266,0
25223,9.060798303222654,8.345905895996093,-3.8843994628906247,-39.1280534351145,-129.0909503816794,-249.24090458015266,0
25248,8.790253515625,8.891783874511718,-3.484567785644531,-37.50209923664122,-121.74743893129771,-213.04243129770992,0
25273,8.445488476562499,8.491952197265624,-4.7678598754882815,-50.39522900763359,-15.777973282442748,-147.86685877862595,0
25298,9.52527342529297,10.349852685546873,-5.11980751953125,-53.929580152671754,45.53500381679389,-84.35540839694656,0
25323,10.253110729980467,12.485480566406249,-5.459784155273438,-48.051717557251905,43.32126335877862,-27.13403435114504,0
25348,11.5100666015625,12.119167712402342,-5.80933759765625,-36.67003816793893,30.29836259541985,26.476652671755726,0
25373,11.548373828124998,11.532588305664062,-5.493302978515625,-6.494465648854963,-23.373393129770992,83.21711068702291,0
25398,9.656954516601562,11.204582678222655,-5.019251049804687,4.5971374045801525,11.893782442748092,142.7819961832061,0
25424,9.594705273437498,9.703418237304687,-4.274654333496094,3.3146946564885496,90.33653053435116,203.59115648854961,0
25449,10.645759802246094,9.538218322753904,-3.8173618164062497,9.772709923664122,116.38996564885497,250.7667290076336,0
25474,10.38718602294922,9.143175048828123,-2.8692579589843747,23.933015267175573,69.83271374045802,251.02627099236642,0
25499,8.97460704345703,8.20704219970703,-2.1797278808593745,30.192557251908397,42.496835877862594,251.02627099236642,0
25524,8.536468139648438,5.85833037109375,-1.6099078857421874,31.849045801526717,30.527370229007634,251.02627099236642,0
25549,6.400840258789061,5.441739282226562,-0.781514111328125,27.98645038167939,28.93195038167939,251.02627099236642,0
25574,5.289930688476562,3.1720361083984376,-0.321827392578125,22.558969465648858,32.51210305343511,251.02627099236642,0
25599,4.250847167968749,1.9007150268554687,-0.5971605834960938,16.162022900763358,34.481568702290076,251.02627099236642,0
25624,3.673844567871093,-0.35462293701171876,-0.6641982299804687,6.6047709923664115,27.191492366412213,251.02627099236642,0
25649,2.7281349121093745,-1.1471036865234374,-0.6689866333007812,-1.3646946564885498,18.054087786259544,251.02627099236642,0
25674,1.246124084472656,-3.091195434570312,-0.7791199096679687,7.009351145038168,-16.365759541984733,251.02627099236642,0
25699,0.40097089843749956,-4.525322229003906,-0.7743315063476562,14.108587786259541,-28.617667938931298,251.02627099236642,0
25724,-0.7626111083984377,-4.731223571777344,-0.6163141967773438,11.352862595419847,-13.106217557251908,251.02627099236642,0
25749,-1.569457067871094,-5.827767932128905,-0.7982735229492187,16.207824427480915,-15.747438931297708,251.02627099236642,0
25774,-2.9628824340820312,-5.696086840820312,-1.068818310546875,23.31469465648855,-27.503164122137402,251.02627099236642,0
25800,-3.7194501586914064,-5.669750622558594,-0.8054561279296875,26.810877862595422,-31.9001106870229,251.02627099236642,0
25825,-4.667554016113281,-6.146196752929687,-0.647438818359375,26.192557251908397,-17.006980916030535,251.02627099236642,0
25850,-6.307582153320313,-5.466243481445312,-0.6067373901367188,38.74980916030535,-40.77033969465649,251.02627099236642,0
25875,-6.855854333496094,-4.668974328613281,-0.3625288208007812,54.69637404580153,-53.45736259541985,251.02627099236642,0
25900,-8.864589526367187,-5.32737978515625,-0.091984033203125,47.757442748091606,-15.976446564885496,251.02627099236642,0
25925,-10.018594726562501,-4.841356848144531,0.6382474731445312,37.207824427480915,39.000652671755724,251.02627099236642,0
25950,-10.875718920898436,-5.676933227539062,1.0141371337890623,17.78797709923664,87.58080534351146,250.5758893129771,0
25975,-12.506170251464845,-4.817414831542968,0.6574010864257812,-7.074618320610687,110.16095801526718,220.98046946564887,0
26000,-13.150210498046874,-6.22041700439453,0.2312331909179687,-11.2043893129771,71.29072900763359,172.27817938931298,0
26025,-22.238599999999998,-9.83566151123047,2.761904345703125,-12.128053435114504,-141.0909503816794,-89.4622786259542,0
26050,-10.885295727539063,-4.929942309570312,1.2200384765624999,-2.410496183206107,-35.190187022900766,-113.4622786259542,0
26075,-12.161405212402343,-5.760730285644531,0.9207632690429687,-14.86851145038168,-64.785606870229,-145.60731679389312,0
26100,-11.218089758300781,-6.172532971191406,1.5719861206054686,-32.242557251908394,-46.58713358778626,-166.90502671755726,0
26125,-10.904449340820314,-6.984167333984375,1.4187572143554685,-37.746374045801524,-30.472629770992366,-192.41647709923663,0
26150,-9.307516833496093,-7.946636401367187,1.385238391113281,-37.25019083969465,-23.823774809160305,-218.15693511450382,0
26176,-8.826282299804689,-7.288230944824218,1.0500501586914062,-34.63187022900763,-15.877209923664122,-236.66075190839695,0
26201,-8.495882470703124,-6.862063049316406,0.33897226562499994,-38.95248091603053,6.489202290076335,-247.76762213740457,0
26226,-6.7864224853515625,-6.6489791015624995,-0.24042453613281248,-38.49446564885496,13.40523282442748,-249.24090458015266,0
26251,-4.193502087402344,-7.781436486816405,0.13546512451171874,-29.563167938931297,-1.9917137404580152,-249.24090458015266,0
26276,-3.432145959472656,-7.367239599609374,-0.1159260498046875,-21.70057251908397,-16.85430916030534,-249.24090458015266,0
26301,-2.68276083984375,-6.852486242675781,-0.8892531860351562,-22.67003816793893,-34.67110305343512,-249.24090458015266,0
26326,-1.3707383300781253,-6.129437341308593,-1.2866906616210938,-28.219656488549617,-54.18255343511451,-249.24090458015266,0
26351,-1.061886315917969,-5.344139196777343,-1.6410325073242187,-41.929580152671754,-99.24362213740457,-249.24090458015266,0
26377,1.4544196289062494,-6.507721203613281,-0.7479952880859375,-41.83034351145038,-98.17491984732824,-249.24090458015266,0
26402,1.7848194580078118,-4.862904663085937,-1.6362441040039062,-66.08225190839696,-81.80850763358778,-249.24090458015266,0
26427,1.9811439941406244,-2.8326216552734373,-2.0600177978515624,-99.81507633587786,-17.335225190839694,-249.24090458015266,0
26452,3.8677749023437498,-2.791920227050781,-2.6465972045898436,-104.54790076335878,-3.144385496183206,-249.24090458015266,0
26477,4.638707836914062,-1.017816796875,-1.8948178833007812,-95.46393129770993,-46.3352251908397,-249.24090458015266,0
26502,4.047340026855468,0.6820663818359374,-2.366475610351562,-94.28835877862596,-64.64056870229007,-249.24090458015266,0
26527,3.8605922973632802,2.630946533203125,-3.168533166503906,-108.34179389312978,-20.358125954198474,-249.24090458015266,0
26552,4.238876159667968,5.4561044921874995,-3.498932995605468,-110.15858778625955,-32.92301145038168,-249.24090458015266,0
26577,4.272394982910155,6.85431826171875,-3.4414721557617183,-115.0364503816794,3.1456908396946566,-249.24090458015266,0
26602,5.809472448730468,7.589338171386719,-4.48773828125,-105.41812977099237,27.42813358778626,-249.24090458015266,0
26627,7.54526865234375,8.867841857910156,-3.953831311035156,-90.41812977099237,53.53500381679389,-249.24090458015266,0
26652,9.343314099121091,10.151133947753905,-4.154944250488281,-64.54790076335878,54.50446946564885,-231.72182061068702,0
26678,11.285011645507812,11.640327380371092,-4.3177499633789065,-44.66240458015267,38.626606870229004,-184.6149503816794,0
26703,12.467747265625,14.01058702392578,-4.384787609863281,-41.31889312977099,30.12279007633588,-104.44701145038168,0
26728,13.796529187011718,11.965938806152343,-4.839685925292969,-31.189122137404578,-7.014614503816793,-7.0882328244274815,0
26753,12.561121130371092,11.956361999511717,-4.365633996582031,-20.036450381679387,4.931950381679389,85.95756870229008,0
26778,11.964964916992187,10.661098901367186,-4.308173156738281,-5.36469465648855,20.183858778625954,162.3850496183206,0
26803,10.485348291015622,10.555754028320312,-3.6737097167968744,9.062786259541985,29.4586679389313,218.484286259542,0
26828,9.920316699218748,10.167893359374998,-3.1828983764648435,22.5131679389313,40.939583969465644,251.02627099236642,0
26853,9.855673254394532,9.408931433105467,-2.8333449340820307,39.28416030534351,33.54263740458015,251.02627099236642,0
26878,9.096711328125,8.175917578124999,-2.6154725830078123,53.475,5.504469465648855,251.02627099236642,0
26903,7.636248315429687,6.8830486816406244,-2.0552293945312496,55.45973282442748,11.40523282442748,251.02627099236642,0
26928,7.822996044921875,4.917409118652344,-1.4016123413085937,49.00171755725191,38.28309541984733,251.02627099236642,0
26953,6.680961853027344,3.375543249511719,-0.8365807495117187,35.72690839694657,53.931950381679385,251.02627099236642,0
26978,5.917211523437499,1.4625761230468748,-0.6306794067382813,16.612404580152674,55.20675954198473,251.02627099236642,0
27003,4.756023718261718,0.2894173095703125,-0.43435487060546873,4.978816793893129,30.168591603053436,251.02627099236642,0
27028,3.0896593627929683,-1.295544189453125,-0.17578109130859373,6.230725190839694,-1.129118320610687,251.02627099236642,0
27054,1.4544196289062494,-2.617143505859375,-0.19014630126953125,15.894847328244275,-26.098583969465647,251.02627099236642,0
27079,-0.4274228759765628,-4.068029711914062,-0.3433752075195312,10.604770992366412,1.702942748091603,251.02627099236642,0
27104,-0.9493588378906253,-5.143026257324219,-0.609131591796875,8.391030534351145,2.061721374045802,251.02627099236642,0
27129,-2.7090970581054687,-5.049652392578125,-1.0065690673828125,5.192557251908396,2.206759541984733,251.02627099236642,0
27154,-4.231809313964844,-4.625878698730468,-0.657015625,10.589503816793894,-27.251255725190838,251.02627099236642,0
27179,-5.543831823730469,-5.042469787597656,-0.7719373046875,22.78797709923664,-44.71690458015267,251.02627099236642,0
27204,-6.602068957519531,-5.257947937011719,-0.6953228515625,31.5513358778626,-43.02988167938932,251.02627099236642,0
27229,-7.092880297851562,-5.751153479003905,-0.40801865234375,36.711641221374045,-34.72453816793893,251.02627099236642,0
27254,-9.669041284179688,-5.107113232421875,-0.3792882324218749,43.268893129770994,-18.91537786259542,251.02627099236642,0
27279,-10.91881455078125,-5.581165161132812,-0.321827392578125,38.80324427480916,26.702942748091605,251.02627099236642,0
27304,-11.12232169189453,-5.901988183593749,0.008572436523437497,34.00171755725191,73.56553816793894,237.88123282442749,0
27329,-12.199712438964845,-6.289848852539062,-0.302673779296875,48.391030534351145,57.183858778625954,195.5758893129771,0
27354,-13.066413439941407,-5.626654992675781,-0.9874154541015625,59.635305343511455,40.95485114503816,141.2934465648855,0
27379,-11.593979418945313,-2.4447609863281246,-4.099877612304687,17.97881679389313,-102.03751526717556,-75.05769847328244,0
27405,-11.79988076171875,-5.820585327148437,2.668530480957031,-10.334160305343511,-26.533698473282442,-112.52334732824427,0
27430,-10.416032202148436,-5.988179443359375,2.658953674316406,-4.983015267175573,-38.26652290076336,-134.2943396946565,0
27455,-10.6315103515625,-6.392799523925781,1.9598467895507812,-16.128053435114502,-24.823774809160305,-147.5004465648855,0
27480,-10.26759169921875,-7.051204980468749,1.411574609375,-31.677671755725193,-21.04514885496183,-162.75998854961833,0
27505,-9.096827087402342,-7.477372875976562,1.08596318359375,-43.479198473282445,-25.617667938931298,-183.08823282442748,0
27530,-8.701783813476563,-8.724751940917969,0.6597952880859375,-49.69293893129771,-20.38102671755725,-206.83632442748092,0
27555,-7.993100122070312,-8.502091186523439,0.5017779785156249,-48.21965648854962,-8.945912213740458,-228.3477748091603,0
27580,-6.080132995605469,-8.432659338378906,0.32939545898437494,-40.784541984732826,-7.052782442748091,-247.39357633587787,0
27605,-4.8902147705078125,-7.855656738281249,0.17856075439453123,-30.952480916030535,-23.014614503816794,-249.24090458015266,0
27630,-3.7218443603515627,-7.822137915039062,0.010966638183593745,-29.929580152671754,-14.777973282442748,-249.24090458015266,0
27655,-2.4529174804687504,-7.340903381347656,-0.4128070556640625,-26.4486641221374,-20.442095419847327,-249.24090458015266,0
27680,-0.6692372436523442,-7.328932373046874,-0.21648251953125,-24.570801526717556,-28.678736641221374,-249.24090458015266,0
27705,-0.6764198486328128,-6.2180228027343745,-0.5660359619140625,-27.402862595419847,-33.02988167938932,-249.24090458015266,0
27730,0.3770288818359373,-5.51891591796875,-1.4662557861328125,-37.929580152671754,-10.304690839694656,-249.24090458015266,0
27755,2.301967016601562,-5.775095495605468,-1.087971923828125,-42.47156488549618,6.6495076335877865,-249.24090458015266,0
27781,3.321896923828125,-4.853327856445312,-1.7655309936523438,-37.105152671755725,-20.342858778625953,-249.24090458015266,0
27806,3.0106507080078115,-4.046481896972656,-2.1988814941406245,-43.30362595419847,-46.251255725190845,-249.24090458015266,0
27831,3.8893227172851557,-3.4862387084960935,-2.402388635253906,-65.97538167938932,-1.4268282442748093,-249.24090458015266,0
27856,4.60758321533203,-0.9268371337890624,-1.2076820068359375,-93.02881679389314,149.80981297709923,-249.24090458015266,0
27881,6.115930261230468,-0.32349831542968743,-1.4375253662109375,-60.32652671755725,161.57317175572518,-249.24090458015266,0
27906,6.475060510253905,1.4075094848632812,-1.107125537109375,1.30706106870229,36.77164503816794,-249.24090458015266,0
27931,4.97868447265625,5.458498693847656,-1.3441515014648437,23.85667938931298,-31.533698473282445,-249.24090458015266,0
27956,6.455906896972656,8.23337841796875,-1.5500528442382813,32.91774809160305,-123.95354580152672,-249.24090458015266,0
27981,7.190926806640625,7.790451110839843,-2.105507629394531,13.528435114503816,-162.81614122137404,-249.24090458015266,0
28006,7.310636889648436,8.34830009765625,-2.8596811523437498,-24.242557251908394,-109.59476717557251,-249.24090458015266,0
28031,8.095935034179686,10.201412182617187,-2.7998261108398435,-45.975381679389315,-23.40392748091603,-249.24090458015266,0
28056,9.230786621093749,10.764049572753905,-3.4965387939453123,-46.93721374045801,46.794545801526716,-165.79052290076336,0
28081,11.842860632324218,12.06410107421875,-3.8101792114257806,-42.77690839694657,81.1762251908397,-65.81342366412214,0
28106,12.496477685546875,13.768772656249999,-3.4893561889648432,-25.891412213740455,26.27546183206107,38.644591603053435,0
28131,11.507672399902344,12.45914434814453,-2.6394145996093745,-18.593702290076333,16.55027099236641,124.79726335877864,0
28157,10.717585852050782,10.847846630859374,-2.6561740112304686,-16.2043893129771,39.122790076335875,187.7056603053435,0
28182,11.074321899414063,10.618003271484374,-2.2156409057617186,-5.608969465648856,23.336530534351144,232.9346679389313,0
28207,9.84849064941406,10.26366142578125,-2.172545275878906,9.078053435114503,-12.839041984732823,251.02627099236642,0
28232,8.871656372070312,9.310769165039062,-2.0025569580078124,16.406297709923663,-12.182553435114503,251.02627099236642,0
28257,8.854896960449217,7.132045654296875,-2.3808408203124998,11.375763358778626,19.519736641221375,251.02627099236642,0
28282,9.079951916503905,5.9804346557617185,-1.4471021728515625,26.192557251908397,-31.01461450381679,251.02627099236642,0
28307,6.180573706054687,5.614121801757812,-0.9299546142578125,42.54370229007634,-65.4268282442748,251.02627099236642,0
28332,5.433582788085936,2.834453674316406,-0.6929286499023437,29.047519083969465,-8.457362595419847,251.02627099236642,0
28357,4.892493212890624,0.7060083984375,-0.19493470458984374,14.864312977099237,33.58843893129771,251.02627099236642,0
28382,4.392105065917968,-0.2181534423828125,-0.0488884033203125,29.68110687022901,-7.503164122137404,251.02627099236642,0
28407,2.2588713867187495,-1.0776718383789061,-1.0999429321289063,47.41393129770992,-26.839041984732823,251.02627099236642,0
28432,0.4464607299804686,-0.6419271362304687,0.04927386474609374,45.14675572519084,6.710576335877862,251.02627099236642,0
28457,-0.33404901123046926,-4.975432141113281,-0.8054561279296875,47.61240458015267,9.527370229007634,251.02627099236642,0
28482,-2.6253,-4.226047021484375,-1.3896413330078123,36.948282442748095,26.397599236641224,251.02627099236642,0
28508,-3.611711083984375,-4.815020629882812,-0.6019489868164063,40.7956106870229,-12.678736641221374,251.02627099236642,0
28533,-5.558197033691407,-5.698481042480468,-1.2340182250976561,46.45973282442748,-44.58713358778626,251.02627099236642,0
28558,-8.208578271484374,-5.020921972656249,-0.38407663574218753,49.948282442748095,-31.9001106870229,251.02627099236642,0
28583,-8.354624572753906,-5.451878271484374,-0.168598486328125,30.604770992366415,29.481568702290076,251.02627099236642,0
28608,-9.331458850097656,-5.928324401855468,-0.8030619262695312,26.627671755725192,39.46630152671755,251.02627099236642,0
28633,-11.34019404296875,-4.604330883789062,-0.46547949218749995,32.37576335877863,7.733477099236641,251.02627099236642,0
28658,-13.143027893066407,-4.249989038085937,-0.37449982910156243,39.65057251908397,-16.808507633587787,212.07207251908397,0
28683,-14.261120068359375,-4.44631357421875,0.769928564453125,53.14675572519084,-27.449729007633586,151.67512595419848,0
28708,-22.238599999999998,-11.346402758789063,14.866987939453123,-3.9143129770992364,-59.84667557251909,1.6980267175572519,0
28733,-13.255555371093749,-2.8757172851562496,2.0005482177734377,-17.784541984732822,-30.625301526717553,-82.50808015267175,0
28758,-12.364912353515624,-4.601936682128906,2.663742077636719,-29.028816793893128,-26.06804961832061,-120.32487404580152,0
28783,-11.280339001464842,-4.956278527832031,3.142582409667969,-42.18912213740458,-28.464996183206107,-144.69128625954198,0
28808,-10.49025245361328,-5.925930200195312,2.3620726684570315,-57.40286259541985,-14.503164122137404,-161.79052290076336,0
28833,-10.222101867675782,-6.115072131347656,1.385238391113281,-68.12041984732825,-19.327591603053435,-177.75235496183205,0
28859,-9.963528088378906,-6.146196752929687,0.3365780639648437,-76.19675572519084,-21.2207213740458,-194.2332709923664,0
28884,-8.033801550292969,-7.33132657470703,-0.02255218505859375,-72.09751908396947,-41.694003816793895,-215.99662977099237,0
28909,-6.3171589599609375,-8.463783959960939,0.4682591552734374,-63.295992366412214,-54.442095419847334,-240.6302175572519,0
28934,-5.833530224609375,-8.219575390625,0.2862998291015625,-59.12041984732824,-23.136751908396946,-249.24090458015266,0
28959,-5.050626281738282,-7.245135314941406,-0.819821337890625,-55.26545801526717,2.9853854961832065,-249.24090458015266,0
28984,-3.7098733520507814,-6.751929772949218,-1.1957109985351562,-50.2043893129771,17.57317175572519,-249.24090458015266,0
29009,0.1543681274414057,-8.772635974121094,-0.781514111328125,-37.295992366412214,10.412866412213742,-249.24090458015266,0
29034,0.805590979003906,-8.346468078613281,-1.5356876342773438,-16.242557251908394,-34.92301145038168,-249.24090458015266,0
29059,-0.822466149902344,-6.25872423095703,-2.3042263671875,-24.67767175572519,-64.61003435114503,-249.24090458015266,0
29084,1.085712573242187,-5.59553037109375,-2.2156409057617186,-52.372328244274804,-2.5795,-249.24090458015266,0
29109,3.1758506225585936,-6.000150451660156,-2.009739562988281,-44.90667938931298,-20.961179389312978,-249.24090458015266,0
29134,3.173456420898437,-5.846921545410155,-1.6242730957031248,-42.75400763358778,-31.235988549618323,-249.24090458015266,0
29159,3.278801293945312,-4.178162988281249,-1.7535599853515624,-58.02118320610687,15.588438931297711,-249.24090458015266,0
29184,3.999455993652343,-2.6937579589843748,-2.6465972045898436,-67.99064885496183,22.153324427480918,-249.24090458015266,0
29209,4.358586242675781,-2.226888635253906,-2.938689807128906,-75.2043893129771,11.183858778625956,-249.24090458015266,0
29234,5.680185559082031,-1.3290630126953125,-2.5436465332031246,-61.89904580152672,-67.62530152671755,-249.24090458015266,0
29260,4.241270361328125,0.9837357910156249,-2.9722086303710933,-71.79980916030534,-78.70163740458015,-249.24090458015266,0
29285,5.809472448730468,2.4825060302734374,-3.6856807250976558,-95.53263358778626,-17.57186641221374,-249.24090458015266,0
29310,5.440765393066406,3.212737536621094,-4.135790637207031,-91.02881679389314,-27.335225190839694,-249.24090458015266,0
29335,5.991431774902343,4.90064970703125,-3.8748226562499997,-80.45629770992367,-37.518431297709924,-249.24090458015266,0
29360,7.049668908691406,5.513565332031249,-4.942636596679687,-73.8074427480916,-42.54133206106871,-249.24090458015266,0
29385,7.727227978515624,8.005929260253906,-4.538016516113281,-73.12041984732825,-20.976446564885496,-249.24090458015266,0
29410,8.60350578613281,9.329922778320311,-4.882781555175781,-55.18912213740458,-34.6558358778626,-246.2943396946565,0
29435,9.424716955566407,10.345064282226561,-5.560340625,-49.983015267175574,-3.892477099236641,-198.2332709923664,0
29460,10.145371655273436,11.30992755126953,-6.084670788574218,-43.525,25.626606870229008,-128.83632442748092,0
29485,12.010454748535157,11.058536376953123,-5.945807092285156,-39.486832061068704,68.01591984732825,-44.622583969465644,0
29510,13.186007763671874,10.342670080566405,-5.787789782714843,-13.295992366412214,32.53500381679389,41.77436259541985,0
29535,12.367190795898438,10.380977307128905,-4.777436682128906,17.98645038167939,-23.632935114503816,118.79726335877864,0
29560,10.281841149902341,9.741725463867187,-3.927495092773437,19.13912213740458,15.550270992366412,179.9728358778626,0
29585,10.018478967285155,10.35224688720703,-3.8293328247070306,6.558969465648855,61.63424045801526,228.72092748091603,0
29610,10.624211987304687,9.576525549316406,-3.7431415649414057,3.2154580152671755,45.985385496183206,251.02627099236642,0
29636,9.362467712402342,8.752920178222656,-2.921930395507812,12.29942748091603,12.741110687022902,251.02627099236642,0
29661,7.969042346191405,6.962057336425781,-2.792643505859375,20.20019083969466,18.664774809160306,251.02627099236642,0
29686,7.981013354492187,5.489623315429688,-2.8620753540039057,24.01698473282443,27.93195038167939,251.02627099236642,0
29711,7.404010754394531,4.361954333496094,-2.6537798095703122,34.131488549618325,4.08462213740458,251.02627099236642,0
29736,6.068046228027343,3.811287951660156,-2.4478784667968747,50.642938931297714,-22.41919465648855,251.02627099236642,0
29761,5.428794384765625,3.205554931640625,-2.0145279663085938,78.40629770992366,-56.41919465648855,251.02627099236642,0
29786,2.809537768554687,1.1656951171874999,-2.270707543945312,101.52080152671755,-63.02988167938931,251.02627099236642,0
29811,1.2724603027343746,-2.0497177124023436,-2.7064522460937495,104.46736641221374,-25.26652290076336,251.02627099236642,0
29836,0.2118289672851561,-2.5477116577148435,-2.1366322509765623,91.14675572519083,24.59607251908397,251.02627099236642,0
29861,-0.5591039672851568,-3.3354040039062496,-1.492592004394531,99.52843511450381,23.840347328244274,251.02627099236642,0
29886,-1.7250801757812502,-4.3505455078125,-1.6673687255859375,96.61240458015267,29.138057251908396,251.02627099236642,0
29911,-3.5590386474609375,-5.30104356689453,-1.4183717529296875,93.4368320610687,22.59607251908397,251.02627099236642,0
29936,-4.394615026855469,-5.408782641601562,-0.6522272216796875,92.99408396946565,15.054087786259542,251.02627099236642,0
29961,-5.292440649414063,-5.779883898925781,0.11631151123046873,86.74217557251907,34.28309541984733,251.02627099236642,0
29986,-6.4847530761718755,-5.2052755004882805,0.02293764648437499,94.78034351145038,10.802179389312977,251.02627099236642,0
30012,-8.225337683105469,-5.231611718749999,1.2751051147460937,99.37576335877863,11.25256106870229,251.02627099236642,0
30037,-9.139922717285156,-5.815796923828125,1.3493253662109375,96.40629770992366,36.90141603053435,251.02627099236642,0
30062,-10.629116149902345,-5.154997265624999,1.4522760375976562,92.45209923664122,32.07698854961832,247.02627099236642,0
30087,-12.048877734375,-4.563629455566406,1.9502699829101562,67.10858778625953,49.7029427480916,221.4613854961832,0
30112,-12.45828621826172,-4.862904663085937,2.275881408691406,52.73454198473283,18.977751908396947,186.8583320610687,0
30137,-15.47737451171875,-1.5589063720703125,0.7531691528320312,-7.815076335877864,-147.6711030534351,-71.68365267175572,0
30162,-10.990640600585937,-5.59553037109375,5.522418859863281,-45.608969465648855,-54.23598854961833,-80.56914885496182,0
30187,-8.81191708984375,-5.746365075683594,4.916685839843749,-52.75400763358778,-65.25888931297709,-73.25617175572519,0
30212,-10.406455395507813,-5.846921545410155,3.930274755859375,-75.34179389312978,-7.480263358778625,-59.301973282442745,0
30237,-9.815087585449218,-6.174927172851562,3.0539969482421876,-83.64713740458016,4.405232824427481,-50.118767175572515,0
30262,-10.360965563964843,-6.711228344726562,2.263910400390625,-87.31125954198474,12.489202290076337,-55.26380534351145,0
30287,-10.449551025390624,-7.185280273437499,1.595928137207031,-81.02118320610687,14.451034351145038,-75.14930152671755,0
30312,-11.105562280273436,-7.264288928222656,1.0668095703125,-66.27309160305344,2.2143931297709925,-113.97372900763358,0
30337,-11.469480932617188,-6.797419604492187,0.9494936889648437,-58.01354961832061,28.95485114503817,-154.92792748091603,0
30362,-9.7121369140625,-6.4430777587890615,0.6406416748046875,-44.96774809160305,51.9472175572519,-190.79052290076336,0
30388,-8.194213061523438,-6.493355993652343,0.17856075439453123,-30.33416030534351,51.78691221374046,-222.95082824427482,0
30413,-7.1240049194335935,-6.052822888183593,-0.07043621826171875,-20.395229007633585,42.05408778625954,-249.24090458015266,0
30438,-5.539043420410156,-6.225205407714843,-0.20929991455078123,-16.570801526717556,38.496835877862594,-249.24090458015266,0
30463,-3.4129923461914062,-5.849315747070312,-0.8509459594726563,-18.105152671755725,29.57317175572519,-249.24090458015266,0
30488,-2.290111767578125,-5.775095495605468,-0.79109091796875,-10.68530534351145,-23.518431297709924,-249.24090458015266,0
30513,-1.7442337890625002,-5.008950964355468,-0.46069108886718746,-14.280725190839695,-41.44972900763359,-249.24090458015266,0
30538,-0.034773803710937745,-4.815020629882812,-0.48942150878906243,-29.4486641221374,-17.556599236641222,-249.24090458015266,0
30563,2.153526513671874,-4.680945336914062,-1.1550095703125,-33.59370229007634,-10.739805343511449,-249.24090458015266,0
30588,2.685039282226562,-3.2204823242187497,-1.3417572998046874,-40.234923664122135,-17.602400763358776,-249.24090458015266,0
30613,3.9276299438476556,-4.027328283691406,-0.9754444458007813,-50.44103053435114,30.22966030534351,-249.24090458015266,0
30638,4.930800439453124,-1.6283382202148438,-0.6833518432617187,-51.21202290076336,48.32889694656488,-249.24090458015266,0
30663,5.4671016113281246,1.2758283935546875,-1.0807893188476563,-42.525,29.702942748091605,-249.24090458015266,0
30688,5.689762365722655,2.8895203125,-1.4255543579101562,-30.4868320610687,-11.41919465648855,-249.24090458015266,0
30713,7.296271679687499,4.388290551757812,-1.6960991455078125,-31.914312977099236,-23.42682824427481,-249.24090458015266,0
30738,6.6905386596679675,7.213448510742187,-1.1358559570312499,-23.044083969465646,-58.02224809160305,-249.24090458015266,0
30764,6.908411010742186,8.511105810546875,-2.2635249389648435,-19.555534351145038,-74.61766793893129,-249.24090458015266,0
30789,9.503725610351562,9.985934033203124,-2.957843420410156,-10.601335877862596,-93.94591221374046,-249.24090458015266,0
30814,9.209238806152342,9.775244287109373,-3.5013271972656246,3.9177480916030536,-118.80087404580152,-240.56914885496184,0
30839,9.937076110839843,9.916502185058592,-4.346480383300781,6.97118320610687,-55.510797709923665,-160.41647709923663,0
30864,10.425493249511717,12.07607208251953,-4.8061671020507815,-2.6547709923664122,14.168591603053436,-71.01189694656489,0
30889,11.565133239746093,12.530970397949217,-4.904329370117187,-17.066984732824427,52.176225190839695,14.22474427480916,0
30914,11.936234497070313,11.740883850097655,-4.2195876953125,-20.4868320610687,64.63424045801527,80.63695801526718,0
30939,12.367190795898438,10.029029663085936,-4.099877612304687,-14.784541984732824,51.557904580152666,132.94230152671756,0
30964,11.914686682128906,10.361823693847654,-3.5061156005859373,-9.19675572519084,28.557904580152673,180.9194007633588,0
30989,10.566751147460938,10.06494268798828,-2.5436465332031246,2.1849236641221372,8.435767175572519,224.2171106870229,0
31014,9.537244433593749,8.477586987304687,-1.7032817504882811,-1.2349236641221375,64.14569083969465,251.02627099236642,0
31039,9.814971826171874,7.258938342285156,-1.2364124267578125,-14.601335877862596,89.18385877862596,251.02627099236642,0
31064,9.546821240234372,6.171970788574218,-0.75278369140625,-27.944847328244272,63.01591984732824,251.02627099236642,0
31089,8.428729064941404,4.598980297851562,-0.7025054565429687,-28.79980916030534,25.847980916030536,251.02627099236642,0
31114,7.351338317871092,3.25343896484375,-0.6737750366210937,-21.49446564885496,-9.770339694656489,251.02627099236642,0
31139,5.797501440429687,2.4729292236328124,-0.36971142578124994,1.6811068702290077,-50.04514885496184,251.02627099236642,0
31165,4.439989099121093,0.2702636962890625,-0.7886967163085937,18.84141221374046,-50.701637404580154,251.02627099236642,0
31190,2.459984326171875,-0.6084083129882812,0.05406226806640624,17.49026717557252,-4.724538167938931,251.02627099236642,0
31215,2.0386048339843743,-2.8709288818359373,-0.3936534423828125,10.329961832061068,34.07698854961832,251.02627099236642,0
31240,1.2772487060546869,-3.555670556640625,-1.1095197387695312,19.81851145038168,3.7640114503816795,251.02627099236642,0
31266,0.5063157714843745,-4.731223571777344,-0.7288416748046875,25.33759541984733,-10.159652671755724,251.02627099236642,0
31291,-0.25025195312500026,-4.635455505371093,-0.4726620971679687,2.0475190839694655,40.05408778625954,251.02627099236642,0
31316,-1.2079326171875002,-4.987403149414062,-0.36492302246093744,-4.234923664122138,8.275461832061069,251.02627099236642,0
31341,-1.732262780761719,-5.540463732910156,-1.2531718383789061,4.1543893129770995,-45.80850763358779,251.02627099236642,0
31366,-4.480806286621094,-5.607501379394531,-0.685746044921875,14.406297709923663,-64.77797328244274,251.02627099236642,0
31391,-5.682695520019531,-6.9123412841796865,-0.8509459594726563,16.48263358778626,-35.518431297709924,251.02627099236642,0
31416,-7.6100278564453125,-6.275483642578124,-0.59955478515625,24.8337786259542,-27.678736641221374,251.02627099236642,0
31441,-9.02978944091797,-5.7296056640624995,-0.8940415893554687,47.14675572519084,-62.640568702290075,251.02627099236642,0
31466,-9.776780358886718,-5.48060869140625,-0.22366512451171874,44.48263358778626,-16.487896946564884,251.02627099236642,0
31491,-11.218089758300781,-5.336956591796874,0.20250277099609373,37.085687022900764,11.75637786259542,245.36214885496184,0
31516,-11.720872106933594,-4.858116259765625,0.2479926025390625,31.475,26.794545801526716,213.46901908396947,0
31541,-13.846923181152345,-4.496591809082031,-0.08001302490234374,35.200190839694656,28.909049618320612,167.14840839694656,0
31566,-17.50765751953125,-6.428712548828124,5.165682812499999,36.00935114503817,-53.49553053435115,-55.72182061068702,0
31591,-14.756719812011717,-4.906000292968749,2.014913427734375,-10.227290076335878,-1.1596526717557252,-109.05006488549618,0
31616,-10.868536315917968,-5.210063903808593,2.223208972167969,-6.578435114503817,-6.266522900763359,-129.41647709923663,0
31642,-11.02655362548828,-6.28506044921875,1.7323976318359373,-18.99828244274809,-10.526064885496183,-141.76762213740457,0
31667,-10.265197497558592,-6.538845825195312,0.89442705078125,-33.58606870229008,-18.312324427480917,-148.4012099236641,0
31692,-9.52060078125,-7.115848425292969,0.21207957763671872,-43.31889312977099,-35.54896564885497,-163.98136259541985,0
31717,-8.426450622558594,-7.709610437011718,0.5855750366210937,-48.25019083969465,-35.205454198473284,-187.85922519083968,0
31742,-8.3330767578125,-7.996914636230469,0.3317896606445312,-48.90667938931298,-8.365759541984731,-212.5004465648855,0
31767,-6.925286181640625,-7.582717749023437,-0.34098100585937496,-41.62423664122137,19.993019083969465,-231.7065534351145,0
31792,-5.998730139160156,-7.127819433593749,-0.570824365234375,-27.32652671755725,9.626606870229008,-247.90502671755726,0
31817,-5.929298291015625,-7.29301934814453,-1.1981052001953125,-17.876145038167937,7.618973282442749,-249.24090458015266,0
31842,-3.8798616699218753,-7.637784387207031,-0.6163141967773438,-10.135687022900763,16.93195038167939,-249.24090458015266,0
31867,-2.0435089965820312,-7.781436486816405,-0.04649420166015625,-0.20438931297709928,19.832713740458015,-249.24090458015266,0
31892,-1.138500769042969,-6.256330029296874,-0.5732185668945312,7.062786259541984,12.809812977099238,-249.24090458015266,0
31917,-0.6907850585937503,-5.581165161132812,-1.28908486328125,6.261259541984733,8.664774809160306,-249.24090458015266,0
31942,2.0553642456054684,-5.875651965332031,-0.9874154541015625,8.284160305343512,-31.21308778625954,-249.24090458015266,0
31967,3.659479357910156,-5.162179870605469,-0.245212939453125,16.467366412213742,-95.785606870229,-249.24090458015266,0
31992,2.4097060913085935,-4.103942736816406,-0.3290099975585937,-7.074618320610687,-77.40392748091602,-249.24090458015266,0
32018,2.7688363403320304,-2.4519435913085936,-0.98262705078125,-37.89141221374046,7.000652671755725,-249.24090458015266,0
32043,3.9491777587890615,-1.8557873779296874,-1.6553977172851562,-39.47156488549618,10.451034351145038,-249.24090458015266,0
32068,5.6753971557617175,0.3636375610351562,-1.0855777221679688,-27.754007633587786,-8.274156488549618,-249.24090458015266,0
32093,5.141490185546874,0.9981010009765624,-1.4447079711914061,-11.425763358778626,-53.068049618320615,-249.24090458015266,0
32118,5.239652453613281,2.5495436767578123,-1.8684816650390623,-12.02881679389313,-63.51843129770993,-249.24090458015266,0
32143,5.289930688476562,4.8431888671875,-1.5907542724609374,-13.624236641221374,-72.51079770992366,-249.24090458015266,0
32168,5.462313208007811,7.112892041015625,-0.973050244140625,-19.288358778625952,-74.70163740458015,-249.24090458015266,0
32193,5.2061336303710934,9.207818493652342,-2.2156409057617186,-42.81507633587786,-21.648202290076334,-249.24090458015266,0
32218,7.846938061523436,12.858976025390623,-2.8285565307617184,-65.31125954198474,45.21439312977099,-249.24090458015266,0
32243,11.110234924316405,13.335422155761718,-3.649767700195312,-59.96774809160305,23.38996564885496,-249.24090458015266,0
32268,13.684001708984376,13.565265515136717,-3.4702025756835932,-42.25782442748091,-24.747438931297708,-139.64548473282443,0
32293,12.81730070800781,11.760037463378906,-3.5204808105468746,-38.57843511450382,26.191492366412213,-19.41647709923664,0
32318,12.85081953125,11.652298388671873,-3.3840113159179683,-23.63187022900763,63.557904580152666,85.39268320610687,0
32343,12.278605334472655,11.130362426757811,-2.9650260253906247,-14.998282442748092,69.86324809160305,164.58352290076337,0
32368,12.036790966796875,10.828693017578123,-2.0264989746093747,-7.746374045801527,42.22966030534351,220.6674923664122,0
32393,10.782229296874998,10.898124865722655,-0.8892531860351562,-3.5784351145038165,19.76401145038168,251.02627099236642,0
32418,10.030449975585938,9.85425294189453,-0.12310865478515624,-11.677671755725191,35.260194656488544,251.02627099236642,0
32444,9.755116784667969,8.487163793945312,-0.0680420166015625,-26.4868320610687,40.939583969465644,251.02627099236642,0
32469,9.49175460205078,7.438503466796875,-0.41520125732421875,-35.975381679389315,23.54263740458015,251.02627099236642,0
32494,8.43351746826172,5.899031799316406,0.2958766357421875,-22.120419847328243,-30.610034351145035,251.02627099236642,0
32519,6.321831604003905,3.875931396484375,0.4131925170898437,-12.089885496183207,-31.182553435114503,251.02627099236642,0
32544,6.068046228027343,1.5463731811523436,-0.302673779296875,-18.929580152671754,-0.16728625954198462,251.02627099236642,0
32569,4.200568933105468,1.10823427734375,-0.5013925170898437,-10.234923664122137,-17.434461832061068,251.02627099236642,0
32594,3.228523059082031,-0.6993879760742188,-0.6163141967773438,7.253625954198473,-46.58713358778626,251.02627099236642,0
32620,0.664333081054687,-3.203722912597656,-0.45111428222656247,16.94828244274809,-44.04514885496184,251.02627099236642,0
32645,0.12324350585937482,-4.242806433105469,-0.8509459594726563,14.223091603053435,-16.556599236641222,251.02627099236642,0
32670,-0.9541472412109377,-4.451101977539062,-1.0089632690429686,23.566603053435117,-37.08331679389313,251.02627099236642,0
32695,-2.6564246215820315,-4.357728112792969,-0.6881402465820312,31.20019083969466,-39.77797328244275,251.02627099236642,0
32720,-4.109705029296875,-4.939519116210937,-0.120714453125,40.03988549618321,-60.999347328244276,251.02627099236642,0
32745,-5.0027422485351565,-5.540463732910156,-0.21887672119140625,45.34522900763359,-20.42682824427481,251.02627099236642,0
32771,-5.931692492675781,-4.570812060546874,-0.32422159423828123,44.74217557251909,0.8250801526717558,251.02627099236642,0
32796,-7.961975500488281,-4.333786096191406,-0.436749072265625,43.520801526717555,-3.1749198473282445,251.02627099236642,0
32821,-8.847830114746094,-3.682563244628906,0.08758109130859373,45.772709923664124,6.6571412213740455,251.02627099236642,0
32846,-10.109574389648436,-5.782278100585937,0.884850244140625,38.55896946564886,65.65714122137405,251.02627099236642,0
32871,-12.386460168457031,-4.963461132812499,0.3413664672851562,35.268893129770994,88.75637786259543,243.0644389312977,0
32896,-13.775097131347657,-4.240412231445312,-0.4032302490234375,34.627671755725196,77.38996564885497,196.44611832061068,0
32921,-16.624197106933593,-6.598700866699218,4.310952819824219,42.36812977099237,-22.297057251908395,-53.33250763358778,0
32946,-13.96902746582031,-4.915577099609375,2.38840888671875,-20.257824427480916,-15.54896564885496,-119.7447213740458,0
32971,-10.552501696777345,-6.170138769531249,2.5751566162109376,-14.563167938931299,-18.73217175572519,-140.03479770992365,0
32996,-10.882901525878907,-6.038457678222656,2.309400231933594,-23.540267175572517,-19.06804961832061,-156.7065534351145,0
33021,-10.025777331542969,-6.385616918945312,1.6007165405273436,-40.00591603053435,-17.648202290076334,-168.44701145038167,0
33046,-9.353006665039063,-7.206828088378906,0.9135806640624999,-48.49446564885496,-47.83904198473283,-187.71418702290077,0
33071,-9.216537170410156,-7.644966992187499,1.1865196533203124,-63.72347328244275,-39.39629389312977,-206.92792748091603,0
33096,-8.692207006835936,-8.327314465332032,1.346931164550781,-83.14332061068703,51.95485114503816,-231.64548473282443,0
33121,-6.958805004882812,-7.898752368164062,-0.0057927734375000026,-70.08988549618321,59.313629770992364,-249.24090458015266,0
33146,-5.811982409667969,-7.582717749023437,-0.20929991455078123,-52.608969465648855,49.6647748091603,-249.24090458015266,0
33172,-3.8894384765625,-5.794249108886718,-0.657015625,-34.21965648854962,22.687675572519083,-249.24090458015266,0
33197,-2.9892186523437503,-7.28104833984375,-1.0616357055664063,-23.303625954198473,-0.510797709923664,-249.24090458015266,0
33222,-1.818454040527344,-6.368857507324218,-1.4686499877929686,-17.83797709923664,-22.73217175572519,-249.24090458015266,0
33247,-0.42502867431640645,-5.2052755004882805,-1.7846846069335938,-22.05171755725191,-29.785606870229007,-249.24090458015266,0
33272,0.4584317382812495,-3.957896435546875,-1.5404760375976563,-24.960114503816794,-43.823774809160305,-249.24090458015266,0
33297,2.4240713012695307,-3.033734594726562,-2.0528351928710933,-31.731106870229006,-50.2970572519084,-249.24090458015266,0
33322,3.5732880981445305,-1.8438163696289063,-2.1318438476562496,-35.47156488549618,-77.90774427480916,-249.24090458015266,0
33347,3.300349108886718,-0.5054576416015625,-1.1190965454101562,-49.90667938931298,-95.77797328244274,-249.24090458015266,0
33372,2.759259533691406,1.9031092285156248,-3.0320636718749996,-85.0746183206107,-39.40392748091603,-249.24090458015266,0
33397,4.013821203613281,5.233443737792968,-3.0799477050781245,-102.85324427480917,-2.5184312977099235,-249.24090458015266,0
33422,4.897281616210937,7.419349853515625,-3.3409156860351557,-99.04408396946566,-33.747438931297715,-249.24090458015266,0
33447,4.60758321533203,9.808763110351562,-4.221981896972657,-104.74637404580153,-30.07568320610687,-249.24090458015266,0
33472,8.397604443359374,9.03064757080078,-5.337679870605469,-96.57080152671756,-29.93064503816794,-249.24090458015266,0
33497,9.115864941406247,10.670675708007812,-4.236347106933594,-62.69293893129771,-95.56423282442748,-249.24090458015266,0
33523,10.18846728515625,8.197465393066405,-5.00488583984375,-57.7692748091603,1.5350038167938933,-135.16456870229007,0
33548,11.34247248535156,9.933261596679687,-5.095865502929687,-45.15095419847328,94.60370610687023,-24.233270992366414,0
33573,11.553162231445313,10.045789074707029,-5.028827856445313,-30.723473282442747,93.36706488549619,57.94230152671756,0
33598,10.128612243652341,9.092896813964842,-4.030445764160156,-18.63950381679389,70.82508015267176,105.72092748091603,0
33623,8.584352172851563,7.900584387207031,-3.439077954101562,-6.616603053435115,52.672408396946565,128.69802671755724,0
33648,7.119100756835937,6.408996752929688,-2.8572869506835934,4.429198473282443,41.87088167938931,137.34688167938933,0
33673,6.190150512695312,5.5494783569335935,-2.5771653564453123,10.772709923664122,51.45866793893129,136.54535496183206,0
33698,5.306690100097655,4.433780383300781,-1.9857975463867186,19.00935114503817,47.65714122137404,131.24001145038167,0
33723,5.524562451171874,3.761009716796875,-1.4303427612304687,21.688740458015268,47.05408778625954,124.0110038167939,0
33748,4.832638171386718,2.822482666015625,-1.471044189453125,21.475,46.489202290076335,116.02627099236642,0
33773,4.9978380859375,2.7793870361328126,-0.8533401611328125,34.73454198473283,-10.41919465648855,105.91176717557252,0
33798,6.0871998413085935,2.324488720703125,-0.9275604125976562,43.826145038167944,-34.9001106870229,82.07207251908397,0
33823,5.313872705078125,1.1585125122070312,-1.3010558715820313,37.139122137404584,-4.884843511450381,53.18657633587787,0
33848,5.73764639892578,0.53362587890625,-0.7839083129882812,18.86431297709924,67.86324809160305,30.377416030534352,0
33873,6.855738574218749,0.7251620117187499,-0.48463310546874994,21.849045801526717,71.62660687022901,10.988103053435115,0
33899,6.4056286621093745,1.4194804931640623,0.030120251464843747,25.192557251908397,68.55790458015268,-2.8134236641221375,0
33924,6.400840258789061,1.7666397338867186,0.4634707519531249,22.31469465648855,62.71820992366412,-14.500446564885497,0
33949,7.65300772705078,0.5479910888671875,0.8106299926757812,17.719274809160307,47.985385496183206,-28.668385496183205,0
33974,7.638642517089843,1.4099036865234373,0.5712098266601562,14.558969465648854,25.863248091603054,-39.622583969465644,0
33999,7.504567224121092,2.1497119995117187,0.6166996582031249,13.902480916030534,-11.869576335877863,-41.59204961832061,0
34024,7.336973107910155,1.7474861206054686,0.6861315063476562,8.177290076335877,-14.426828244274809,-41.82105725190839,0
34049,7.490202014160155,2.1473177978515627,0.4107983154296875,5.772709923664122,-12.777973282442748,-44.82869083969465,0
34074,7.784688818359375,2.365190148925781,-0.1446564697265625,7.543702290076335,-25.464996183206107,-46.90502671755725,0
34099,7.868485876464843,2.9278275390625,-0.6498330200195312,13.230725190839694,-68.10621755725191,-50.88212595419847,0
34124,7.5907584838867175,2.71713779296875,-1.4686499877929686,9.070419847328244,-82.62530152671755,-56.09586641221374,0
34149,7.3082426879882805,3.1456998901367186,-1.5404760375976563,9.352862595419847,-109.0298816793893,-55.50808015267175,0
34174,6.709692272949218,4.342800720214844,-1.7751078002929688,-33.85324427480916,21.473935114503817,-52.34014122137404,0
34199,7.9618597412109375,3.6053866088867186,-2.1390264526367186,-29.311259541984732,15.397599236641222,-40.294339694656486,0
34224,7.904398901367187,3.8998734130859374,-2.038469982910156,-19.86087786259542,-10.167286259541985,-26.401209923664123,0
34249,7.463865795898436,3.720308288574219,-1.6697629272460937,-12.799809160305344,-15.197820610687021,-12.553881679389313,0
34274,7.076005126953125,3.8519893798828124,-1.8014440185546874,-12.441030534351146,-2.129118320610687,-6.042431297709924,0
34300,7.140648571777343,4.0291603027343745,-2.115084436035156,-14.257824427480916,5.160958015267175,-5.172202290076336,0
34325,6.996996472167967,4.378713745117188,-2.134238049316406,-11.85324427480916,-6.205454198473282,-6.218003816793893,0
34350,6.716874877929686,4.419415173339844,-2.0360757812499997,-6.9448473282442755,-15.289423664122136,-7.370675572519085,0
34375,6.431964880371093,4.361954333496094,-1.722435363769531,-7.021183206106871,-3.877209923664122,-6.966095419847329,0
34400,6.628289416503905,4.405049963378906,-1.9929801513671874,-9.990648854961833,12.244927480916031,-5.958461832061069,0
34425,6.860526977539062,4.512789038085938,-2.0408641845703124,-7.387595419847329,1.855614503816794,-7.44701145038168,0
34450,6.6522314331054675,4.390684753417968,-1.9355193115234375,-4.227290076335878,-10.73217175572519,-9.744721374045803,0
34475,6.6067416015625,4.055496520996093,-1.51892822265625,3.2001908396946566,-30.19782061068702,-7.233270992366412,0
34500,5.92918253173828,4.807275842285156,-2.0336815795898437,-2.7540076335877863,1.6189732824427483,-6.905026717557252,0
34525,6.810248742675781,4.259003662109375,-1.8421454467773437,-1.173854961832061,8.160958015267175,-5.584416030534351,0
34550,7.155013781738281,4.3284355102539065,-1.8014440185546874,-1.8074427480916029,7.741110687022902,-3.744721374045801,0
34575,8.019320581054686,4.371531140136718,-1.5859658691406249,-0.8456106870229009,-16.23598854961832,19.07970610687023,0
34600,6.501396728515624,3.86635458984375,-1.3656993164062499,1.1696564885496183,-10.40392748091603,18.911767175572518,0
34625,6.403234460449219,3.715519885253906,-1.3345746948242188,-0.5173664122137405,0.9701183206106871,14.759095419847329,0
34650,6.882074792480467,4.24942685546875,-1.3513341064453124,-0.9448473282442748,8.702942748091603,13.117874045801527,0
34676,6.597164794921874,4.13450517578125,-1.1885283935546875,2.948282442748092,3.2983625954198477,17.23237786259542,0
34701,6.329014208984375,4.278157275390625,-1.1047313354492188,3.497900763358779,8.305996183206107,17.88886641221374,0
34726,6.1446606811523425,4.163235595703125,-0.877282177734375,-7.379961832061069,7.542637404580153,15.652225190839694,0
