t_ms,ax,ay,az,gx,gy,gz,label
0,6.6905386596679675,3.205554931640625,3.3005997192382814,4.566603053435114,-2.686370229007634,-4.477545801526718,0
25,6.477454711914063,3.1840071166992185,3.228773669433594,4.757442748091603,-2.342858778625954,-1.3783091603053435,0
50,6.499002526855468,3.2390737548828126,3.214408459472656,2.6200381679389313,3.8327137404580154,0.5835229007633587,0
75,6.647443029785156,3.263015771484375,3.137794006347656,1.2612595419847328,3.519736641221374,0.6980267175572519,0
100,6.582799584960937,3.274986779785156,3.080333166503906,0.5284351145038167,3.7182099236641224,0.2858129770992366,0
125,6.403234460449219,3.1816129150390626,3.223985266113281,0.8185114503816794,3.557904580152672,0.30871374045801525,0
150,6.379292443847656,3.1600651000976563,3.3029939208984374,1.2230916030534351,2.8937824427480914,0.5071870229007633,0
175,6.4056286621093745,3.380331652832031,3.19286064453125,0.3833969465648855,2.9090496183206107,-0.805790076335878,0
200,6.532521350097656,3.3444186279296875,3.2766577026367187,0.5131679389312976,-0.5260648854961831,-3.0958664122137405,0
225,6.410417065429686,3.3061114013671875,3.221591064453125,1.421564885496183,-4.235988549618321,-3.759988549618321,0
250,6.355350427246093,3.3923026611328124,3.2718692993164065,2.3146946564885496,-7.533698473282442,-3.76762213740458,0
275,6.245217150878905,3.4473692993164065,3.1784954345703125,3.047519083969466,-8.426828244274809,-4.5309809160305345,0
300,6.166208496093749,3.4904649291992187,3.161736022949219,3.093320610687023,-1.8161412213740458,-4.508080152671756,0
325,6.4798489135742185,3.4784939208984373,3.161736022949219,5.879580152671755,-4.136751908396947,-4.76762213740458,0
350,6.41520546875,3.684395263671875,3.128217199707031,13.566603053435115,-21.976446564885496,-6.821057251908397,0
376,6.111141857910156,3.6436938354492185,3.0348433349609376,19.375763358778627,-29.823774809160305,-11.065332061068702,0
401,5.763982617187499,3.428215686035156,2.9366810668945313,19.64293893129771,-22.58713358778626,-16.050064885496184,0
426,5.462313208007811,3.418638879394531,3.123428796386719,15.948282442748091,-9.92301145038168,-24.385942748091605,0
451,5.763982617187499,3.289351989746094,3.164130224609375,11.574236641221374,-3.335225190839694,-36.59204961832061,0
476,6.065652026367187,3.7466445068359375,3.3436953491210937,7.184923664122137,-11.304690839694656,-48.87449236641221,0
501,6.336196813964842,3.8735371948242188,3.554385095214844,1.5589694656488549,-23.839041984732823,-55.90502671755725,0
526,6.558857568359374,3.971699462890625,3.616634338378906,-4.807442748091604,-41.0527824427481,-57.676019083969464,0
551,6.525338745117186,4.259003662109375,3.645364758300781,-11.998282442748092,-55.999347328244276,-58.355408396946565,0
576,6.362533032226561,4.6133455078125,3.525654675292969,-23.776908396946563,-57.434461832061075,-57.76762213740458,0
601,6.755182104492186,4.941351135253906,2.9606230834960936,-38.608969465648855,-61.243622137404586,-59.01189694656488,0
626,6.695327062988281,5.298087182617188,2.9103448486328127,-53.547900763358776,-68.88484351145038,-60.21800381679389,0
651,6.589982189941405,5.257385754394531,2.625434851074219,-77.02118320610687,-44.23598854961833,-56.859225190839695,0
676,7.178955798339843,5.767350708007812,3.202437451171875,-91.74637404580153,-45.07568320610687,-52.51571374045801,0
701,7.080793530273437,5.978040454101563,2.658953674316406,-98.23492366412215,-74.72453816793893,-47.69891984732824,0
726,7.38485714111328,5.956492639160156,2.232785778808594,-113.18912213740458,-66.15965267175572,-39.355408396946565,0
752,7.317819494628906,6.526312634277343,2.7140203125,-116.46393129770993,-76.97644656488549,-28.26380534351145,0
777,7.0089674804687485,6.600532885742187,2.5105131713867186,-121.42576335877864,-74.76270610687023,-16.40884351145038,0
802,7.35373251953125,6.928538513183594,2.2112379638671875,-130.731106870229,-66.31232442748092,-5.1035,0
827,8.055233605957032,6.959663134765624,2.237574182128906,-141.53263358778628,-57.54133206106871,6.873599236641221,0
852,8.03607999267578,7.548636743164062,2.742750732421875,-151.85324427480916,-49.98408015267176,14.675125954198473,0
877,7.612306298828124,8.060995898437499,3.4634054321289063,-136.26545801526717,-92.09858396946565,33.194209923664125,0
902,7.9834075561523425,7.292457165527344,2.0460380493164063,-132.5479007633588,-90.23598854961831,60.827797709923665,0
927,8.404787048339841,6.811222631835937,1.883232336425781,-128.7387404580153,-87.39629389312977,91.91176717557252,0
952,8.304230578613282,6.408996752929688,1.5169194824218748,-124.48683206106871,-68.34285877862595,123.32398091603054,0
977,8.287471166992187,5.956492639160156,1.4522760375976562,-117.99828244274809,-57.40392748091603,150.83543129770993,0
1002,8.47661309814453,5.362730627441406,1.136241418457031,-108.42576335877864,-49.6558358778626,171.54535496183206,0
1028,8.567592761230468,4.560673071289062,0.5065663818359374,-96.44866412213742,-43.6558358778626,188.69802671755727,0
1053,8.285076965332031,3.6484822387695313,0.7124677246093749,-77.32652671755726,-48.84667557251909,204.4995534351145,0
1078,7.571604870605468,2.6764363647460936,0.6214880615234374,-57.1662213740458,-40.84667557251909,219.4995534351145,0
1103,7.602729492187499,1.9462048583984373,0.3078476440429687,-40.63187022900763,-24.869576335877863,231.4079503816794,0
1128,6.755182104492186,0.945428564453125,-0.21169411621093748,-12.166221374045803,-48.62530152671756,245.04917175572518,0
1153,5.998614379882812,0.1314,-0.4415374755859375,3.9024809160305343,-30.999347328244273,251.02627099236642,0
1178,4.808696154785156,-0.7760024291992187,-0.427172265625,23.910114503816796,-21.938278625954197,251.02627099236642,0
1203,3.7049691894531245,-1.575665783691406,-0.589977978515625,45.00171755725191,-14.266522900763357,251.02627099236642,0
1228,2.9340362548828116,-2.811073840332031,-0.4822389038085937,63.016984732824426,1.2143931297709925,251.02627099236642,0
1253,2.591665417480468,-3.797484924316406,-0.30506798095703125,74.62003816793893,21.825080152671756,251.02627099236642,0
1278,1.265277697753906,-3.8860703857421868,-0.20451151123046873,91.21545801526717,17.657141221374047,239.6140572519084,0
1303,0.17591594238281205,-4.410400549316406,0.36530848388671877,113.26889312977099,-4.174919847328244,223.9194007633588,0
1329,-0.8200719482421879,-4.142249963378906,0.9949835205078124,126.5666030534351,12.046454198473283,205.18657633587787,0
1354,-0.851196569824219,-5.437513061523437,2.0747684692382813,161.1696564885496,-34.90774427480916,182.9194007633588,0
1379,-1.6748019409179689,-5.363292810058593,2.4386871215820314,188.5131679389313,-56.388660305343514,158.1789427480916,0
1404,-2.7330390747070314,-4.649820715332031,3.4945300537109376,205.40629770992365,-65.08331679389313,132.9728358778626,0
1429,-2.6181173950195316,-4.412794750976562,4.598257019042968,226.44446564885496,-84.71690458015267,104.74382824427481,0
1454,-2.6181173950195316,-4.56123525390625,5.431439196777343,240.68874045801527,-101.47262977099236,72.35451526717557,0
1479,-2.3619378173828127,-4.132673156738281,6.477705322265624,250.6047709923664,-122.66346946564884,38.09497328244275,0
1504,-1.9190105102539063,-4.5468700439453125,7.804093041992187,250.6047709923664,-128.77797328244273,3.1560419847328247,0
1529,-1.521573034667969,-3.4383546752929686,8.036330603027343,234.12385496183205,-118.68637022900764,-28.057698473282443,0
1554,-0.4178460693359378,-3.1127432495117184,9.386660339355467,216.74980916030535,-128.5031641221374,-54.77525572519084,0
1579,-0.5088257324218755,-3.1414736694335934,9.661993530273437,188.23835877862595,-108.40392748091602,-74.12640076335877,0
1604,0.31956804199218736,-2.047323510742187,10.121680249023436,149.7192748091603,-79.6940038167939,-84.21037022900764,0
1629,1.7010223999023433,-1.8007207397460936,10.353917810058594,122.50553435114503,-80.44972900763358,-101.81342366412214,0
1654,3.0321985229492183,-1.3625818359375,10.191112097167968,102.81087786259542,-96.9001106870229,-128.13403435114503,0
1679,3.7265170043945304,-0.5054576416015625,10.308427978515624,91.9635496183206,-139.80087404580152,-155.05769847328244,0
1704,3.75285322265625,-0.09126075439453124,9.815222436523436,74.20782442748092,-154.92301145038167,-172.515713740458,0
1730,4.1167718749999995,0.5144722656249999,9.357929919433593,53.59713740458015,-146.19782061068702,-182.58441603053436,0
1755,5.0193859008789055,1.4553935180664062,8.553478161621094,38.48263358778626,-146.62530152671755,-187.79052290076336,0
1780,5.701733374023436,2.1449235961914064,8.081820434570313,23.14675572519084,-136.39629389312978,-193.3477748091603,0
1805,6.357744628906249,2.2502684692382813,8.084214636230469,15.772709923664122,-128.77033969465649,-199.56151526717557,0
1830,5.766376818847655,3.2079491333007812,7.421020776367187,13.902480916030534,-141.92301145038167,-200.75235496183205,0
1855,6.647443029785156,3.63651123046875,6.1353344848632805,2.253625954198473,-170.28942366412213,-191.03479770992365,0
1880,6.98263126220703,4.8431888671875,6.539954565429687,-26.410496183206106,-164.6940038167939,-174.03479770992365,0
1905,7.535691845703124,5.865512976074219,5.637340539550781,-45.95248091603053,-197.12911832061067,-148.95846183206106,0
1930,7.296271679687499,5.772139111328125,4.830494580078124,-74.95248091603054,-212.8772099236641,-118.79052290076335,0
1955,7.006573278808593,6.373083728027344,3.664518371582031,-111.77690839694657,-196.45736259541985,-87.53861450381679,0
1980,7.0233326904296876,6.890231286621094,3.2551098876953124,-148.76927480916032,-165.9535458015267,-61.996629770992364,0
2005,7.5309034423828125,6.8998080932617185,3.11624619140625,-173.98301526717557,-159.5795,-46.805790076335875,0
2030,6.293101184082031,7.201477502441406,2.9390752685546877,-192.67767175572519,-162.77033969465649,-38.46991221374046,0
2055,6.132689672851561,7.282880358886718,3.336512744140625,-218.27309160305344,-127.5795,-33.13403435114503,0
2080,7.066428320312499,7.383436828613281,3.214408459472656,-230.37232824427483,-132.71690458015266,-28.477545801526716,0
2105,7.298665881347655,7.2182369140625,2.5344551879882813,-236.30362595419848,-155.53369847328244,-19.56914885496183,0
2131,6.920382019042967,7.366677416992188,2.4530523315429686,-246.6166030534351,-145.77033969465649,-1.981362595419847,0
2156,7.265147058105469,8.017900268554687,2.8313361938476564,-246.9601145038168,-135.93827862595418,17.957568702290075,0
2181,7.4566831909179685,8.834323034667968,3.156947619628906,-231.07461832061068,-146.15201908396946,40.72856106870229,0
2206,8.03607999267578,9.270067736816404,1.9215395629882812,-219.6166030534351,-131.11385114503815,61.98810305343512,0
2231,8.608294189453122,9.191059082031249,1.2104616699218749,-203.98301526717557,-130.31995801526716,87.41558396946566,0
2256,8.43351746826172,8.530259423828124,0.5544504150390624,-186.7158396946565,-119.5413320610687,119.2552786259542,0
2281,8.445488476562499,7.383436828613281,0.28869403076171873,-143.87614503816795,-157.83904198473283,159.3316145038168,0
2307,8.0624162109375,6.770521203613281,-0.9251662109375,-115.67003816793894,-132.61003435114503,194.33924809160305,0
2332,7.643430920410155,5.506382727050781,-1.2172588134765625,-88.85324427480917,-110.60240076335877,222.16367557251908,0
2357,7.064034118652343,4.5534904663085936,-2.0408641845703124,-59.746374045801524,-97.83140839694656,243.46901908396947,0
2382,6.846161767578125,3.5766561889648436,-2.459849475097656,-36.31125954198473,-83.87720992366411,251.02627099236642,0
2407,5.933970935058594,2.2215380493164063,-2.5532233398437496,-11.525,-74.70163740458015,251.02627099236642,0
2432,5.388092956542969,1.1202052856445313,-2.7663072875976558,20.261259541984735,-83.51079770992366,251.02627099236642,0
2457,5.201345227050781,-0.2277302490234375,-2.5819537597656246,47.268893129770994,-77.17491984732824,251.02627099236642,0
2482,4.123954479980468,-1.314697802734375,-2.5675885498046873,80.36812977099235,-83.91537786259542,251.02627099236642,0
2507,2.8239029785156244,-2.775160815429687,-2.3449277954101557,107.81087786259542,-67.01461450381679,251.02627099236642,0
2532,1.7297528198242187,-4.036905090332031,-1.9043946899414061,138.27652671755726,-62.35812595419848,247.7056603053435,0
2557,1.0138865234374994,-4.7719249999999995,-2.4478784667968747,155.8719465648855,-44.09858396946565,234.13314122137405,0
2583,0.18309854736328068,-5.1861218872070305,-1.949884521484375,169.0551526717557,-33.59476717557252,216.36214885496184,0
2608,-0.28377077636718795,-5.2244291137695305,-0.5875837768554687,188.268893129771,-46.09858396946565,193.19420992366412,0
2633,-0.9062632080078128,-5.590741967773437,-0.33619260253906247,209.2841603053435,-73.63293511450381,163.1255076335878,0
2658,-1.7490221923828129,-4.958672729492187,0.4922011718749999,231.87958015267176,-103.26652290076335,129.18657633587787,0
2683,-2.285323364257813,-5.389629028320312,2.3931972900390623,250.6047709923664,-122.73217175572519,93.58352290076336,0
2708,-2.4457348754882813,-5.667356420898437,3.7483154296875,250.6047709923664,-145.44209541984733,51.17130916030535,0
2733,-2.194343701171875,-5.028104577636718,4.574315002441406,250.6047709923664,-159.16728625954198,2.9881030534351147,0
2758,-1.435381774902344,-4.673762731933594,6.6979718749999995,250.6047709923664,-194.16728625954198,-45.622583969465644,0
2783,-1.5048136230468752,-5.013739367675781,7.274974475097656,250.6047709923664,-195.88484351145038,-90.66075190839695,0
2808,-0.5567097656250004,-4.091971728515625,8.002811779785155,250.6047709923664,-165.44972900763358,-122.16456870229007,0
2833,1.1072603881835934,-3.1558388793945307,7.801698840332031,243.62003816793893,-159.6176679389313,-147.32487404580152,0
2858,1.5597645019531248,-1.8821235961914062,7.806487243652343,218.13912213740457,-151.1062175572519,-171.55388167938932,0
2883,3.525404064941406,-1.7887497314453125,8.83599395751953,195.84141221374045,-133.64820229007634,-193.6836526717557,0
2908,5.031356909179687,-0.61559091796875,9.266950256347656,169.50553435114503,-97.45736259541984,-216.30197328244273,0
2934,5.232469848632812,0.7969880615234374,9.214277819824218,155.21545801526716,-108.23598854961831,-229.25617175572518,0
2959,5.117548168945312,1.7379093139648436,8.515170935058594,131.74217557251907,-100.38102671755725,-234.05006488549617,0
2984,5.641878332519531,2.14252939453125,7.5407308593749995,114.1925572519084,-106.80087404580152,-232.40884351145039,0
3009,6.879680590820311,2.867972497558594,7.851977075195312,94.00171755725191,-107.785606870229,-229.46991221374046,0
3034,7.109523950195311,4.57503828125,7.009218090820312,80.75744274809159,-161.3504923664122,-223.63785114503816,0
3059,7.229234033203125,5.676371044921875,6.053931628417968,55.04751908396947,-228.51843129770992,-211.27907251908397,0
3084,7.334578906249999,5.985223059082031,4.536007775878906,21.597137404580153,-248.71690458015266,-183.96609541984733,0
3109,6.288312780761719,6.169576586914062,3.597480725097656,-27.227290076335876,-248.4878969465649,-154.16456870229007,0
3134,6.436753283691405,6.868683471679687,3.0037187133789063,-50.983015267175574,-248.71690458015266,-129.55388167938932,0
3159,4.533362963867187,7.448080273437499,2.0388554443359377,-87.6776717557252,-206.73217175572518,-109.92029389312977,0
3184,6.170996899414061,8.20704219970703,1.1218762084960936,-116.49446564885497,-186.5565992366412,-97.11113358778626,0
3209,5.972278161621094,9.14556925048828,0.3365780639648437,-141.57080152671756,-173.79324045801528,-90.5004465648855,0
3234,6.537309753417968,9.722571850585936,0.1330709228515625,-157.26545801526717,-169.71690458015266,-79.72182061068702,0
3259,5.009809094238281,9.672293615722655,0.6190938598632811,-158.31125954198473,-178.1062175572519,-61.37067557251908,0
3285,5.718492785644531,9.03064757080078,0.367702685546875,-172.45629770992366,-127.90774427480915,-34.72945419847328,0
3310,5.680185559082031,9.12641563720703,1.7898584716796873,-179.45629770992366,-105.34285877862595,-15.408843511450382,0
3335,4.179021118164062,10.131980334472654,1.2463746948242187,-172.63187022900763,-151.73217175572518,2.3087137404580154,0
3360,5.479072619628906,10.17268176269531,0.6286706665039061,-194.9601145038168,-140.84667557251908,20.003370229007633,0
3385,5.785530432128906,9.31795177001953,2.053220654296875,-195.99064885496185,-165.5795,36.71329389312977,0
3410,5.603571105957031,9.198241687011718,0.6789489013671874,-203.8837786259542,-153.57186641221372,55.91940076335878,0
3435,6.209304125976561,8.788833203124998,0.44431713867187494,-207.78454198473284,-147.12148473282443,81.16367557251908,0
3460,6.431964880371093,9.028253369140623,2.0268844360351563,-195.91431297709923,-149.19018702290077,113.56825572519084,0
3485,7.281906469726562,10.050577478027343,1.164971838378906,-182.04408396946565,-136.07568320610687,139.63695801526717,0
3510,7.066428320312499,9.392172021484374,0.252781005859375,-173.18912213740458,-118.31232442748092,163.94230152671756,0
3535,7.473442602539062,8.693065136718749,0.6574010864257812,-173.7540076335878,-71.62530152671755,185.65985877862596,0
3560,7.360915124511718,7.548636743164062,0.904003857421875,-138.28835877862596,-109.27415648854961,214.09497328244274,0
3585,7.585970080566406,5.9253680175781245,0.22165638427734372,-116.76927480916031,-87.25125572519083,244.43848473282443,0
3610,7.533297644042968,5.903820202636719,0.5065663818359374,-98.79217557251908,-59.23598854961833,251.02627099236642,0
3636,7.485413610839843,4.448145593261719,0.7411981445312499,-87.25019083969467,-32.7321717557252,251.02627099236642,0
3661,7.229234033203125,3.2294969482421876,-0.19493470458984374,-70.95248091603054,-37.27415648854962,251.02627099236642,0
3686,6.901228405761718,2.037184521484375,-1.1502211669921876,-55.975381679389315,-48.938278625954204,251.02627099236642,0
3711,6.384080847167968,1.1106284790039063,-1.2196530151367186,-36.27309160305343,-59.98408015267176,251.02627099236642,0
3736,5.673002954101562,-0.25406646728515625,-0.9227720092773437,-4.792175572519084,-76.65583587786259,251.02627099236642,0
3761,5.321055310058593,-1.5086281372070312,-1.2268356201171875,24.8337786259542,-72.68637022900764,251.02627099236642,0
3786,4.552516577148437,-2.267590063476562,-1.7535599853515624,53.34522900763359,-72.12911832061069,251.02627099236642,0
3811,3.1758506225585936,-2.564471069335937,-2.0935366210937496,83.74217557251907,-77.01461450381679,251.02627099236642,0
3836,1.6627151733398433,-3.2204823242187497,-1.6170904907226562,117.14675572519083,-85.01461450381679,243.2018435114504,0
3861,0.7553127441406247,-3.919589208984375,-1.3776703247070312,147.16202290076336,-84.23598854961831,231.19420992366412,0
3886,0.07057106933593715,-4.826991638183594,-0.9251662109375,170.94828244274808,-72.13675190839695,213.7132938931298,0
3911,-0.3939040527343751,-4.71446416015625,-0.580401171875,196.25362595419847,-72.2207213740458,192.68275954198472,0
3936,-0.7673995117187502,-4.498986010742187,0.7483807495117186,223.81087786259542,-81.51079770992366,168.33924809160305,0
3961,-1.7538105957031251,-5.370475415039062,2.46502333984375,250.6047709923664,-113.39629389312977,141.5758893129771,0
3986,-2.5893869750976566,-5.427936254882812,3.3101765258789064,250.6047709923664,-123.15201908396946,111.75146183206107,0
4012,-2.105758239746094,-5.001768359374999,4.2391267700195305,250.6047709923664,-104.5031641221374,80.34688167938931,0
4037,-1.7370511840820315,-5.047258190917968,6.25025616455078,250.6047709923664,-109.75507251908397,42.80489694656489,0
4062,-2.1775842895507815,-4.834174243164062,7.16962960205078,250.6047709923664,-139.83904198473283,4.812530534351145,0
4087,-1.9357699218750002,-3.3928648437499995,7.765785815429687,242.76507633587786,-137.19018702290077,-31.61495038167939,0
4112,-0.5567097656250004,-4.053664501953125,8.850359167480468,226.03225190839694,-154.93064503816794,-62.88212595419847,0
4137,0.42491291503906226,-3.2755489624023433,9.731425378417969,214.7727099236641,-165.9535458015267,-92.04243129770992,0
4162,0.7601011474609369,-4.307449877929687,10.227025122070312,196.72690839694656,-147.91537786259542,-117.69891984732824,0
4187,1.610042736816406,-2.3968769531249996,9.683541345214843,168.0398854961832,-138.93827862595418,-142.1035,0
4212,2.9675550781249997,-1.017816796875,9.436938574218749,139.1696564885496,-136.23598854961833,-164.75998854961833,0
4237,3.6642677612304686,-0.12477957763671874,9.369900927734374,117.89484732824427,-160.35812595419847,-184.00426335877862,0
4262,3.8725633056640616,0.05957395019531249,8.112945056152343,94.32996183206106,-148.16728625954198,-196.82869083969464,0
4287,5.064875732421874,0.5072896606445312,8.541507153320312,81.54370229007633,-101.97644656488549,-212.43174427480915,0
4312,4.583641198730468,2.1090105712890623,8.01238858642578,96.75744274809159,-111.91537786259542,-225.56914885496184,0
4337,4.356192041015625,3.0595086303710937,6.901479016113281,92.34522900763358,-76.03751526717556,-232.34014122137404,0
4363,6.04410421142578,3.6867894653320312,6.824864562988281,98.93301526717556,-95.47262977099236,-232.95082824427482,0
4388,5.5820232910156244,4.587009289550781,6.094633056640625,94.30706106870228,-118.76270610687023,-229.7065534351145,0
4413,5.265988671874999,5.420191467285156,4.7826105468749995,78.3223282442748,-176.3886603053435,-208.2867061068702,0
4438,5.73764639892578,6.612503894042969,4.641352648925781,37.765076335877865,-179.54896564885496,-178.44701145038167,0
4463,6.3697156372070305,7.4265324584960934,4.413903491210937,3.5055343511450383,-204.67873664122138,-145.37830916030535,0
4488,6.080017236328124,8.113668334960936,3.57593291015625,-32.601335877862596,-209.91537786259542,-113.7065534351145,0
4513,4.949954052734374,7.630039599609375,3.4777706420898435,-67.08988549618321,-186.96117938931297,-86.63785114503817,0
4538,5.009809094238281,8.580537658691405,3.243138879394531,-89.87614503816795,-180.1825534351145,-70.67601908396946,0
4563,4.827849768066406,8.815169421386717,2.761904345703125,-108.49446564885497,-185.12148473282443,-64.40884351145039,0
4588,4.619554223632812,9.17190546875,1.9646351928710934,-126.89141221374047,-196.96881297709922,-64.4622786259542,0
4613,4.854185986328124,9.552583532714843,1.0596269653320312,-158.66240458015267,-170.38102671755726,-65.57678244274808,0
4638,5.3928813598632805,10.402525122070312,2.2782756103515625,-174.46393129770993,-161.96117938931297,-67.6683854961832,0
4663,5.443159594726562,9.770455883789062,1.835348303222656,-178.70057251908398,-172.36575954198472,-58.53098091603053,0
4688,5.598782702636718,10.10324991455078,1.9646351928710934,-187.2807251908397,-166.03751526717556,-41.75998854961832,0
4713,5.9363651367187495,10.840664025878905,2.551214599609375,-174.67003816793894,-216.81614122137404,-19.76762213740458,0
4739,3.7983430541992185,10.380977307128905,1.4905832641601562,-186.28835877862596,-198.1443854961832,9.72856106870229,0
4764,6.549280761718749,10.922066882324218,0.4227693237304687,-204.67767175572519,-177.0146145038168,37.690393129770996,0
4789,6.743211096191405,8.377030517578124,0.1905317626953125,-212.86087786259543,-169.33522519083968,68.28581297709924,0
4814,5.893269506835936,9.610044372558592,2.539243591308594,-201.78454198473284,-165.0680496183206,106.55298854961832,0
4839,6.6905386596679675,9.744119665527343,1.4570644409179687,-175.2807251908397,-178.75507251908397,141.2934465648855,0
4864,6.568434375,9.772850085449218,0.9447052856445312,-163.82270992366412,-146.09858396946564,170.41558396946564,0
4889,6.898834204101562,9.45202706298828,0.8513314208984374,-142.38759541984734,-137.93827862595418,198.84306488549618,0
4914,6.546886560058593,8.405760937499998,0.406009912109375,-118.45629770992367,-122.24362213740457,226.30871374045802,0
4939,6.537309753417968,7.170352880859375,-0.4223838623046875,-97.86851145038169,-92.96117938931297,251.02627099236642,0
4964,7.068822521972655,6.349141711425781,-0.4678736938476562,-78.38759541984733,-67.80850763358778,251.02627099236642,0
4989,6.5301271484375,5.068243823242187,-0.4415374755859375,-52.525,-64.64056870229007,251.02627099236642,0
5014,6.226063537597656,3.5072243408203123,-0.8916473876953125,-26.00591603053435,-59.64820229007634,251.02627099236642,0
5039,5.570052282714843,1.9509932617187498,-1.3202094848632813,-3.051717557251908,-54.98408015267176,251.02627099236642,0
5064,4.76081212158203,0.8041706665039061,-1.6290614990234373,17.871946564885498,-46.823774809160305,251.02627099236642,0
5090,4.497449938964843,-0.28519108886718747,-1.451890576171875,36.09332061068702,-31.152019083969467,251.02627099236642,0
5115,3.956360363769531,-1.5469353637695311,-1.4686499877929686,63.00935114503817,-44.63293511450382,251.02627099236642,0
5140,3.0250159179687497,-2.7009405639648434,-1.7032817504882811,89.84904580152671,-50.999347328244276,251.02627099236642,0
5165,2.1798627319335937,-3.589189379882812,-1.2148646118164061,110.2841603053435,-42.79324045801527,251.02627099236642,0
5190,1.3825935791015622,-4.3218150878906245,-0.90601259765625,132.887213740458,-45.15201908396947,238.44611832061068,0
5215,0.3674520751953123,-4.788684411621094,-1.4303427612304687,149.8490458015267,-39.6176679389313,211.8965,0
5240,0.10408989257812484,-4.649820715332031,0.14743613281249998,173.78797709923663,-62.251255725190845,180.24001145038167,0
5265,-0.015620190429687764,-4.9036060913085935,1.1482124267578124,205.29942748091602,-93.62530152671755,142.6140572519084,0
5290,-0.9038690063476564,-5.485397094726562,2.3429190551757815,241.1696564885496,-136.00698091603053,100.2552786259542,0
5315,-1.5239672363281254,-5.758336083984375,3.2575040893554688,250.6047709923664,-153.44209541984733,57.377416030534356,0
5340,-1.540726647949219,-5.2986493652343745,4.574315002441406,250.6047709923664,-162.15201908396946,16.75909541984733,0
5365,-1.6867729492187502,-4.352939709472656,4.8951380249023435,250.6047709923664,-170.7092709923664,-22.07296564885496,0
5390,0.2022521606445311,-4.010568872070312,6.350812634277343,250.6047709923664,-180.39629389312978,-64.78288931297709,0
5415,0.7792547607421869,-4.573206262207031,8.342788415527343,250.6047709923664,-178.19018702290077,-105.21037022900764,0
5440,0.8774170288085932,-3.4311720703124995,8.814446142578124,250.6047709923664,-149.2741564885496,-136.46227862595418,0
5466,1.8279150878906245,-2.830227453613281,8.481652111816405,250.6047709923664,-96.96117938931297,-153.73708778625954,0
5491,3.003468103027343,-0.7376952026367187,8.060272619628906,250.6047709923664,-87.9382786259542,-168.86685877862595,0
5516,3.1088129760742182,1.2207617553710937,8.278144970703124,250.6047709923664,-99.3352251908397,-183.6149503816794,0
5541,3.3075317138671867,1.7570629272460936,8.393066650390624,230.2459923664122,-118.95354580152672,-195.56914885496184,0
5566,4.952348254394531,1.8863498168945312,8.371518835449217,191.59713740458014,-74.70927099236641,-202.1416679389313,0
5591,5.684973962402343,2.0228193115234374,7.20793682861328,181.14675572519084,-163.02224809160305,-201.09586641221372,0
5616,4.653073046874999,4.850371472167969,6.664453051757812,130.61240458015266,-146.5031641221374,-193.14930152671755,0
5641,6.6139242065429675,5.034725,6.267015576171874,101.23072519083969,-220.6711030534351,-174.05006488549617,0
5666,5.620330517578124,5.28372197265625,4.162512316894531,58.67347328244275,-248.71690458015266,-151.2180038167939,0
5691,6.0871998413085935,6.959663134765624,2.5919160278320312,-10.601335877862596,-177.64820229007634,-130.45464503816794,0
5716,6.793489331054686,7.570184558105469,2.838518798828125,-39.18912213740458,-176.0146145038168,-125.86685877862595,0
5741,6.194938916015624,7.584549768066406,2.9678056884765627,-54.82270992366412,-173.19782061068702,-125.4241106870229,0
5766,6.398446057128905,7.452868676757812,2.92471005859375,-55.8456106870229,-192.04514885496184,-126.09586641221374,0
5791,6.594770593261718,8.468010180664061,2.92471005859375,-68.48683206106871,-196.81614122137404,-126.47754580152672,0
5816,6.022556396484375,8.788833203124998,2.6900782958984375,-84.62423664122137,-230.0909503816794,-119.56151526717557,0
5841,5.134307580566405,9.983539831542968,1.2344036865234373,-130.72347328244274,-197.8772099236641,-104.62258396946565,0
5867,5.716098583984375,10.512658398437498,1.0883573852539061,-168.33416030534352,-203.61003435114503,-89.93556106870228,0
5892,6.099170849609375,10.802356799316405,1.7419744384765623,-193.97538167938933,-217.21308778625954,-68.94319465648854,0
5917,3.8510154907226557,10.742501757812498,1.9909714111328125,-207.46393129770993,-227.51079770992365,-37.53861450381679,0
5942,5.483861022949218,11.417666625976562,1.164971838378906,-231.2043893129771,-185.8772099236641,-4.676019083969466,0
5967,4.937983044433593,12.066495275878905,0.6693720947265624,-234.66240458015267,-210.49553053435113,28.316347328244273,0
5992,4.866156994628906,11.458368054199218,0.4012215087890625,-233.27309160305344,-223.2970572519084,68.95756870229008,0
6017,4.6243426269531245,10.953191503906249,1.3134123413085936,-231.3570610687023,-197.86957633587787,107.15604198473282,0
6042,4.8446091796875,11.305139147949218,1.8688671264648435,-223.4868320610687,-150.24362213740457,137.2018435114504,0
6067,5.328237915039062,12.13353292236328,0.674160498046875,-205.38759541984734,-147.5565992366412,158.96520229007635,0
6092,5.158249597167968,10.960374108886718,0.14983033447265623,-192.49446564885497,-133.6711030534351,178.2552786259542,0
6117,6.589982189941405,9.045012780761718,0.2575694091796875,-176.8837786259542,-117.0298816793893,196.9346679389313,0
6142,6.9874196655273435,8.403366735839843,1.0524443603515623,-156.21202290076337,-103.31995801526718,209.54535496183206,0
6167,6.8748921874999995,7.282880358886718,1.3301717529296875,-130.67003816793894,-92.70163740458015,220.14840839694656,0
6192,7.138254370117187,6.437727172851562,0.6933141113281249,-111.41812977099237,-72.01461450381679,226.50718702290078,0
6217,7.933129321289061,5.310058190917968,0.38446209716796875,-96.05935114503818,-46.66346946564886,232.6140572519084,0
6243,7.370491931152343,3.9764878662109373,-0.5277287353515625,-76.05935114503818,-43.64820229007634,248.484286259542,0
6268,6.654625634765623,2.975711572265625,-0.915589404296875,-56.295992366412214,-39.327591603053435,251.02627099236642,0
6293,6.707298071289062,1.9414164550781248,-0.40801865234375,-38.280725190839696,-27.533698473282442,251.02627099236642,0
6318,6.252399755859375,0.9645821777343749,-1.1406443603515624,-14.967748091603054,-35.23598854961833,251.02627099236642,0
6343,5.66103194580078,-0.2923736938476562,-1.4782267944335936,9.46736641221374,-50.41156106870229,251.02627099236642,0
6368,4.507026745605468,-1.5804541870117186,-1.7703193969726563,34.36812977099237,-58.205454198473284,251.02627099236642,0
6393,3.750459020996093,-2.897265100097656,-1.471044189453125,56.574236641221376,-52.877209923664125,251.02627099236642,0
6418,3.321896923828125,-3.8238211425781246,-1.2723254516601563,77.23835877862595,-42.2207213740458,241.36214885496184,0
6443,2.1463439086914056,-3.881281982421875,-1.5045630126953125,98.1162213740458,-42.35812595419848,225.75146183206107,0
6468,1.4472370239257808,-4.441525170898437,-0.9682618408203125,118.67347328244274,-53.77033969465649,210.03390458015267,0
6493,0.9205126586914059,-4.927548107910156,-1.032905285644531,144.9864503816794,-71.61766793893129,190.73619465648855,0
6518,0.2118289672851561,-4.968249536132812,0.09236949462890623,169.65057251908397,-77.5413320610687,169.54535496183206,0
6543,-0.592622790527344,-5.444695666503906,0.5807866333007812,198.95591603053435,-98.20545419847328,143.4079503816794,0
6568,-0.7386690917968752,-5.394417431640624,1.7491570434570312,220.13148854961833,-93.5795,112.9728358778626,0
6593,-0.10899405517578176,-4.520533825683593,2.9845651000976563,250.6047709923664,-124.5031641221374,79.0491717557252,0
6618,-0.8871095947265628,-5.1669682739257805,4.837677185058594,250.6047709923664,-207.56423282442748,35.79726335877863,0
6644,-2.5678391601562502,-4.7360119750976555,4.919080041503905,250.6047709923664,-216.7474389312977,-6.27143893129771,0
6669,-1.9884423583984376,-3.4982097167968744,6.839229772949218,250.6047709923664,-172.0146145038168,-43.439377862595414,0
6694,-0.4824895141601564,-4.750377185058594,7.9166205200195305,250.6047709923664,-142.54896564885496,-76.22563740458016,0
6719,0.06099426269531216,-2.4543377929687495,7.828035058593749,250.6047709923664,-126.07568320610686,-104.68365267175572,0
6744,1.7321470214843746,-0.3809591552734375,7.986052368164062,250.6047709923664,-143.35812595419847,-134.11113358778627,0
6769,2.629972644042968,0.08591016845703124,8.646852026367187,250.6047709923664,-159.63293511450382,-166.3859427480916,0
6794,2.890940625,-0.28997949218749997,8.737831689453124,238.42156488549617,-98.44209541984732,-196.25617175572518,0
6819,3.6068069213867178,0.9885241943359374,8.43376807861328,232.55133587786258,-80.86957633587785,-214.01953053435113,0
6844,3.154302807617187,2.1664714111328127,7.595797497558593,232.31469465648854,-126.98408015267177,-225.58441603053436,0
6869,3.5014620483398433,4.7593918090820315,6.755432714843749,197.65057251908397,-86.91537786259542,-239.25617175572518,0
6894,5.270777075195312,6.176759191894531,6.367572045898437,172.80324427480915,-132.0909503816794,-242.56914885496184,0
6919,5.684973962402343,6.959663134765624,6.063508435058593,126.4368320610687,-153.79324045801528,-235.73708778625954,0
6944,5.8621448852539055,6.5813792724609375,4.904714831542968,75.13912213740457,-202.4878969465649,-210.8210572519084,0
6969,5.950730346679687,7.19908330078125,5.127375585937499,21.475,-216.64820229007634,-171.22563740458014,0
6994,5.895663708496094,8.721795556640624,4.787398950195312,-28.70820610687023,-191.61003435114503,-137.75998854961833,0
7019,6.288312780761719,9.90453117675781,4.45699912109375,-51.53263358778626,-216.70163740458014,-118.07296564885496,0
7044,4.688986071777343,9.98832823486328,3.15455341796875,-79.48683206106871,-216.40392748091602,-102.66075190839695,0
7070,5.6921565673828125,10.232536804199217,2.9390752685546877,-97.73874045801527,-223.67873664122138,-93.15693511450381,0
7095,4.909252624511718,10.086490502929687,2.4410813232421877,-118.10515267175573,-212.7092709923664,-87.36304198473282,0
7120,5.124730773925781,10.761655371093749,1.631841162109375,-143.46393129770993,-185.8772099236641,-83.98136259541984,0
7145,5.098394555664062,11.575683935546873,2.110681494140625,-158.30362595419848,-187.07568320610687,-78.11113358778626,0
7170,6.003402783203124,11.17585225830078,1.7108498168945312,-161.86851145038167,-222.2588893129771,-61.27907251908397,0
7195,4.959530859375,10.91967268066406,3.180889636230469,-165.2425572519084,-236.6176679389313,-36.31724045801526,0
7220,3.9707255737304683,11.376965197753904,1.883232336425781,-181.57843511450383,-211.93827862595418,1.6674923664122137,0
7245,6.068046228027343,12.380135693359373,1.0452617553710937,-199.58606870229008,-211.15201908396946,29.92703435114504,0
7270,5.333026318359375,12.155080737304687,1.2128558715820312,-213.5097328244275,-204.06041603053436,57.18657633587787,0
7295,5.361756738281249,10.969950915527342,1.366084777832031,-206.8456106870229,-223.06041603053436,91.66749236641222,0
7320,5.251623461914062,10.357035290527342,0.18334915771484372,-199.05171755725192,-209.93827862595418,129.8201641221374,0
7345,5.802289843749999,10.07212529296875,0.21926218261718747,-195.63187022900763,-173.02224809160305,161.6140572519084,0
7370,6.544492358398437,9.99551083984375,0.9925893188476562,-187.86087786259543,-138.02988167938932,179.8735992366412,0
7395,5.55329287109375,10.402525122070312,0.5807866333007812,-179.26545801526717,-119.5413320610687,197.2171106870229,0
7420,5.574840686035155,8.484769592285154,0.3126360473632812,-179.70820610687022,-84.92301145038168,215.8735992366412,0
7445,6.465483703613281,9.3634416015625,1.2320094848632812,-183.55553435114504,-43.42682824427481,230.03390458015267,0
7470,7.3441557128906245,6.533495239257812,-0.30027957763671875,-162.40286259541986,-66.64056870229007,244.56825572519085,0
7496,7.451894787597655,5.9253680175781245,-0.2787317626953125,-149.9601145038168,-61.72453816793893,251.02627099236642,0
7521,7.370491931152343,4.771362817382812,-0.6498330200195312,-129.32652671755727,-78.09858396946565,251.02627099236642,0
7546,6.803066137695311,3.3108998046875,-0.6713808349609375,-110.99828244274809,-74.2970572519084,251.02627099236642,0
7571,6.211698327636719,2.422650988769531,-1.5141398193359374,-88.49446564885497,-74.94591221374046,251.02627099236642,0
7596,5.89805791015625,1.33807763671875,-1.971432336425781,-62.03645038167939,-82.1443854961832,251.02627099236642,0
7621,5.237258251953125,0.0021131103515625027,-1.9211541015625,-23.70820610687023,-96.12911832061069,251.02627099236642,0
7646,4.4375948974609365,-1.0034515869140626,-2.1893046874999995,5.154389312977099,-72.76270610687023,251.02627099236642,0
7671,3.0441695312499997,-2.6339029174804685,-2.210852502441406,60.16965648854962,-113.27415648854961,241.82779770992366,0
7696,1.9452309692382812,-3.541305346679687,-2.0839598144531246,107.10858778625953,-125.0298816793893,222.4079503816794,0
7721,0.8582634155273432,-4.38167012939453,-2.3784466186523434,150.41393129770992,-129.84667557251908,198.2171106870229,0
7746,0.2381651855468747,-4.67615693359375,-2.469426281738281,184.21545801526716,-120.94591221374046,171.9728358778626,0
7771,-0.5184025390625004,-4.999374157714843,-2.0073453613281247,215.6582061068702,-137.9535458015267,139.86596564885497,0
7796,-1.6125526977539064,-4.759953991699218,-0.6115257934570313,238.3833969465649,-132.34285877862595,103.30108015267176,0
7821,-2.3978508422851563,-5.219640710449219,0.904003857421875,250.6047709923664,-125.87720992366411,68.31634732824428,0
7846,-1.818454040527344,-5.013739367675781,1.9742119995117184,250.6047709923664,-121.53369847328244,33.91940076335878,0
7871,-1.3755267333984378,-4.774319201660155,2.7283855224609375,250.6047709923664,-161.19018702290077,-9.882125954198473,0
7897,-0.9804834594726566,-4.908394494628906,4.619804833984374,250.6047709923664,-161.8619427480916,-59.64548473282442,0
7922,-0.8440139648437504,-3.4503256835937495,6.324476416015624,250.6047709923664,-155.48026335877861,-105.53861450381679,0
7947,0.5685650146484371,-3.883676184082031,7.277368676757812,250.6047709923664,-178.28942366412213,-144.2943396946565,0
7972,0.8726286254882809,-3.0193693847656244,7.46411640625,250.6047709923664,-127.64820229007634,-174.9126603053435,0
7997,1.8231266845703118,-1.6474918334960937,7.732266992187499,250.6047709923664,-96.09095038167939,-190.46991221374046,0
8022,2.4456191162109366,0.011689916992187493,7.729872790527343,250.6047709923664,-83.77797328244274,-201.5920496183206,0
8047,3.096841967773437,1.1800603271484373,7.634104724121093,250.6047709923664,-44.571866412213744,-210.13403435114503,0
8072,3.673844567871093,2.1856250244140627,7.243849853515624,250.6047709923664,-50.16728625954199,-212.17220229007634,0
8097,4.205357336425781,3.365966442871094,7.332435314941406,235.13912213740457,-65.60240076335877,-209.30197328244273,0
8122,4.813484558105468,5.123310461425781,6.38433145751953,213.3070610687023,-117.15965267175572,-210.2943396946565,0
8147,4.382528259277343,6.629263305664062,5.649311547851562,167.72690839694656,-126.54896564885496,-209.9889961832061,0
8172,5.251623461914062,6.7585501953125,5.338065332031249,115.86431297709923,-139.4115610687023,-205.62258396946564,0
8197,6.072834631347656,7.2756977539062495,5.323700122070312,75.6429389312977,-187.77797328244273,-197.7294541984733,0
8222,4.593218005371093,7.94607421875,4.605439624023437,28.253625954198476,-192.12148473282443,-182.39357633587787,0
8247,4.526180358886718,8.499134802246093,4.5024889526367184,-20.395229007633585,-157.68637022900762,-166.22563740458014,0
8272,5.265988671874999,9.665111010742185,4.509671557617187,-47.85324427480916,-174.45736259541985,-153.69891984732823,0
8297,4.349009436035155,9.581313952636718,4.241520971679687,-79.61660305343511,-180.38102671755726,-147.3325076335878,0
8323,4.590823803710937,10.632368481445312,3.6094517333984375,-117.06698473282444,-171.49553053435113,-142.7065534351145,0
8348,4.468719519042968,11.472733264160155,3.5424140869140626,-144.65477099236642,-167.89247709923663,-145.1798358778626,0
8373,4.138319689941405,11.288379736328123,3.2575040893554688,-156.47919847328245,-194.23598854961833,-145.09586641221372,0
8398,4.535757165527343,11.774402673339843,4.854436596679687,-155.49446564885497,-230.8085076335878,-136.1264007633588,0
8423,2.720952307128906,12.655468884277342,3.8009878662109373,-148.44103053435114,-248.71690458015266,-115.75998854961831,0
8448,3.5732880981445305,13.172616442871092,3.080333166503906,-176.8303435114504,-248.71690458015266,-88.28670610687023,0
8473,3.7265170043945304,13.469497448730467,2.9701998901367186,-189.15858778625955,-248.71690458015266,-52.27143893129771,0
8498,4.4567485107421865,13.107972998046874,2.4698117431640627,-203.51736641221373,-248.71690458015266,-8.821057251908398,0
8523,4.011427001953124,12.571671826171874,2.5464261962890626,-207.86851145038167,-248.71690458015266,43.59115648854962,0
8548,5.141490185546874,12.418442919921874,2.673318884277344,-202.89141221374047,-243.33522519083968,89.13314122137405,0
8573,4.495055737304687,12.449567541503905,2.9989303100585936,-184.731106870229,-229.9764465648855,128.37741603053433,0
8598,5.234864050292968,12.667439892578123,2.615858044433594,-172.7540076335878,-198.5413320610687,157.49191984732823,0
8623,5.349785729980468,11.688211413574217,2.9989303100585936,-155.9601145038168,-181.80087404580152,178.9728358778626,0
8648,5.558081274414062,10.845452429199218,2.5248783813476563,-138.25019083969465,-167.12148473282443,196.9346679389313,0
8673,5.503014636230469,9.782426892089843,1.9550583862304687,-126.89904580152673,-142.64820229007634,212.44611832061068,0
8698,5.615542114257813,8.99234034423828,1.9502699829101562,-121.97538167938932,-112.58713358778625,227.04153816793894,0
8724,5.687368164062499,8.400972534179687,1.2008848632812499,-116.82270992366412,-102.25888931297709,239.85069847328245,0
8749,6.096776647949219,7.167958679199218,0.11391730957031249,-109.79217557251908,-97.47262977099236,250.7132938931298,0
8774,6.063257824707031,5.125704663085937,-0.704899658203125,-100.73110687022901,-77.73217175572519,251.02627099236642,0
8799,6.099170849609375,3.6389054321289063,-0.29309697265625,-77.66240458015268,-71.53369847328244,251.02627099236642,0
8824,6.3697156372070305,2.1640772094726564,-1.988191748046875,-58.51736641221374,-45.07568320610687,251.02627099236642,0
8849,5.73764639892578,1.5727093994140624,-1.8589048583984373,-29.433396946564883,-51.11385114503817,251.02627099236642,0
8874,4.918829431152343,0.2463216796875,-1.48062099609375,4.589503816793893,-61.27415648854962,251.02627099236642,0
8899,4.794330944824218,-0.06013613281249999,-1.988191748046875,44.49790076335878,-72.68637022900764,251.02627099236642,0
8924,3.2333114624023436,-1.6905874633789062,-1.5811774658203124,84.10858778625953,-98.9001106870229,251.02627099236642,0
8949,1.9763555908203116,-3.356951818847656,-1.566812255859375,127.55896946564884,-115.35812595419847,251.02627099236642,0
8974,0.8893880371093745,-3.5197575317382808,-1.8038382202148437,158.78034351145038,-95.9001106870229,239.17130916030536,0
8999,-0.26461716308593797,-3.1223200561523434,-0.9275604125976562,192.82614503816794,-107.0680496183206,214.75146183206107,0
9024,-0.9900602661132816,-4.125490551757812,-0.01776378173828125,237.23835877862595,-136.25125572519084,184.4613854961832,0
9049,-1.5167846313476565,-4.271536853027343,1.155395031738281,250.6047709923664,-138.36575954198472,150.53772137404582,0
9074,-1.5814280761718753,-3.919589208984375,2.9654114868164063,250.6047709923664,-166.13675190839695,114.690393129771,0
9099,-1.7011381591796877,-3.6035545898437498,3.8895733276367186,250.6047709923664,-194.6176679389313,69.87359923664123,0
9125,-1.811271435546875,-2.9978215698242185,5.220749450683593,250.6047709923664,-199.72453816793893,28.59115648854962,0
9150,-1.559880261230469,-2.7512187988281247,7.104986157226562,250.6047709923664,-192.77797328244273,-8.93556106870229,0
9175,-0.6093822021484376,-3.2109055175781247,8.333211608886717,250.6047709923664,-181.73980534351145,-42.21800381679389,0
9200,-0.5184025390625004,-1.9084598144531248,8.338000012207031,250.6047709923664,-157.1825534351145,-75.85159160305344,0
9225,-0.09462884521484405,-0.6682633544921875,8.340394213867187,250.6047709923664,-145.31995801526716,-104.59968320610686,0
9250,0.48955635986328083,-0.17266361083984375,8.74740849609375,250.6047709923664,-132.22835496183205,-135.05769847328244,0
9275,2.6180016357421874,0.7754402465820311,8.91260841064453,250.6047709923664,-75.59476717557251,-172.92029389312978,0
9300,3.041775329589843,2.458564013671875,9.484822607421874,250.6047709923664,-110.80850763358778,-206.0805992366412,0
9325,2.622790039062499,4.390684753417968,8.323634802246094,250.6047709923664,-143.26652290076336,-234.515713740458,0
9350,2.309149621582031,4.792910632324219,7.274974475097656,197.6429389312977,-52.197820610687025,-246.24090458015266,0
9375,3.8510154907226557,5.74340869140625,7.136110778808593,173.74217557251907,-127.79324045801528,-233.92792748091603,0
9400,3.8965053222656243,7.304428173828125,6.832047167968749,134.03225190839694,-175.2054541984733,-217.04243129770992,0
9425,4.5477281738281246,7.033883386230468,6.1161808715820305,77.51316793893129,-181.06041603053436,-190.69891984732823,0
9450,4.966713464355468,8.733766564941405,5.496082641601562,27.65820610687023,-171.99934732824428,-170.32487404580152,0
9475,4.104800866699218,10.306757055664061,4.260674584960937,-17.921946564885495,-155.4878969465649,-158.26380534351145,0
9500,4.5118151489257805,11.209371081542967,5.105827770996093,-54.03645038167939,-134.34285877862595,-156.14930152671755,0
9526,5.754405810546875,10.720953942871093,5.946192553710937,-55.67003816793893,-197.47262977099237,-158.6683854961832,0
9551,4.293942797851562,10.790385791015623,4.816129370117187,-65.10515267175573,-239.0680496183206,-154.0271641221374,0
9576,3.9491777587890615,11.470339062499999,5.053155334472656,-88.15095419847329,-248.71690458015266,-140.90502671755726,0
9601,3.4416070068359366,11.142333435058593,3.432280810546875,-114.70820610687024,-248.71690458015266,-125.05769847328244,0
9626,2.380975671386718,11.762431665039061,3.085121569824219,-154.37996183206107,-215.94591221374046,-112.16456870229007,0
9651,3.7624300292968744,12.047341662597654,3.0180839233398435,-167.6166030534351,-215.93827862595418,-107.61495038167939,0
9676,3.5182214599609374,12.432808129882812,4.899926428222655,-190.74637404580153,-169.5947671755725,-99.95846183206106,0
9701,3.961148767089843,11.36738839111328,6.946968847656249,-141.86087786259543,-248.71690458015266,-71.89739312977099,0
9726,3.0250159179687497,12.372953088378905,2.5655798095703126,-175.25019083969465,-248.71690458015266,-34.07296564885496,0
9751,4.463931115722656,12.36337628173828,3.688460388183594,-190.1280534351145,-248.71690458015266,2.278179389312977,0
9776,4.454354309082031,11.582866540527343,3.5208662719726562,-178.12041984732824,-248.71690458015266,46.064438931297715,0
9801,3.396117175292968,11.264437719726562,1.9287221679687498,-179.79217557251908,-236.93064503816794,84.63695801526718,0
9826,4.590823803710937,11.144727636718748,2.3716494750976564,-184.0135496183206,-200.5031641221374,116.79726335877864,0
9851,4.159867504882812,11.23331309814453,3.8680255126953123,-178.8456106870229,-176.89247709923663,144.37741603053436,0
9876,5.459919006347655,11.793556286621092,2.6805014892578125,-170.9982824427481,-175.62530152671755,167.82779770992366,0
9901,5.139095983886718,10.203806384277343,2.129835107421875,-173.86087786259543,-149.785606870229,188.04917175572518,0
9927,5.443159594726562,8.74334337158203,2.3261596435546874,-176.07461832061068,-118.80087404580152,210.37741603053436,0
9952,5.720886987304687,8.252532031249999,1.8568961181640624,-180.51736641221373,-83.51843129770992,227.88123282442749,0
9977,7.054457312011718,7.742567077636719,1.9574525878906248,-172.76164122137405,-86.56423282442748,237.8201641221374,0
10002,7.358520922851562,5.793686926269531,2.0364612426757813,-155.18912213740458,-80.76270610687023,241.8048969465649,0
10027,6.309860595703124,4.091409545898437,0.884850244140625,-135.83797709923664,-73.00698091603053,251.02627099236642,0
10052,5.9746723632812495,2.75544501953125,-0.2715491577148437,-126.82270992366412,-45.44972900763359,251.02627099236642,0
10077,5.905240515136717,1.9174744384765623,-0.56124755859375,-113.525,-32.739805343511456,251.02627099236642,0
10102,6.113536059570312,0.8568431030273437,-0.22845352783203124,-83.40286259541985,-59.22835496183206,251.02627099236642,0
10127,5.428794384765625,0.30617672119140626,-1.049664697265625,-54.563167938931294,-75.51843129770992,251.02627099236642,0
10152,3.6522967529296873,-1.1494978881835938,-1.1765573852539062,-29.273091603053434,-67.73217175572519,251.02627099236642,0
10177,2.723346508789062,-1.525387548828125,-0.7025054565429687,6.978816793893129,-90.44209541984732,251.02627099236642,0
10202,2.644337854003906,-3.835792150878906,-1.6984933471679686,39.139122137404584,-83.53369847328244,250.9881030534351,0
10227,1.5597645019531248,-4.336180297851562,-1.0807893188476563,73.46736641221374,-103.93064503816794,233.86596564885497,0
10252,0.6978519042968747,-3.483844506835937,-1.2196530151367186,109.04751908396946,-118.58713358778625,217.62932442748092,0
10277,-0.044350610351562736,-3.656227026367187,-0.5085751220703125,157.43683206106869,-172.70163740458014,197.0873396946565,0
10302,-1.1696253906250003,-4.8652988647460935,0.10673470458984374,212.21545801526716,-239.81614122137404,168.3316145038168,0
10327,-2.0937872314453125,-6.038457678222656,2.3046118286132815,250.6047709923664,-244.6024007633588,133.63695801526717,0
10353,-3.0275258789062502,-6.1054953247070305,3.152159216308594,250.6047709923664,-248.51079770992365,98.79726335877864,0
10378,-3.451299572753906,-4.745588781738281,3.147370812988281,250.6047709923664,-216.8619427480916,57.72856106870229,0
10403,-2.3978508422851563,-3.8525515624999995,4.435451306152343,250.6047709923664,-197.68637022900762,11.652225190839694,0
10428,-1.1265297607421878,-4.817414831542968,7.760997412109374,250.6047709923664,-216.28942366412213,-37.988996183206105,0
10453,-0.5447387573242191,-4.5277164306640625,7.988446569824218,250.6047709923664,-234.52606488549617,-90.49281297709923,0
10478,-0.3819330444335942,-2.5668652709960935,8.024359594726562,250.6047709923664,-218.06041603053436,-136.36304198473283,0
10503,0.2645014038085933,-1.9491612426757812,7.978869763183592,250.6047709923664,-166.64056870229007,-172.99662977099237,0
10528,1.9548077758789058,-1.0800660400390625,8.74740849609375,250.6047709923664,-126.4649961832061,-203.71418702290077,0
10553,2.8981232299804685,-0.41447797851562496,8.54868975830078,250.6047709923664,-151.23598854961833,-231.04243129770992,0
10578,2.273236596679687,1.4793355346679686,7.729872790527343,250.6047709923664,-127.9535458015267,-249.24090458015266,0
10603,2.2229583618164055,3.167247705078125,6.6405110351562495,250.6047709923664,-107.70927099236641,-249.24090458015266,0
10628,3.697786584472656,5.3028755859375,5.543966674804687,223.82614503816794,-63.17491984732825,-249.24090458015266,0
10653,4.861368591308593,7.196689099121094,6.537560363769531,198.78034351145038,-163.38102671755726,-246.86685877862595,0
10678,5.134307580566405,6.70108935546875,6.38433145751953,141.29179389312978,-183.98408015267177,-233.6683854961832,0
10703,4.619554223632812,7.704259851074219,5.218355249023437,78.1696564885496,-190.6558358778626,-207.39357633587787,0
10728,4.162261706542968,9.365835803222655,4.4258744995117185,15.31469465648855,-189.43446183206106,-179.7294541984733,0
10754,4.325067419433593,9.487940087890625,4.586286010742187,-41.50209923664122,-167.7474389312977,-159.37830916030535,0
10779,4.1909921264648435,10.299574450683592,4.70599609375,-55.914312977099236,-235.00698091603053,-146.2714389312977,0
10804,4.0784646484375,10.668281506347656,3.8488718994140623,-84.90667938931298,-230.80087404580152,-139.21037022900762,0
10829,3.036986926269531,11.834257714843748,2.8720376220703123,-113.34942748091603,-223.43446183206106,-134.13403435114503,0
10854,3.206975244140624,12.107196704101561,2.2495451904296875,-152.18912213740458,-185.8772099236641,-138.1951030534351,0
10879,3.7049691894531245,12.736871740722655,3.9422457641601563,-171.14332061068703,-172.89247709923663,-141.2867061068702,0
10904,2.7257407104492186,12.339434265136717,4.976540881347655,-160.12041984732824,-230.73217175572518,-129.81342366412213,0
10929,2.550963989257812,13.057694763183592,4.440239709472656,-158.51736641221373,-248.71690458015266,-101.03479770992367,0
10954,2.644337854003906,13.28274971923828,3.53762568359375,-171.6929389312977,-248.71690458015266,-65.73708778625954,0
10979,2.8741812133789058,13.084030981445311,2.9199216552734377,-182.2043893129771,-248.71690458015266,-24.1035,0
11004,3.3625983520507807,12.775178967285155,2.570368212890625,-208.45629770992366,-193.62530152671755,16.980469465648856,0
11029,4.176626916503905,12.107196704101561,4.308558618164062,-200.112786259542,-201.89247709923663,52.377416030534356,0
11054,4.454354309082031,11.226130493164062,3.585509716796875,-187.18148854961834,-213.2741564885496,88.30108015267176,0
11079,3.676238769531249,10.570119238281249,3.7985936645507814,-194.9219465648855,-174.03751526717556,125.11787404580153,0
11104,4.104800866699218,11.183034863281248,3.7339502197265624,-196.98301526717557,-157.33522519083968,152.94230152671756,0
11129,4.006638598632812,10.538994616699217,3.8249298828125,-197.44103053435114,-136.54896564885496,169.0110038167939,0
11154,4.8685511962890615,10.086490502929687,4.023648620605468,-202.89141221374047,-112.12148473282443,177.96520229007635,0
11180,5.225287243652343,9.15754025878906,4.2965876098632805,-200.46393129770993,-107.2207213740458,186.78962977099238,0
11205,5.603571105957031,7.8742481689453125,3.702825598144531,-204.36469465648855,-76.98408015267175,199.04917175572518,0
11230,6.716874877929686,7.692288842773437,3.7147966064453124,-202.70057251908398,-65.66346946564884,203.18657633587787,0
11255,7.2316282348632805,6.047472302246094,3.161736022949219,-183.19675572519085,-86.38102671755725,208.56062213740458,0
11280,7.255570251464843,5.0059945800781245,2.7786637573242188,-164.51736641221373,-80.32759160305343,218.63695801526717,0
11305,7.133465966796874,3.5263779541015623,1.5217078857421873,-139.2043893129771,-88.22835496183205,233.6522251908397,0
11330,6.6689908447265625,2.3149119140625,0.7675343627929687,-107.9601145038168,-101.83904198473282,249.90413358778628,0
11355,6.178179504394531,1.4553935180664062,-0.2595781494140625,-86.62423664122137,-83.77797328244274,251.02627099236642,0
11380,4.1742327148437495,0.10506378173828124,-0.12310865478515624,-59.47156488549618,-81.06041603053434,251.02627099236642,0
11405,4.521391955566406,-1.276390576171875,-0.42956646728515624,-24.921946564885495,-89.76270610687023,251.02627099236642,0
11430,4.123954479980468,-2.516587036132812,-1.5428702392578124,12.13912213740458,-91.25888931297709,251.02627099236642,0
11455,2.591665417480468,-2.138303173828125,-1.4399195678710937,40.139122137404584,-71.22835496183205,251.02627099236642,0
11480,1.3251327392578123,-2.8637462768554682,-1.0736067138671874,74.37576335877863,-77.70163740458015,251.02627099236642,0
11505,0.6164490478515621,-3.3641344238281246,-1.202893603515625,114.3604961832061,-105.57186641221374,248.46901908396947,0
11530,-0.3579910278320315,-3.8286095458984373,0.4419229370117187,162.1162213740458,-135.62530152671755,237.1789427480916,0
11556,-1.9788655517578126,-3.9315602172851563,-0.29549117431640626,201.67347328244273,-128.2588893129771,217.75909541984734,0
11581,-1.9764713500976565,-2.8805056884765623,2.1681423339843753,239.59713740458014,-130.3504923664122,193.43085114503816,0
11606,-2.270958154296875,-2.6626333374023434,4.157723913574218,250.6047709923664,-211.49553053435113,158.24764503816795,0
11631,-3.83197763671875,-4.4271599609375,5.36918995361328,250.6047709923664,-237.73217175572518,114.24001145038169,0
11656,-4.540661328125,-4.297873071289062,6.082662048339843,250.6047709923664,-178.3504923664122,69.42321755725192,0
11681,-3.3172242797851563,-1.55411796875,7.423414978027343,250.6047709923664,-146.6024007633588,31.178942748091604,0
11706,-1.1313181640625003,-2.258013256835937,9.7242427734375,250.6047709923664,-192.35812595419847,-9.11876717557252,0
11731,-1.9549235351562504,-2.064082922363281,10.08816142578125,250.6047709923664,-191.0680496183206,-43.22563740458015,0
11756,-1.4856600097656252,-1.6331266235351563,9.83198184814453,250.6047709923664,-151.2207213740458,-71.3477748091603,0
11781,0.6116606445312498,-0.38335335693359374,9.951691931152343,250.6047709923664,-142.77033969465649,-106.77525572519083,0
11806,1.3993529907226554,0.57193310546875,10.227025122070312,250.6047709923664,-179.73980534351145,-148.60731679389312,0
11831,1.988326599121093,1.9342338500976561,10.248572937011717,250.6047709923664,-124.12911832061069,-185.63785114503816,0
11856,1.3347095458984373,3.8041053466796875,8.412220263671875,250.6047709923664,-139.94591221374046,-210.1416679389313,0
11881,2.603636425781249,4.67080634765625,8.895848999023437,223.87958015267176,-94.57186641221374,-229.50808015267177,0
11906,3.994667590332031,6.246191040039062,8.170405895996094,223.3070610687023,-157.5947671755725,-242.56914885496184,0
11931,3.8581980957031243,7.0314891845703125,7.5790380859374995,208.13912213740457,-241.6176679389313,-249.24090458015266,0
11956,3.374569360351562,7.570184558105469,5.809723059082031,155.52080152671755,-248.71690458015266,-242.35540839694656,0
11982,4.387316662597656,9.025859167480467,5.203990039062499,87.36812977099235,-225.6176679389313,-215.73708778625954,0
12007,4.262818176269531,9.717783447265624,4.732332312011718,41.60477099236641,-248.26652290076336,-184.5920496183206,0
12032,4.071282043457031,10.297180249023436,4.117022485351562,-8.70057251908397,-231.84667557251908,-146.62258396946564,0
12057,4.425623889160156,12.035370654296873,3.279051904296875,-59.2043893129771,-190.02988167938932,-115.08823282442748,0
12082,3.7983430541992185,12.703352917480467,3.087515771484375,-101.72347328244275,-178.3504923664122,-86.9889961832061,0
12107,4.368163049316406,12.621950061035156,4.2199731567382806,-128.3417938931298,-187.12911832061067,-61.13403435114503,0
12132,3.5517402832031246,11.968333007812499,3.7698632446289064,-136.33416030534352,-219.41919465648854,-42.607316793893126,0
12157,2.759259533691406,12.64349787597656,2.6421942626953125,-160.4868320610687,-190.8237748091603,-27.179835877862597,0
12182,4.073676245117187,11.714547631835936,4.303770214843749,-177.8456106870229,-176.32759160305343,-20.149301526717558,0
12207,4.0976182617187495,9.614832775878906,3.3053881225585937,-191.97538167938933,-172.1062175572519,-10.378309160305344,0
12232,3.077688354492187,10.783203186035156,4.040408032226562,-200.18912213740458,-188.47262977099237,-0.7828893129770992,0
12257,4.301125402832031,11.173458056640623,4.038013830566406,-210.97538167938933,-184.00698091603053,8.07970610687023,0
12282,3.7073633911132804,10.292391845703124,3.9829471923828126,-216.8837786259542,-193.90774427480915,18.73619465648855,0
12307,5.146278588867187,10.392948315429686,3.5328372802734376,-231.05171755725192,-171.991713740458,28.682759541984733,0
12332,5.610753710937499,9.890165966796873,3.992523999023437,-236.25782442748093,-174.8237748091603,45.392683206106874,0
12358,5.742434802246094,9.878194958496092,4.4258744995117185,-228.10515267175572,-197.3504923664122,75.64459160305344,0
12383,5.519774047851562,10.565330834960935,4.054773242187499,-232.14332061068703,-160.8085076335878,108.48428625954199,0
12408,6.525338745117186,10.512658398437498,3.9039385375976563,-229.14332061068703,-151.16728625954198,134.7667290076336,0
12433,6.841373364257811,9.116838830566405,4.4833353393554685,-218.58606870229008,-139.56423282442748,159.15604198473284,0
12458,6.846161767578125,8.343511694335936,3.8081704711914064,-209.12041984732824,-119.25888931297709,175.95756870229008,0
12483,6.326620007324219,7.105709436035156,3.11624619140625,-200.9448473282443,-102.8619427480916,195.3163473282443,0
12508,6.1255070678710934,6.308440283203125,2.5200899780273436,-200.64713740458015,-53.327591603053435,208.102606870229,0
12533,6.465483703613281,4.7426323974609375,2.436292919921875,-186.07461832061068,-38.84667557251909,212.24764503816795,0
12558,6.099170849609375,2.765021826171875,1.0093487304687498,-168.47156488549618,-28.831408396946564,216.60642366412213,0
12583,5.984249169921875,1.6828426757812498,0.3222128540039062,-149.3417938931298,-26.72453816793893,230.30871374045802,0
12608,6.570828576660156,0.9047271362304686,-0.59955478515625,-124.11278625954199,-36.701637404580154,242.11024045801528,0
12633,5.574840686035155,0.9957067993164062,-0.5301229370117188,-76.53263358778626,-85.77033969465649,251.02627099236642,0
12658,4.516603552246093,-0.40968957519531246,-0.915589404296875,-39.242557251908394,-73.56423282442748,251.02627099236642,0
12683,3.374569360351562,-2.217311828613281,-1.5716006591796874,5.5971374045801525,-87.12148473282443,251.02627099236642,0
12709,2.301967016601562,-2.897265100097656,-1.1526153686523437,40.69637404580153,-68.40392748091602,251.02627099236642,0
12734,1.4855442504882808,-2.6674217407226557,-0.8174271362304687,92.8337786259542,-105.99934732824427,251.02627099236642,0
12759,0.8319271972656246,-3.299490979003906,-1.260354443359375,141.475,-125.09095038167939,251.02627099236642,0
12784,-0.4010866577148442,-3.481450305175781,-0.22845352783203124,191.4902671755725,-143.991713740458,242.84306488549618,0
12809,-2.1081524414062502,-3.474267700195312,1.2344036865234373,248.52843511450382,-168.26652290076336,223.4995534351145,0
12834,-2.3044769775390628,-2.617143505859375,2.2016611572265625,250.6047709923664,-188.51079770992365,197.32398091603054,0
12859,-3.324406884765625,-2.1550625854492185,4.401932482910156,250.6047709923664,-223.15201908396946,163.68275954198472,0
12884,-4.8159945190429685,-4.048876098632812,5.6828303710937496,250.6047709923664,-205.98408015267177,121.0491717557252,0
12909,-4.408980236816406,-3.254001147460937,5.5870623046875,250.6047709923664,-129.6024007633588,76.1789427480916,0
12934,-2.9748534423828126,-1.6187614135742188,7.909437915039062,250.6047709923664,-99.90774427480916,34.65985877862596,0
12959,-1.981259753417969,-1.4655325073242187,9.427361767578125,250.6047709923664,-110.28942366412214,-3.080599236641221,0
12984,-2.1392770629882816,0.18886083984375,9.764944201660155,250.6047709923664,-140.31232442748092,-41.21037022900763,0
13009,-0.9565414428710941,1.2973762084960936,9.908596301269531,250.6047709923664,-130.26652290076336,-79.03479770992367,0
13034,-0.013225988769531405,1.807341162109375,10.248572937011717,250.6047709923664,-147.51079770992365,-118.69128625954198,0
13060,0.5901128295898435,3.0642970336914064,10.08816142578125,250.6047709923664,-142.83904198473283,-151.99662977099237,0
13085,0.5685650146484371,4.187177612304687,9.537495043945311,250.6047709923664,-131.42682824427482,-179.3477748091603,0
13110,1.6363789550781247,4.984446765136719,9.053866308593749,238.58187022900762,-96.72453816793893,-200.0653320610687,0
13135,1.79918466796875,6.717848767089843,8.266173962402343,216.99408396946563,-52.503164122137406,-219.6302175572519,0
13160,2.3929466796874994,8.69785354003906,7.863948083496093,207.40629770992365,-111.87720992366411,-223.21037022900762,0
13185,3.2309172607421868,8.709824548339842,8.646852026367187,179.33759541984733,-178.32759160305343,-222.83632442748092,0
13210,3.2955607055664053,8.247743627929687,7.650864135742187,117.09332061068702,-159.64056870229007,-207.53098091603053,0
13235,3.355415747070312,8.87741866455078,7.875919091796875,74.9635496183206,-193.21308778625954,-180.7065534351145,0
13260,3.147120202636718,8.99234034423828,7.581432287597655,29.940648854961832,-200.28179007633588,-153.48517938931298,0
13285,2.414494494628906,11.01065234375,6.719519689941405,-6.5097328244274815,-221.991713740458,-137.5004465648855,0
13310,1.7896078613281245,11.183034863281248,6.44179229736328,-46.57080152671755,-242.6024007633588,-129.90502671755726,0
13335,1.4855442504882808,11.721730236816406,5.802540454101562,-84.40286259541985,-248.71690458015266,-126.00426335877863,0
13360,1.6244079467773433,12.53575880126953,4.394749877929687,-122.44103053435116,-248.71690458015266,-121.12640076335877,0
13385,2.7520769287109372,11.956361999511717,4.703601892089843,-147.47919847328245,-248.71690458015266,-112.32487404580152,0
13410,3.0345927246093742,11.755249060058592,5.268633483886719,-155.97538167938933,-248.71690458015266,-89.81342366412214,0
13435,3.336262133789062,11.805527294921873,4.9334452514648435,-175.89141221374047,-226.8772099236641,-60.77525572519084,0
13461,4.013821203613281,11.958756201171873,5.6828303710937496,-187.06698473282444,-197.3504923664122,-37.53861450381679,0
13486,4.1718385131835936,11.065718981933593,6.092238854980468,-185.60896946564887,-207.8237748091603,-6.630217557251909,0
13511,4.226905151367187,10.512658398437498,5.026819116210937,-197.36469465648855,-191.2741564885496,23.942301526717557,0
13536,4.107195068359374,10.158316552734373,6.034778015136718,-219.05935114503816,-152.4649961832061,47.30871374045802,0
13561,3.618777929687499,9.507093701171874,6.25025616455078,-234.85324427480916,-124.16728625954198,72.75146183206107,0
13586,4.6985628784179685,11.015440747070311,5.493688439941406,-249.66240458015267,-105.96117938931297,90.5377213740458,0
13611,4.207751538085937,10.768837976074217,6.765009521484374,-249.66240458015267,-125.62530152671755,105.14840839694656,0
13636,4.74884111328125,9.485545886230467,6.798528344726562,-249.66240458015267,-93.09095038167939,117.85833206106871,0
13661,5.282748083496093,8.159158166503905,6.626145825195312,-249.66240458015267,-78.77033969465649,127.99573664122137,0
13686,5.637089929199218,7.019518176269531,6.233496752929687,-249.66240458015267,-105.2970572519084,138.9346679389313,0
13711,5.455130603027343,5.338788610839844,6.037172216796875,-249.66240458015267,-72.11385114503817,151.32398091603054,0
13736,5.92918253173828,4.2709746704101565,6.721913891601562,-249.66240458015267,-55.938278625954204,150.04917175572518,0
13761,5.9004521118164055,3.1169694702148436,5.448198608398437,-249.66240458015267,-54.014614503816794,138.3697824427481,0
13786,5.701733374023436,1.9366280517578123,3.9853413940429685,-238.66240458015267,-79.17491984732824,130.56825572519085,0
13811,5.280353881835937,0.8329010864257812,2.7882405639648438,-206.40286259541986,-80.89247709923664,135.35451526717557,0
13836,5.409640771484374,-0.2660374755859375,1.2918645263671873,-163.8990458015267,-105.1825534351145,155.47665267175572,0
13861,5.876510095214843,-1.7480483032226561,-0.08240722656249999,-125.94484732824428,-118.94591221374046,181.7819961832061,0
13887,5.424005981445311,-1.2644195678710937,0.0708216796875,-86.62423664122137,-127.98408015267177,203.44611832061068,0
13912,4.6794092651367185,-1.6570686401367187,-0.86770537109375,-33.525,-165.66346946564886,222.0873396946565,0
13937,2.251688781738281,-2.7105173706054684,-0.6450446166992188,7.849045801526717,-146.83140839694656,239.94230152671756,0
13962,1.9595961791992185,-3.4168068603515622,-0.8700995727539063,49.29942748091603,-133.71690458015266,251.00337022900763,0
13987,1.480755847167968,-3.881281982421875,-1.2842964599609374,90.23835877862595,-144.8085076335878,247.33924809160305,0
14012,0.336327453613281,-3.5293343383789058,-0.36013461914062495,123.5666030534351,-149.73980534351145,237.8201641221374,0
14037,-1.1576543823242191,-3.6227082031249997,0.520931591796875,167.20019083969464,-167.7092709923664,230.484286259542,0
14062,-2.029143786621094,-3.723264672851562,1.08596318359375,215.32996183206106,-180.79324045801528,225.43848473282443,0
14087,-3.611711083984375,-4.147038366699218,2.4434755249023437,250.6047709923664,-219.04514885496184,215.0873396946565,0
14112,-4.873455358886719,-3.3497692138671873,2.4338987182617187,250.6047709923664,-206.31232442748092,193.14077480916032,0
14137,-5.84310703125,-2.9188129150390623,4.404326684570312,250.6047709923664,-182.2970572519084,159.8583320610687,0
14162,-5.658753503417969,-4.403217944335937,6.475311120605468,250.6047709923664,-152.52606488549617,129.7056603053435,0
14187,-5.218220397949219,-2.542923254394531,7.459328002929687,250.6047709923664,-132.93827862595418,90.77436259541984,0
14212,-4.109705029296875,-2.3537813232421874,8.64445782470703,250.6047709923664,-153.1596526717557,49.91176717557252,0
14237,-4.4592584716796875,-1.5182049438476561,9.240614038085937,250.6047709923664,-128.96117938931297,9.690393129770992,0
14262,-3.934928308105469,-0.625167724609375,9.46806319580078,250.6047709923664,-94.25888931297709,-19.042431297709925,0
14287,-2.9533056274414062,1.1728777221679687,10.452080078124999,250.6047709923664,-87.38102671755725,-45.23327099236641,0
14313,-2.122517651367188,1.2566747802734375,10.997958056640623,250.6047709923664,-108.55659923664122,-73.75235496183205,0
14338,-1.8352134521484378,2.5950335083007814,11.043447888183593,250.6047709923664,-85.2207213740458,-103.32487404580152,0
14363,-1.2127210205078127,4.223090637207031,11.579749060058592,250.6047709923664,-78.22835496183205,-126.33250763358778,0
14388,-0.3915098510742192,3.3108998046875,11.744948974609374,250.6047709923664,-99.38102671755725,-144.27907251908397,0
14413,-1.090616735839844,4.529548449707031,10.32997579345703,250.6047709923664,-130.83140839694656,-156.72182061068702,0
14438,0.40097089843749956,7.919738000488281,9.161605383300781,230.63530534351145,-182.8237748091603,-169.85922519083968,0
14463,2.2014105468749996,8.331540686035154,9.666781933593748,173.65057251908397,-211.02988167938932,-186.50808015267177,0
14488,2.3187264282226554,7.4863875,9.709877563476562,109.98645038167939,-215.2741564885496,-185.94319465648854,0
14513,1.2413356811523433,8.637998498535156,9.073019921875,64.29179389312976,-245.21308778625954,-175.309606870229,0
14538,0.8079851806640623,9.325134375,7.887890100097655,10.994083969465649,-224.77033969465649,-170.11876717557251,0
14563,1.179086437988281,10.419284533691405,7.698748168945312,-24.082251908396945,-221.02988167938932,-174.17220229007634,0
14588,0.8630518188476559,11.776796874999999,8.122521862792969,-56.49446564885496,-192.4115610687023,-191.6836526717557,0
14613,0.9037532470703122,11.293168139648436,7.871130688476562,-72.99828244274809,-197.94591221374046,-210.99662977099237,0
14638,1.4161124023437495,10.500687390136717,8.66361143798828,-91.21965648854962,-203.28179007633588,-222.05006488549617,0
14663,0.6164490478515621,10.65152209472656,8.390672448730468,-95.5631679389313,-248.71690458015266,-208.7447213740458,0
14688,0.4416723266601559,11.400907214355467,6.683606665039062,-125.24255725190841,-248.71690458015266,-180.27907251908397,0
14713,1.8207324829101559,11.762431665039061,6.690789270019531,-161.50209923664121,-245.61003435114503,-146.27907251908397,0
14739,2.0912772705078124,10.914884277343749,7.078649938964843,-180.7387404580153,-239.79324045801528,-103.59968320610686,0
14764,2.287601806640625,10.833481420898437,7.219907836914062,-190.21965648854962,-247.22835496183205,-62.14930152671755,0
14789,1.7704542480468746,10.244507812499998,6.803316748046874,-213.14332061068703,-212.71690458015266,-28.60731679389313,0
14814,1.7896078613281245,11.056142175292967,7.179206408691406,-233.74637404580153,-198.23598854961833,-1.3325076335877863,0
14839,2.084094665527343,12.17184014892578,7.066678930664062,-249.66240458015267,-183.83904198473283,17.598790076335877,0
14864,3.1830332275390623,11.14951604003906,7.081044140624999,-249.66240458015267,-186.24362213740457,35.690393129770996,0
14889,3.4009055786132807,9.734542858886718,7.327646911621093,-249.66240458015267,-179.05278244274808,61.194209923664125,0
14914,3.4990678466796865,9.384989416503904,6.6596646484374995,-249.66240458015267,-158.89247709923663,89.1407748091603,0
14939,4.542939770507812,7.761720690917969,6.147305493164062,-249.66240458015267,-119.10621755725191,115.28581297709924,0
14964,5.562869677734374,6.741790783691406,5.905491125488281,-249.66240458015267,-93.28179007633588,136.3697824427481,0
14989,5.66103194580078,5.259779956054687,4.849648193359374,-245.58606870229008,-104.20545419847328,156.72092748091603,0
15014,5.847779675292968,3.684395263671875,4.516854162597656,-229.65477099236642,-80.67873664122136,175.34688167938933,0
15039,5.273171276855468,2.733897204589844,3.9829471923828126,-201.318893129771,-91.51843129770992,196.53772137404582,0
15064,5.1869800170898435,1.4122978881835937,3.0132955200195313,-169.67003816793894,-95.19782061068702,214.3697824427481,0
15089,4.648284643554687,0.2128028564453125,2.2112379638671875,-142.77690839694657,-86.74743893129771,226.74382824427482,0
15115,3.9252357421874997,-0.2875852905273437,1.593533935546875,-114.47156488549619,-82.68637022900764,236.41558396946564,0
15140,3.5900475097656246,-1.6929816650390623,1.6797251953124999,-75.74637404580153,-95.40392748091602,243.90413358778628,0
15165,2.8454507934570303,-2.6817869506835934,0.8297836059570312,-34.860877862595416,-106.87720992366411,248.00337022900763,0
15190,1.7297528198242187,-3.1630214843749997,0.06363907470703124,-9.158587786259542,-85.60240076335877,250.16367557251908,0
15215,0.9564256835937495,-3.376105432128906,0.3772794921875,23.70400763358779,-96.6940038167939,251.02627099236642,0
15240,0.2740782104492183,-3.790302319335937,0.28151142578125,61.955916030534354,-119.09095038167939,250.81253053435114,0
15265,-0.7985241333007815,-3.7088994628906247,0.66458369140625,106.35286259541984,-142.33522519083968,250.02627099236642,0
15290,-2.697126049804688,-3.5772183715820307,2.0364612426757813,158.71164122137404,-177.57186641221372,251.02627099236642,0
15315,-3.992389147949219,-4.103942736816406,2.0939220825195313,183.78034351145038,-152.52606488549617,247.55298854961833,0
15340,-4.236597717285156,-3.1821750976562497,3.190466442871094,195.7574427480916,-129.77033969465649,238.5758893129771,0
15365,-5.534255017089844,-3.4072300537109372,6.199977929687499,230.86431297709922,-168.1062175572519,229.72092748091603,0
15390,-6.671500805664063,-4.530110632324218,5.6277637329101555,231.74217557251907,-124.27415648854961,208.91176717557252,0
15415,-6.539819714355469,-2.4064537597656246,6.705154479980468,204.681106870229,-67.98408015267175,175.04153816793894,0
15440,-5.349901489257812,-1.1327384765625,8.891060595703124,235.5895038167939,-126.8085076335878,139.75909541984734,0
15465,-5.51749560546875,-2.3346277099609374,10.332369995117187,250.6047709923664,-188.30469083969464,101.39268320610687,0
15490,-5.974788122558594,-1.5110223388671875,9.97323974609375,250.6047709923664,-165.91537786259542,61.194209923664125,0
15515,-5.567773840332031,0.19364924316406248,9.628474707031248,250.6047709923664,-138.73217175572518,26.262912213740456,0
15541,-4.159983264160156,1.6397470458984373,10.301245373535155,250.6047709923664,-109.20545419847328,-9.347774809160306,0
15566,-4.033090576171875,1.7211499023437498,11.311598474121093,250.6047709923664,-92.79324045801526,-41.927927480916026,0
15591,-3.1544185668945315,2.5998219116210937,11.879024267578124,250.6047709923664,-116.70927099236641,-72.25617175572519,0
15616,-3.195119995117188,3.1241520751953127,12.135203845214843,250.6047709923664,-111.80087404580152,-105.03479770992367,0
15641,-3.1256881469726565,5.0730322265625,11.242166625976562,250.6047709923664,-77.57186641221374,-128.46227862595418,0
15666,-1.6939555541992188,5.695524658203125,10.686711840820312,240.29179389312978,-119.16728625954198,-137.34014122137404,0
15691,0.8462924072265623,6.588561877441406,12.314768969726561,203.01698473282443,-177.39629389312978,-150.14930152671755,0
15716,0.9420604736328122,8.989946142578123,10.50235831298828,151.69637404580152,-248.71690458015266,-159.34014122137404,0
15741,0.9540314819335936,9.554977734374999,9.427361767578125,60.955916030534354,-232.89247709923663,-153.13403435114503,0
15766,1.6746861816406247,9.715389245605467,10.181535290527343,6.887213740458015,-210.785606870229,-140.75998854961833,0
15791,1.2509124877929683,9.657928405761718,10.11928604736328,3.4139312977099237,-248.71690458015266,-132.1264007633588,0
15816,0.06099426269531216,9.487940087890625,8.20392471923828,-3.3952290076335876,-248.71690458015266,-127.3325076335878,0
15841,1.2772487060546869,9.569342944335936,6.946968847656249,-26.86087786259542,-248.71690458015266,-128.17220229007634,0
15866,1.0354343383789057,8.78165059814453,6.504041540527343,-52.868511450381675,-248.71690458015266,-129.6683854961832,0
15891,1.1838748413085933,8.671517321777342,6.4537633056640615,-83.90667938931298,-214.23598854961833,-132.5004465648855,0
15916,1.8614339111328118,9.746513867187499,7.253426660156249,-92.55553435114504,-230.1443854961832,-145.8210572519084,0
15942,0.8630518188476559,9.03064757080078,7.818458251953125,-107.87614503816795,-248.71690458015266,-151.515713740458,0
15967,0.7170055175781247,8.891783874511718,6.104209863281249,-141.9601145038168,-236.6940038167939,-141.05006488549617,0
15992,3.1447260009765623,9.787215295410155,5.826482470703124,-181.318893129771,-225.79324045801528,-136.39357633587787,0
16017,1.930865759277343,9.152751855468749,8.692341857910156,-198.76927480916032,-226.64820229007634,-123.56914885496182,0
16042,0.9276952636718745,8.88938967285156,6.439398095703124,-207.99064885496185,-233.57186641221372,-90.45464503816794,0
16067,2.8454507934570303,11.760037463378906,5.998864990234375,-230.21202290076337,-221.00698091603053,-66.59968320610686,0
16092,2.7688363403320304,11.511040490722655,6.858383386230468,-237.78454198473284,-223.75507251908397,-38.248538167938925,0
16117,3.0106507080078115,11.1255740234375,7.351588928222656,-237.28835877862596,-201.9535458015267,-0.7981564885496183,0
16142,4.674620861816406,11.372176794433592,7.059496325683593,-223.82270992366412,-205.71690458015266,31.51482061068702,0
16167,4.533362963867187,10.024241259765624,5.840847680664062,-221.1280534351145,-180.44209541984733,64.52245419847328,0
16192,4.490267333984375,8.62842169189453,5.457775415039062,-219.72347328244274,-143.83140839694656,102.42321755725192,0
16217,4.791936743164062,8.223801611328124,5.321305920410156,-215.07461832061068,-107.4649961832061,134.49191984732823,0
16242,7.557239660644531,5.958886840820313,5.124981384277343,-203.79980916030536,-77.77033969465649,155.96520229007635,0
16267,6.132689672851561,5.542295751953125,4.976540881347655,-187.70057251908398,-66.17491984732824,175.05680534351146,0
16292,5.7879246337890615,4.436174584960938,3.911121142578125,-173.72347328244274,-64.16728625954198,195.0873396946565,0
16317,5.965095556640624,3.722702490234375,3.2934171142578124,-162.5097328244275,-61.2207213740458,214.11024045801528,0
16343,4.892493212890624,2.3723727539062502,3.176101232910156,-153.77690839694657,-36.96881297709924,229.36214885496184,0
16368,5.1678264038085935,0.6341823486328124,3.2718692993164065,-126.06698473282444,-53.98408015267176,240.90413358778628,0
16393,4.988261279296874,0.3923679809570312,2.5536088012695313,-92.50209923664123,-71.73217175572519,251.02627099236642,0
16418,3.712151794433593,-0.7879734375,1.5336788940429686,-61.1280534351145,-79.85430916030533,251.02627099236642,0
16443,2.6515204589843746,-1.6905874633789062,0.6071228515624999,-38.8456106870229,-61.84667557251909,251.02627099236642,0
16468,2.677856677246093,-1.8581815795898438,-0.52294033203125,-18.089885496183204,-41.35812595419848,251.02627099236642,0
16493,1.516668872070312,-2.8733230834960932,0.5664214233398437,13.551335877862595,-62.02988167938932,251.02627099236642,0
16518,0.4656143432617186,-2.8852940917968746,1.0644153686523437,58.66583969465649,-101.94591221374046,251.02627099236642,0
16543,-1.5048136230468752,-2.3849059448242182,0.5783924316406249,97.5666030534351,-108.97644656488549,251.02627099236642,0
16568,-4.011542761230469,-2.389694348144531,1.5695919189453125,131.2459923664122,-90.28179007633588,251.02627099236642,0
16593,-4.277299145507813,-2.6841811523437498,2.127440905761719,164.36812977099237,-78.35812595419847,251.02627099236642,0
16618,-4.847119140625001,-1.53496435546875,4.030831225585937,187.99408396946563,-85.51079770992366,251.02627099236642,0
16643,-6.305187951660156,-1.9515554443359375,6.037172216796875,222.94064885496184,-120.48026335877863,251.02627099236642,0
16668,-7.059361474609375,-0.8430400756835937,6.575867590332031,237.44446564885496,-137.92301145038167,250.98046946564887,0
16693,-7.813534997558594,-1.3290630126953125,7.768180017089843,248.3757633587786,-146.40392748091602,220.7056603053435,0
16718,-8.519824487304687,-0.8669820922851562,8.802475134277342,241.59713740458014,-96.3352251908397,199.2934465648855,0
16744,-7.961975500488281,0.49531865234374994,9.345958911132811,238.67347328244273,-83.81614122137404,166.09497328244274,0
16769,-7.114428112792969,0.7275562133789062,11.100908728027342,250.31469465648854,-99.05278244274808,119.39268320610687,0
16794,-6.391379211425781,1.0004952026367187,11.627633093261718,250.6047709923664,-157.13675190839695,66.82016412213741,0
16819,-6.642770385742187,1.0890806640625,11.462433178710937,250.6047709923664,-161.54896564885496,10.934667938931298,0
16844,-5.879020056152344,2.2766046875,11.086543518066405,250.6047709923664,-135.48026335877861,-30.737087786259544,0
16869,-4.181531079101562,3.5191953491210937,11.852688049316406,250.6047709923664,-133.93827862595418,-67.60731679389313,0
16894,-3.6045284790039065,4.129716772460937,12.465603674316405,241.32232824427481,-155.28179007633588,-101.83632442748092,0
16919,-2.0913930297851566,5.5662377685546875,13.08809610595703,210.6582061068702,-122.96117938931297,-133.05769847328244,0
16944,-2.634876806640625,6.387448937988281,10.997958056640623,195.54370229007634,-118.56423282442748,-155.0118969465649,0
16969,-1.339613708496094,7.057825402832031,9.714665966796874,187.13148854961833,-172.68637022900762,-160.63785114503816,0
16994,-0.4800953125000005,6.856712463378906,11.297233264160155,154.78034351145038,-191.93827862595418,-160.26380534351145,0
17019,-0.058715820312500444,6.353930114746094,11.462433178710937,118.73454198473281,-216.6024007633588,-153.17220229007634,0
17044,-0.08026363525390678,6.66278212890625,10.32997579345703,84.20019083969466,-248.71690458015266,-144.08823282442748,0
17069,0.20943476562499974,7.146410864257812,9.726636975097655,37.74980916030535,-248.71690458015266,-134.56151526717557,0
17094,0.317173840332031,8.623633288574217,8.668399841308593,13.024618320610687,-248.71690458015266,-130.6683854961832,0
17119,-0.30292438964843793,8.53265362548828,8.062666821289062,-18.21202290076336,-248.71690458015266,-126.96609541984732,0
17145,-0.3316548095703129,8.123245141601561,7.612556909179687,-46.02881679389313,-227.75507251908397,-128.57678244274808,0
17170,0.233376782226562,8.50152900390625,7.298916491699218,-54.68530534351145,-248.71690458015266,-138.79052290076336,0
17195,-0.08744624023437542,9.284432946777342,7.658046740722655,-72.47156488549619,-242.31232442748092,-152.7828893129771,0
17220,-0.4633359008789064,8.058601696777343,7.279762878417968,-91.0364503816794,-244.41919465648854,-160.8744923664122,0
17245,-0.09223464355468769,8.257320434570312,7.097803552246093,-124.62423664122137,-218.45736259541985,-160.1264007633588,0
17270,1.1359908081054684,8.831928833007812,7.794516235351562,-145.67003816793894,-229.89247709923663,-156.46991221374046,0
17295,1.7177818115234373,8.728978161621093,6.875142797851562,-172.93721374045802,-221.48026335877861,-142.5386145038168,0
17320,1.648349963378906,8.920514294433593,7.4497511962890615,-191.0364503816794,-209.6176679389313,-124.63021755725191,0
17345,1.9284715576171871,10.92685528564453,7.049919519042968,-208.37996183206107,-196.40392748091602,-102.65311832061069,0
17370,3.0298043212890624,10.960374108886718,7.15047598876953,-221.46393129770993,-201.06041603053436,-78.36304198473282,0
17395,2.941218859863281,10.634762683105468,7.909437915039062,-224.46393129770993,-198.0680496183206,-42.77525572519084,0
17420,3.2524650756835936,10.910095874023437,7.339617919921874,-231.9448473282443,-168.45736259541985,-8.592049618320612,0
17445,4.5860354003906245,10.546177221679686,7.950139343261718,-229.02118320610688,-164.38102671755726,18.339248091603054,0
17470,4.0425516235351555,9.346682189941404,7.6915655639648435,-218.23492366412214,-157.67873664122138,45.73619465648855,0
17495,3.676238769531249,8.487163793945312,7.057102124023436,-223.86087786259543,-110.41156106870228,74.32398091603054,0
17520,4.353797839355468,7.785662707519531,6.551925573730468,-228.74637404580153,-79.9001106870229,96.18657633587786,0
17546,5.263594470214843,6.827982043457031,7.164841198730468,-239.2425572519084,-27.373393129770992,109.9346679389313,0
17571,5.268382873535155,6.404208349609375,7.569461279296874,-221.7387404580153,-62.197820610687025,126.86596564885497,0
17596,5.5054088378906245,4.701930969238282,5.998864990234375,-197.2043893129771,-107.92301145038168,154.4613854961832,0
17621,4.772783129882812,3.887902404785156,5.498476843261718,-187.59370229007635,-98.09095038167939,181.51482061068702,0
17646,2.9867086914062497,4.2350616455078125,5.443410205078124,-176.15858778625955,-79.91537786259542,204.1255076335878,0
17671,4.765600524902343,0.41870419921875,4.636564245605468,-146.2272900763359,-112.2970572519084,220.9194007633588,0
17696,4.416047082519531,0.4139157958984375,3.3413011474609373,-123.84561068702291,-101.70163740458015,237.28581297709923,0
17721,3.4176649902343748,-0.012252099609375011,2.4698117431640627,-105.84561068702291,-83.20545419847328,251.02627099236642,0
17746,2.8239029785156244,-0.9005009155273438,2.0580090576171877,-75.59370229007634,-95.34285877862595,251.02627099236642,0
17771,2.060152648925781,-1.786355529785156,1.5432557006835936,-40.72347328244275,-110.86957633587785,251.02627099236642,0
17796,0.7744663574218746,-1.9898626708984375,0.8321778076171874,-3.9830152671755727,-121.72453816793893,251.02627099236642,0
17821,-0.3867214477539065,-2.612355102539062,0.9207632690429687,40.12385496183206,-146.2054541984733,251.02627099236642,0
17846,-2.4648884887695313,-3.024157788085937,1.0476559570312498,81.31469465648854,-145.8237748091603,251.02627099236642,0
17871,-3.5662212524414065,-3.409624255371093,0.9303400756835937,117.2841603053435,-151.7092709923664,251.02627099236642,0
17896,-4.622064184570313,-3.2276649291992183,1.574380322265625,133.1696564885496,-123.37339312977099,251.02627099236642,0
17921,-6.2980053466796875,-3.574824169921875,4.176877526855468,161.78034351145038,-119.58713358778625,251.02627099236642,0
17946,-6.8774021484375,-1.8869119995117185,3.834506689453125,182.71164122137404,-139.2588893129771,251.02627099236642,0
17972,-8.39053759765625,-2.4040595581054682,4.234338366699218,192.54370229007634,-125.30469083969466,251.02627099236642,0
17997,-8.895714147949219,-3.1797808959960934,4.9142916381835935,193.1009541984733,-48.3352251908397,247.49191984732823,0
18022,-8.457575244140624,-0.720935791015625,7.210331030273437,217.42919847328244,-38.89247709923664,216.86596564885497,0
18047,-8.1032333984375,-0.8957125122070313,8.658823034667968,250.6047709923664,-145.5795,167.74382824427482,0
18072,-8.979511206054688,-0.36419974365234375,8.79768673095703,250.6047709923664,-164.19018702290077,113.12550763358779,0
18097,-8.424056420898438,-0.6371387329101562,9.401025549316406,250.6047709923664,-120.41156106870228,62.74382824427481,0
18122,-7.444827941894531,1.3524428466796874,10.040277392578124,250.6047709923664,-106.25125572519083,17.690393129770992,0
18147,-6.537425512695313,2.1880192260742186,10.787268310546875,250.6047709923664,-122.16728625954198,-20.27143893129771,0
18172,-6.582915344238281,3.4808881225585937,10.775297302246093,250.6047709923664,-122.83140839694656,-51.33250763358778,0
18197,-5.500736193847656,3.9573342529296873,11.65157510986328,249.91774809160304,-99.35049236641221,-78.09586641221374,0
18222,-4.322788977050781,4.93895693359375,13.01148165283203,240.1925572519084,-112.38102671755725,-105.80579007633588,0
18247,-4.375461413574219,6.052260705566406,12.405748632812498,237.07041984732822,-148.88484351145038,-133.64548473282443,0
18272,-3.503972009277344,5.484834912109375,11.644392504882811,220.97118320610687,-161.13675190839695,-151.3859427480916,0
18297,-1.473689001464844,7.651587414550781,11.895783679199218,196.78797709923663,-209.2207213740458,-166.8210572519084,0
18322,-0.6548720336914065,7.565396154785156,12.793609301757812,176.1696564885496,-248.71690458015266,-178.82869083969464,0
18348,-2.3020827758789064,7.335552795410156,9.523129833984374,112.69637404580152,-248.71690458015266,-165.53098091603053,0
18373,-0.06350422363281272,7.618068591308593,10.736990075683593,48.955916030534354,-237.1443854961832,-145.2867061068702,0
18398,1.210211059570312,8.580537658691405,10.892613183593749,45.04751908396947,-248.71690458015266,-140.7981564885496,0
18423,-0.20476212158203166,9.519064709472655,9.046683703613281,34.65820610687023,-248.71690458015266,-141.98136259541985,0
18448,-0.31968380126953155,9.91171378173828,7.739449597167968,-4.357061068702291,-248.71690458015266,-142.85159160305344,0
18473,0.5326519897460935,10.16071075439453,7.689171362304687,-52.69293893129771,-248.71690458015266,-144.6683854961832,0
18498,0.664333081054687,9.10726202392578,8.500805725097656,-77.2043893129771,-248.71690458015266,-150.1035,0
18523,0.3028086303710933,10.282815039062498,6.719519689941405,-120.76927480916031,-248.71690458015266,-153.60731679389312,0
18548,0.7696779541015619,10.328304870605468,7.13132237548828,-171.6013358778626,-245.7627061068702,-153.55388167938932,0
18573,1.1647212280273433,9.99551083984375,7.195965820312499,-207.9982824427481,-226.9764465648855,-145.17220229007634,0
18598,1.8542513061523431,10.036212268066405,7.212725231933593,-231.9601145038168,-218.1825534351145,-133.46227862595418,0
18623,1.614831140136718,9.945232604980468,7.104986157226562,-233.98301526717557,-248.71690458015266,-110.81342366412214,0
18648,1.9188947509765617,10.737713354492186,6.654876245117187,-249.66240458015267,-225.00698091603053,-83.12640076335877,0
18673,2.8813638183593744,11.448791247558592,7.610162707519531,-249.33416030534352,-233.81614122137404,-49.6302175572519,0
18698,2.926853649902343,10.646733691406249,7.4473569946289055,-240.26545801526717,-229.66346946564886,-18.164568702290076,0
18723,3.080082556152343,10.414496130371093,6.176035913085937,-248.2807251908397,-188.7092709923664,15.87359923664122,0
18749,3.9443893554687497,9.45202706298828,6.149699694824218,-249.66240458015267,-159.6940038167939,47.44611832061069,0
18774,4.0784646484375,8.314781274414061,6.60220380859375,-243.9219465648855,-128.23598854961833,80.28581297709924,0
18799,5.1869800170898435,7.881430773925781,7.193571618652343,-233.16622137404582,-101.93064503816794,105.88886641221374,0
18824,5.189374218749999,7.153593469238281,6.053931628417968,-209.65477099236642,-107.4649961832061,120.11024045801527,0
18849,4.937983044433593,5.350759619140625,4.61022802734375,-203.37232824427483,-90.77797328244274,144.26291221374046,0
18874,4.842214978027343,4.278157275390625,4.981329284667968,-204.1509541984733,-55.14438549618321,171.02627099236642,0
18899,4.712928088378906,3.588627197265625,5.247085668945312,-188.1509541984733,-56.21308778625954,193.20947709923664,0
18924,5.6011769042968735,0.44025201416015625,3.8177472778320314,-178.38759541984734,-38.62530152671756,207.02627099236642,0
18949,4.353797839355468,1.2183675537109373,3.3221475341796873,-144.02118320610688,-105.28179007633588,230.94993511450383,0
18974,3.154302807617187,0.15294781494140625,2.2950350219726565,-136.2425572519084,-88.81614122137404,251.02627099236642,0
18999,3.0705057495117183,-0.7281183959960937,1.7395802368164062,-111.83797709923665,-123.68637022900764,251.02627099236642,0
19024,2.79517255859375,-2.423213171386718,1.155395031738281,-89.77690839694657,-119.51843129770992,251.02627099236642,0
19049,1.3394979492187495,-2.669815942382812,0.6789489013671874,-63.34942748091603,-124.70927099236641,251.02627099236642,0
19074,-1.3515847167968753,-2.8445926635742182,-0.2021173095703125,-32.15095419847328,-123.70927099236641,251.02627099236642,0
19099,-1.9501351318359377,-3.2970967773437496,-1.1717689819335937,-13.005916030534351,-97.38102671755725,251.02627099236642,0
19125,-2.0818162231445316,-3.254001147460937,-0.5277287353515625,20.085687022900764,-105.76270610687023,251.02627099236642,0
19150,-3.4153865478515626,-1.9563438476562498,0.7435923461914061,77.97881679389313,-159.79324045801528,251.02627099236642,0
19175,-6.355466186523437,-2.756007202148437,1.366084777832031,143.8490458015267,-210.07568320610687,251.02627099236642,0
19200,-7.444827941894531,-2.554894262695312,1.6007165405273436,178.887213740458,-193.58713358778627,251.02627099236642,0
19225,-7.66270029296875,-2.054506115722656,4.0140718139648435,219.41393129770992,-219.58713358778627,251.02627099236642,0
19250,-9.254844396972656,-2.5189812377929686,5.5870623046875,250.6047709923664,-240.1596526717557,250.37741603053436,0
19275,-10.066478759765625,-2.7320651855468747,5.694801379394531,250.6047709923664,-199.64056870229007,211.2934465648855,0
19300,-9.458351538085937,-2.016198889160156,6.824864562988281,250.6047709923664,-134.64056870229007,166.15604198473284,0
19325,-8.39053759765625,-1.0561240234375,9.427361767578125,250.6047709923664,-140.4878969465649,123.55298854961832,0
19350,-7.660306091308594,-0.11759697265624999,10.52151192626953,250.6047709923664,-185.6940038167939,76.40031679389314,0
19375,-7.521442395019531,0.30378251953125,10.777691503906249,250.6047709923664,-221.04514885496184,24.339248091603054,0
19400,-6.6164341674804685,1.311741418457031,10.648404614257812,250.6047709923664,-170.52606488549617,-24.82869083969466,0
19425,-6.137593835449218,2.2047786376953127,10.964439233398437,250.6047709923664,-142.38102671755726,-55.0271641221374,0
19450,-4.313212170410156,3.8831140014648438,12.372229809570312,250.6047709923664,-90.44209541984732,-79.5004465648855,0
19475,-4.080974609375,3.758615515136719,12.108867626953124,250.6047709923664,-101.11385114503817,-96.86685877862595,0
19501,-3.676354528808594,6.459274987792969,9.913384704589843,250.6047709923664,-138.26652290076336,-110.53861450381679,0
19526,-2.0267495849609376,8.654757910156249,11.49834620361328,220.0551526717557,-132.1596526717557,-137.75235496183205,0
19551,-1.0307616943359377,8.441673962402342,12.47518048095703,171.78034351145038,-190.53369847328244,-158.7981564885496,0
19576,-0.6907850585937503,6.792069018554687,12.489545690917968,111.63530534351145,-220.12148473282443,-158.54624809160305,0
19601,-0.5327677490234377,7.687500439453125,11.780861999511718,57.93301526717558,-223.8237748091603,-138.7294541984733,0
19626,-0.4872779174804691,8.381818920898436,10.667558227539061,27.16202290076336,-235.68637022900762,-118.16456870229007,0
19651,-0.2909533813476566,8.470404382324217,10.260543945312499,13.169656488549618,-248.71690458015266,-105.44701145038168,0
19676,-0.8009183349609379,8.295627661132812,8.857541772460937,7.0475190839694655,-248.71690458015266,-102.9889961832061,0
19701,-0.3508084228515629,8.537442028808593,8.270962365722655,-13.68530534351145,-243.44209541984733,-109.18746946564885,0
19726,0.3674520751953123,7.958045227050781,8.546295556640624,-20.746374045801524,-248.71690458015266,-124.3859427480916,0
19751,-0.08744624023437542,7.919738000488281,7.224696240234374,-46.25019083969465,-248.71690458015266,-139.88212595419847,0
19776,0.8031967773437496,8.274079846191405,7.739449597167968,-78.96774809160306,-234.02988167938932,-155.79052290076336,0
19801,2.0864888671874997,7.833546740722656,7.023583300781249,-113.33416030534352,-225.44972900763358,-169.45464503816794,0
19826,1.3107675292968746,9.047406982421874,7.52157724609375,-161.25019083969465,-184.68637022900762,-178.00426335877862,0
19851,1.7896078613281245,9.533429919433592,7.186389013671874,-186.2959923664122,-216.96881297709922,-177.1798358778626,0
19877,1.2437298828124996,9.121627233886718,7.327646911621093,-227.8837786259542,-178.3504923664122,-163.2867061068702,0
19902,1.248518286132812,10.438438146972654,8.340394213867187,-234.96774809160306,-216.43446183206106,-143.25617175572518,0
19927,1.629196350097656,11.78158527832031,6.7913457397460935,-249.66240458015267,-215.6558358778626,-117.4622786259542,0
19952,2.4264655029296867,11.772008471679687,7.662835144042968,-249.66240458015267,-217.24362213740457,-88.96609541984732,0
19977,3.0896593627929683,11.053747973632811,7.586220690917968,-249.66240458015267,-196.45736259541985,-52.4622786259542,0
20002,3.7025749877929686,10.108038317871092,8.469681103515624,-244.05935114503816,-190.73980534351145,-11.301973282442749,0
20027,3.937206750488281,9.238943115234374,8.160829089355468,-230.79980916030536,-147.83904198473283,27.8965,0
20052,4.363374645996093,8.535047827148436,7.591009094238281,-212.26545801526717,-132.33522519083968,61.74382824427481,0
20077,4.593218005371093,6.933326916503906,6.738673303222655,-196.95248091603054,-109.70163740458015,90.16367557251908,0
20102,4.648284643554687,5.408220458984375,6.451369104003906,-187.76164122137405,-76.85430916030533,114.66749236641222,0
20127,4.009032800292968,3.98127626953125,5.541572473144531,-191.79217557251908,-32.46499618320611,136.65985877862596,0
20152,5.249229260253905,3.512012744140625,5.687618774414062,-187.14332061068703,-38.48026335877863,151.17130916030536,0
20177,4.025792211914062,3.885508203125,4.342077441406249,-202.8456106870229,10.42813358778626,159.7285610687023,0
20202,4.442383300781249,0.7802286499023436,4.998088696289062,-190.33416030534352,-42.556599236641226,167.6140572519084,0
20227,3.1590912109374996,0.0499971435546875,4.428268701171874,-169.37232824427483,-84.26652290076335,187.5224541984733,0
20253,3.053746337890624,-0.29955629882812496,3.4394634155273436,-152.525,-88.53369847328244,209.8965,0
20278,3.0848709594726555,-1.30512099609375,2.7834521606445315,-145.92958015267178,-72.72453816793893,223.34688167938933,0
20303,3.4799142333984365,-2.143091577148437,2.079556872558594,-137.54026717557252,-63.739805343511456,234.49191984732823,0
20328,1.0043097167968744,-2.7129115722656247,1.6102933471679686,-121.46393129770993,-66.07568320610686,247.68275954198472,0
20353,0.08733048095703078,-3.337798205566406,0.5999402465820312,-112.32652671755726,-37.07568320610687,251.02627099236642,0
20378,0.03226384277343719,-4.034510888671875,0.7818995727539062,-83.18912213740458,-60.9764465648855,251.02627099236642,0
20403,0.27168400878906196,-3.9794442504882808,0.18813756103515625,-41.58606870229008,-108.5031641221374,251.02627099236642,0
20428,-2.2733523559570314,-2.4399725830078123,-0.2763375610351563,0.7727099236641222,-124.06041603053434,251.02627099236642,0
20453,-5.227797204589844,-3.802273327636718,0.4227693237304687,37.1543893129771,-118.79324045801526,251.02627099236642,0
20478,-4.830359729003906,-4.044087695312499,1.095539990234375,93.77270992366411,-153.93827862595418,251.02627099236642,0
20503,-6.779239880371094,-2.9044477050781246,1.7850700683593748,145.59713740458014,-188.85430916030535,251.02627099236642,0
20528,-8.65868818359375,-3.2875199707031246,2.3237654418945315,188.18492366412212,-187.40392748091602,251.02627099236642,0
20553,-9.326670446777342,-3.232453332519531,4.167300720214843,214.58187022900762,-162.57186641221372,247.68275954198472,0
20578,-8.81191708984375,-2.1694277954101557,5.227932055664062,229.16202290076336,-154.3886603053435,215.07207251908397,0
20604,-8.570102722167968,-1.6427034301757812,5.8145114624023435,236.83377862595418,-159.25125572519084,186.26291221374046,0
20629,-8.708966418457031,-1.563694775390625,6.6237516235351555,250.6047709923664,-147.67873664122138,162.8735992366412,0
20654,-8.706572216796875,-0.9962689819335937,8.005205981445311,250.6047709923664,-124.28942366412214,136.07970610687022,0
20679,-8.641928771972657,-0.63474453125,9.073019921875,250.6047709923664,-123.75507251908397,99.63695801526718,0
20704,-8.70417801513672,-0.11520277099609375,10.148016467285155,250.6047709923664,-107.65583587786259,66.24001145038169,0
20729,-8.146329028320313,1.8432541870117185,10.55981915283203,241.02461832061067,-99.24362213740457,35.65985877862596,0
20754,-6.918103576660156,2.7099551879882813,11.81198662109375,234.73454198473283,-97.2970572519084,1.9499351145038166,0
20779,-6.683471813964844,3.298928796386719,12.269279138183594,248.1696564885496,-150.26652290076336,-29.973729007633587,0
20804,-5.752127368164063,4.0674675292968745,12.132809643554687,243.3833969465649,-170.73217175572518,-61.996629770992364,0
20829,-4.689101831054687,4.378713745117188,12.784032495117186,236.59713740458014,-213.92301145038167,-90.72182061068702,0
20854,-4.624458386230469,6.660387927246093,12.963597619628905,197.35286259541985,-159.4878969465649,-120.84395801526718,0
20879,-2.64445361328125,7.069796411132812,12.259702331542968,195.1543893129771,-218.86957633587787,-140.39357633587787,0
20904,-1.2486340454101565,6.906990698242187,11.400183935546874,171.61240458015266,-248.71690458015266,-155.9126603053435,0
20929,-0.6907850585937503,7.421744055175781,10.67474083251953,139.71164122137404,-248.71690458015266,-162.75998854961833,0
20954,-0.9278110229492191,7.81199892578125,9.135269165039062,85.00171755725191,-248.71690458015266,-161.00426335877862,0
20979,-0.08505203857421906,8.331540686035154,10.054642602539062,57.50553435114504,-242.35812595419847,-160.3859427480916,0
21005,-0.30292438964843793,8.920514294433593,9.542283447265625,54.86431297709924,-248.71690458015266,-165.08823282442748,0
21030,-0.4537590942382814,8.939667907714842,9.942115124511718,32.36049618320611,-248.71690458015266,-173.95082824427482,0
21055,-1.0355500976562504,9.092896813964842,8.507988330078124,9.80324427480916,-248.71690458015266,-184.37067557251908,0
21080,-0.15448388671875035,10.63955108642578,8.28772177734375,-41.03645038167939,-248.71690458015266,-201.55388167938932,0
21105,0.3722404785156246,11.360205786132811,7.760997412109374,-107.10515267175573,-248.71690458015266,-217.56151526717557,0
21130,-0.21433892822265666,11.32908116455078,7.727478588867187,-160.3417938931298,-248.71690458015266,-216.86685877862595,0
21155,-0.04195640869140638,12.17902275390625,7.468904809570311,-200.6166030534351,-248.71690458015266,-191.95846183206106,0
21180,0.34829846191406233,11.719336035156248,6.812893554687499,-218.70057251908398,-248.71690458015266,-149.07296564885496,0
21205,1.1647212280273433,11.44400284423828,5.869578100585937,-242.56316793893131,-248.71690458015266,-101.04243129770992,0
21230,0.19985795898437475,11.606808557128906,7.040342712402343,-249.66240458015267,-248.71690458015266,-49.63785114503816,0
21255,0.3099912353515619,12.270002416992186,7.047525317382812,-249.66240458015267,-209.31995801526716,-7.584416030534351,0
21280,1.8877701293945304,10.962768310546874,7.263003466796874,-249.66240458015267,-183.5413320610687,19.675125954198474,0
21305,1.669897778320312,9.87340655517578,7.3491947265625,-249.66240458015267,-157.57186641221372,43.67512595419848,0
21330,2.7281349121093745,10.450409155273436,6.9613340576171865,-242.47156488549618,-166.56423282442748,60.71329389312977,0
21356,2.6563088623046873,8.27168564453125,5.745079614257812,-249.66240458015267,-110.22835496183205,71.40031679389314,0
21381,4.253241369628905,6.406602551269531,6.053931628417968,-249.66240458015267,-86.28179007633588,80.56062213740458,0
21406,3.661873559570312,5.355548022460938,6.465734313964843,-249.66240458015267,-74.61003435114503,93.62169083969466,0
21431,4.255635571289062,4.182389208984375,6.343630029296874,-241.78454198473284,-68.19782061068702,109.62169083969466,0
21456,2.4312539062499994,5.640458020019531,5.067520544433593,-241.54026717557252,-15.961179389312978,123.49191984732825,0
21481,3.060928942871093,1.0268314208984375,5.354824743652343,-227.42576335877862,-28.022248091603053,132.7667290076336,0
21506,4.856580187988281,0.6940373901367187,4.5527671875,-203.4333969465649,-71.25888931297709,152.95756870229008,0
21531,3.3290795288085935,-0.4958808349609375,4.325318029785156,-169.2807251908397,-113.10621755725191,179.19420992366412,0
21556,3.8869285156249997,-1.30512099609375,2.8265477905273437,-145.70820610687022,-111.99171374045801,203.79726335877862,0
21581,3.0082565063476556,-1.9802858642578125,1.4379108276367187,-125.34942748091603,-122.35049236641221,226.96520229007635,0
21606,2.227746765136718,-2.554894262695312,1.2511630981445312,-107.84561068702291,-116.0298816793893,247.63695801526717,0
21631,1.7345412231445305,-3.215693920898437,1.3612963745117186,-80.10515267175573,-114.80087404580152,251.02627099236642,0
21656,0.3889998901367182,-3.2947025756835933,0.7124677246093749,-36.89904580152672,-147.5031641221374,251.02627099236642,0
21681,-0.9325994262695316,-3.9100124023437495,0.5185373901367187,12.268893129770992,-180.42682824427482,251.02627099236642,0
21706,-1.5622744628906253,-3.6418618164062497,-0.4822389038085937,45.61240458015267,-164.83140839694656,251.02627099236642,0
21731,-4.528690319824219,-4.788684411621094,-0.034523193359375,72.38339694656489,-143.2588893129771,251.02627099236642,0
21757,-4.792052502441406,-5.102324829101562,1.5815629272460936,105.81087786259542,-145.23598854961833,251.02627099236642,0
21782,-5.524678210449219,-3.7376298828124996,3.195254846191406,158.57423664122138,-217.90774427480915,251.02627099236642,0
21807,-7.997888525390625,-5.253159533691406,3.4370692138671877,212.62767175572517,-248.71690458015266,240.28581297709923,0
21832,-8.273221716308594,-4.147038366699218,3.6286053466796875,217.72690839694656,-213.7627061068702,210.34688167938933,0
21857,-7.2365323974609375,-3.972261645507812,5.395526171875,223.03225190839694,-178.64820229007634,189.58352290076337,0
21882,-7.210196179199219,-2.5908072875976558,7.215119433593749,250.6047709923664,-213.991713740458,171.33924809160305,0
21907,-7.502288781738281,-2.4782798095703122,7.124139770507812,250.6047709923664,-217.5031641221374,147.05680534351146,0
21932,-7.514259790039063,-1.2428717529296875,8.397855053710936,250.6047709923664,-138.07568320610687,127.24001145038169,0
21957,-7.0306310546874995,-0.6802343627929688,9.496793615722655,250.6047709923664,-92.85430916030533,99.72092748091603,0
21982,-6.520666101074219,0.6916431884765625,10.650798815917968,250.6047709923664,-76.44209541984732,61.331614503816795,0
22007,-5.4983419921875,1.979723681640625,11.694670739746092,250.6047709923664,-108.89247709923664,21.476652671755726,0
22032,-5.534255017089844,2.9685289672851565,11.78565040283203,250.6047709923664,-169.373393129771,-20.653118320610687,0
22057,-4.952464013671875,3.052326025390625,11.721006958007811,250.6047709923664,-143.1596526717557,-61.09586641221374,0
22082,-3.5853748657226565,4.438568786621094,13.44004375,250.6047709923664,-124.77797328244274,-105.7065534351145,0
22107,-4.0450615844726565,5.384278442382812,10.66276982421875,250.6047709923664,-75.88484351145038,-138.83632442748092,0
22132,-2.3332073974609377,7.881430773925781,10.059431005859373,235.52080152671755,-161.38102671755726,-159.43174427480915,0
22158,-1.502419421386719,6.648416918945312,11.278079650878905,176.66583969465648,-185.6940038167939,-180.64548473282443,0
22183,-0.8344371582031254,7.017123974609375,12.132809643554687,117.68874045801526,-190.30469083969464,-182.34014122137404,0
22208,-1.8208482421875,7.302033972167968,10.722624865722656,89.4368320610687,-233.8085076335878,-175.97372900763358,0
22233,-2.232650927734375,8.894178076171874,8.994011267089842,63.35286259541985,-248.71690458015266,-169.80579007633588,0
22258,-1.5670628662109378,9.622015380859374,8.639669421386717,30.84141221374046,-245.5947671755725,-167.97372900763358,0
22283,-1.1648369873046878,7.960439428710937,9.626080505371092,7.459732824427481,-231.2970572519084,-167.05006488549617,0
22308,-1.3803151367187503,9.435267651367186,8.256597155761717,-4.845610687022901,-248.71690458015266,-173.39357633587787,0
22333,-1.4617179931640627,11.144727636718748,7.3922903564453115,-36.105152671755725,-248.71690458015266,-189.32487404580152,0
22358,-0.34362581787109425,9.760879077148436,7.828035058593749,-77.68530534351146,-248.71690458015266,-200.14930152671755,0
22383,-1.1432891723632814,9.483151684570311,8.493623120117187,-101.12805343511451,-245.2970572519084,-201.30197328244273,0
22408,-0.18321430664062532,10.342670080566405,8.258991357421873,-115.97538167938932,-248.71690458015266,-187.15693511450382,0
22433,0.058600061035155804,9.507093701171874,7.930985729980468,-145.47919847328245,-248.71690458015266,-167.44701145038167,0
22458,0.49673896484374946,9.480757482910155,7.698748168945312,-163.63187022900763,-248.71690458015266,-136.1264007633588,0
22483,-0.9469646362304691,10.862211840820311,6.812893554687499,-187.6166030534351,-248.71690458015266,-96.58441603053434,0
22508,0.9109358520507809,11.570895532226562,7.18878321533203,-209.7158396946565,-208.77797328244273,-66.72945419847328,0
22534,1.4448428222656249,10.991498730468749,7.878313293457031,-202.1509541984733,-229.79324045801528,-36.676019083969464,0
22559,1.7225702148437492,10.404919323730468,8.105762451171874,-213.79980916030536,-188.44209541984733,-6.27907251908397,0
22584,2.5940596191406247,10.031423864746092,7.30370489501953,-235.6242366412214,-112.55659923664122,14.698026717557251,0
22609,2.321120629882812,8.922908496093749,6.911055822753905,-245.76927480916032,-103.0298816793893,37.41558396946565,0
22634,2.4288597045898435,8.113668334960936,8.354759423828124,-249.66240458015267,-58.80850763358779,54.76672900763359,0
22659,3.5708938964843746,7.251755737304688,8.256597155761717,-249.66240458015267,-46.14438549618321,60.35451526717558,0
22684,3.338656335449218,5.32202919921875,6.875142797851562,-245.64713740458015,-53.17491984732825,62.835431297709924,0
22709,3.211763647460937,3.5934156005859377,7.686777160644531,-248.50209923664121,-39.23598854961833,68.98810305343511,0
22734,4.648284643554687,3.0020477905273437,7.760997412109374,-238.97538167938933,-59.80850763358779,75.4461183206107,0
22759,4.284365991210937,2.1545004028320314,5.4338333984375,-190.19675572519085,-233.99934732824428,99.31634732824428,0
22784,3.525404064941406,0.38518537597656244,5.299758105468749,-224.8074427480916,-111.43446183206106,131.24001145038167,0
22809,3.805525659179687,-0.05295352783203125,4.473758532714843,-239.5479007633588,-37.52606488549618,143.5224541984733,0
22834,3.6690561645507804,-0.701782177734375,5.321305920410156,-202.9448473282443,-77.36575954198473,161.3163473282443,0
22859,3.6642677612304686,-1.6546744384765624,3.228773669433594,-170.1280534351145,-95.28179007633588,176.9728358778626,0
22884,2.120007690429687,-2.916418713378906,1.842530908203125,-162.21202290076337,-58.205454198473284,187.43848473282443,0
22909,1.7489064331054687,-3.282731567382812,1.6007165405273436,-142.63187022900763,-73.19018702290076,200.86596564885497,0
22935,1.7201760131835933,-3.110349047851562,1.816194689941406,-104.8837786259542,-120.2207213740458,211.22474427480915,0
22960,1.8446744995117186,-4.4654671875,1.2391920898437498,-49.792175572519085,-190.785606870229,219.44611832061068,0
22985,-1.6412831176757816,-4.520533825683593,-1.4686499877929686,-24.921946564885495,-174.72453816793893,248.43848473282443,0
23010,-1.6580425292968752,-5.468637683105468,-1.6051194824218749,-36.525,-77.52606488549618,251.02627099236642,0
23035,-1.5263614379882815,-4.355333911132812,-0.091984033203125,-16.074618320610686,-74.16728625954198,251.02627099236642,0
23060,-2.7402216796875,-3.969867443847656,1.794646875,55.581870229007635,-199.93064503816794,251.02627099236642,0
23085,-6.113651818847656,-4.2835078613281246,-0.30506798095703125,103.12385496183205,-208.88484351145038,251.02627099236642,0
23110,-7.614816259765625,-4.3601223144531245,0.25517520751953127,99.9253816793893,-143.5795,251.02627099236642,0
23135,-7.0306310546874995,-3.740024084472656,3.068362158203125,123.72690839694656,-171.2741564885496,251.02627099236642,0
23160,-9.161470532226563,-4.692916345214844,3.583115515136719,167.78034351145038,-207.70163740458014,251.02627099236642,0
23185,-9.760020947265625,-3.8286095458984373,3.4203098022460936,166.82614503816794,-159.98408015267177,246.75909541984734,0
23210,-9.345824060058593,-3.4790561035156244,5.373978356933593,156.0398854961832,-109.34285877862595,228.4613854961832,0
23235,-9.278786413574219,-2.190975610351562,6.810499353027343,169.6047709923664,-129.1825534351145,212.30108015267177,0
23260,-9.743261535644532,-1.6498860351562499,6.937392041015625,193.27652671755726,-150.7092709923664,190.77436259541986,0
23286,-10.001835314941406,-2.0018336791992186,7.423414978027343,203.91774809160304,-126.25125572519083,158.00337022900763,0
23311,-9.69298330078125,-0.9028951171874999,8.385884045410155,222.23835877862595,-134.81614122137404,115.92703435114504,0
23336,-9.618763049316406,-0.4958808349609375,9.005982275390624,243.34522900763358,-153.81614122137404,72.72092748091603,0
23361,-8.62038095703125,0.5599620971679687,9.163999584960937,236.34522900763358,-111.92301145038168,35.67512595419848,0
23386,-8.440815832519531,2.006059899902344,10.083373022460936,231.78034351145038,-99.87720992366411,4.865965648854962,0
23411,-7.6842481079101566,2.4154683837890625,11.357088305664062,242.58187022900762,-114.5795,-20.57678244274809,0
23436,-7.226955590820312,3.2390737548828126,10.468839489746093,245.78034351145038,-138.48026335877861,-44.23327099236641,0
23461,-6.975564416503906,3.260621569824219,11.067389904785156,232.66583969465648,-132.02224809160305,-64.88975954198473,0
23486,-6.769663073730468,5.630881213378906,11.191888391113281,232.74217557251907,-176.64056870229007,-84.37830916030534,0
23511,-4.672342419433594,5.278933569335937,10.990775451660156,211.35286259541985,-186.34285877862595,-101.72945419847328,0
23536,-4.109705029296875,5.985223059082031,10.092949829101562,179.8490458015267,-210.0146145038168,-117.61495038167939,0
23561,-3.092169323730469,6.08817373046875,11.041053686523437,128.74217557251907,-188.93827862595418,-128.6683854961832,0
23586,-3.5590386474609375,5.506382727050781,11.59411427001953,111.81087786259542,-236.42682824427482,-135.71418702290077,0
23611,-3.8918326782226567,7.96522783203125,9.271738659667967,76.62003816793893,-223.5413320610687,-153.52334732824428,0
23636,-3.015554870605469,7.373860021972656,10.61727999267578,53.18492366412214,-215.6711030534351,-174.99662977099237,0
23661,-3.015554870605469,7.098526831054687,10.854305957031249,44.65820610687023,-226.92301145038167,-190.1035,0
23686,-4.0450615844726565,7.814393127441406,9.76255,44.61240458015267,-248.71690458015266,-203.88975954198472,0
23712,-3.707479150390625,9.399354626464843,8.608544799804687,15.658206106870228,-245.5031641221374,-225.32487404580152,0
23737,-2.460100085449219,9.04980118408203,9.377083532714844,-22.555534351145038,-216.42682824427482,-246.0805992366412,0
23762,-2.2398335327148438,8.89657227783203,9.178364794921874,-59.47156488549618,-207.9535458015267,-249.24090458015266,0
23787,-2.1871610961914065,9.001917150878905,8.723466479492187,-89.73874045801527,-216.4878969465649,-240.25617175572518,0
23812,-2.0052017700195313,8.329146484374998,8.876695385742186,-124.25019083969467,-202.80087404580152,-222.3477748091603,0
23837,-0.9038690063476564,8.843899841308593,9.183153198242186,-151.7540076335878,-197.72453816793893,-199.66075190839695,0
23862,-2.038720593261719,11.094449401855467,9.053866308593749,-169.28835877862596,-215.90774427480915,-185.80579007633588,0
23887,-1.9788655517578126,10.950797302246093,9.238219836425781,-191.14332061068703,-196.1062175572519,-166.46991221374046,0
23912,-0.6812082519531253,10.29478604736328,9.626080505371092,-202.8456106870229,-201.75507251908397,-141.76762213740457,0
23937,0.14479132080078072,9.35625899658203,9.52552403564453,-220.02118320610688,-190.67873664122138,-116.0271641221374,0
23962,-0.3364432128906252,8.298021862792968,9.688329748535155,-233.2043893129771,-180.45736259541985,-82.50808015267175,0
23987,0.7792547607421869,8.252532031249999,9.101750341796874,-246.57080152671756,-171.11385114503815,-54.0271641221374,0
24012,1.171903833007812,7.297245568847656,8.970069250488281,-249.66240458015267,-143.6558358778626,-31.09586641221374,0
24037,1.1575386230468747,6.138451965332031,9.089779333496093,-249.66240458015267,-109.97644656488549,-9.752354961832062,0
24062,1.6986281982421874,5.463287097167969,8.886272192382812,-249.66240458015267,-98.5031641221374,11.522454198473282,0
24087,2.6323668457031246,3.887902404785156,8.424191271972656,-249.66240458015267,-96.61766793893129,32.10260687022901,0
24113,2.6395494506835933,2.592639306640625,6.798528344726562,-241.18148854961834,-100.36575954198473,55.72856106870229,0
24138,2.079306262207031,2.25745107421875,5.8145114624023435,-248.8074427480916,-54.18255343511451,80.9728358778626,0
24163,2.8598160034179685,0.13379420166015624,6.2837749877929685,-229.96774809160306,-85.34285877862595,99.11024045801527,0
24188,3.2165520507812495,-0.9244429321289063,5.658888354492187,-200.68530534351146,-111.12148473282443,122.73619465648855,0
24213,2.9531898681640616,-1.5469353637695311,3.8680255126953123,-173.64713740458015,-130.21308778625954,144.0873396946565,0
24238,2.5749060058593747,-1.6403092285156249,2.764298547363281,-156.87614503816795,-132.09858396946564,166.03390458015267,0
24263,2.081700463867187,-3.5365169433593744,2.0867394775390626,-128.77690839694657,-150.15201908396946,192.1255076335878,0
24288,1.5501876953124993,-3.6011603881835934,1.1960964599609374,-94.8837786259542,-163.80087404580152,220.28581297709923,0
24313,1.047405346679687,-3.2970967773437496,0.7603517578125,-54.25782442748091,-194.44972900763358,244.41558396946564,0
24338,-0.7961299316406254,-4.182951391601562,-0.4128070556640625,-19.769274809160304,-194.63293511450382,251.02627099236642,0
24363,-2.469676892089844,-4.187739794921875,-0.1829636962890625,9.291793893129771,-168.11385114503815,251.02627099236642,0
24388,-2.6899434448242188,-3.4503256835937495,1.0237139404296873,41.1162213740458,-170.1825534351145,251.02627099236642,0
24413,-5.943663500976562,-3.9650790405273435,0.8513314208984374,78.52843511450381,-184.32759160305343,251.02627099236642,0
24438,-6.731355847167968,-3.8381863525390623,1.4546702392578124,107.20019083969466,-176.56423282442748,251.02627099236642,0
24463,-7.66270029296875,-3.6346792114257807,2.7092319091796875,133.1543893129771,-184.57186641221372,251.02627099236642,0
24488,-8.242097094726562,-2.892476696777343,3.9063327392578127,146.9635496183206,-177.19782061068702,251.02627099236642,0
24514,-9.748049938964844,-4.249989038085937,4.665294665527343,153.1696564885496,-154.89247709923663,251.02627099236642,0
24539,-10.18379464111328,-3.8764935791015622,4.7658511352539055,132.52843511450382,-81.21308778625954,251.02627099236642,0
24564,-10.102391784667969,-2.7009405639648434,6.446580700683593,118.55133587786258,-43.816141221374046,220.81253053435114,0
24589,-9.743261535644532,-2.3825117431640623,7.739449597167968,150.80324427480915,-100.08331679389313,192.07970610687022,0
24614,-10.07605556640625,-1.9994394775390625,8.045907409667969,196.71164122137404,-155.43446183206106,166.22474427480915,0
24639,-10.471098840332031,-1.4224368774414062,7.756209008789062,213.35286259541985,-133.66346946564886,132.27817938931298,0
24664,-9.87733682861328,-0.4072953735351562,8.531930346679687,217.55896946564886,-96.5413320610687,96.690393129771,0
24689,-9.755232543945311,1.1728777221679687,9.156816979980468,235.7192748091603,-112.785606870229,60.514820610687025,0
24714,-9.202171960449219,0.6533359619140624,9.549466052246093,245.92538167938932,-112.41156106870228,26.178942748091604,0
24739,-8.62038095703125,1.1369646972656249,10.313216381835936,240.74217557251907,-98.6940038167939,-5.126400763358779,0
24764,-7.729737939453125,2.896702917480469,11.560595446777343,230.6047709923664,-102.61766793893129,-48.13403435114503,0
24789,-7.243715002441406,3.394696862792969,11.606085278320311,214.3070610687023,-123.2207213740458,-87.51571374045801,0
24814,-7.171888952636719,3.9238154296875,11.55580704345703,192.73454198473283,-113.80850763358778,-108.97372900763358,0
24839,-6.400956018066406,5.614121801757812,10.289274365234375,185.268893129771,-124.04514885496182,-120.26380534351145,0
24864,-5.108087121582031,6.042683898925781,10.959650830078123,175.84141221374045,-107.02224809160305,-128.20273664122138,0
24890,-3.963658728027344,6.1480287719726565,10.449685876464843,191.1696564885496,-198.44209541984733,-136.31724045801528,0
24915,-3.683537133789063,5.949310034179687,10.679529235839842,174.2841603053435,-236.86957633587787,-147.15693511450382,0
24940,-3.082592517089844,6.459274987792969,10.686711840820312,146.90248091603053,-239.04514885496184,-151.32487404580152,0
24965,-2.651636218261719,6.440121374511719,10.715442260742186,116.20782442748092,-229.8619427480916,-153.05006488549617,0
24990,-3.0897751220703125,7.304428173828125,10.708259655761719,111.37576335877863,-248.71690458015266,-154.69128625954198,0
25015,-2.716279663085938,7.7545380859375,8.871906982421875,97.25362595419847,-248.71690458015266,-157.1035,0
25040,-1.9740771484375004,7.8000279174804685,8.340394213867187,61.35286259541985,-248.71690458015266,-165.66075190839695,0
25065,-1.722685974121094,7.58215556640625,8.541507153320312,17.32996183206107,-234.79324045801528,-175.99662977099237,0
25090,-2.5486855468750003,7.905372790527344,8.948521435546875,-20.18148854961832,-223.8237748091603,-188.2180038167939,0
25115,-2.9245752075195313,8.908543286132812,8.89345479736328,-54.67003816793893,-229.8085076335878,-203.92029389312978,0
25140,-1.828030847167969,8.999522949218749,8.630092614746093,-98.50973282442749,-222.12911832061067,-218.8210572519084,0
25165,-2.0554800048828126,7.967622033691406,9.30286328125,-152.112786259542,-160.21308778625954,-229.6149503816794,0
25190,-2.756981091308594,8.314781274414061,9.310045886230467,-155.17385496183206,-233.84667557251908,-221.09586641221372,0
25215,-1.6149468994140628,9.75848487548828,8.56784337158203,-199.66240458015267,-186.90774427480915,-214.08823282442748,0
25240,-1.1983558105468752,11.127968225097655,9.661993530273437,-214.1280534351145,-170.15201908396946,-211.50808015267177,0
25265,-1.9190105102539063,10.503081591796875,9.798463024902343,-213.79980916030536,-181.09858396946564,-184.3477748091603,0
25291,-0.8823211914062503,10.799962597656249,9.89662529296875,-215.89141221374047,-185.0146145038168,-150.46991221374046,0
25316,0.20464636230468702,10.052971679687499,9.841558654785155,-217.3417938931298,-186.70163740458014,-112.08823282442748,0
25341,0.02986964111328083,8.681094128417968,9.683541345214843,-236.46393129770993,-125.28942366412214,-72.95846183206106,0
25366,0.326750646972656,7.8024221191406244,9.879865881347655,-247.8074427480916,-88.05278244274808,-33.90502671755725,0
25391,0.43448972167968725,6.358718518066406,9.760155798339843,-249.66240458015267,-73.09095038167939,-2.2332709923664122,0
25416,1.2700661010742182,5.9540984375,9.087385131835937,-249.66240458015267,-72.28179007633588,19.70566030534351,0
25441,0.9013590454101559,4.256609460449218,8.668399841308593,-249.66240458015267,-69.25888931297709,41.41558396946565,0
25466,1.1934516479492183,2.305335107421875,8.05069581298828,-249.66240458015267,-56.67110305343512,67.82016412213741,0
25491,1.5621587036132807,1.8743788085937498,7.679594555664062,-249.66240458015267,-64.57186641221374,88.15604198473282,0
25516,1.284431311035156,0.715585205078125,7.009218090820312,-249.66240458015267,-77.6940038167939,103.91176717557252,0
25541,2.321120629882812,0.2128028564453125,5.503265246582031,-248.4333969465649,-99.17491984732824,118.4995534351145,0
25566,0.7098229125976561,-1.0034515869140626,3.9254863525390626,-248.6013358778626,-104.64820229007633,137.9194007633588,0
25591,-2.249410339355469,-0.9028951171874999,2.3429190551757815,-243.96774809160306,-95.13675190839695,160.77436259541986,0
25617,0.748130139160156,-3.646650219726562,3.209620056152344,-206.74637404580153,-136.85430916030535,180.30108015267177,0
25642,0.3866056884765623,-3.2013287109374997,2.0939220825195313,-155.60896946564887,-192.0146145038168,207.11024045801528,0
25667,-3.08498671875,-2.4016653564453123,-0.5205461303710938,-133.44866412213742,-167.8619427480916,236.6674923664122,0
25692,-1.579033874511719,-3.1366852661132807,0.0564564697265625,-113.73110687022901,-167.25125572519084,251.02627099236642,0
25717,-3.494395202636719,-3.1630214843749997,-0.22845352783203124,-68.90667938931298,-198.22835496183205,251.02627099236642,0
25742,-5.206249389648438,-3.119925854492187,-0.75278369140625,-22.67003816793893,-213.48026335877861,251.02627099236642,0
25767,-7.645940881347656,-3.0983780395507807,-0.6546214233398437,25.391030534351145,-229.23598854961833,251.02627099236642,0
25792,-9.247661791992186,-3.7065052612304683,0.5712098266601562,92.60477099236641,-248.71690458015266,251.02627099236642,0
25817,-9.982681701660155,-3.213299719238281,1.2224326782226562,148.25362595419847,-248.71690458015266,251.02627099236642,0
25842,-10.6315103515625,-3.280337365722656,2.4434755249023437,188.78797709923663,-247.44972900763358,251.02627099236642,0
25867,-11.062466650390625,-2.562076867675781,3.980552990722656,219.16202290076336,-195.51843129770992,251.02627099236642,0
25892,-10.851776904296873,-1.3386398193359375,4.947810461425781,243.34522900763358,-154.93827862595418,247.20947709923664,0
25917,-10.756008837890626,-0.40968957519531246,6.834441369628905,250.6047709923664,-127.22072137404581,218.11787404580153,0
25942,-10.775162451171873,-0.08647235107421875,8.225472534179687,250.6047709923664,-141.52606488549617,182.59115648854961,0
25967,-10.6315103515625,0.29899411621093747,8.965280847167968,250.6047709923664,-141.17491984732823,145.00337022900763,0
25993,-9.930009265136718,2.2694220825195313,10.533482934570312,250.6047709923664,-142.43446183206106,106.45375190839695,0
26018,-9.776780358886718,2.2406916625976563,9.650022521972655,250.6047709923664,-141.8237748091603,72.43085114503818,0
26043,-9.360189270019532,3.2965345947265625,10.825575537109374,250.6047709923664,-107.90774427480916,43.331614503816795,0
26068,-8.708966418457031,5.506382727050781,11.570172253417967,250.6047709923664,-103.51843129770992,12.423217557251908,0
26093,-7.576509033203125,6.708271960449219,10.401801843261717,250.6047709923664,-136.26652290076336,-30.721820610687022,0
26118,-6.51348349609375,6.253373645019531,12.544612329101561,219.1009541984733,-154.8619427480916,-74.00426335877863,0
26143,-6.1854778686523435,5.884666589355469,13.155133752441404,179.20782442748092,-199.6940038167939,-106.39357633587785,0
26168,-6.36025458984375,6.4688517944335935,11.510317211914062,142.66583969465648,-242.88484351145038,-129.43937786259542,0
26193,-6.096892407226562,7.649193212890625,9.032318493652342,96.45209923664122,-242.12148473282443,-149.6149503816794,0
26218,-4.911762585449219,7.62046279296875,9.60932109375,63.16965648854962,-221.2741564885496,-169.24090458015266,0
26243,-4.5789685546875,8.185494384765624,8.649246228027343,61.54370229007634,-248.71690458015266,-192.7294541984733,0
26268,-4.270116540527344,8.661940515136717,7.907043713378905,39.261259541984735,-234.96881297709922,-216.24090458015266,0
26293,-4.63642939453125,8.985157739257811,8.452921691894531,29.879580152671757,-192.70163740458014,-237.58441603053436,0
26318,-4.2725107421875,8.96600412597656,9.278921264648437,45.81851145038168,-248.71690458015266,-249.24090458015266,0
26343,-5.515101403808593,8.717007153320312,6.5830501953125,28.65820610687023,-248.71690458015266,-249.24090458015266,0
26369,-2.8575375610351563,10.076913696289061,8.407431860351561,-21.463931297709923,-224.39629389312978,-249.24090458015266,0
26394,-2.756981091308594,9.564554541015625,8.531930346679687,-38.295992366412214,-248.71690458015266,-249.24090458015266,0
26419,-2.33799580078125,8.867841857910156,7.696353967285155,-66.47156488549619,-248.71690458015266,-237.94319465648854,0
26444,-2.0913930297851566,10.120009326171873,7.394684558105468,-126.62423664122137,-240.19782061068702,-203.9355610687023,0
26469,-2.5319261352539066,11.53977091064453,8.752196899414061,-149.0364503816794,-241.0909503816794,-162.31724045801528,0
26494,-1.7945120239257815,11.75046065673828,9.063443115234374,-166.85324427480916,-225.52606488549617,-123.9889961832061,0
26519,-1.3444021118164065,11.944390991210936,8.560660766601561,-181.57843511450383,-216.49553053435113,-88.48517938931298,0
26544,-1.1792021972656253,10.589272851562498,8.021965393066406,-199.58606870229008,-193.08331679389312,-52.85159160305343,0
26569,-0.6692372436523442,9.191059082031249,8.235049340820312,-225.49446564885497,-140.2207213740458,-19.805790076335878,0
26594,0.6523620727539057,8.791227404785156,7.832823461914062,-243.76927480916032,-113.94591221374046,2.484286259541985,0
26619,1.0905009765624998,7.038671789550781,8.175194299316406,-249.66240458015267,-92.48789694656489,19.04917175572519,0
26644,1.4280834106445308,5.573420373535156,8.47207530517578,-249.66240458015267,-78.17491984732824,37.690393129770996,0
26669,1.4831500488281248,4.74742080078125,8.651640429687498,-249.66240458015267,-63.50316412213741,57.575889312977104,0
26694,1.2628834960937496,2.6955899780273436,7.684382958984374,-249.5097328244275,-37.15965267175573,75.27054580152672,0
26719,1.229364672851562,1.1202052856445313,7.140899182128906,-230.51736641221373,-82.02224809160305,100.37741603053435,0
26745,1.8422802978515618,0.08112176513671873,5.970134570312499,-222.32652671755727,-90.96117938931297,126.2552786259542,0
26770,1.4472370239257808,-0.2923736938476562,4.749091723632812,-226.2807251908397,-72.62530152671755,146.44611832061068,0
26795,1.4496312255859367,-1.2069587280273437,4.866407604980468,-222.06698473282444,-72.89247709923664,164.4079503816794,0
26820,2.5605407958984374,-3.115137451171875,4.921474243164062,-220.79217557251908,-37.60240076335878,170.04153816793894,0
26845,0.6715156860351557,-2.8805056884765623,4.519248364257812,-185.70057251908398,-95.5795,182.1789427480916,0
26870,0.233376782226562,-3.589189379882812,2.9055564453125,-162.44866412213742,-110.64820229007633,197.45375190839695,0
26895,-3.3579257080078126,-2.1694277954101557,1.117087805175781,-151.26545801526717,-100.49553053435115,212.6140572519084,0
26920,-1.8423960571289064,-4.534899035644531,1.095539990234375,-143.25019083969465,-93.17491984732824,232.05680534351146,0
26945,-2.4074276489257813,-4.348151306152343,0.233627392578125,-132.14332061068703,-84.34285877862595,251.02627099236642,0
26970,-3.2980706665039063,-3.835792150878906,-0.25478974609375,-109.13568702290077,-106.01461450381679,251.02627099236642,0
26995,-5.967605517578125,-3.7472066894531246,-1.4255543579101562,-107.33416030534352,-74.0298816793893,251.02627099236642,0
27020,-6.465599462890625,-3.9842326538085935,-1.4399195678710937,-102.21965648854962,-48.442095419847334,251.02627099236642,0
27045,-7.990705920410156,-4.0225398803710934,-0.23803033447265623,-67.94484732824428,-81.27415648854961,251.02627099236642,0
27070,-9.242873388671875,-3.148656274414062,-0.13268546142578125,-28.51736641221374,-123.90774427480916,251.02627099236642,0
27095,-10.463916235351562,-3.771148706054687,0.21207957763671872,15.032251908396946,-130.72453816793893,251.02627099236642,0
27121,-11.711295300292967,-3.7256588745117183,-0.7072938598632812,56.14675572519084,-130.16728625954198,251.02627099236642,0
27146,-11.804669165039062,-3.148656274414062,0.5089605834960937,83.26125954198473,-118.06041603053434,236.90413358778628,0
27171,-12.635457141113282,-2.906841906738281,2.2064495605468752,112.55133587786258,-120.37339312977099,223.88886641221373,0
27196,-12.422373193359373,-1.9850742675781248,2.625434851074219,164.08568702290077,-174.93064503816794,202.45375190839695,0
27221,-12.977827978515624,-2.0042278808593745,3.2886287109375,207.94064885496184,-205.39629389312978,170.91176717557252,0
27246,-12.53968907470703,-0.9364139404296874,4.291799206542969,221.2841603053435,-171.89247709923663,144.27817938931298,0
27271,-12.187741430664062,0.8352952880859374,6.726702294921874,250.6047709923664,-189.0680496183206,118.48428625954199,0
27296,-13.214853942871095,2.44898720703125,6.693183471679687,250.6047709923664,-205.99934732824428,89.05680534351146,0
27321,-11.376107067871093,1.9390222534179686,8.481652111816405,250.6047709923664,-177.6176679389313,60.84306488549618,0
27346,-10.451945227050782,3.0283840087890623,10.80881612548828,250.6047709923664,-174.62530152671755,28.476652671755726,0
27371,-9.420044311523437,4.982052563476563,11.986763342285155,250.6047709923664,-248.71690458015266,-15.935561068702292,0
27396,-10.480675646972657,6.1312693603515624,11.407366540527343,250.6047709923664,-124.34285877862595,-59.988996183206105,0
27422,-6.62840517578125,6.6053212890625,9.676358740234374,250.6047709923664,-199.96117938931297,-82.50808015267175,0
27447,-6.539819714355469,6.590956079101562,12.128021240234373,250.6047709923664,-248.71690458015266,-114.43174427480916,0
27472,-6.20702568359375,7.060219604492187,11.299627465820311,225.7956106870229,-248.71690458015266,-137.11876717557251,0
27497,-5.685089721679688,7.318793383789062,11.203859399414062,188.887213740458,-248.71690458015266,-146.4012099236641,0
27522,-4.612487377929687,7.886219177246094,10.076190417480468,148.7040076335878,-248.71690458015266,-154.08823282442748,0
27547,-4.047455786132812,8.73616076660156,9.882260083007811,107.74980916030533,-248.71690458015266,-163.25617175572518,0
27572,-4.155194860839844,9.236548913574218,8.36433623046875,66.65057251908397,-248.71690458015266,-174.18746946564886,0
27597,-2.958094030761719,10.797568395996093,7.859159680175781,17.66583969465649,-248.71690458015266,-194.53098091603053,0
27622,-1.3898919433593753,10.400130920410154,7.698748168945312,-55.68530534351145,-182.43446183206106,-215.11113358778627,0
27647,-2.910209997558594,10.48632218017578,9.243008239746093,-85.99828244274809,-165.31232442748092,-221.11876717557251,0
27672,-3.683537133789063,10.002693444824217,7.629316320800781,-93.12041984732825,-239.31995801526716,-203.3477748091603,0
27697,-2.115335046386719,10.021847058105468,8.563054968261717,-135.14332061068703,-199.70163740458014,-188.4012099236641,0
27722,-1.7657816040039065,8.319569677734373,9.163999584960937,-150.2807251908397,-203.98408015267177,-172.08823282442748,0
27747,-2.79768251953125,6.555043054199219,8.70191866455078,-162.00591603053437,-218.19782061068702,-142.4012099236641,0
27772,-2.9413346191406253,7.88861337890625,7.976475561523436,-207.56316793893131,-132.0909503816794,-122.86685877862595,0
27798,-1.1839906005859377,9.780032690429687,9.808039831542969,-217.08225190839696,-128.02224809160305,-123.3477748091603,0
27823,-2.584598571777344,9.009099755859374,9.288498071289062,-219.45629770992366,-135.81614122137404,-118.16456870229007,0
27848,-2.632482604980469,7.534271533203125,8.541507153320312,-242.0135496183206,-95.5795,-99.67601908396946,0
27873,-1.8567612670898441,6.021136083984375,9.887048486328124,-242.67767175572519,-119.55659923664122,-78.9889961832061,0
27898,0.5949012329101557,6.921355908203124,9.741002185058592,-249.66240458015267,-87.61766793893129,-67.37830916030534,0
27923,-0.9469646362304691,3.9381806396484373,9.025135888671874,-249.66240458015267,-87.95354580152672,-58.294339694656486,0
27948,-0.30053018798828157,3.4473692993164065,8.349971020507812,-249.66240458015267,-96.75507251908397,-39.64548473282442,0
27973,0.38421148681640593,2.3723727539062502,8.507988330078124,-249.66240458015267,-107.38102671755725,-21.1416679389313,0
27998,1.274854504394531,0.6437591552734374,8.496017321777343,-249.66240458015267,-124.81614122137404,4.102606870229008,0
28023,1.423295007324218,-0.4216605834960938,7.160052795410156,-242.3952290076336,-137.35812595419847,39.35451526717558,0
28048,1.5861007202148434,-1.5014455322265625,5.239903063964843,-248.42576335877862,-103.12911832061069,74.0110038167939,0
28073,1.6770803833007806,-2.1885814086914057,4.780216345214844,-249.66240458015267,-73.90774427480916,96.56062213740458,0
28098,2.3713988647460935,-2.5094044311523436,4.5527671875,-230.6013358778626,-125.94591221374046,115.70566030534351,0
28123,1.1168371948242184,-3.1342910644531248,2.6852898925781252,-207.78454198473284,-148.98408015267177,137.7819961832061,0
28149,0.45364333496093723,-3.807061730957031,1.1122994018554686,-196.0135496183206,-140.0909503816794,164.15604198473284,0
28174,0.47040274658203085,-3.941137023925781,0.6693720947265624,-174.1509541984733,-141.2054541984733,184.75146183206107,0
28199,-0.3412316162109379,-3.186963500976562,-0.4128070556640625,-142.8456106870229,-162.26652290076336,203.64459160305344,0
28224,-2.1129408447265625,-3.3018851806640623,-0.43914327392578123,-110.84561068702291,-173.89247709923663,227.82779770992366,0
28249,-2.5869927734375002,-5.152603063964843,-1.0065690673828125,-63.08225190839695,-233.15201908396946,251.02627099236642,0
28274,-3.8942268798828126,-3.3138561889648432,-2.845315942382812,-37.50973282442748,-199.9535458015267,251.02627099236642,0
28299,-4.988377038574219,-3.9124066040039054,-2.0049511596679683,-30.967748091603053,-147.785606870229,251.02627099236642,0
28324,-7.044996264648438,-2.4112421630859373,-0.5923721801757812,-1.7692748091603052,-162.36575954198472,251.02627099236642,0
28349,-9.39849649658203,-3.637073413085937,-0.45590268554687496,45.24599236641222,-199.62530152671755,251.02627099236642,0
28374,-10.099997583007813,-2.542923254394531,-0.3122505859375,56.46736641221374,-156.86957633587787,251.02627099236642,0
28399,-10.851776904296873,-3.3258271972656246,1.2918645263671873,75.76507633587785,-145.84667557251908,251.02627099236642,0
28424,-12.32181672363281,-4.106336938476562,2.0197018310546877,107.76507633587785,-149.15201908396946,251.02627099236642,0
28449,-12.879665710449217,-2.849381066894531,2.620646447753906,129.01698473282443,-124.38102671755725,223.5987900763359,0
28474,-12.84614688720703,-2.095207543945312,3.9853413940429685,152.4902671755725,-118.38102671755725,185.04153816793894,0
28499,-12.654610754394533,-1.30512099609375,5.436227600097656,190.887213740458,-142.67873664122138,154.58352290076337,0
28525,-12.369700756835936,-0.7903676391601563,5.809723059082031,226.94828244274808,-161.1062175572519,131.7819961832061,0
28550,-12.661793359375,0.3492723510742187,6.702760278320312,240.07041984732822,-136.64056870229007,112.690393129771,0
28575,-12.405613781738282,2.0252135131835938,6.987670275878906,250.6047709923664,-126.12148473282443,86.34688167938931,0
28600,-11.75439093017578,1.6158050292968749,7.9740813598632805,250.6047709923664,-134.93827862595418,60.77436259541985,0
28625,-11.378501269531249,1.8743788085937498,8.66361143798828,250.6047709923664,-125.89247709923664,39.49191984732825,0
28650,-11.019371020507812,2.350824938964844,9.496793615722655,250.6047709923664,-124.53369847328244,21.438484732824428,0
28675,-9.843818005371094,3.3348418212890625,9.204701013183593,250.6047709923664,-123.60240076335877,6.293446564885496,0
28700,-10.332235144042968,5.357942224121094,9.166393786621093,249.475,-120.77033969465649,-14.729454198473283,0
28725,-8.510247680664062,6.648416918945312,10.490387304687498,243.23835877862595,-156.21308778625954,-43.309606870229004,0
28750,-8.349836169433594,6.262950451660156,12.606861572265624,236.8490458015267,-229.2741564885496,-80.31724045801526,0
28775,-7.382578698730469,6.169576586914062,11.876630065917968,190.52080152671755,-234.25125572519084,-111.72182061068702,0
28800,-7.212590380859375,6.090567932128906,12.219000903320312,144.46736641221372,-242.88484351145038,-125.309606870229,0
28825,-5.931692492675781,6.715454565429687,11.730583764648436,117.10095419847327,-248.71690458015266,-131.85922519083968,0
28850,-5.723396948242188,6.590956079101562,10.703471252441405,92.27652671755725,-248.71690458015266,-139.2943396946565,0
28875,-5.685089721679688,6.667570532226562,9.597350085449218,74.5666030534351,-248.71690458015266,-143.97372900763358,0
28901,-5.493553588867187,6.906990698242187,9.058654711914063,52.32996183206107,-248.71690458015266,-158.14930152671755,0
28926,-5.215826196289063,6.315622888183594,8.426585473632812,40.8337786259542,-248.71690458015266,-179.309606870229,0
28951,-4.63642939453125,8.03465968017578,6.686000866699218,1.9788167938931296,-248.71690458015266,-208.71418702290077,0
28976,-4.023513769531251,8.49434639892578,8.215895727539062,-43.34179389312977,-225.06041603053436,-244.46991221374046,0
29001,-3.978023937988281,8.338723291015624,8.941338830566405,-64.90667938931298,-248.71690458015266,-249.24090458015266,0
29026,-3.887044274902344,8.587720263671875,8.541507153320312,-110.24255725190841,-190.31232442748092,-249.24090458015266,0
29051,-3.322012683105469,8.132821948242187,9.245402441406249,-130.92958015267178,-199.1596526717557,-249.24090458015266,0
29076,-3.5374908325195316,8.314781274414061,8.895848999023437,-145.13568702290078,-230.53369847328244,-249.24090458015266,0
29101,-2.6205115966796875,9.461603869628904,10.23420772705078,-170.9982824427481,-211.92301145038167,-232.46991221374046,0
29126,-0.9373878295898441,10.383371508789061,10.665164025878905,-181.25019083969465,-224.52606488549617,-203.50808015267177,0
29151,-2.1680074829101565,8.422520349121093,10.294062768554687,-210.16622137404582,-159.991713740458,-161.09586641221372,0
29176,-1.8495786621093753,7.790451110839843,10.437714868164061,-227.99064885496185,-124.1443854961832,-112.08823282442748,0
29201,-1.1145587524414065,7.914949597167968,9.85113546142578,-249.66240458015267,-69.71690458015267,-74.2180038167939,0
29226,-1.2606050537109377,6.001982470703124,8.711495471191405,-249.66240458015267,-68.32759160305343,-42.50044656488549,0
29251,1.0641647583007807,5.156829284667968,8.182376904296873,-249.66240458015267,-49.21308778625954,-22.25617175572519,0
29277,0.5230751831054685,3.7562213134765625,10.27251495361328,-249.66240458015267,-88.62530152671755,-8.393576335877864,0
29302,0.16633913574218706,2.235903259277344,9.75536739501953,-249.66240458015267,-93.5413320610687,13.652225190839694,0
29327,-0.0826578369140627,0.9813415893554687,7.6364989257812494,-233.3417938931298,-102.92301145038168,41.36214885496184,0
29352,1.2796429077148432,0.3995505859374999,5.737897009277344,-214.64713740458015,-139.28179007633588,67.41558396946566,0
29377,1.3562573608398432,-0.6754459594726563,5.275816088867187,-226.32652671755727,-99.80850763358778,88.52245419847328,0
29402,3.2524650756835936,-1.1782283081054687,5.060337939453125,-214.2425572519084,-126.06041603053434,113.11787404580153,0
29427,0.6188432495117184,-1.6857990600585937,3.3389069458007814,-196.60896946564887,-153.9535458015267,138.0873396946565,0
29452,0.47040274658203085,-3.4407488769531245,2.539243591308594,-170.47156488549618,-198.54896564885496,178.0644389312977,0
29477,-0.32926060791015654,-2.849381066894531,0.8920328491210937,-160.95248091603054,-174.73217175572518,217.36214885496184,0
29502,-0.33883741455078153,-2.9882447631835936,0.271934619140625,-149.49446564885497,-165.09858396946564,240.50718702290078,0
29527,-1.2965180786132815,-3.3210387939453123,0.4179809204101562,-129.70057251908398,-166.0909503816794,251.02627099236642,0
29552,-3.1472359619140624,-3.1175316528320307,-0.532517138671875,-104.73110687022901,-166.22835496183205,251.02627099236642,0
29577,-4.255751330566406,-2.3944827514648432,-1.3609109130859374,-92.38759541984733,-151.6024007633588,251.02627099236642,0
29603,-6.752903662109375,-2.9714853515624995,-0.9036183959960937,-54.82270992366412,-176.1443854961832,251.02627099236642,0
29628,-8.170271044921876,-2.724882580566406,-0.5205461303710938,3.8032442748091606,-217.0909503816794,251.02627099236642,0
29653,-10.090420776367187,-2.8134680419921874,-0.23324193115234373,62.67347328244275,-239.30469083969464,251.02627099236642,0
29678,-11.572431604003906,-2.849381066894531,0.5281141967773437,106.81851145038168,-204.19018702290077,251.02627099236642,0
29703,-11.651440258789062,-2.277166870117187,1.7730990600585936,141.94064885496184,-166.373393129771,251.02627099236642,0
29728,-11.926773449707031,-1.353005029296875,3.611845935058594,178.7727099236641,-154.21308778625954,251.02627099236642,0
29753,-12.606726721191407,-0.46954461669921876,4.4641817260742185,217.06278625954198,-154.86957633587787,251.02627099236642,0
29778,-12.752773022460936,0.22477386474609373,5.56790869140625,244.475,-136.70163740458014,226.50718702290078,0
29803,-12.568419494628905,0.9597937744140624,6.6213574218749995,250.6047709923664,-114.79324045801526,190.41558396946564,0
29828,-12.328999328613282,1.730726708984375,7.337223718261718,250.6047709923664,-96.32759160305343,150.24001145038167,0
29853,-13.052048229980468,2.427439392089844,9.190335803222656,250.6047709923664,-168.6558358778626,111.65985877862596,0
29878,-12.307451513671875,3.9573342529296873,9.65959932861328,250.6047709923664,-97.96117938931297,71.79726335877864,0
29903,-10.387301782226562,3.749038708496094,9.061048913574218,249.71164122137404,-39.999347328244276,51.86596564885497,0
29928,-10.399272790527345,5.331606005859375,10.653193017578124,250.6047709923664,-207.8237748091603,12.965202290076336,0
29953,-9.6738296875,4.510394836425781,11.366665112304686,206.72690839694656,-159.28179007633588,-30.027164122137403,0
29979,-9.139922717285156,5.144858276367187,11.09612032470703,173.7956106870229,-195.38102671755726,-55.660751908396946,0
30004,-7.878178442382812,5.812840539550781,10.593337976074217,139.887213740458,-193.85430916030535,-76.76762213740457,0
30029,-7.370607690429687,6.456880786132812,9.671570336914062,125.25362595419847,-205.19782061068702,-89.60731679389313,0
30054,-6.769663073730468,6.8255878417968745,10.013941174316406,133.39103053435113,-222.52606488549617,-98.9508282442748,0
30079,-6.5422139160156245,7.278091955566406,9.365112524414062,147.00935114503815,-248.71690458015266,-116.43937786259542,0
30104,-6.7648746704101566,6.933326916503906,9.118509753417968,140.887213740458,-248.71690458015266,-137.65311832061067,0
30129,-5.831136022949218,7.072190612792968,8.845570764160156,133.68874045801527,-248.71690458015266,-165.98136259541985,0
30154,-4.550238134765625,7.515117919921875,9.338776306152344,90.58187022900763,-194.33522519083968,-209.0271641221374,0
30179,-5.306805859375,8.068178503417968,9.810434033203125,65.74217557251907,-176.3886603053435,-244.8744923664122,0
30204,-6.089709802246094,8.183100183105468,9.537495043945311,52.1925572519084,-232.6176679389313,-249.24090458015266,0
30229,-5.783251989746094,7.761720690917969,7.672411950683593,12.80324427480916,-248.71690458015266,-249.24090458015266,0
30254,-4.2892701538085936,8.101697326660156,9.396237145996093,-45.95248091603053,-188.7092709923664,-249.24090458015266,0
30279,-4.7705046875,7.282880358886718,9.152028576660156,-64.51736641221375,-231.96117938931297,-249.24090458015266,0
30304,-5.215826196289063,8.173523376464843,7.890284301757812,-109.72347328244275,-213.23598854961833,-237.36304198473283,0
30329,-3.752968981933594,10.369006298828124,8.986828662109374,-136.74637404580153,-220.3886603053435,-222.73708778625954,0
30355,-4.432922253417969,10.02663546142578,8.864724377441405,-171.66240458015267,-194.35812595419847,-206.77525572519085,0
30380,-5.026684265136719,10.79277999267578,9.594955883789062,-193.2425572519084,-186.44209541984733,-183.96609541984733,0
30405,-3.8439486450195313,9.985934033203124,10.555030749511717,-214.04408396946565,-155.2588893129771,-165.4012099236641,0
30430,-3.7481805786132814,9.140780847167967,10.100132434082031,-228.28835877862596,-154.1443854961832,-145.2867061068702,0
30455,-3.549461840820313,6.895019689941406,10.069007812499999,-249.66240458015267,-94.28179007633588,-121.89739312977099,0
30480,-2.038720593261719,6.109721545410156,10.215054113769531,-249.66240458015267,-73.81614122137404,-105.3477748091603,0
30505,-0.7626111083984377,3.9094502197265624,10.629251000976561,-249.66240458015267,-93.06041603053434,-86.6683854961832,0
30530,-0.9804834594726566,2.350824938964844,10.320398986816405,-249.66240458015267,-94.70163740458015,-57.97372900763359,0
30555,-0.3412316162109379,1.292587805175781,8.651640429687498,-249.66240458015267,-104.34285877862595,-25.09586641221374,0
30580,0.07535947265624987,0.24871588134765624,8.584602783203124,-249.66240458015267,-111.44209541984732,7.865965648854962,0
30605,0.25492459716796834,-0.8574052856445312,7.22709044189453,-249.66240458015267,-114.93064503816794,42.66749236641222,0
30630,0.6379968627929684,-1.5421469604492186,6.101815661621093,-249.66240458015267,-104.81614122137404,71.96520229007633,0
30655,0.3889998901367182,-2.085630737304687,4.581497607421874,-249.66240458015267,-126.5413320610687,93.99573664122137,0
30680,0.1639449340820307,-2.8996593017578123,3.0731505615234376,-243.4333969465649,-131.33522519083968,115.01863740458016,0
30706,0.1783101440429684,-2.8709288818359373,2.5990986328125,-227.0898854961832,-150.81614122137404,134.3850496183206,0
30731,-0.8440139648437504,-3.6251024047851557,1.2032790649414062,-208.2425572519084,-165.07568320610687,159.7819961832061,0
30756,-1.598187487792969,-3.1031664428710934,0.0756100830078125,-191.02881679389313,-171.4115610687023,186.8583320610687,0
30781,-2.488830505371094,-3.5293343383789058,-0.8437633544921875,-183.72347328244274,-156.8619427480916,214.16367557251908,0
30806,-2.8934505859375,-2.9595143432617186,-0.8485517578125,-166.63187022900763,-170.31995801526716,236.50718702290078,0
30831,-4.442499060058594,-3.5436995483398435,-2.1366322509765623,-151.70820610687022,-168.1062175572519,251.02627099236642,0
30856,-6.1495648437499995,-3.5149691284179685,-2.969814428710937,-148.21965648854962,-130.15201908396946,251.02627099236642,0
30881,-7.054573071289062,-3.6011603881835934,-2.8285565307617184,-129.86087786259543,-130.12911832061067,251.02627099236642,0
30906,-9.283574816894532,-4.3218150878906245,-3.1278317382812495,-95.15095419847329,-159.88484351145038,251.02627099236642,0
30931,-9.774386157226562,-2.5309522460937495,-2.792643505859375,-66.27309160305344,-172.1596526717557,251.02627099236642,0
30956,-11.151052111816405,-2.7009405639648434,-2.5771653564453123,-29.112786259541984,-181.5795,251.02627099236642,0
30981,-12.362518151855468,-2.8421984619140623,-3.2595128295898435,7.116221374045801,-166.0680496183206,251.02627099236642,0
31006,-13.164575708007813,-1.9252192260742185,-1.5069572143554686,43.18492366412214,-143.35812595419847,237.3850496183206,0
31031,-13.526100158691406,-1.3218804077148436,-0.5061809204101563,109.05515267175572,-185.3504923664122,220.6522251908397,0
31056,-14.218024438476561,-1.4032832641601563,-0.02255218505859375,153.13148854961833,-183.03751526717556,207.90413358778628,0
31081,-14.184505615234375,-0.23970125732421874,1.4762180541992187,173.82614503816794,-149.35812595419847,188.15604198473284,0
31107,-14.517299645996093,0.0978811767578125,3.1497650146484375,202.42919847328244,-147.52606488549617,165.43085114503816,0
31132,-14.605885107421873,0.7945938598632811,4.2391267700195305,230.2459923664122,-154.53369847328244,141.1255076335878,0
31157,-14.435896789550782,0.9358517578125,5.127375585937499,243.21545801526716,-150.44972900763358,115.85833206106871,0
31182,-13.782279736328125,1.7091788940429686,6.0611142333984365,250.6047709923664,-220.43446183206106,83.8965,0
31207,-13.887624609374999,2.245480065917969,7.473693212890624,250.6047709923664,-158.2970572519084,41.9728358778626,0
31232,-12.982616381835935,2.458564013671875,9.508764624023437,250.6047709923664,-173.8772099236641,4.690393129770992,0
31257,-13.451879907226562,3.5096185424804687,8.651640429687498,228.99408396946563,-93.30469083969466,-20.355408396946565,0
31282,-9.896490441894532,4.651652734375,7.887890100097655,241.20782442748092,-164.99934732824428,-29.729454198473285,0
31307,-10.461522033691406,5.276539367675781,9.422573364257811,234.76507633587786,-199.73980534351145,-53.79052290076336,0
31332,-10.250832287597657,5.638063818359375,9.975633947753906,222.78034351145038,-241.64820229007634,-79.21037022900764,0
31357,-8.910079357910156,4.508000634765625,11.30681007080078,189.62767175572517,-245.38102671755726,-101.8210572519084,0
31382,-9.4822935546875,4.67080634765625,10.454474279785156,183.29179389312978,-248.71690458015266,-113.1951030534351,0
31407,-8.282798522949218,4.972475756835937,9.453697985839844,181.65057251908397,-248.71690458015266,-121.82869083969466,0
31432,-8.529401293945313,5.621304406738281,7.708324975585937,151.14675572519084,-248.71690458015266,-131.49281297709922,0
31457,-7.0306310546874995,5.288510375976562,7.365954138183593,118.27652671755725,-248.71690458015266,-146.2867061068702,0
31483,-6.623616772460938,7.740172875976563,6.630934228515624,77.69637404580152,-248.71690458015266,-180.6302175572519,0
31508,-5.981970727539062,7.986775646972656,8.98204025878906,61.00171755725191,-248.71690458015266,-220.37830916030535,0
31533,-5.888596862792969,7.634828002929687,7.1672354003906245,33.50553435114504,-248.71690458015266,-246.18746946564886,0
31558,-3.2717344482421877,6.310834484863281,8.689947656249998,-43.67003816793893,-186.44972900763358,-249.24090458015266,0
31583,-4.152800659179688,7.627645397949219,9.094567736816405,-56.68530534351145,-212.96117938931297,-249.24090458015266,0
31608,-4.490383093261719,7.591732373046875,8.534324548339843,-81.15858778625955,-247.51843129770992,-249.24090458015266,0
31633,-2.766557897949219,10.586878649902342,9.080202526855468,-132.90667938931298,-192.83904198473283,-234.79052290076336,0
31658,-3.305253271484375,10.151133947753905,10.392225036621094,-147.9448473282443,-217.6711030534351,-209.31724045801528,0
31683,-3.9421109130859375,9.243731518554686,10.095344030761717,-173.47919847328245,-199.2970572519084,-168.81342366412213,0
31708,-2.3619378173828127,9.128809838867186,9.688329748535155,-214.82270992366412,-130.12148473282443,-135.00426335877862,0
31733,-1.3467963134765628,7.936497412109374,10.054642602539062,-233.81507633587788,-132.24362213740457,-106.75998854961831,0
31758,-1.531149841308594,6.66278212890625,10.32997579345703,-249.66240458015267,-98.25125572519083,-75.49281297709923,0
31783,-1.792117822265625,5.602150793457031,10.42574385986328,-249.66240458015267,-67.57186641221374,-48.07296564885496,0
31808,-1.760993200683594,4.0100066894531246,9.561437060546874,-249.66240458015267,-46.205454198473284,-26.973729007633587,0
31834,-1.138500769042969,3.301322998046875,9.084990930175781,-249.66240458015267,-35.84667557251909,-14.988996183206106,0
31859,-0.5662865722656254,1.8025527587890624,8.01238858642578,-249.66240458015267,-57.99171374045802,-4.080599236641222,0
31884,-0.4513648925781255,0.5982693237304687,6.853594982910155,-249.66240458015267,-60.327591603053435,9.507187022900762,0
31909,-1.282152868652344,-0.0745013427734375,4.342077441406249,-249.66240458015267,-56.48789694656489,22.05680534351145,0
31934,0.2836550170898433,-1.602002001953125,5.282998693847656,-249.66240458015267,-87.26652290076335,41.59879007633588,0
31959,1.1312024047851557,-2.176610400390625,4.612622229003906,-249.66240458015267,-107.65583587786259,64.54535496183206,0
31984,0.8295329956054682,-2.945149133300781,4.2391267700195305,-249.66240458015267,-129.91537786259542,90.16367557251908,0
32009,0.31477963867187464,-2.717699975585937,2.8935854370117187,-233.7540076335878,-173.00698091603053,122.4995534351145,0
32034,-1.7562047973632815,-2.0616887207031245,1.0021661254882812,-217.46393129770993,-187.9001106870229,160.39268320610688,0
32059,-1.3324311035156253,-3.9315602172851563,-1.3130268798828124,-207.77690839694657,-183.91537786259542,199.88886641221373,0
32084,-0.5974111938476567,-4.154220971679687,-1.3585167114257812,-225.70057251908398,-83.99934732824427,219.11787404580153,0
32109,-1.9453467285156252,-4.309844079589843,-1.1885283935546875,-192.46393129770993,-127.31995801526716,236.9346679389313,0
32134,-3.6595951171875,-3.4790561035156244,-2.574771154785156,-139.2425572519084,-174.45736259541985,251.02627099236642,0
32159,-5.304411657714844,-2.9906389648437495,-2.8860173706054684,-77.89904580152673,-234.23598854961833,251.02627099236642,0
32184,-8.280404321289062,-2.7895260253906247,-1.9211541015625,-9.723473282442749,-248.71690458015266,251.02627099236642,0
32209,-10.109574389648436,-3.5269401367187494,-2.0791714111328123,52.87958015267176,-248.71690458015266,251.02627099236642,0
32235,-11.050495642089842,-4.412794750976562,-1.1981052001953125,84.29179389312976,-230.28179007633588,251.02627099236642,0
32260,-11.435962109374998,-3.3401924072265623,0.8130241943359374,100.10858778625953,-187.90774427480915,251.02627099236642,0
32285,-11.809457568359374,-2.746430395507812,2.42671611328125,120.22309160305343,-183.67873664122138,244.59115648854961,0
32310,-12.032118322753906,-2.1646393920898435,3.252715686035156,139.6582061068702,-177.03751526717556,224.36214885496184,0
32335,-12.510958654785156,-0.9316255371093749,4.600651220703124,153.4902671755725,-162.66346946564886,208.20947709923664,0
32360,-12.925155541992186,-0.8909241088867188,4.7850047485351554,175.4902671755725,-146.8085076335878,192.77436259541986,0
32385,-13.15260469970703,0.208014453125,5.280604492187499,198.681106870229,-123.49553053435115,174.86596564885497,0
32410,-13.789462341308592,1.6612948608398437,6.286169189453124,226.42919847328244,-111.99934732824427,145.62932442748092,0
32435,-13.755943518066406,2.305335107421875,7.121745568847656,247.65057251908397,-105.67873664122136,111.46138549618321,0
32460,-12.867694702148437,1.6924194824218748,8.168011694335936,250.6047709923664,-86.19782061068702,78.13314122137405,0
32485,-12.621091931152343,2.3197003173828126,9.005982275390624,250.6047709923664,-85.51843129770992,41.377416030534356,0
32510,-13.05683663330078,4.484058618164062,9.463274792480467,250.6047709923664,-90.94591221374046,3.72856106870229,0
32535,-11.512576562500001,3.875931396484375,9.144845971679686,250.6047709923664,-68.35049236641221,-16.836324427480918,0
32560,-9.994652709960938,6.272527258300781,8.558266564941405,250.6047709923664,-176.21308778625954,-43.752354961832054,0
32585,-10.126333801269531,5.422585668945312,9.573408068847655,250.6047709923664,-238.58713358778627,-83.9508282442748,0
32611,-9.920432458496094,5.427374072265625,8.40264345703125,250.6047709923664,-248.71690458015266,-114.3477748091603,0
32636,-9.403284899902344,6.531101037597656,7.512000439453124,246.72690839694656,-248.71690458015266,-141.46991221374046,0
32661,-8.917261962890624,6.73939658203125,7.629316320800781,203.14675572519084,-248.71690458015266,-170.56151526717557,0
32686,-9.05373145751953,7.85030615234375,8.328423205566406,170.4520992366412,-248.71690458015266,-194.2714389312977,0
32711,-9.094432885742187,8.199859594726561,7.701142370605468,137.2841603053435,-248.71690458015266,-214.75235496183205,0
32736,-9.051337255859375,8.602085473632812,8.043513208007811,87.475,-204.9764465648855,-230.0805992366412,0
32761,-8.957963391113282,8.116062536621094,8.627698413085938,52.65057251908397,-206.05278244274808,-237.46991221374046,0
32786,-7.904514660644531,7.73538447265625,8.220684130859373,19.01698473282443,-223.3504923664122,-237.43937786259542,0
32811,-7.576509033203125,6.947692126464844,8.828811352539061,-23.456297709923664,-217.9001106870229,-233.75998854961833,0
32836,-7.404126513671875,7.191900695800781,8.369124633789061,-63.21202290076336,-200.21308778625954,-223.80579007633588,0
32861,-7.770439367675781,8.369847912597654,8.469681103515624,-95.12805343511451,-178.1596526717557,-215.98136259541985,0
32886,-7.1240049194335935,9.143175048828123,9.190335803222656,-116.62423664122137,-157.68637022900762,-208.86685877862595,0
32911,-6.47517626953125,8.508711608886717,9.846347058105469,-126.78454198473283,-161.70163740458014,-205.53098091603053,0
32936,-6.013095349121094,7.244573132324218,9.611715295410155,-143.54026717557252,-168.67873664122138,-195.7828893129771,0
32961,-5.117663928222656,6.253373645019531,9.614109497070311,-177.26545801526717,-133.17491984732823,-186.57678244274808,0
32987,-4.428133850097656,5.738620288085937,10.571790161132812,-201.78454198473284,-117.19782061068702,-176.5920496183206,0
33012,-4.411374438476562,4.450539794921875,10.363494616699217,-224.67003816793894,-82.51843129770992,-161.54624809160305,0
33037,-4.071397802734375,4.139293579101563,10.112103442382812,-233.04408396946565,-89.05278244274808,-140.39357633587787,0
33062,-3.1735721801757815,2.2766046875,10.286880163574217,-238.112786259542,-84.26652290076335,-116.67601908396946,0
33087,-2.3763030273437504,0.9262749511718749,9.530312438964843,-243.5479007633588,-81.01461450381679,-91.12640076335877,0
33112,-1.7681758056640628,0.08591016845703124,8.232655139160155,-249.66240458015267,-77.4649961832061,-65.7065534351145,0
33137,-5.493553588867187,2.867972497558594,4.923868444824218,-249.66240458015267,-62.53369847328245,-41.935561068702285,0
33162,-0.8200719482421879,-2.18618720703125,6.666847253417968,-249.66240458015267,-63.84667557251908,-25.905026717557252,0
33187,-0.4968547241210941,-2.9523317382812495,6.42263868408203,-249.66240458015267,-93.96881297709923,-6.813423664122138,0
33212,-0.2885591796875002,-2.878111486816406,4.907109033203125,-249.66240458015267,-148.2970572519084,22.23237786259542,0
33237,-0.6548720336914065,-3.129502661132812,3.099486779785156,-247.37996183206107,-152.43446183206106,54.43085114503817,0
33262,-0.26461716308593797,-1.4320136840820312,2.740356530761719,-246.3952290076336,-148.67873664122138,86.56825572519084,0
33287,-0.6979676635742191,-4.170980383300781,0.9087922607421874,-241.42576335877862,-152.33522519083968,112.96520229007633,0
33312,-0.7099386718750003,-4.008174670410156,0.44431713867187494,-230.7540076335878,-157.2054541984733,137.73619465648855,0
33338,-4.097734020996094,-2.095207543945312,-1.2531718383789061,-204.57843511450383,-190.09858396946564,163.94230152671756,0
33363,-3.4536937744140626,-3.7998791259765623,-2.038469982910156,-186.14332061068703,-216.0909503816794,199.1255076335878,0
33388,-4.844724938964844,-3.452719885253906,-3.333733081054687,-171.02118320610688,-206.1062175572519,233.59115648854961,0
33413,-5.780857788085937,-3.1223200561523434,-3.139802746582031,-140.82270992366412,-205.45736259541985,244.7132938931298,0
33438,-7.523836596679687,-2.8278332519531246,-2.632231994628906,-80.53263358778626,-248.71690458015266,251.02627099236642,0
33463,-9.87733682861328,-2.794314428710937,-3.7239879516601557,-38.02118320610687,-248.71690458015266,251.02627099236642,0
33488,-10.437580017089843,-2.8565636718749996,-3.4725967773437496,-14.563167938931299,-215.85430916030535,251.02627099236642,0
33513,-11.653834460449218,-2.5955956909179685,-1.8110208251953124,17.01698473282443,-188.41919465648854,251.02627099236642,0
33538,-12.75037882080078,-1.8366337646484374,-0.7288416748046875,58.085687022900764,-190.93064503816794,251.02627099236642,0
33563,-13.75354931640625,-2.4040595581054682,-0.1063492431640625,104.82614503816794,-192.44209541984733,251.02627099236642,0
33588,-15.180493505859374,-1.84142216796875,0.7148619262695312,151.7574427480916,-177.89247709923663,233.58352290076337,0
33613,-16.035223498535156,-0.6993879760742188,2.0197018310546877,199.18492366412212,-172.04514885496184,191.20947709923664,0
33638,-15.903542407226563,0.08830437011718749,3.23116787109375,219.68874045801527,-138.39629389312978,148.54535496183206,0
33663,-15.113455859374998,0.7347388183593749,3.949428369140625,234.97881679389312,-144.0909503816794,118.01863740458016,0
33689,-14.720806787109375,1.0196488159179686,6.609386413574218,250.6047709923664,-169.32759160305343,94.82016412213741,0
33714,-13.767914526367186,1.7163614990234373,5.879154907226562,250.6047709923664,-195.73980534351145,69.12550763358779,0
33739,-12.142251599121092,1.5248253662109374,7.002035485839843,250.6047709923664,-183.35812595419847,44.04153816793893,0
33764,-11.6274982421875,3.2390737548828126,7.5981916992187495,250.6047709923664,-132.64820229007634,25.71329389312977,0
33789,-10.597991528320312,4.108168957519531,7.933379931640625,250.6047709923664,-137.38102671755726,14.407950381679388,0
33814,-10.782345056152344,5.2118959228515624,8.591785388183593,250.6047709923664,-193.49553053435113,-5.798156488549619,0
33839,-10.471098840332031,5.690736254882812,7.816064050292968,250.6047709923664,-239.28942366412213,-31.882125954198475,0
33864,-9.937191870117188,5.7553796997070314,8.58699698486328,242.89484732824428,-215.72453816793893,-66.86685877862595,0
33889,-10.138304809570311,5.6093333984375,9.080202526855468,219.58187022900762,-234.00698091603053,-100.0653320610687,0
33914,-10.3250525390625,5.650034826660156,7.871130688476562,191.16202290076336,-244.75507251908397,-134.81342366412213,0
33939,-8.912473559570312,8.77446799316406,7.478481616210937,141.89484732824428,-211.07568320610687,-183.1035,0
33964,-8.720937426757812,8.535047827148436,8.970069250488281,94.21545801526717,-152.85430916030535,-233.79052290076336,0
33989,-9.906067248535155,7.653981616210937,7.830429260253905,71.00171755725191,-153.24362213740457,-249.24090458015266,0
34014,-9.281180615234375,8.15676396484375,7.468904809570311,59.45973282442748,-213.84667557251908,-249.24090458015266,0
34039,-7.942821887207031,8.333934887695312,8.493623120117187,24.047519083969465,-202.83140839694656,-249.24090458015266,0
34065,-7.744103149414062,7.182323889160156,8.579814379882812,1.4139312977099237,-218.83140839694656,-249.24090458015266,0
34090,-7.212590380859375,6.617292297363281,8.354759423828124,-37.47156488549618,-199.40392748091602,-249.24090458015266,0
34115,-6.377014001464843,7.225419519042968,8.199136315917968,-78.78454198473283,-173.5031641221374,-244.3859427480916,0
34140,-6.247727111816406,7.8742481689453125,8.493623120117187,-114.98301526717557,-153.9535458015267,-236.18746946564886,0
34165,-5.685089721679688,8.07296690673828,9.776915209960936,-135.1280534351145,-159.61003435114503,-226.17220229007634,0
34190,-5.510313000488281,7.9125553955078125,9.719454370117187,-158.87614503816795,-152.85430916030535,-210.18746946564886,0
34215,-4.75135107421875,6.320411291503906,9.79367462158203,-176.83797709923664,-149.31232442748092,-187.27907251908397,0
34240,-4.588545361328125,4.6899599609375,9.930144116210936,-200.5479007633588,-133.28942366412213,-159.897393129771,0
34265,-3.331589489746094,3.4042736694335938,9.669176135253906,-224.79980916030536,-105.785606870229,-136.6836526717557,0
34290,-2.7330390747070314,2.1497119995117187,9.81282823486328,-234.57843511450383,-119.04514885496182,-113.35540839694656,0
34315,-2.5869927734375002,0.6677011718749999,9.343564709472655,-246.79980916030536,-111.45736259541984,-86.30197328244275,0
34340,-1.933375720214844,-0.625167724609375,8.196742114257813,-249.66240458015267,-62.41919465648855,-62.9508282442748,0
34365,-1.3348253051757815,-1.7719903198242186,7.638893127441405,-249.66240458015267,-60.5795,-42.57678244274809,0
34390,-0.832042956542969,-2.265195861816406,6.437003894042968,-249.66240458015267,-71.15965267175572,-25.347774809160306,0
34415,-1.0762515258789065,-3.2683663574218746,5.824088269042968,-249.66240458015267,-105.73217175572519,-2.034797709923664,0
34440,-0.2765881713867189,-3.3737112304687495,4.8592249999999995,-249.66240458015267,-130.93827862595418,23.537721374045802,0
34466,-0.7171212768554691,-4.005780468749999,3.3987619873046877,-247.3570610687023,-139.38102671755726,48.03390458015267,0
34491,-0.7745821166992191,-4.118307946777343,2.069980065917969,-228.59370229007635,-164.36575954198472,75.5377213740458,0
34516,-0.621353210449219,-4.812626428222655,1.1984906616210937,-217.44103053435114,-156.26652290076336,100.18657633587786,0
34541,-1.014002282714844,-4.352939709472656,0.11152310791015624,-196.28835877862596,-172.00698091603053,122.1789427480916,0
34566,-2.0698452148437503,-4.084789123535156,-1.1238849487304687,-183.57080152671756,-163.21308778625954,146.32398091603054,0
34591,-3.264551843261719,-4.33139189453125,-2.7327884643554685,-160.86851145038167,-172.6711030534351,179.2705458015267,0
34616,-3.0706215087890625,-5.284284155273437,-4.461402062988281,-153.86851145038167,-106.12148473282443,195.85069847328245,0
34641,-4.804023510742187,-5.468637683105468,-4.624207775878906,-123.6013358778626,-94.56423282442748,195.02627099236642,0
34666,-6.66671240234375,-5.487791296386718,-5.0120684448242185,-74.73874045801527,-120.65583587786259,189.2705458015267,0
34691,-7.9308508789062495,-6.31618507080078,-5.814126000976563,-32.54026717557252,-119.39629389312977,172.9194007633588,0
34716,-9.149499523925781,-6.749535571289062,-6.328879357910156,0.9253816793893129,-84.59476717557251,146.77436259541986,0
34741,-9.76959775390625,-6.984167333984375,-6.319302551269531,31.391030534351145,-54.49553053435115,118.96520229007633,0
34766,-9.716925317382813,-6.799813806152343,-5.220363989257812,65.7192748091603,-49.014614503816794,96.75146183206107,0
34791,-9.76959775390625,-6.550816833496093,-4.300990551757812,96.93301526717556,-59.930645038167945,84.63695801526718,0
34816,-10.126333801269531,-6.816573217773437,-3.8006024047851557,114.51316793893129,-49.61003435114504,78.92703435114504,0
34842,-10.155064221191406,-6.830938427734375,-3.276272241210937,118.3986641221374,-15.26652290076336,75.07970610687023,0
34867,-9.987470104980469,-7.000926745605468,-2.2180351074218745,117.66583969465648,17.382332061068702,70.04153816793894,0
34892,-10.018594726562501,-6.656161706542968,-0.8485517578125,121.01698473282443,28.168591603053436,64.76672900763359,0
34917,-10.329840942382813,-6.560393640136718,0.15940714111328125,128.3986641221374,19.680041984732824,59.11787404580153,0
34942,-10.22928447265625,-6.45744296875,0.7771111694335937,129.6429389312977,23.657141221374047,49.78962977099237,0
34967,-10.13351640625,-5.976208435058593,1.2655283081054687,123.475,36.91668320610687,41.5377213740458,0
34992,-10.131122204589843,-5.607501379394531,2.1442003173828126,116.39103053435115,49.85561450381679,40.34688167938932,0
35017,-10.083238171386718,-5.571588354492187,2.8409130004882814,105.7192748091603,62.939583969465644,42.91940076335878,0
35042,-9.815087585449218,-5.044863989257812,3.243138879394531,91.67347328244274,66.71820992366412,45.377416030534356,0
35067,-9.791145568847657,-4.652214916992187,3.34608955078125,71.85667938931297,70.52737022900764,49.16367557251909,0
35092,-10.12154539794922,-4.099154333496093,3.99731240234375,55.48263358778626,57.29072900763359,58.133141221374046,0
35117,-10.179006237792969,-4.218864416503906,4.117022485351562,41.948282442748095,49.305996183206105,65.41558396946566,0
35142,-9.970710693359376,-4.108731140136718,4.004495007324218,30.261259541984735,38.84798091603053,71.03390458015268,0
35167,-10.521377075195312,-3.957896435546875,3.683671984863281,16.627671755725192,30.825080152671756,76.22474427480917,0
35193,-10.449551025390624,-4.336180297851562,3.1114577880859375,3.2994274809160307,28.54263740458015,78.0491717557252,0
35218,-10.502223461914063,-3.771148706054687,2.790634765625,-2.120419847328244,14.481568702290076,74.79726335877864,0
35243,-11.61552723388672,-3.6322850097656247,2.4961479614257813,-0.6700381679389312,6.680041984732824,75.02627099236642,0
35268,-12.147040002441408,-3.0840128295898435,1.8473193115234374,1.6047709923664124,10.634240458015269,71.70566030534351,0
35293,-12.328999328613282,-2.976273754882812,2.180113342285156,13.337595419847329,9.573171755725191,66.05680534351146,0
35318,-12.862906298828126,-2.954725939941406,2.455446533203125,34.50553435114504,-11.785606870229007,61.60642366412214,0
35343,-13.24358436279297,-2.775160815429687,2.5943102294921876,50.49026717557252,-28.92301145038168,54.80489694656489,0
35368,-13.497369738769532,-2.533346447753906,2.3572842651367187,54.49026717557252,-39.27415648854962,46.575889312977104,0
35393,-13.420755285644532,-2.3250509033203124,2.721202917480469,46.74217557251909,-34.701637404580154,38.568255725190845,0
35418,-13.475821923828125,-1.9587380493164062,2.781057958984375,36.200190839694656,-33.10621755725191,28.186576335877863,0
35443,-12.915578735351563,-1.7576251098632811,2.9510462768554686,23.879580152671757,-26.953545801526715,17.469019083969464,0
35468,-13.121480078125,-1.5205991455078125,2.8409130004882814,8.810877862595419,-8.602400763358778,12.011003816793894,0
35493,-12.757561425781251,-1.3075151977539061,3.3293301391601564,-2.2501908396946564,8.466301526717558,13.73619465648855,0
35518,-12.175770422363282,-1.0537298217773436,3.4490402221679686,-5.234923664122138,7.817446564885497,17.125507633587787,0
35543,-12.111126977539062,-1.0872486450195311,3.4873474487304685,-3.738740458015267,8.527370229007634,20.843064885496183,0
35569,-12.056060339355469,-0.7712140258789062,3.11624619140625,0.9024809160305343,-2.7398053435114504,21.38504961832061,0
35594,-11.862130004882811,-0.711358984375,2.8337303955078124,1.4139312977099237,-4.174919847328244,20.835431297709924,0
35619,-11.819034375000001,-0.7568488159179687,3.233562072753906,-0.34179389312977104,6.443400763358779,22.2171106870229,0
35644,-12.087184960937499,-0.7616372192382812,3.4825590454101563,6.63530534351145,-1.0222480916030534,24.911767175572518,0
35669,-12.161405212402343,-0.6586865478515624,3.214408459472656,11.245992366412214,-9.434461832061068,24.43085114503817,0
35694,-12.391248571777343,-0.2564606689453125,3.070756359863281,9.352862595419847,-9.724538167938931,21.36978244274809,0
35719,-12.319422521972655,-0.2133650390625,2.9989303100585936,4.856679389312977,-4.846675572519084,18.308713740458014,0
35744,-12.317028320312499,-0.26843167724609374,2.8528840087890623,2.8032442748091606,-4.663469465648856,13.24001145038168,0
35769,-12.024935717773438,-0.09126075439453124,2.6613478759765625,2.8643129770992366,-5.213087786259543,5.705660305343511,0
35794,-11.790303955078123,-0.11759697265624999,2.5009363647460936,3.925381679389313,-7.442095419847329,-0.04243129770992371,0
35819,-11.617921435546876,-0.04577092285156251,2.3548900634765624,3.589503816793893,-6.365759541984733,-1.8134236641221375,0
35844,-11.862130004882811,-0.029011511230468745,2.330948046875,2.329961832061069,1.6953091603053436,-1.2256374045801528,0
35869,-11.603556225585937,-0.24927806396484373,2.436292919921875,7.436832061068702,0.7029427480916032,-0.7523549618320612,0
35894,-11.720872106933594,-0.261249072265625,2.3860146850585937,15.543702290076336,-4.1138511450381685,2.698026717557252,0
