t_ms,ax,ay,az,gx,gy,gz,label
0,6.9706602539062485,3.02359560546875,2.069980065917969,1.6505725190839695,3.168591603053435,-1.5920496183206105,0
25,6.98263126220703,3.0164130004882814,2.0388554443359377,2.475,-1.9306450381679388,-3.0271641221374046,0
50,6.9874196655273435,2.891914514160156,2.0675858642578127,3.093320610687023,-2.24362213740458,-2.8744923664122135,0
75,7.028121093749999,2.9613463623046874,2.2256031738281252,2.97881679389313,0.06172137404580158,-1.1187671755725188,0
100,7.116706555175781,3.0642970336914064,2.251939392089844,2.1238549618320612,3.023553435114504,0.5682557251908397,0
125,7.17416739501953,3.1049984619140627,2.266304602050781,1.5589694656488549,1.0006526717557254,1.7667290076335878,0
150,6.989813867187499,3.033172412109375,2.3429190551757815,1.2841603053435113,-3.022248091603053,3.1255076335877865,0
175,6.755182104492186,2.975711572265625,2.237574182128906,-0.6318702290076336,-0.5871335877862593,4.270545801526717,0
200,6.72166328125,2.915856530761719,2.3141886352539065,-1.3646946564885498,-0.7398053435114504,5.178942748091603,0
225,6.733634289550781,2.860789892578125,2.2926408203125,-1.0669847328244275,-1.3199580152671753,4.530087786259542,0
250,6.654625634765623,2.800934851074219,2.170536535644531,-0.5860687022900765,-2.060416030534351,3.0949732824427483,0
275,6.755182104492186,2.8751551025390625,2.251939392089844,-1.0364503816793893,-1.8314083969465647,0.9117671755725191,0
300,6.858132775878906,3.0044419921875,2.3429190551757815,-1.7998091603053434,-3.2054541984732823,-0.7752557251908397,0
325,6.94432403564453,2.9637405639648438,2.189690148925781,-1.8608778625954199,-2.892477099236641,-2.752354961832061,0
350,7.080793530273437,2.707560986328125,2.184901745605469,-2.502099236641221,-1.6176679389312976,-4.385942748091604,0
375,7.301060083007811,2.79375224609375,2.129835107421875,-3.02118320610687,-1.4726297709923664,-5.134034351145038,0
400,7.404010754394531,2.918250732421875,2.271093005371094,-2.6776717557251906,-2.8619427480916033,-4.393576335877863,0
426,7.444712182617187,2.975711572265625,2.091527880859375,-2.7005725190839693,-4.052782442748091,-0.9889961832061068,0
451,7.336973107910155,3.0595086303710937,2.0627974609375,-4.19675572519084,-3.884843511450381,3.781996183206107,0
476,7.1598021850585924,3.1935839233398435,1.9406931762695312,-5.899045801526718,-2.3733931297709923,8.24001145038168,0
501,7.035303698730467,3.356389636230469,1.9335105712890623,-7.532633587786259,0.870881679389313,10.362148854961832,0
526,7.076005126953125,3.6484822387695313,1.8784439331054685,-6.418129770992366,-0.4191946564885496,10.514820610687023,0
551,6.94432403564453,3.8232589599609375,1.9191453613281249,-3.410496183206107,-4.106217557251908,10.178942748091602,0
576,7.030515295410155,4.1225341674804685,2.12025830078125,-1.0364503816793893,4.504469465648855,8.346881679389313,0
602,7.169378991699218,4.2709746704101565,2.0843452758789063,3.520801526717557,3.6189732824427483,7.05680534351145,0
627,6.90601680908203,4.311676098632812,2.170536535644531,9.001717557251908,-6.678736641221374,8.04917175572519,0
652,6.499002526855468,4.012400891113281,2.0388554443359377,11.97881679389313,-8.090950381679388,11.285812977099237,0
677,6.281130175781249,3.7801633300781248,1.842530908203125,10.230725190839694,2.573171755725191,13.407950381679388,0
702,6.3314084106445305,3.4713113159179687,2.00533662109375,9.711641221374045,4.748744274809161,14.54535496183206,0
727,6.04410421142578,2.3101235107421876,1.9047801513671874,11.841412213740458,2.573171755725191,14.171309160305343,0
752,6.1255070678710934,1.4937007446289061,1.9526641845703123,13.444465648854962,6.069354961832062,11.316347328244275,0
777,6.503790930175781,0.8424778930664062,2.0029424194335936,7.406297709923664,16.977751908396947,6.38504961832061,0
802,7.2316282348632805,0.34448394775390623,2.1250467041015626,1.2536259541984731,19.351797709923666,0.26291221374045803,0
827,7.688920751953124,-0.24688386230468748,2.0556148559570313,-2.8990458015267175,9.061721374045801,-5.584416030534351,0
852,8.119877050781248,-0.7831850341796874,1.9837888061523434,-6.830343511450382,-0.9840801526717557,-10.653118320610687,0
877,8.622659399414061,-1.238083349609375,1.7707048583984373,-11.425763358778626,-7.671103053435115,-14.080599236641222,0
902,8.641813012695312,-1.7336830932617187,1.6964846069335937,-16.219656488549617,-10.655835877862595,-12.317240458015268,0
927,8.984183850097654,-1.8390279663085938,1.5791687255859375,-16.1662213740458,-17.495530534351143,-6.401209923664123,0
952,9.180508386230468,-1.602002001953125,1.6078991455078124,-14.257824427480916,-20.312324427480917,0.27817938931297703,0
978,9.41514014892578,-1.582848388671875,1.7635222534179686,-14.257824427480916,0.05408778625954214,4.835431297709923,0
1003,8.931511413574217,-1.8964888061523435,1.5241020874023437,-8.769274809160306,11.09225572519084,12.110240458015268,0
1028,8.84771435546875,-2.044929309082031,1.8090120849609375,-3.2654580152671753,14.535003816793894,19.873599236641223,0
1053,8.402392846679685,-2.111966955566406,2.3189770385742188,-9.807442748091603,44.19149236641221,16.514820610687025,0
1078,8.210856713867187,-2.4256073730468746,2.4434755249023437,-18.34179389312977,71.41286641221375,11.339248091603054,0
1103,8.414363854980468,-2.3657523315429683,2.1418061157226562,-10.845610687022901,37.19149236641221,4.331614503816794,0
1128,7.969042346191405,-2.2340712402343748,2.204055358886719,10.719274809160305,-62.0527824427481,-14.691286259541986,0
1153,3.429635998535156,-1.4751093139648437,2.9127390502929686,-2.7158396946564887,-36.381026717557255,-26.98899618320611,0
1178,1.9428367675781244,0.7874112548828124,3.891967529296875,-40.34179389312977,86.3288969465649,-9.927927480916031,0
1203,1.1383850097656247,7.467233886718749,5.072308947753906,-48.8456106870229,119.7792786259542,20.469019083969464,0
1228,-0.36277943115234423,17.2547302734375,6.688395068359374,-29.723473282442747,110.33653053435116,34.09497328244275,0
1253,1.9093179443359372,19.74410144958496,6.800922546386718,-10.975381679389313,153.4205,3.033904580152672,0
1278,6.747999499511718,13.787926269531248,5.2710276855468745,18.558969465648858,175.8937824427481,-66.16456870229007,0
1303,11.206002990722656,5.949310034179687,2.4722059448242186,50.55896946564886,118.98538549618321,-136.60731679389312,0
1328,12.711955834960936,3.65566484375,2.532060986328125,52.09332061068702,3.351797709923664,-178.1416679389313,0
1353,6.463089501953124,8.161552368164061,4.986117687988281,54.48263358778626,-194.63293511450382,-132.71418702290077,0
1379,2.998679699707031,6.6364459106445315,4.5910744140625,25.536068702290077,-237.21308778625954,-54.660751908396946,0
1404,2.5006857543945307,5.518353735351562,5.038790124511718,-1.9295801526717558,-126.3352251908397,4.369782442748091,0
1429,3.1638796142578123,6.4496981811523435,4.524036767578124,-10.234923664122137,-12.59476717557252,39.8965,0
1454,4.1933863281249995,7.053036999511718,4.150541308593749,3.8872137404580154,6.4205000000000005,60.385049618320615,0
1479,4.691380273437499,7.189506494140625,3.4657996337890626,14.055152671755724,-6.426828244274809,66.68275954198474,0
1504,5.991431774902343,6.210278015136718,4.794581555175781,19.14675572519084,0.7105763358778627,59.18657633587787,0
1529,6.48463731689453,6.590956079101562,4.562343994140624,19.070419847328246,0.7869122137404582,51.522454198473284,0
1554,6.44633009033203,5.9253680175781245,3.4921358520507813,11.726908396946564,-25.56423282442748,49.86596564885497,0
1579,6.678567651367186,4.244638452148437,3.9685819824218753,-1.8150763358778623,-15.686370229007633,49.86596564885497,0
1604,7.303454284667969,4.184783410644531,3.9685819824218753,-5.761641221374046,13.183858778625956,46.94993511450382,0
1629,7.667372937011717,5.008388781738281,3.2479272827148438,-3.143320610687023,0.2601946564885498,43.43848473282443,0
1654,7.143042773437499,3.1552766967773436,2.3548900634765624,-2.3188931297709923,-35.86194274809161,40.44611832061069,0
1679,6.163814294433593,2.5423610717773437,2.1681423339843753,-1.7769083969465647,-36.373393129770996,41.65985877862596,0
1704,6.503790930175781,2.822482666015625,1.9813946044921875,-1.005916030534351,-8.510797709923663,37.46901908396947,0
1729,7.166984790039062,2.408285778808594,1.7683106567382811,7.421564885496183,-10.724538167938931,25.8583320610687,0
1754,6.94432403564453,1.740303515625,1.7443686401367187,18.933015267175573,-46.02988167938932,16.186576335877863,0
1780,6.429570678710937,1.1465415039062499,1.612687548828125,8.016984732824428,-30.594767175572517,9.522454198473282,0
1805,6.48463731689453,1.1800603271484373,1.4786122558593748,-3.967748091603053,-17.07568320610687,7.301080152671755,0
1830,6.554069165039063,0.38997377929687493,1.1122994018554686,-13.341793893129772,-23.205454198473284,6.591156488549618,0
1855,6.8006719360351555,0.12421739501953125,1.0093487304687498,-18.525,-27.793240458015266,2.6216908396946565,0
1880,6.860526977539062,-0.18224041748046874,1.2774993164062498,-25.311259541984732,-13.197820610687023,-4.393576335877863,0
1905,6.750393701171874,-0.9412023437499999,1.3493253662109375,-28.50973282442748,-0.12148473282442729,-4.592049618320611,0
1930,7.253176049804687,-1.8198743530273436,1.6677541870117185,-22.784541984732822,2.2601946564885496,-3.966095419847328,0
1955,7.4925962158203125,-2.3202624999999997,1.7922526733398436,-16.929580152671754,12.328896946564885,-4.0882328244274815,0
1980,7.755958398437499,-2.447155187988281,1.8018294799804686,-15.04408396946565,19.855614503816795,-4.149301526717558,0
2005,9.046433093261719,-2.964302746582031,1.7754932617187498,-15.8456106870229,20.54263740458015,-7.248538167938932,0
2030,8.720821667480468,-3.2587895507812497,1.62226435546875,-11.04408396946565,-1.5489656488549617,-8.485179389312977,0
2055,8.634630407714845,-3.7663603027343746,1.4857948608398437,-7.18912213740458,-10.205454198473282,-6.859225190839695,0
2080,8.122271252441404,-3.6514386230468747,1.2104616699218749,-5.379961832061069,-0.8772099236641222,-3.973729007633588,0
2105,8.385633435058594,-3.5341227416992185,1.4450934326171874,-5.555534351145038,31.59607251908397,-0.5767824427480915,0
2130,8.845320153808593,-3.5820067749023434,1.2391920898437498,1.162022900763359,43.09225572519084,1.4842862595419848,0
2155,8.90996359863281,-3.1725982910156247,1.5815629272460936,9.64293893129771,31.710576335877864,3.2552786259541984,0
2180,7.822996044921875,-3.684957446289062,1.4881890624999998,8.711641221374045,37.176225190839695,7.850698473282442,0
2205,7.3082426879882805,-3.704111059570312,1.58395712890625,-0.1356870229007634,68.48156870229008,16.942301526717557,0
2231,9.757510986328125,-1.7504425048828125,2.876826025390625,-13.326526717557252,130.26019465648855,15.247645038167938,0
2256,10.945035009765625,-1.575665783691406,3.0180839233398435,-6.471564885496184,103.75637786259543,8.415583969465649,0
2281,7.801448229980468,-2.104784350585937,3.219196862792969,12.45209923664122,15.176225190839695,15.865965648854962,0
2306,4.808696154785156,-1.9204308227539062,4.325318029785156,16.543702290076336,-2.24362213740458,25.614057251908395,0
2331,3.5014620483398433,0.5599620971679687,5.259056677246093,-9.906679389312977,120.73347709923665,15.820164122137404,0
2356,3.6331431396484373,3.5455315673828123,5.857607092285155,-6.746374045801527,126.93958396946566,2.7590954198473283,0
2381,2.941218859863281,7.88861337890625,6.551925573730468,18.413931297709926,60.72584351145038,-10.45464503816794,0
2406,0.645179467773437,12.428019726562498,6.844018176269531,49.016984732824426,-10.678736641221374,-16.82869083969466,0
2431,-2.364332019042969,17.755118420410156,6.721913891601562,36.00935114503817,33.756377862595414,-19.11876717557252,0
2456,2.2445061767578123,14.985027099609374,7.28455128173828,-20.17385496183206,202.48156870229008,-46.82869083969465,0
2481,13.150094738769528,3.9453632446289064,5.812117260742187,-11.54026717557252,227.28309541984734,-113.27143893129771,0
2506,13.420639526367186,4.151264587402344,3.195254846191406,18.887213740458016,48.23729389312977,-172.43937786259542,0
2531,4.830243969726562,6.550254650878906,8.44095068359375,39.74980916030535,-246.47262977099237,-126.24090458015267,0
2556,-0.35559682617187516,5.171194494628907,8.591785388183593,20.17729007633588,-240.16728625954198,-45.04243129770992,0
2581,1.3682283691406245,4.455328198242188,5.285392895507812,-46.616603053435114,-11.785606870229007,7.873599236641221,0
2606,4.914041027832031,5.616516003417969,4.538401977539062,-48.93721374045801,10.4205,21.965202290076334,0
2631,5.215710437011718,4.8360062622070314,4.5910744140625,-4.746374045801527,-85.09858396946565,22.652225190839694,0
2657,3.769612634277343,6.243796838378906,4.878378613281249,24.238358778625955,-84.6711030534351,19.346881679389313,0
2682,3.8534096923828116,7.476810693359375,4.294193408203125,22.803244274809163,-7.190187022900762,17.667492366412212,0
2707,4.691380273437499,6.8638950683593745,4.672477270507812,28.940648854961832,2.657141221374046,26.537721374045802,0
2732,5.280353881835937,6.715454565429687,5.182442224121093,42.8337786259542,-9.526064885496183,40.056805343511456,0
2757,5.210922033691405,6.890231286621094,5.299758105468749,46.383396946564886,-10.006980916030534,50.705660305343514,0
2782,5.316266906738281,6.456880786132812,5.227932055664062,21.31469465648855,36.985385496183206,56.17130916030535,0
2807,6.168602697753905,4.965293151855469,4.7658511352539055,1.0856870229007634,54.68767557251908,61.331614503816795,0
2832,7.3824629394531245,4.551096264648438,5.160894409179687,8.398664122137404,7.191492366412215,60.560622137404586,0
2857,6.266764965820312,3.761009716796875,5.285392895507812,19.245992366412214,-28.07568320610687,57.140774809160305,0
2882,5.184585815429687,2.5830625,4.682054077148437,17.391030534351145,-22.823774809160305,54.68275954198474,0
2907,6.326620007324219,2.6165813232421877,4.4378455078125,7.116221374045801,-18.38866030534351,44.568255725190845,0
2932,7.119100756835937,1.9940888916015624,3.992523999023437,2.8719465648854965,-46.63293511450382,31.23237786259542,0
2957,6.283524377441405,-0.0745013427734375,3.2670808959960937,3.0551526717557254,-71.25125572519083,24.407950381679388,0
2982,5.376121948242187,0.5743273071289062,3.4179156005859377,4.780343511450381,-73.8237748091603,23.850698473282442,0
3007,5.81426085205078,0.27744630126953124,3.3125707275390623,-13.059351145038168,-6.9153778625954185,22.522454198473284,0
3032,6.75278790283203,0.006901513671874998,3.070756359863281,-22.601335877862596,20.191492366412213,21.346881679389313,0
3058,6.939535632324218,-0.3977185668945312,3.075544763183594,-19.944847328244272,-1.9688129770992364,16.522454198473284,0
3083,6.206909924316405,-0.31392150878906244,3.650153161621094,-18.876145038167937,-6.770339694656489,9.369782442748091,0
3108,5.615542114257813,-1.0968254516601563,3.8584487060546873,-26.570801526717556,33.557904580152666,3.6674923664122137,0
3133,6.508579333496093,-1.544541162109375,3.7147966064453124,-27.120419847328243,35.260194656488544,-1.0042633587786258,0
3158,6.855738574218749,-2.0329583007812495,3.7171908081054688,-20.692938931297707,-0.45736259541984725,-7.874492366412214,0
3183,6.786306726074218,-2.679392749023437,4.040408032226562,-14.746374045801527,-20.174919847328244,-16.027164122137403,0
3208,6.48463731689453,-3.0648592163085935,4.136176098632812,-17.044083969465646,-7.594767175572519,-22.721820610687022,0
3233,7.497384619140624,-3.4168068603515622,4.301376013183593,-21.17385496183206,8.26782824427481,-27.210370229007633,0
3258,8.196491503906248,-3.723264672851562,4.231944165039062,-13.486832061068702,-24.434461832061068,-26.57678244274809,0
3283,7.894822094726561,-4.178162988281249,3.994918200683594,-9.418129770992367,-47.2207213740458,-23.011896946564885,0
3308,7.808630834960936,-3.938742822265625,3.9685819824218753,-20.555534351145038,-14.610034351145039,-16.92029389312977,0
3333,9.252334436035156,-3.1079548461914057,4.028437023925781,-27.433396946564883,13.031187022900763,-11.477545801526718,0
3358,9.901163085937497,-3.0744360229492185,3.8297182861328123,-19.082251908396945,-0.4802633587786258,-9.355408396946565,0
3383,8.900386791992187,-3.390470642089843,3.528048876953125,-8.334160305343511,-34.40392748091603,-3.187469465648855,0
3408,7.585970080566406,-3.3330098022460932,3.63339375,-12.410496183206106,-21.358125954198474,11.04917175572519,0
3433,8.074387219238279,-2.3633581298828124,4.160118115234375,-27.227290076335876,-0.6558358778625952,22.911767175572518,0
3458,8.622659399414061,-1.9371902343749998,4.775427941894531,-42.357061068702286,17.25256106870229,32.95756870229008,0
3484,9.470206787109372,-2.296320483398437,4.162512316894531,-49.13568702290076,42.04645419847328,33.827797709923665,0
3509,8.471824694824218,-2.7129115722656247,3.3867909790039064,-36.601335877862596,20.641874045801526,29.140774809160305,0
3534,6.554069165039063,-4.965855334472656,2.014913427734375,-11.555534351145038,-15.75507251908397,23.033904580152672,0
3559,3.467943225097656,-7.170915063476562,1.8185888916015625,-3.837977099236641,30.809812977099238,13.514820610687023,0
3584,3.654690954589843,-5.892411376953125,2.4674175415039064,-15.341793893129772,118.26019465648855,8.636958015267176,0
3609,0.8869938354492182,-0.510246044921875,3.642970556640625,-19.01354961832061,105.46630152671756,12.232377862595419,0
3634,-1.6676193359375002,6.6053212890625,5.850424487304687,-17.98301526717557,97.25256106870229,14.698026717557251,0
3659,-2.6899434448242188,17.460631616210936,8.156040686035155,-15.586068702290076,134.10752290076337,1.72856106870229,0
3684,1.3275269409179682,19.74410144958496,9.235825634765623,1.8032442748091602,165.90141603053436,-49.32487404580152,0
3709,5.359362536621093,12.222118383789061,9.767338403320311,40.74980916030535,186.16095801526717,-115.68365267175572,0
3734,8.668149230957031,6.495188012695312,8.47207530517578,69.05515267175572,174.6495076335878,-156.83632442748092,0
3759,13.78934658203125,2.815300061035156,6.760221118164062,67.20019083969466,55.061721374045796,-173.515713740458,0
3784,7.035303698730467,5.300481384277344,7.964504553222655,57.139122137404584,-169.53369847328244,-136.82869083969464,0
3809,2.172680126953124,5.077820629882813,8.079426232910155,22.63530534351145,-236.36575954198472,-67.5538816793893,0
3834,1.0593763549804684,4.005218286132812,6.6979718749999995,-22.196755725190837,-87.41919465648854,-10.011896946564885,0
3859,3.6690561645507804,4.476876013183594,5.706772387695312,-33.32652671755725,-0.03751526717557252,25.86596564885496,0
3885,5.500620434570313,5.075426428222656,5.347642138671874,4.681106870229007,-37.67873664122138,37.79726335877863,0
3910,5.383304553222655,5.274145166015625,5.2901812988281245,34.391030534351145,-63.84667557251908,30.537721374045802,0
3935,5.096000354003905,4.7593918090820315,5.9844997802734365,45.45973282442748,-50.92301145038168,18.20947709923664,0
3960,5.78313623046875,5.051484411621094,6.559108178710937,46.5513358778626,-21.625301526717557,14.323980916030534,0
3985,7.459077392578124,5.9445216308593745,6.130546081542968,50.14675572519084,-37.11385114503817,11.285812977099237,0
4010,6.894045800781249,5.362730627441406,5.287787097167969,49.60477099236641,-73.04514885496182,12.339248091603054,0
4035,5.92918253173828,4.462510803222656,5.3644015502929685,35.253625954198476,-36.0527824427481,17.843064885496183,0
4060,6.86770958251953,4.716296179199219,5.560726086425781,30.955916030534354,-5.235988549618321,28.285812977099237,0
4085,7.042486303710937,4.926985925292969,5.436227600097656,36.56660305343512,-23.40392748091603,39.66749236641222,0
4110,6.288312780761719,4.910226513671875,4.507277355957031,32.13148854961832,-47.7321717557252,48.59115648854962,0
4135,6.065652026367187,3.195978125,3.6980371948242188,9.093320610687023,-24.472629770992366,51.9346679389313,0
4160,6.9706602539062485,2.5854567016601564,3.4873474487304685,-0.3188931297709924,-18.75507251908397,50.2171106870229,0
4185,6.9131994140624995,3.2199201416015626,3.0444201416015626,1.0551526717557251,-42.12911832061069,44.759095419847334,0
4210,6.506185131835937,2.6955899780273436,2.663742077636719,2.475,-67.64820229007633,38.92703435114504,0
4235,6.216486730957031,1.4051152832031248,3.1306114013671875,5.452099236641221,-69.70163740458015,33.81253053435115,0
4261,5.459919006347655,1.3524428466796874,3.2263794677734374,6.6047709923664115,-49.39629389312977,32.36978244274809,0
4286,6.022556396484375,0.8592373046874999,2.943863671875,2.9406488549618324,-23.40392748091603,28.133141221374046,0
4311,6.163814294433593,0.820930078125,2.359678466796875,-1.639503816793893,-21.297057251908395,24.54535496183206,0
4336,6.67617344970703,0.7706518432617186,2.3453132568359374,-11.631870229007633,-23.45736259541985,19.331614503816795,0
4361,6.455906896972656,0.543202685546875,2.1633539306640626,-23.86087786259542,-22.365759541984733,14.949935114503816,0
4386,5.991431774902343,-0.30434470214843745,1.8209830932617186,-34.112786259541984,-10.518431297709924,15.011003816793894,0
4411,6.537309753417968,-0.9603559570312499,1.844925109863281,-39.25019083969465,16.596072519083968,12.8965,0
4436,7.042486303710937,-1.1854109130859374,2.0747684692382813,-32.731106870229006,12.145690839694657,8.934667938931298,0
4461,7.030515295410155,-1.9946510742187498,2.2926408203125,-20.49446564885496,-4.556599236641221,5.079706106870229,0
4486,7.4399237792968735,-3.0696476196289058,2.340524853515625,-15.212022900763358,12.305996183206107,-0.24853816793893124,0
4511,8.340143603515624,-3.3210387939453123,2.9127390502929686,-0.8379770992366412,6.970118320610688,-3.515713740458015,0
4536,8.35690301513672,-3.5844009765625,3.2814461059570315,6.642938931297709,7.359431297709923,-5.256171755725191,0
4561,8.447882678222655,-3.8477631591796873,2.991747705078125,9.215458015267176,5.90904961832061,-4.240904580152672,0
4586,8.512526123046875,-3.6011603881835934,3.176101232910156,11.070419847328244,-1.5336984732824428,0.2858129770992366,0
4611,8.210856713867187,-3.0002157714843745,3.3532721557617187,6.558969465648855,-5.052782442748091,7.2476450381679385,0
4637,8.122271252441404,-2.803891235351562,3.3628489624023437,-12.891412213740459,33.60370610687023,13.39268320610687,0
4662,8.325778393554685,-3.0265519897460935,2.88640283203125,-20.128053435114502,41.71820992366412,18.308713740458014,0
4687,7.35373251953125,-3.2947025756835933,2.2256031738281252,-13.53263358778626,9.359431297709923,21.186576335877863,0
4712,6.381686645507812,-3.9985978637695307,2.091527880859375,-6.089885496183206,4.954851145038168,13.55298854961832,0
4740,6.803066137695311,-3.3234329956054682,2.88640283203125,-8.433396946564885,86.8556145038168,-3.6073167938931294,0
4765,8.874050573730468,-4.3505455078125,2.3141886352539065,12.948282442748091,63.03118702290076,-17.653118320610687,0
4790,7.0831877319335925,-6.014515661621093,2.5296667846679686,38.92538167938932,-40.258889312977104,-22.744721374045803,0
4815,3.336262133789062,-7.841291528320312,2.7834521606445315,16.467366412213742,18.95485114503817,-18.973729007633587,0
4840,2.005086010742187,-4.783896008300781,3.659729968261719,-29.47919847328244,152.4434007633588,-8.691286259541986,0
4865,1.3849877807617181,2.2430858642578126,5.37637255859375,-43.75400763358778,153.97011832061068,0.1713091603053435,0
4890,-0.879926989746094,13.019387536621092,7.847188671874999,-14.02881679389313,49.428133587786256,8.629324427480917,0
4915,-1.1049819458007815,19.74410144958496,8.213501525878906,18.894847328244275,25.794545801526716,-3.9508282442748093,0
4940,2.323514831542968,18.432677490234372,8.972463452148437,7.612404580152671,197.82508015267177,-59.51571374045801,0
4965,10.98573643798828,6.923750109863281,9.60213848876953,45.444465648854965,251.55027099236642,-121.27907251908397,0
4990,16.98740144958496,2.293364099121094,3.72916181640625,82.78797709923664,201.1762251908397,-187.31724045801528,0
5016,6.458301098632812,10.17986436767578,6.573473388671874,89.91011450381679,-198.26652290076336,-157.88212595419847,0
5041,-0.20955052490234394,2.915856530761719,9.784097814941406,67.91774809160304,-248.71690458015266,-60.39357633587786,0
5066,0.1878869506835934,2.7745986328125,6.891902209472655,-14.2043893129771,-2.5718664122137405,-3.004263358778626,0
5091,5.007414892578124,4.247032653808594,5.342853735351562,-41.70820610687023,58.32126335877862,16.8583320610687,0
5116,6.728845886230467,3.7945285400390625,5.651705749511718,-10.425763358778626,-50.23598854961833,8.262912213740458,0
5141,5.512591442871092,4.014795092773437,5.860001293945312,14.291793893129771,-112.02224809160305,-10.698919847328245,0
5166,4.76081212158203,5.439345080566406,6.130546081542968,10.184923664122136,-68.64820229007633,-19.378309160305342,0
5191,5.558081274414062,5.4920175170898435,5.6636767578125,6.368129770992366,-37.9764465648855,-16.622583969465648,0
5216,6.3314084106445305,5.9253680175781245,5.520024658203124,15.398664122137404,-52.53369847328245,-12.034797709923664,0
5241,5.644272534179687,6.26055625,5.536784069824218,19.184923664122138,-51.45736259541985,-5.485179389312978,0
5266,5.893269506835936,6.921355908203124,5.670859362792968,5.177290076335877,13.023553435114504,7.125507633587786,0
5291,7.66019033203125,7.263726745605468,5.804934655761718,2.5513358778625954,5.069354961832062,19.026270992366413,0
5316,7.365703527832031,7.352312207031249,5.697195581054687,8.238358778625955,-46.79324045801527,33.575889312977104,0
5341,6.080017236328124,6.746579187011719,5.024424914550781,-0.2959923664122137,-45.701637404580154,52.751461832061075,0
5367,6.774335717773437,6.310834484863281,4.466575927734374,-14.303625954198473,-19.785606870229007,60.98810305343512,0
5392,7.0472747070312485,5.903820202636719,3.8512661010742186,-9.089885496183207,-48.67873664122138,56.49191984732825,0
5417,5.840597070312499,5.405826257324219,3.3317243408203123,-4.463931297709924,-65.785606870229,53.2171106870229,0
5442,5.134307580566405,4.587009289550781,2.9175274536132814,-5.876145038167939,-43.85430916030535,54.36214885496184,0
5467,5.306690100097655,3.1624593017578126,2.9390752685546877,0.4902671755725191,-34.07568320610687,53.49191984732825,0
5492,5.586811694335936,2.1497119995117187,2.730779724121094,8.352862595419847,-22.434461832061068,50.03390458015267,0
5517,5.373727746582031,1.7546687255859374,2.4410813232421877,17.00171755725191,-36.17491984732825,47.55298854961833,0
5542,5.716098583984375,0.7012199951171875,2.247150988769531,14.97881679389313,-29.022248091603053,46.385049618320615,0
5567,5.47667841796875,1.0842922607421874,2.263910400390625,2.688740458015267,-6.556599236641221,44.9728358778626,0
5592,5.457524804687499,-0.5557358764648438,1.9095685546874999,-8.059351145038168,1.5579045801526719,43.91176717557252,0
5617,5.421611779785155,-0.7496662109375,2.024490234375,-19.1662213740458,10.92431679389313,40.751461832061075,0
5642,5.244440856933593,-1.34342822265625,2.654165270996094,-27.074618320610686,23.61133969465649,35.71329389312977,0
5667,5.965095556640624,-2.3585697265624996,2.6134638427734376,-36.82270992366412,48.84798091603053,29.942301526717557,0
5692,6.563645971679686,-2.351387121582031,2.6326174560546876,-31.34179389312977,24.80217938931298,18.278179389312978,0
5717,6.9874196655273435,-2.878111486816406,3.176101232910156,-15.639503816793892,-10.152019083969465,3.629324427480916,0
5742,7.4399237792968735,-4.163797778320312,3.4011561889648436,-1.4410305343511451,-5.671103053435115,-8.851591603053436,0
5768,7.712862768554687,-4.534899035644531,3.413127197265625,9.078053435114503,6.451034351145038,-16.477545801526716,0
5793,7.911581506347656,-4.319420886230469,3.393973583984375,18.14675572519084,-6.846675572519084,-19.973729007633587,0
5818,7.873274279785156,-4.091971728515625,3.5807213134765625,21.192557251908397,-8.297057251908397,-17.95082824427481,0
5843,7.782294616699217,-3.5867951782226557,3.853660302734375,11.62767175572519,22.809812977099238,-10.12640076335878,0
5868,8.440700073242187,-2.6530565307617184,4.231944165039062,3.192557251908397,36.176225190839695,1.6598587786259542,0
5893,8.859685363769529,-2.090419140625,4.066744250488281,-1.1891221374045804,25.23729389312977,9.339248091603054,0
5918,9.075163513183593,-2.9619085449218745,3.757892236328125,-5.387595419847329,23.702942748091605,12.05680534351145,0
5943,7.69849755859375,-3.579612573242187,3.38439677734375,-2.341793893129771,7.59607251908397,19.690393129770992,0
5968,6.870103784179686,-4.405612145996093,3.3891851806640627,-3.830343511450381,16.26782824427481,24.094973282442748,0
5993,6.803066137695311,-4.264354248046875,3.4657996337890626,-5.135687022900764,30.92431679389313,19.07207251908397,0
6018,6.767153112792967,-4.506168615722656,3.4634054321289063,6.4902671755725185,13.909049618320612,5.423217557251908,0
6043,7.267541259765625,-6.921918090820312,3.5424140869140626,20.48263358778626,-1.8390419847328245,-13.385942748091603,0
6068,6.166208496093749,-6.203657592773437,3.9254863525390626,23.803244274809163,-21.442095419847327,-26.882125954198475,0
6093,3.4847026367187492,-4.3026614746093745,4.251097778320312,2.9177480916030536,4.802179389312977,-28.698919847328245,0
6119,0.48476795654296856,-0.2827968872070312,4.966964074707031,-26.1662213740458,82.87088167938931,-17.515713740458015,0
6144,-0.7266980834960941,8.037053881835936,6.015624401855468,-31.441030534351142,102.87088167938931,1.346881679389313,0
6169,-1.6053700927734378,17.556399682617187,6.176035913085937,-5.715839694656489,55.63424045801526,14.575889312977099,0
6194,0.24055938720703107,19.74410144958496,6.595021203613281,22.581870229007635,27.840347328244274,-5.668385496183206,0
6219,3.472731628417968,15.183745837402341,7.8232466552734365,20.803244274809163,140.50446946564887,-68.09586641221374,0
6244,13.039961462402342,1.6589006591796873,3.3915793823242186,13.184923664122136,240.2525610687023,-151.54624809160305,0
6269,16.458881433105468,4.156052990722656,1.7323976318359373,34.765076335877865,13.000652671755725,-225.26380534351145,0
6294,2.6922218872070305,6.679541540527343,10.71304805908203,60.84904580152672,-248.71690458015266,-145.56914885496184,0
6319,0.9995213134765621,2.209567041015625,9.439332775878906,-25.280725190839693,-40.869576335877866,-39.72182061068702,0
6344,6.491819921875,5.037119201660156,4.641352648925781,-54.18912213740458,101.19912595419848,13.110240458015268,0
6369,9.46541838378906,4.867130883789063,4.150541308593749,-16.906679389312977,-41.12911832061069,22.04917175572519,0
6394,6.79109512939453,3.859171984863281,4.672477270507812,11.940648854961832,-66.16728625954198,9.70566030534351,0
6419,6.293101184082031,4.998811975097656,4.236732568359375,32.41393129770992,-27.373393129770992,-3.0958664122137405,0
6444,5.598782702636718,5.159223486328125,3.6764893798828124,52.36049618320611,-27.464996183206107,-3.447011450381679,0
6470,6.2212751342773425,5.367519030761718,4.454604919433593,68.73454198473281,-13.113851145038167,-0.18746946564885503,0
6495,5.7879246337890615,6.873471875,5.146529199218749,71.36812977099235,14.28309541984733,10.621690839694656,0
6520,4.9619250610351555,7.043460192871094,4.978935083007812,43.68874045801527,32.03882061068702,35.30108015267176,0
6545,5.689762365722655,6.308440283203125,5.594244909667968,21.971183206106872,38.52737022900763,59.575889312977104,0
6570,5.905240515136717,6.574196667480469,5.304546508789062,20.8337786259542,13.046454198473283,71.13314122137405,0
6595,5.024174304199218,6.009165075683594,3.626211145019531,15.429198473282442,-15.75507251908397,72.85833206106871,0
6620,4.552516577148437,4.587009289550781,3.099486779785156,-3.0975190839694657,-12.457362595419847,70.14840839694656,0
6645,5.254017663574218,3.5742619873046877,4.078715258789062,-8.04408396946565,5.176225190839695,59.17130916030535,0
6670,5.728069592285155,4.09619794921875,4.054773242187499,-0.975381679389313,-1.9764465648854963,47.16367557251909,0
6695,5.297113293457031,3.6436938354492185,3.214408459472656,2.4673664122137406,-37.564232824427485,36.41558396946565,0
6720,5.038539514160155,2.56390888671875,3.185678039550781,0.20019083969465645,-49.319958015267176,30.598790076335877,0
6745,5.141490185546874,2.5208132568359374,3.7722574462890623,-1.8227099236641222,-31.159652671755726,27.05680534351145,0
6771,5.562869677734374,2.039578723144531,3.7459212280273437,2.994083969465649,-25.510797709923665,18.42321755725191,0
6796,6.111141857910156,1.740303515625,3.6238169433593748,5.009351145038168,-26.831408396946564,10.537721374045802,0
6821,6.367321435546875,1.043590832519531,4.0332254272460935,5.864312977099236,-30.39629389312977,5.598790076335877,0
6846,6.015373791503905,-0.0553477294921875,4.112234082031249,4.719274809160305,-12.854309160305343,2.0949732824427483,0
6871,6.501396728515624,-0.43841999511718754,3.9685819824218753,-0.807442748091603,7.054087786259542,-1.27143893129771,0
6896,6.827008154296874,-0.38574755859375,4.404326684570312,-4.318893129770993,12.44340076335878,-5.599683206106871,0
6921,7.068822521972655,-0.2923736938476562,4.969358276367187,-3.02118320610687,-5.388660305343512,-6.141667938931298,0
6946,6.910805212402344,-1.2979383911132811,4.8951380249023435,-5.937213740458016,-3.022248091603053,-11.363041984732824,0
6971,6.999390673828125,-0.9412023437499999,4.971752478027343,-13.257824427480916,6.809812977099236,-15.355408396946565,0
6996,7.585970080566406,-1.26681376953125,4.883167016601562,-15.486832061068702,4.229660305343511,-13.927927480916031,0
7021,7.504567224121092,-1.61157880859375,4.447422314453124,-5.425763358778626,-16.121484732824428,-9.821057251908398,0
7046,6.75278790283203,-2.4112421630859373,4.203213745117187,3.711641221374046,-9.59476717557252,-3.0729656488549617,0
7071,6.929958825683593,-3.3306156005859373,4.136176098632812,9.368129770992367,21.45103435114504,3.72856106870229,0
7097,7.554845458984373,-3.1031664428710934,4.267857189941406,12.933015267175572,32.618973282442745,6.690393129770992,0
7122,8.045656799316404,-2.217311828613281,4.492912145996093,9.116221374045802,33.931950381679385,4.476652671755725,0
7147,9.099105529785156,-1.7408656982421875,5.038790124511718,6.383396946564885,19.80217938931298,-1.8057900763358776,0
7172,9.278670654296874,-1.7983265380859375,4.835282983398437,2.223091603053435,-9.41919465648855,-7.29433969465649,0
7197,8.438305871582031,-2.0114104858398436,4.303770214843749,-2.8532442748091604,-54.53369847328245,-5.721820610687023,0
7222,6.927564624023437,-2.3753291381835933,4.3516542480468745,-13.334160305343511,-66.23598854961831,-2.4241106870229006,0
7247,7.444712182617187,-2.2436480468749997,4.322923828124999,-29.044083969465646,-22.54896564885496,-4.546248091603053,0
7272,7.811025036621094,-3.081618627929687,3.4155213989257813,-17.18148854961832,-64.27415648854961,-9.523347328244276,0
7297,5.665820349121094,-4.182951391601562,3.4107329956054686,-14.837977099236642,-58.18255343511451,-13.355408396946565,0
7322,6.961083447265625,-1.4463788940429687,3.853660302734375,-45.85324427480916,61.260194656488544,-19.653118320610687,0
7347,9.98974854736328,-0.4503910034179688,3.4011561889648436,-38.868511450381675,35.41286641221374,-28.179835877862597,0
7372,7.597941088867187,-2.705728967285156,2.86724921875,-16.21202290076336,-20.831408396946564,-26.385942748091605,0
7397,3.714545996093749,-3.8286095458984373,3.2072258544921874,-8.288358778625955,7.313629770992366,-16.27907251908397,0
7422,1.3634399658203122,-0.7496662109375,3.7650748413085937,-10.776908396946565,56.63424045801526,-6.248538167938932,0
7448,-1.2893354736328129,7.661164221191406,4.617410632324218,-22.35706106870229,49.90141603053435,1.6674923664122137,0
7473,-3.5207314208984375,19.74410144958496,8.223078332519531,-27.63950381679389,29.466301526717558,-2.60731679389313,0
7498,1.0067039184570308,19.74410144958496,13.037817871093749,11.894847328244275,83.35943129770993,-54.492812977099234,0
7523,15.422192114257811,0.9214865478515624,7.631710522460937,19.429198473282444,251.55027099236642,-154.55388167938932,0
7548,16.98740144958496,6.713060363769531,-4.432671643066406,-14.593702290076337,130.75637786259543,-249.24090458015266,0
7573,1.0282517333984371,12.047341662597654,10.454474279785156,56.97118320610687,-248.71690458015266,-135.309606870229,0
7598,-6.338706774902343,-1.1542862915039063,7.818458251953125,-69.08988549618321,-86.11385114503817,19.58352290076336,0
7623,1.8446744995117186,4.55588466796875,1.58395712890625,-120.04408396946566,237.66477480916032,92.2552786259542,0
7648,9.551609643554688,5.202319116210937,0.061244873046874995,-61.41049618320611,60.435767175572515,86.30108015267176,0
7673,6.585193786621093,3.8998734130859374,1.5001600708007812,19.742175572519084,-105.8619427480916,47.59879007633588,0
7698,2.024239624023437,4.656441137695312,3.403550390625,38.36049618320611,-29.480263358778625,20.36978244274809,0
7723,4.621948425292969,3.6029924072265627,3.621422741699219,49.24599236641222,57.97011832061068,8.346881679389313,0
7748,5.799895642089843,4.031554504394531,4.442633911132812,73.26889312977099,38.90141603053435,2.2552786259541984,0
7773,5.455130603027343,5.367519030761718,4.612622229003906,77.54370229007633,34.86324809160305,0.446118320610687,0
7798,5.780742028808594,5.429768273925781,5.378766760253906,67.37576335877863,48.84034732824427,4.079706106870229,0
7824,7.011361682128906,5.841570959472656,5.821694067382812,67.85667938931297,39.7792786259542,8.552988549618322,0
7849,7.226839831542969,7.438503466796875,5.342853735351562,66.40629770992366,28.512103053435116,9.407950381679388,0
7874,5.052904724121093,9.756090673828124,5.7594448242187495,65.36812977099235,-13.442095419847329,22.110240458015266,0
7899,3.884534313964843,7.998746655273437,5.41467978515625,44.78034351145038,-9.220721374045802,45.86596564885497,0
7924,5.213316235351562,6.643628515625,5.192019030761718,12.29942748091603,52.3823320610687,65.53008778625954,0
7949,6.487031518554686,6.672358935546875,4.935839453124999,10.192557251908397,24.878515267175572,74.27817938931298,0
7974,5.227681445312499,5.453710290527344,4.720361303710937,16.413931297709926,-31.419194656488546,75.47665267175573,0
7999,4.933194641113281,3.2965345947265625,3.973370385742187,8.230725190839694,-14.89247709923664,70.62932442748092,0
8024,6.065652026367187,2.3627959472656253,3.9159095458984376,1.1314885496183207,16.7792786259542,58.12550763358779,0
8049,6.585193786621093,2.1305583862304687,3.7626806396484374,12.184923664122136,-13.144385496183206,44.47665267175573,0
8074,5.747223205566406,1.5942572143554685,4.117022485351562,28.391030534351145,-62.747438931297715,34.44611832061069,0
8099,4.983472875976562,1.3237124267578124,3.9446399658203126,20.20782442748092,-29.617667938931298,26.07970610687023,0
8124,6.388869250488281,0.4426462158203125,3.92069794921875,4.3757633587786255,12.42813358778626,16.636958015267176,0
8149,6.848555969238281,-0.3618055419921875,3.8201414794921873,6.612404580152671,-27.022248091603053,10.537721374045802,0
8174,5.989037573242187,-1.24766015625,3.5615677001953125,5.1620229007633585,-60.15965267175573,7.507187022900763,0
8200,5.66821455078125,-1.582848388671875,3.8369008911132814,-18.82270992366412,4.786912213740458,3.1255076335877865,0
8225,7.327396301269531,-1.9371902343749998,4.093080468749999,-39.99064885496183,54.00828625954198,-3.645484732824427,0
8250,9.020096875,-1.4631383056640626,3.9374573608398435,-29.67003816793893,-22.22835496183206,-13.77525572519084,0
8275,8.273105957031248,-2.8421984619140623,3.654941564941406,-22.608969465648855,-72.1443854961832,-30.22563740458015,0
8300,8.993760656738282,-3.404835852050781,3.664518371582031,-42.96011450381679,-0.37339312977099226,-40.859225190839695,0
8325,9.623435693359372,-2.4160305664062496,3.7914110595703123,-37.784541984732826,-4.968812977099237,-34.00426335877862,0
8350,8.428729064941404,-2.303503088378906,4.0140718139648435,-22.51736641221374,-43.12148473282443,-13.515713740458015,0
8375,7.1574079833984365,-2.3968769531249996,4.064350048828125,-28.234923664122135,-0.11385114503816784,11.522454198473282,0
8400,8.002561169433594,-1.7672019165039061,4.524036767578124,-45.30362595419847,96.19149236641222,29.51482061068702,0
8425,9.972989135742186,-1.15189208984375,5.079491552734375,-36.57843511450382,81.03118702290077,36.15604198473283,0
8450,8.644207214355468,-1.372158642578125,5.055549536132812,-18.83797709923664,12.702942748091603,39.9346679389313,0
8475,6.5780111816406235,-2.0209872924804686,4.691630883789062,-14.70057251908397,-8.678736641221374,40.247645038167946,0
8500,5.933970935058594,-2.332233508300781,4.61022802734375,-31.7692748091603,45.489202290076335,29.659858778625953,0
8525,6.233246142578124,-3.342586608886718,4.136176098632812,-33.12041984732824,53.29072900763359,17.972835877862597,0
8550,5.874115893554687,-3.878887780761718,3.156947619628906,-24.29599236641221,29.168591603053436,9.407950381679388,0
8576,5.471890014648436,-4.661791723632812,2.8361245971679687,-8.998282442748092,-5.76270610687023,-6.60731679389313,0
8601,3.563711291503906,-5.207669702148437,3.0731505615234376,-6.105152671755725,26.222026717557252,-19.042431297709925,0
8626,4.037763220214843,-3.933954418945312,3.317359130859375,-0.27309160305343516,32.21439312977099,-26.882125954198475,0
8651,3.1016303710937496,0.6317881469726562,3.3149649291992187,24.955916030534354,-72.93064503816794,-44.89739312977099,0
8676,0.10887829589843712,6.028318688964844,3.681277783203125,22.696374045801527,-112.83140839694656,-49.9508282442748,0
8701,-3.9492935180664066,12.289156030273436,5.52960146484375,16.31469465648855,-99.31232442748092,-30.95082824427481,0
8726,-7.013871643066406,16.088754064941405,8.630092614746093,-17.83034351145038,78.74874427480917,-10.355408396946565,0
8751,3.487096838378906,19.74410144958496,10.643616210937498,-21.899045801526714,251.55027099236642,-37.76762213740458,0
8776,13.923421874999999,9.310769165039062,5.467352221679687,49.711641221374045,249.42813358778628,-112.63785114503817,0
8801,16.98740144958496,1.8576193969726562,0.06842747802734374,70.18492366412214,72.3288969465649,-219.18746946564886,0
8826,5.598782702636718,9.219789501953123,9.185547399902344,89.06278625954198,-248.71690458015266,-137.17220229007634,0
8851,1.076135766601562,3.0116245971679687,10.047459997558592,-2.3265267175572517,-42.66346946564886,-3.973729007633588,0
8876,4.935588842773437,5.719466674804687,5.280604492187499,-31.65477099236641,90.07698854961832,68.33924809160305,0
8902,5.488649426269531,4.256609460449218,3.8991501342773436,-15.479198473282443,41.58843893129771,81.4079503816794,0
8927,5.146278588867187,3.1456998901367186,4.107445678710937,8.100954198473282,27.993019083969465,54.45375190839695,0
8953,5.1869800170898435,4.218302233886718,5.342853735351562,33.55896946564886,4.573171755725191,22.262912213740456,0
8978,4.432806494140625,3.9405748413085937,5.764233227539062,38.070419847328246,11.817446564885497,3.3774160305343512,0
9003,5.258806066894531,4.464905004882812,6.065902636718749,42.29942748091603,2.7487442748091606,0.05680534351145039,0
9028,5.244440856933593,5.712284069824219,5.658888354492187,45.139122137404584,-7.770339694656489,1.0033702290076336,0
9053,5.761588415527343,5.80086953125,5.725926000976562,40.719274809160304,-11.930645038167938,9.407950381679388,0
9078,5.725675390624999,5.932550622558594,6.199977929687499,43.1925572519084,-34.31232442748092,21.20184351145038,0
9103,5.033751110839843,7.682712036132812,5.632552136230468,42.99408396946565,-23.40392748091603,32.10260687022901,0
9128,4.933194641113281,6.89262548828125,4.466575927734374,39.1543893129771,7.825080152671756,48.064438931297715,0
9153,6.508579333496093,5.039513403320313,4.887955419921875,52.16965648854962,3.3975992366412218,55.827797709923665,0
9178,5.73764639892578,5.444133483886719,5.3572189453125,53.78034351145038,-0.37339312977099226,61.98810305343512,0
9203,5.383304553222655,5.606939196777343,5.397920373535156,35.513167938931296,9.229660305343511,65.43848473282443,0
9228,5.646666735839843,4.994023571777344,4.897532226562499,10.200190839694656,13.725843511450382,58.27817938931298,0
9253,6.489425720214842,3.811287951660156,3.8943617309570313,-15.097519083969466,3.9777519083969466,44.07970610687023,0
9278,7.068822521972655,3.1624593017578126,3.6094517333984375,-24.555534351145038,-36.63293511450382,28.2171106870229,0
9304,5.759194213867187,1.8767730102539062,3.4657996337890626,-24.63950381679389,-60.02988167938932,23.56062213740458,0
9329,5.428794384765625,1.5751036010742185,3.7602864379882814,-27.463931297709923,-42.5795,26.70566030534351,0
9354,5.486255224609374,1.1513299072265624,4.356442651367187,-22.471564885496182,-29.11385114503817,29.293446564885496,0
9379,6.056075219726561,0.8616315063476562,4.3157412231445305,-25.883778625954196,3.8479809160305343,24.911767175572518,0
9404,6.168602697753905,0.08112176513671873,3.664518371582031,-21.624236641221373,-16.297057251908395,18.110240458015266,0
9429,5.3952755615234365,-0.222941845703125,3.7267676147460937,-25.02118320610687,-30.136751908396946,14.949935114503816,0
9454,5.953124548339843,-0.3665939453125,3.5807213134765625,-41.06698473282442,-0.014614503816793745,8.820164122137404,0
9479,6.252399755859375,-0.9723269653320312,3.669306774902344,-45.59370229007634,3.542637404580153,2.606423664122137,0
9504,5.665820349121094,-0.7712140258789062,3.710008203125,-49.418129770992365,17.39759923664122,0.0033702290076335073,0
9529,6.52294454345703,0.10745798339843748,4.073926855468749,-47.65477099236641,25.43576717557252,-6.28670610687023,0
9554,6.932353027343749,-0.16308680419921875,4.0332254272460935,-40.295992366412214,9.641874045801528,-18.61495038167939,0
9579,7.313031091308592,-0.9675385620117187,3.8273240844726564,-25.67003816793893,-22.87720992366412,-26.866858778625954,0
9604,6.731240087890625,-1.5158107421875,3.710008203125,-14.990648854961833,-40.571866412213744,-30.202736641221374,0
9629,6.424782275390624,-2.820650646972656,4.117022485351562,-0.4791984732824428,-31.724538167938928,-27.149301526717558,0
9654,6.642654626464844,-3.244424340820312,4.3875672729492186,15.62767175572519,-14.602400763358776,-18.057698473282443,0
9680,6.48463731689453,-3.1797808959960934,4.222367358398437,18.68110687022901,13.527370229007634,-6.363041984732825,0
9705,7.4949904174804685,-2.3944827514648432,4.3875672729492186,13.849045801526717,40.53500381679389,4.980469465648855,0
9730,8.574775366210936,-1.7719903198242186,5.024424914550781,15.704007633587786,31.870881679389313,10.186576335877863,0
9755,8.206068310546875,-1.0728834350585936,5.113010375976562,9.375763358778626,25.367064885496184,12.301080152671755,0
9780,8.409575451660157,-1.602002001953125,4.794581555175781,-5.448664122137405,33.68767557251908,16.988103053435115,0
9805,7.724833776855468,-2.1502741821289058,4.361231054687499,-6.7311068702290076,13.290729007633589,20.484286259541985,0
9830,6.601953198242186,-3.0385229980468744,3.8991501342773436,-4.677671755725191,-2.3352251908396946,17.186576335877863,0
9855,5.107971362304687,-3.1366852661132807,4.057167443847656,-18.586068702290074,58.260194656488544,6.858332061068702,0
9880,7.016150085449218,-3.232453332519531,4.454604919433593,-16.540267175572517,95.59607251908398,-7.462278625954198,0
9905,8.17015528564453,-2.3442045166015624,4.586286010742187,20.276526717557253,-1.2817900763358776,-23.27143893129771,0
9930,3.997061791992187,-4.927548107910156,5.893520117187499,28.589503816793894,-10.92301145038168,-35.485179389312975,0
9955,3.1423317993164055,-4.853327856445312,6.700366076660155,1.7421755725190837,177.08462213740458,-28.538614503816795,0
9980,7.487807812499999,-1.8438163696289063,4.954993066406249,24.13148854961832,168.86324809160305,-40.33250763358778,0
10005,4.516603552246093,3.801711145019531,3.721979211425781,58.41393129770992,-21.205454198473284,-63.87449236641221,0
10030,-1.6843787475585938,8.693065136718749,3.8249298828125,63.215458015267174,-171.83140839694656,-66.26380534351145,0
10056,-7.660306091308594,14.36732307128906,4.57192080078125,4.253625954198474,-65.0680496183206,-53.668385496183205,0
10081,-5.196672583007812,19.74410144958496,5.879154907226562,-47.32652671755725,85.03882061068703,-39.39357633587786,0
10106,2.699404492187499,19.74410144958496,8.218289929199218,-27.97538167938931,99.98538549618321,-57.95846183206107,0
10131,15.695131103515624,1.9845120849609375,6.757826916503905,1.162022900763359,173.01591984732823,-133.82869083969464,0
10156,16.50915966796875,3.1073926635742186,1.1314530151367186,46.207824427480915,13.74874427480916,-199.59968320610687,0
10181,3.542163476562499,6.461669189453125,9.970845544433592,62.53606870229008,-248.71690458015266,-76.60731679389313,0
10206,0.9923387084960935,4.603768701171875,8.541507153320312,-34.62423664122137,6.504469465648855,42.0491717557252,0
10231,7.389645544433592,5.1903481079101565,5.266239282226562,-72.13568702290077,116.92431679389314,94.78962977099236,0
10256,6.439147485351561,5.709889868164062,5.754656420898437,-36.112786259541984,-18.5795,97.36214885496183,0
10281,3.5756822998046873,5.020359790039063,5.728320202636718,-23.059351145038168,-21.281790076335877,79.11787404580153,0
10306,2.5174451660156247,4.783333825683593,5.3452479370117185,-20.547900763358776,0.7334770992366413,54.94230152671756,0
10331,2.981920288085937,4.395473156738281,5.280604492187499,-0.4257633587786259,-20.70163740458015,29.491919847328244,0
10356,3.5373750732421874,5.063455419921875,5.050761132812499,20.68110687022901,-33.006980916030535,3.781996183206107,0
10381,2.7640479370117186,4.857554077148437,4.768245336914062,20.108587786259545,-8.694003816793893,-7.1035,0
10406,3.9826965820312497,5.8487535644531246,5.180048022460937,18.13148854961832,19.504469465648857,-6.744721374045802,0
10432,5.893269506835936,6.868683471679687,5.129769787597656,33.024618320610685,-9.480263358778625,-6.195103053435115,0
10457,4.947559851074218,6.8064342285156245,4.852042395019531,41.60477099236641,-55.694003816793895,-1.8057900763358776,0
10482,3.920447338867187,5.281327770996094,4.579103405761718,25.726908396946566,-23.747438931297708,14.270545801526717,0
10507,4.655467248535156,6.01155927734375,4.8017641601562495,8.116221374045802,14.832713740458015,30.484286259541985,0
10532,5.658637744140624,5.458498693847656,4.691630883789062,19.268893129770994,-33.59476717557252,33.568255725190845,0
10557,4.76081212158203,5.144858276367187,4.545584582519531,27.123854961832063,-64.09095038167939,28.2171106870229,0
10582,4.662649853515624,4.7043251708984375,3.8369008911132814,21.13912213740458,-47.11385114503817,17.461385496183205,0
10607,5.572446484374999,2.5567262817382814,3.6860661865234374,18.047519083969465,-32.381026717557255,5.614057251908396,0
10632,6.1829679077148425,2.037184521484375,3.992523999023437,20.383396946564886,-18.953545801526715,-5.172202290076336,0
10657,6.575616979980468,2.341248132324219,4.140964501953125,26.696374045801527,-27.93064503816794,-10.248538167938932,0
10682,6.515761938476563,2.4537756103515624,4.138570300292968,21.765076335877865,-28.88484351145038,-8.179835877862596,0
10707,6.771941516113281,2.171259814453125,4.279828198242187,7.612404580152671,-20.365759541984733,-3.3783091603053435,0
10732,7.087976135253906,2.5423610717773437,3.8488718994140623,-12.662404580152671,-8.930645038167938,0.6598587786259542,0
10757,7.971436547851561,2.0252135131835938,3.566356103515625,-20.715839694656488,-35.02988167938932,2.8965,0
10782,7.332184704589843,1.3859616699218749,3.863237109375,-17.15858778625954,-65.44972900763358,7.072072519083969,0
10807,6.240428747558593,0.38518537597656244,3.9685819824218753,-20.99064885496183,-43.3352251908397,11.232377862595419,0
10833,6.48463731689453,-0.165481005859375,3.8895733276367186,-32.02118320610687,12.244927480916031,11.751461832061068,0
10858,7.641036718749999,0.3373013427734375,3.9661877807617185,-29.387595419847326,1.336530534351145,9.2171106870229,0
10883,7.5165382324218735,-0.6778401611328125,4.102657275390625,-15.326526717557252,-32.258889312977104,4.9041335877862595,0
10908,7.43034697265625,-1.2787847778320311,4.045196435546875,-13.54790076335878,-6.755072519083969,-2.683652671755725,0
10933,8.251558142089841,-1.4655325073242187,4.37320206298828,-13.265458015267177,16.680041984732824,-5.592049618320611,0
10958,8.256346545410157,-1.1375268798828124,3.99731240234375,-2.3952290076335876,-18.40392748091603,0.2705458015267175,0
10984,7.310636889648436,-1.276390576171875,4.227155761718749,-2.35706106870229,-16.251255725190838,7.270545801526717,0
11009,7.573999072265624,-0.12717377929687498,4.363625256347656,-16.86851145038168,36.565538167938925,14.438484732824428,0
11034,8.723215869140624,0.275052099609375,4.306164416503906,-20.79217557251908,37.176225190839695,19.70566030534351,0
11059,8.440700073242187,0.5839041137695312,4.404326684570312,-16.731106870229006,11.43576717557252,20.415583969465647,0
11084,7.913975708007812,-0.10083756103515626,4.119416687011718,-14.944847328244276,6.786912213740457,18.873599236641223,0
11109,7.21247462158203,-1.314697802734375,3.4753764404296876,-16.967748091603053,17.015919847328245,22.01863740458015,0
11134,6.9515066406249995,-2.200552416992187,3.020478125,-14.837977099236642,11.535003816793894,24.56062213740458,0
11160,6.381686645507812,-2.6769985473632807,3.5017126586914062,-10.166221374045803,16.298362595419846,17.797263358778626,0
11185,6.465483703613281,-3.040917199707031,3.183283837890625,-12.769274809160306,65.98538549618321,6.873599236641221,0
11210,7.978619152832031,-3.5772183715820307,3.027660729980469,4.902480916030534,34.41286641221374,-5.729454198473283,0
11235,5.85256807861328,-3.222876525878906,3.3963677856445313,20.391030534351145,-18.793240458015266,-14.874492366412214,0
11260,4.6985628784179685,-2.8326216552734373,2.8457014038085937,-0.27309160305343516,62.36706488549618,-26.477545801526716,0
11285,6.6833560546875,-1.7025584716796873,2.4243219116210937,-5.089885496183206,54.78691221374046,-39.08823282442748,0
11310,2.5054741577148434,2.6189755249023436,3.7554980346679687,3.375763358778626,-18.449729007633586,-37.21800381679389,0
11335,1.124019799804687,2.781781237792969,4.935839453124999,14.192557251908397,-7.24362213740458,-24.27143893129771,0
11360,-0.3268664062500002,10.120009326171873,7.9166205200195305,50.62003816793893,22.817446564885497,-3.034797709923664,0
11385,-1.4497469848632816,19.74410144958496,8.941338830566405,91.02461832061068,16.07698854961832,18.461385496183205,0
11410,-2.1297002563476566,19.74410144958496,6.19279532470703,38.49790076335878,157.29836259541986,2.8812328244274807,0
11436,8.502949316406248,10.009876049804687,4.966964074707031,-19.219656488549617,247.51973664122139,-84.44701145038168,0
11461,16.98740144958496,-1.1375268798828124,3.2862345092773437,25.383396946564886,71.26019465648855,-200.14930152671755,0
11486,7.945100329589843,9.001917150878905,6.901479016113281,52.99408396946565,-242.58713358778627,-183.2943396946565,0
11511,2.421677099609375,3.796922741699219,9.89662529296875,2.5055343511450383,-156.42682824427482,-38.91266030534351,0
11536,3.5349808715820306,6.3371707031249995,6.140122888183593,-46.00591603053435,42.15332442748091,58.20947709923664,0
11561,3.7935546508789058,5.630881213378906,4.617410632324218,-57.33416030534351,62.000652671755724,92.8048969465649,0
11586,4.351403637695312,5.0993684448242185,4.4067208862304685,-38.95248091603053,20.473935114503817,83.75909541984733,0
11611,4.095224060058593,4.527154248046875,4.607833825683593,-5.7234732824427486,-38.319958015267176,49.31634732824428,0
11636,3.862986499023437,4.675594750976562,4.732332312011718,4.1620229007633585,-34.2207213740458,13.797263358778626,0
11661,4.835032373046874,5.307663989257812,4.5958628173828115,10.933015267175572,-45.04514885496184,-11.309606870229008,0
11686,5.47667841796875,5.085003234863281,4.926262646484375,26.597137404580153,-86.79324045801526,-22.57678244274809,0
11711,4.9619250610351555,5.408220458984375,4.773033740234374,33.398664122137404,-79.77797328244274,-23.737087786259544,0
11736,5.222893041992187,5.822417346191406,4.562343994140624,26.81851145038168,-14.533698473282442,-10.401209923664123,0
11761,5.646666735839843,7.527088928222656,4.844859790039062,26.123854961832063,0.6189732824427482,9.949935114503816,0
11786,5.486255224609374,7.574972961425781,4.205607946777343,24.749809160305343,-20.76270610687023,34.690393129770996,0
11811,5.270777075195312,6.064231713867187,3.0611795532226562,9.032251908396946,-19.510797709923665,53.66749236641222,0
11837,5.486255224609374,4.898255505371093,3.2383504760742188,-5.53263358778626,-9.724538167938931,63.43085114503817,0
11862,5.40006396484375,4.730661389160156,3.8991501342773436,2.665839694656489,-7.640568702290075,62.247645038167946,0
11887,5.3569683349609365,5.013177185058594,3.3915793823242186,13.28416030534351,-12.55659923664122,55.80489694656489,0
11912,5.716098583984375,4.024371899414062,2.4626291381835936,17.35286259541985,-28.869576335877863,44.507187022900766,0
11937,5.78313623046875,2.872760900878906,2.5009363647460936,21.108587786259545,-50.16728625954199,31.934667938931298,0
11962,5.701733374023436,2.322094519042969,3.0156897216796876,25.062786259541987,-40.2970572519084,21.934667938931298,0
11987,6.458301098632812,2.9828941772460937,2.943863671875,26.78797709923664,-27.663469465648856,13.278179389312976,0
12012,6.532521350097656,3.5144069458007814,2.5296667846679686,23.49026717557252,-27.999347328244273,6.9117671755725185,0
12037,6.8365849609375,2.21914384765625,2.6805014892578125,20.184923664122138,-39.67110305343512,4.041538167938931,0
12062,6.063257824707031,1.8935324218749998,2.8887970336914064,17.078053435114505,-33.54133206106871,2.4537519083969466,0
12087,6.532521350097656,1.4218746948242187,2.8792202270507814,4.223091603053435,7.054087786259542,-0.23327099236641236,0
12112,6.958689245605467,1.6062282226562499,3.113851989746094,-4.013549618320611,4.664774809160305,-1.8439580152671753,0
12137,6.822219750976562,1.3332892333984374,3.34608955078125,-8.219656488549619,-14.121484732824428,-0.004263358778625936,0
12162,6.7599705078125,1.0459850341796875,3.1018809814453125,-15.2043893129771,-14.090950381679388,-1.3401412213740458,0
12187,6.910805212402344,0.5384142822265625,3.3604547607421873,-21.280725190839693,-6.976446564885496,-6.454645038167939,0
12212,7.064034118652343,0.03323773193359375,3.973370385742187,-23.586068702290074,11.817446564885497,-9.828690839694657,0
12238,8.517314526367187,-0.10083756103515626,3.738738623046875,-21.555534351145038,16.466301526717558,-10.11113358778626,0
12263,8.737581079101563,-0.13675058593749997,3.693248791503906,-8.54026717557252,-27.144385496183205,-13.698919847328245,0
12288,8.273105957031248,-0.740089404296875,4.114628283691406,-6.899045801526718,-20.327591603053435,-20.27143893129771,0
12313,8.751946289062499,-1.4008890625,3.80577626953125,-10.784541984732824,15.527370229007634,-19.515713740458015,0
12338,8.984183850097654,-1.11358486328125,3.721979211425781,-5.670038167938932,1.771645038167939,-9.29433969465649,0
12363,8.141424865722655,-0.9268371337890624,3.721979211425781,-0.8608778625954198,-24.40392748091603,5.110240458015267,0
12388,7.313031091308592,-0.7640314208984375,3.4825590454101563,-14.570801526717558,17.27546183206107,17.850698473282442,0
12413,7.6649787353515615,-0.33786352539062503,3.4250982055664063,-22.929580152671754,43.435767175572515,26.22474427480916,0
12438,8.435911669921875,-0.1750578125,3.4490402221679686,-20.692938931297707,33.26782824427481,24.323980916030536,0
12463,7.945100329589843,-0.4671504150390625,2.8816144287109373,-15.066984732824428,5.09225572519084,17.026270992366413,0
12488,7.210080419921874,-1.9156424194335935,2.50333056640625,-15.295992366412214,-6.991713740458014,14.957568702290075,0
12513,6.716874877929686,-1.6498860351562499,2.711626110839844,-18.723473282442747,-1.9382786259541982,15.980469465648854,0
12538,6.822219750976562,-1.6714338500976562,2.9007680419921877,-24.952480916030535,22.54263740458015,13.667492366412214,0
12563,6.965871850585937,-2.181398803710937,2.8911912353515623,-26.82270992366412,50.71057633587786,9.72092748091603,0
12588,6.628289416503905,-3.3928648437499995,2.4961479614257813,-9.242557251908398,28.466301526717558,4.781996183206107,0
12614,5.0361453124999995,-3.435960473632812,3.0731505615234376,6.360496183206107,25.07698854961832,-8.43174427480916,0
12639,7.88285108642578,-2.073659729003906,4.174483325195312,2.8337786259541984,80.68004198473282,-29.821057251908396,0
12664,9.18529678955078,0.03323773193359375,4.440239709472656,21.627671755725192,-27.808507633587787,-55.294339694656486,0
12689,6.127901269531249,0.083515966796875,4.885561218261718,24.84141221374046,-123.48026335877863,-64.77525572519083,0
12714,3.247676672363281,0.8424778930664062,5.512842053222656,-3.2654580152671753,-21.40392748091603,-49.23327099236641,0
12739,1.0426169433593744,9.329922778320311,6.48728212890625,0.8719465648854962,-11.632935114503816,-0.93556106870229,0
12764,-1.720291772460938,19.64653773193359,5.5152362548828116,-11.471564885496184,22.45103435114504,40.40031679389313,0
12789,-0.5375561523437504,19.74410144958496,6.075479443359375,-30.64713740458015,128.19912595419848,21.140774809160305,0
12814,9.84849064941406,7.8311525390625,3.7698632446289064,-28.463931297709923,251.55027099236642,-81.65311832061069,0
12839,16.98740144958496,-0.8597994873046875,1.3229891479492186,39.40629770992366,160.03882061068703,-226.24090458015266,0
12864,3.9515719604492183,15.107131384277341,4.916685839843749,85.67347328244274,-248.71690458015266,-183.88975954198472,0
12889,0.10169569091796848,2.9996535888671874,8.014782788085936,23.261259541984735,-141.5947671755725,-25.248538167938932,0
12914,3.561317089843749,5.882272387695313,4.4067208862304685,-51.929580152671754,139.4968358778626,62.65985877862596,0
12939,6.099170849609375,5.259779956054687,2.9558346801757813,-48.76164122137404,71.06935496183206,86.88886641221374,0
12964,4.9427714477539055,4.761786010742187,3.9039385375976563,-10.494465648854963,-37.869576335877866,74.26291221374046,0
12990,3.341050537109375,4.1057747558593745,3.8105646728515623,-1.624236641221374,-12.449729007633588,46.58352290076336,0
13015,3.9276299438476556,4.031554504394531,4.181665930175781,3.1467557251908396,9.886148854961833,20.804896946564885,0
13040,4.712928088378906,4.1033805541992185,4.658112060546874,18.7956106870229,-14.91537786259542,6.301080152671755,0
13065,4.1909921264648435,4.934168530273437,4.521642565917968,18.398664122137404,-14.747438931297708,-0.30197328244274824,0
13091,4.5501223754882805,4.627710717773438,4.073926855468749,6.2765267175572514,21.54263740458015,-1.0271641221374046,0
13116,5.424005981445311,5.28372197265625,5.189624829101562,24.261259541984735,2.3136297709923666,3.247645038167939,0
13141,5.146278588867187,6.897413891601563,4.466575927734374,33.42156488549618,3.321263358778626,9.24001145038168,0
13166,4.693774475097656,7.4265324584960934,4.028437023925781,21.963549618320613,-1.7092709923664122,21.71329389312977,0
13191,4.183809521484374,6.198307006835937,4.531219372558593,14.253625954198473,-6.464996183206107,37.66749236641222,0
13216,4.77996573486328,6.377872131347656,4.263068786621093,1.5742366412213742,28.29836259541985,46.34688167938932,0
13241,5.383304553222655,6.303651879882812,3.607057531738281,-7.906679389312977,23.443400763358778,48.17130916030535,0
13266,5.905240515136717,5.044301806640625,3.4203098022460936,-5.998282442748092,-20.327591603053435,46.522454198473284,0
13291,5.361756738281249,4.371531140136718,3.6477589599609375,-5.280725190839695,-13.930645038167938,43.86596564885497,0
13316,5.443159594726562,4.060284924316406,3.700431396484375,-10.303625954198473,10.130423664122137,44.71329389312977,0
13341,5.984249169921875,3.5144069458007814,3.80577626953125,-21.2043893129771,22.80217938931298,46.49955343511451,0
13366,6.228457739257812,1.9126860351562498,4.3516542480468745,-4.387595419847329,-21.70163740458015,49.79726335877863,0
13391,5.244440856933593,1.5248253662109374,4.672477270507812,8.368129770992367,-29.449729007633586,52.95756870229008,0
13416,5.871721691894531,1.9055034301757812,4.679659875488281,2.7498091603053436,5.557904580152671,45.14840839694657,0
13441,6.489425720214842,1.52961376953125,4.4258744995117185,-4.448664122137405,16.000652671755724,27.980469465648856,0
13467,7.672161340332031,0.6820663818359374,4.569526599121093,-2.708206106870229,-19.335225190839694,7.285812977099236,0
13492,6.352956225585937,0.6988257934570312,4.536007775878906,-1.35706106870229,-83.65583587786259,-4.332507633587786,0
13517,5.371333544921875,-0.5461590698242188,4.897532226562499,-5.670038167938932,-91.79324045801526,-9.882125954198473,0
13542,5.78313623046875,-2.4495493896484373,4.064350048828125,-24.028816793893128,-21.38102671755725,-15.279072519083972,0
13567,7.76792940673828,-2.111966955566406,3.8943617309570313,-28.525,21.77164503816794,-25.011896946564885,0
13592,8.644207214355468,-1.4296194824218749,4.150541308593749,-6.311259541984733,-38.16728625954199,-27.340141221374047,0
13617,8.371268225097655,-2.0521119140624995,4.176877526855468,11.688740458015268,-67.15965267175572,-24.317240458015267,0
13642,8.040868395996092,-3.040917199707031,3.7914110595703123,13.933015267175572,-32.83904198473283,-20.172202290076335,0
13667,8.052839404296876,-2.495039221191406,3.80577626953125,11.444465648854962,5.893782442748092,-10.584416030534351,0
13692,8.337749401855469,-2.2340712402343748,4.078715258789062,12.482633587786259,19.657141221374047,-1.1874694656488547,0
13717,8.1390306640625,-1.9778916625976561,4.2582803833007805,12.833778625954197,26.80217938931298,5.38504961832061,0
13742,7.868485876464843,-1.6163672119140624,4.413903491210937,5.80324427480916,41.59607251908397,10.385049618320611,0
13767,8.696879650878905,-1.171045703125,4.7826105468749995,-7.379961832061069,58.60370610687023,10.667492366412214,0
13792,9.307401074218749,-1.0513356201171875,4.866407604980468,-13.128053435114504,29.718209923664123,10.125507633587786,0
13817,8.687302844238282,-0.9316255371093749,4.931051049804687,-13.914312977099238,-26.602400763358776,18.163675572519082,0
13843,7.856514868164061,-0.9340197387695313,4.497700549316406,-22.738740458015265,-33.381026717557255,27.789629770992367,0
13868,7.5524512573242175,-1.391312255859375,4.38038466796875,-43.08988549618321,17.809812977099238,31.820164122137403,0
13893,7.241205041503906,-2.238859643554687,4.222367358398437,-54.34179389312977,59.28309541984733,29.942301526717557,0
13918,7.243599243164062,-2.8326216552734373,3.4969242553710935,-40.25782442748091,34.618973282442745,20.850698473282442,0
13943,6.736028491210937,-2.9882447631835936,2.972594091796875,-12.173854961832062,-19.04514885496183,-0.07296564885496182,0
13968,5.682579760742187,-3.637073413085937,3.156947619628906,3.658206106870229,-10.022248091603053,-25.706553435114504,0
13993,6.1087476562499985,-2.217311828613281,3.8584487060546873,11.13912213740458,27.557904580152673,-49.07296564885496,0
14018,4.9451656494140614,-2.1885814086914057,3.336512744140625,22.123854961832063,-11.892477099236642,-60.50808015267175,0
14043,2.419282897949218,0.32054193115234375,3.9278805541992186,17.452099236641224,-21.800874045801525,-61.614950381679385,0
14068,1.4783616455078121,5.891849194335937,5.3452479370117185,-2.6089694656488547,-16.41156106870229,-48.118767175572515,0
14093,-0.4010866577148442,15.281908105468748,4.9525988647460935,-25.066984732824427,-69.45736259541984,-16.966095419847328,0
14118,-1.0187906860351565,15.195716845703123,4.842465588378905,-45.87614503816794,-73.0680496183206,8.820164122137404,0
14143,-0.8535907714843753,17.659350354003905,8.01957119140625,-59.288358778625955,86.7029427480916,2.812530534351145,0
14168,7.811025036621094,5.259779956054687,5.845636083984375,-54.02881679389313,251.55027099236642,-52.172202290076335,0
14193,16.001588916015624,2.844030480957031,0.5257199951171875,-0.1662213740458015,196.14569083969465,-124.24853816793893,0
14218,10.779835095214843,6.461669189453125,3.1353998046875,48.49026717557252,-125.48789694656489,-152.1951030534351,0
14244,2.1654975219726555,5.911002807617187,6.743461706542968,55.68110687022901,-248.71690458015266,-85.8210572519084,0
14269,0.4775853515624995,4.716296179199219,4.8592249999999995,2.948282442748092,-45.006980916030535,-18.004263358778626,0
14294,3.8893227172851557,5.123310461425781,3.597480725097656,-6.4028625954198475,62.794545801526716,23.42321755725191,0
14319,4.952348254394531,4.397867358398438,3.6286053466796875,20.99408396946565,36.84034732824427,34.42321755725191,0
14344,4.614765820312499,4.158447192382813,3.8871791259765627,38.207824427480915,39.71820992366412,27.58352290076336,0
14369,5.170220605468749,5.070638024902344,4.054773242187499,48.49026717557252,46.39759923664122,13.262912213740458,0
14394,5.878904296874999,5.482440710449219,4.212790551757812,58.03988549618321,12.351797709923664,1.6827595419847328,0
14419,5.488649426269531,5.5494783569335935,5.412285583496093,67.65820610687022,-26.526064885496183,-3.0118969465648853,0
14444,5.057693127441405,6.004376672363281,5.725926000976562,62.8337786259542,7.183858778625954,-2.485179389312977,0
14469,5.512591442871092,7.191900695800781,5.462563818359374,34.61240458015267,67.01591984732825,8.385049618320611,0
14494,6.068046228027343,7.855094555664063,6.0778736450195305,23.413931297709926,30.75637786259542,25.690393129770992,0
14519,5.4311885864257805,5.573420373535156,5.910279528808593,25.536068702290077,-9.411561068702289,41.73619465648855,0
14544,4.966713464355468,5.638063818359375,5.175259619140625,13.841412213740458,19.443400763358778,48.92703435114504,0
14569,5.910028918457031,5.305269787597656,4.342077441406249,-3.53263358778626,25.504469465648857,46.40031679389313,0
14594,6.003402783203124,4.168023999023437,4.732332312011718,-5.105152671755725,-3.678736641221374,38.40031679389313,0
14619,6.103959252929687,3.6796068603515626,5.050761132812499,2.1314885496183207,-14.289423664122136,32.42321755725191,0
14644,6.12071866455078,4.476876013183594,4.717967102050781,3.910114503816794,-21.945912213740456,28.965202290076334,0
14670,6.508579333496093,4.024371899414062,4.191242736816406,-5.9448473282442755,-10.5795,20.17130916030534,0
14695,6.834190759277344,3.4713113159179687,3.99731240234375,-8.754007633587786,-22.5795,11.293446564885496,0
14720,6.642654626464844,3.1241520751953127,4.136176098632812,-5.85324427480916,-40.96881297709924,8.423217557251908,0
14745,6.953900842285155,3.109786865234375,3.9470341674804685,-11.87614503816794,-35.510797709923665,6.38504961832061,0
14770,6.819825549316406,2.403497375488281,3.6477589599609375,-14.761641221374045,-42.04514885496184,5.285812977099236,0
14795,6.508579333496093,1.3332892333984374,3.2646866943359374,-24.63187022900763,-35.2207213740458,9.522454198473282,0
14820,5.534139257812499,1.2303385620117187,3.17370703125,-46.66240458015267,-5.174919847328244,20.86596564885496,0
14845,5.919605725097656,1.7139672973632811,3.07793896484375,-67.19675572519084,38.45866793893129,30.148408396946564,0
14870,6.776729919433593,1.0340140258789061,3.259898291015625,-61.242557251908394,30.847980916030536,31.759095419847327,0
14895,6.360138830566405,-0.6371387329101562,3.650153161621094,-40.746374045801524,12.718209923664123,29.606423664122136,0
14920,6.920382019042967,-1.9994394775390625,4.2199731567382806,-18.433396946564883,8.4205,23.59115648854962,0
14945,7.078399328613281,-2.255619055175781,4.492912145996093,0.4291984732824427,13.916683206106871,15.54535496183206,0
14970,8.471824694824218,-3.1821750976562497,4.993300292968749,11.787977099236642,25.153324427480918,2.3087137404580154,0
14995,8.29704797363281,-3.426383666992187,5.244691467285156,24.29942748091603,-6.006980916030534,-5.744721374045802,0
15020,7.8517264648437495,-3.835792150878906,5.579879699707031,24.108587786259545,-21.442095419847327,-5.126400763358779,0
15045,7.523720837402343,-3.637073413085937,5.711560791015624,10.64293893129771,1.5808053435114504,4.7972633587786255,0
15071,7.684132348632812,-3.2013287109374997,5.867183898925781,2.2688931297709924,3.6953091603053436,16.873599236641223,0
15096,7.686526550292968,-2.830227453613281,6.0802678466796864,-12.71583969465649,28.73347709923664,23.270545801526715,0
15121,7.612306298828124,-2.2125234252929684,5.713954992675781,-24.83797709923664,49.36706488549618,28.24001145038168,0
15146,6.173391101074219,-1.8581815795898438,4.682054077148437,-25.47919847328244,33.90904961832061,35.47665267175573,0
15171,5.728069592285155,-1.7624135131835936,4.892743823242187,-21.21202290076336,11.145690839694657,39.36214885496184,0
15196,6.575616979980468,-1.6427034301757812,5.687618774414062,-22.899045801526714,55.489202290076335,23.20184351145038,0
15221,7.198109411621092,-1.2787847778320311,5.539178271484374,-17.303625954198473,67.46630152671756,2.942301526717557,0
15246,6.649837231445312,-2.7296709838867184,4.931051049804687,2.6353053435114506,17.22966030534351,-12.385942748091603,0
15271,4.937983044433593,-4.017751477050781,4.698813488769531,19.16202290076336,-40.319958015267176,-19.347774809160306,0
15296,2.9005174316406244,-3.3162503906249996,5.026819116210937,-2.4333969465648853,29.0998893129771,-28.63021755725191,0
15321,4.092829858398437,-2.315474096679687,4.758668530273437,-14.273091603053436,81.0998893129771,-38.07296564885496,0
15346,3.8869285156249997,-0.27082587890625,4.732332312011718,-3.1967557251908394,10.07698854961832,-44.82869083969465,0
15372,0.4129419067382809,5.860724572753906,5.840847680664062,3.6811068702290077,-82.68637022900764,-49.50808015267175,0
15397,-1.1911732055664066,11.65469259033203,7.097803552246093,-4.097519083969466,-50.869576335877866,-48.68365267175572,0
15422,0.3722404785156246,16.610690026855465,8.452921691894531,-1.624236641221374,22.054087786259544,-55.46991221374046,0
15447,2.292390209960937,15.741594824218748,7.667623547363281,3.230725190839695,70.88614885496183,-71.25617175572519,0
15472,4.851791784667968,10.993892932128905,7.490452624511718,-16.21202290076336,161.48920229007635,-91.53098091603053,0
15497,12.094251806640624,2.6931957763671877,4.322923828124999,-26.250190839694657,190.61897328244274,-117.8592251908397,0
15522,10.181284680175779,7.069796411132812,3.3604547607421873,-27.02118320610687,-13.56423282442748,-129.48517938931298,0
15547,3.434424401855468,5.9804346557617185,6.417850280761718,2.3681297709923665,-248.71690458015266,-64.1951030534351,0
15572,-0.6620546386718753,4.462510803222656,6.5112241455078115,-6.69293893129771,-215.83904198473283,1.0415381679389313,0
15597,0.33872165527343734,4.522365844726562,4.002100805664062,-32.555534351145035,-13.770339694656489,34.58352290076336,0
15622,5.270777075195312,3.9597284545898437,3.5328372802734376,-21.257824427480916,34.41286641221374,32.77436259541985,0
15647,7.34654991455078,4.7234787841796875,3.9685819824218753,30.307061068702293,-49.09095038167939,12.40031679389313,0
15672,5.402458166503906,6.291680871582031,4.634170043945312,62.06278625954199,-105.1825534351145,-1.2103702290076335,0
15697,4.966713464355468,6.538283642578125,5.347642138671874,57.29179389312977,-59.197820610687025,-1.8973931297709923,0
15722,6.056075219726561,6.626869104003906,5.955769360351562,59.34522900763359,-29.594767175572517,10.606423664122136,0
15747,6.666596643066405,7.337946997070312,6.465734313964843,65.31469465648854,-46.0527824427481,28.499553435114503,0
15773,5.704127575683594,7.297245568847656,5.816905664062499,56.58950381679389,-44.84667557251909,47.76672900763359,0
15798,5.689762365722655,5.779321716308593,4.698813488769531,32.1925572519084,-7.739805343511449,62.34688167938932,0
15823,6.4439358886718745,4.242244250488281,4.696419287109374,23.268893129770994,21.672408396946565,69.41558396946566,0
15848,6.958689245605467,4.024371899414062,4.569526599121093,34.93301526717558,14.44340076335878,67.5758893129771,0
15873,6.793489331054686,4.081832739257813,3.9781587890625,42.52843511450382,-8.770339694656489,61.018637404580154,0
15898,6.010585388183594,2.784175439453125,3.702825598144531,40.31469465648855,-9.342858778625954,52.47665267175573,0
15923,5.66821455078125,1.4960949462890625,3.46101123046875,25.039885496183206,9.886148854961833,42.339248091603054,0
15948,5.701733374023436,0.8640257080078124,3.133005603027344,8.7956106870229,22.75637786259542,32.49955343511451,0
15973,5.574840686035155,-0.165481005859375,2.800211572265625,1.3375954198473283,-1.564232824427481,23.05680534351145,0
15998,5.297113293457031,-0.4456026000976563,2.711626110839844,-7.471564885496184,-7.632935114503816,12.201843511450381,0
16023,5.165432202148437,-0.3905359619140625,2.895979638671875,-22.34179389312977,16.794545801526716,1.2018435114503816,0
16048,5.888481103515624,-0.7760024291992187,2.857672412109375,-29.99828244274809,28.794545801526716,-11.164568702290076,0
16073,6.908411010742186,-0.5461590698242188,2.9965361083984376,-27.608969465648855,20.061721374045803,-26.653118320610687,0
16098,7.669767138671873,-0.49348663330078124,3.2886287109375,-17.425763358778624,-1.2130877862595417,-39.79052290076336,0
16123,8.38802763671875,-0.6467155395507812,3.451434423828125,-7.876145038167939,-24.297057251908395,-49.27143893129771,0
16149,8.414363854980468,-0.9507791503906249,3.4681938354492186,-0.9448473282442748,-37.07568320610687,-53.85159160305343,0
16174,8.558015954589845,-1.563694775390625,3.721979211425781,2.329961832061069,-43.36575954198474,-47.6302175572519,0
16199,8.728004272460936,-1.1949877197265624,3.994918200683594,3.3146946564885496,-45.373393129770996,-30.156935114503817,0
16224,8.84771435546875,-1.1782283081054687,3.994918200683594,-6.181488549618321,-16.289423664122136,-14.12640076335878,0
16249,9.276276452636719,-0.6898111694335938,4.44981651611328,-14.677671755725191,13.855614503816794,1.9957366412213742,0
16274,9.439082165527342,-0.36898814697265625,3.99731240234375,-12.02881679389313,2.25256106870229,15.530087786259541,0
16299,8.998549060058593,-0.41447797851562496,4.107445678710937,-10.87614503816794,-10.854309160305343,23.507187022900762,0
16324,8.773494104003905,-1.142315283203125,3.95900517578125,-15.219656488549619,12.809812977099238,25.949935114503816,0
16349,8.890809985351563,-0.9866921752929687,3.7650748413085937,-16.044083969465646,34.09225572519084,22.980469465648856,0
16374,8.720821667480468,-1.2309007446289062,4.071532653808593,-11.593702290076337,32.83271374045801,16.255278625954197,0
16399,8.25395234375,-1.372158642578125,3.9446399658203126,-4.227290076335878,32.73347709923664,8.751461832061068,0
16424,8.555621752929685,-1.8629699829101563,4.057167443847656,3.093320610687023,23.252561068702292,1.2400114503816795,0
16449,7.279512268066406,-1.4942629272460937,4.500094750976562,11.749809160305343,-2.5413320610687022,0.4079503816793893,0
16474,6.6067416015625,-3.040917199707031,4.105051477050781,5.887213740458015,18.7792786259542,1.8354312977099236,0
16499,6.314648999023437,-3.5724299682617184,4.172089123535156,-9.998282442748092,83.92431679389314,3.0262709923664124,0
16524,5.955518749999999,-4.834174243164062,4.813735168457031,7.245992366412214,113.8556145038168,5.484286259541984,0
16550,5.833414465332031,-4.214076013183593,3.19286064453125,35.49790076335878,98.69530916030534,-2.385942748091603,0
16575,3.621172131347656,-0.9388081420898438,3.010901318359375,40.5513358778626,35.73347709923664,-16.75235496183206,0
16600,-0.28377077636718795,5.238232141113281,3.3484837524414064,16.48263358778626,-23.976446564885496,-26.393576335877864,0
16625,-3.939716711425781,13.910030554199217,4.593468615722656,-24.79980916030534,-22.297057251908395,-32.13403435114503,0
16650,-2.632482604980469,19.74410144958496,5.876760705566405,-54.69293893129771,17.565538167938932,-45.4622786259542,0
16675,0.7457359374999997,19.74410144958496,7.947745141601562,-52.792175572519085,62.183858778625954,-68.92792748091603,0
16700,6.489425720214842,10.227748400878905,7.274974475097656,-9.341793893129772,73.11515648854962,-98.4622786259542,0
16725,8.287471166992187,3.6149634155273436,3.5041068603515626,16.742175572519084,77.22202671755726,-120.18746946564885,0
16750,7.842149658203124,5.55187255859375,3.183283837890625,11.894847328244275,6.405232824427481,-111.53098091603053,0
16775,5.510197241210936,5.7362260864257815,4.447422314453124,4.284160305343511,-74.6940038167939,-71.28670610687023,0
16800,2.0170570190429684,8.37942471923828,5.352430541992187,-7.2883587786259545,-67.96881297709923,-18.61495038167939,0
16825,1.519063073730468,8.563778247070312,4.842465588378905,-19.29599236641221,-8.755072519083969,28.270545801526715,0
16850,3.020227514648437,8.879812866210937,5.371584155273437,-9.486832061068702,7.496835877862596,62.0491717557252,0
16875,3.1973984374999995,9.406537231445311,4.792187353515624,12.45973282442748,-31.159652671755726,80.47665267175573,0
16900,2.8071435668945304,8.989946142578123,4.775427941894531,-1.0975190839694657,-1.625301526717557,85.62169083969466,0
16926,4.727293298339843,8.190282788085936,5.378766760253906,-16.63950381679389,45.57317175572519,76.95756870229008,0
16951,7.1574079833984365,7.072190612792968,6.137728686523437,15.482633587786259,-32.08331679389313,61.62169083969466,0
16976,5.802289843749999,6.399419946289062,5.745079614257812,37.84904580152672,-86.72453816793893,50.003370229007636,0
17001,5.402458166503906,5.638063818359375,5.520024658203124,28.055152671755728,-42.35812595419848,44.18657633587787,0
17026,7.080793530273437,4.780939624023437,5.792963647460937,19.67347328244275,-18.05278244274809,36.064438931297715,0
17051,7.27711806640625,3.6628474487304685,5.163288610839843,31.36049618320611,-60.45736259541985,29.484286259541985,0
17076,6.194938916015624,2.3005467041015626,4.789793151855468,33.00171755725191,-73.8237748091603,26.24001145038168,0
17101,6.271553369140624,1.539190576171875,4.275039794921875,19.765076335877865,-48.96881297709924,28.804896946564885,0
17126,6.343379418945312,0.8951503295898436,4.069138452148437,11.345229007633588,-33.17491984732825,28.255278625954197,0
17151,6.661808239746093,-0.44799680175781253,3.4394634155273436,9.711641221374045,-32.510797709923665,23.110240458015266,0
17176,6.472666308593749,-1.2213239379882812,3.413127197265625,10.581870229007633,-41.26652290076336,15.927034351145037,0
17201,5.402458166503906,-1.2428717529296875,4.358836853027343,11.940648854961832,-42.930645038167945,11.919400763358778,0
17226,5.3186611083984365,-2.542923254394531,4.521642565917968,-1.69293893129771,19.344164122137403,8.285812977099237,0
17251,6.534915551757812,-2.6626333374023434,4.291799206542969,-12.37232824427481,60.993019083969465,6.339248091603053,0
17276,7.190926806640625,-1.8557873779296874,4.832888781738281,-9.18148854961832,26.64950763358779,3.629324427480916,0
17301,7.401616552734374,-2.1790046020507807,4.643746850585937,-11.807442748091603,5.687675572519083,-1.9737290076335876,0
17327,7.588364282226562,-3.1606272827148434,4.270251391601562,-16.921946564885495,2.176225190839695,-5.294339694656489,0
17352,7.990590161132812,-2.935572326660156,4.150541308593749,-18.608969465648855,-13.533698473282442,-6.179835877862596,0
17377,8.241981335449218,-3.675380639648437,3.8967559326171877,-22.525,-21.495530534351143,-8.698919847328245,0
17402,7.971436547851561,-3.3976532470703122,3.5208662719726562,-33.792175572519085,-13.770339694656489,-4.538614503816794,0
17427,8.809407128906248,-2.698546362304687,3.9853413940429685,-39.34179389312977,-9.190187022900762,-1.034797709923664,0
17452,9.056009899902342,-1.9754974609374998,4.4450281127929685,-35.40286259541985,-4.930645038167938,-4.1035,0
17477,9.046433093261719,-2.10957275390625,4.452210717773437,-34.608969465648855,16.04645419847328,-4.301973282442749,0
17502,8.716033264160156,-2.322656701660156,3.973370385742187,-31.17385496183206,26.58080534351145,-3.2409045801526717,0
17527,8.110300244140625,-2.4519435913085936,3.57593291015625,-18.17385496183206,9.222026717557252,-0.3096068702290077,0
17552,7.815813439941405,-2.207735021972656,3.38439677734375,-9.975381679389313,7.214393129770993,1.163675572519084,0
17577,8.060022009277343,-1.2069587280273437,3.863237109375,-16.624236641221373,36.54263740458015,-2.530980916030534,0
17602,8.316201586914062,-0.7736082275390624,3.4849532470703126,-17.395229007633585,30.43576717557252,-2.9737290076335876,0
17627,7.6649787353515615,-2.4734914062499995,2.8911912353515623,-4.0593511450381685,-14.258889312977098,1.0033702290076336,0
17652,5.680185559082031,-2.313079895019531,3.4370692138671877,-4.0593511450381685,48.82508015267175,-2.019530534351145,0
17677,6.537309753417968,-2.0497177124023436,3.688460388183594,1.2688931297709924,131.4434007633588,-9.149301526717558,0
17703,7.746381591796875,-2.1694277954101557,3.7914110595703123,34.581870229007635,76.68004198473282,-14.805790076335878,0
17728,5.196556823730468,0.7347388183593749,3.7626806396484374,51.826145038167944,-41.96117938931298,-21.851591603053436,0
17753,1.8279150878906245,3.5096185424804687,4.363625256347656,27.154389312977102,-50.12148473282443,-23.042431297709925,0
17778,0.09690728759765577,10.438438146972654,6.369966247558593,6.757442748091603,-38.30469083969466,-7.156935114503817,0
17803,-0.3220780029296879,19.31613790283203,8.381095642089843,9.841412213740458,-31.861942748091604,17.301080152671755,0
17828,1.6603209716796874,16.981791284179685,7.014006494140625,-20.960114503816794,54.86324809160305,17.88123282442748,0
17853,5.998614379882812,10.58209024658203,7.619739514160155,-37.784541984732826,154.11515648854962,-4.332507633587786,0
17878,11.507672399902344,3.428215686035156,5.431439196777343,0.32996183206106866,118.62660687022901,-43.21037022900763,0
17903,9.410351745605467,4.539125256347656,3.0180839233398435,16.50553435114504,-42.90774427480916,-61.83632442748091,0
17928,2.677856677246093,5.738620288085937,5.438621801757812,2.4597328244274808,-184.5947671755725,-14.714187022900763,0
17953,0.6308142578124998,4.5175774414062495,5.479323229980468,-47.69293893129771,-53.84667557251909,43.698026717557255,0
17978,2.981920288085937,4.651652734375,4.519248364257812,-58.4486641221374,19.985385496183206,69.2934465648855,0
18003,4.593218005371093,5.523142138671875,3.669306774902344,-27.692938931297707,-31.663469465648856,65.64459160305344,0
18028,3.623566333007812,5.733831884765625,3.7243734130859374,-0.6395038167938932,-68.17491984732824,48.53008778625954,0
18053,3.568499694824218,5.5111711303710935,4.325318029785156,10.345229007633588,-36.54133206106871,33.5377213740458,0
18079,4.74165850830078,5.927762219238281,5.134558190917968,34.91011450381679,-20.2588893129771,19.69802671755725,0
18104,5.0552989257812495,5.879878186035156,4.0140718139648435,43.80324427480916,-20.54896564885496,13.88123282442748,0
18129,5.795107238769531,4.70911357421875,3.9254863525390626,29.933015267175573,-2.060416030534351,15.163675572519084,0
18154,7.322607897949218,3.96212265625,5.211172644042968,31.68110687022901,-4.06041603053435,19.499553435114503,0
18179,7.401616552734374,4.414626770019531,4.653323657226562,33.61240458015267,-6.526064885496183,22.751461832061068,0
18204,7.02093848876953,3.377937451171875,3.568750305175781,31.48263358778626,-25.129118320610687,29.850698473282442,0
18229,7.143042773437499,1.788187548828125,3.3029939208984374,21.062786259541987,-17.22835496183206,34.255278625954205,0
18254,7.5309034423828125,1.0364082275390625,3.3724257690429686,21.116221374045804,-13.07568320610687,30.621690839694658,0
18279,7.6649787353515615,0.23435067138671872,2.9271042602539064,22.894847328244275,-18.73217175572519,20.476652671755726,0
18304,7.016150085449218,-0.5653126831054688,2.558397204589844,22.94828244274809,-39.2970572519084,10.270545801526717,0
18329,7.327396301269531,-0.9268371337890624,2.9127390502929686,17.406297709923667,-42.96881297709924,1.346881679389313,0
18354,7.490202014160155,-0.7137531860351563,3.185678039550781,15.856679389312976,-41.39629389312977,-9.958461832061069,0
18379,7.542874450683592,-0.9531733520507812,2.8744318237304687,12.268893129770992,-33.92301145038168,-19.61495038167939,0
18404,7.784688818359375,-0.9100777221679688,3.0348433349609376,9.742175572519084,-37.877209923664125,-23.737087786259544,0
18429,7.126283361816406,-1.30512099609375,3.592692321777344,17.223091603053437,-64.12911832061069,-20.1416679389313,0
18454,5.965095556640624,-1.7624135131835936,3.7698632446289064,13.650572519083969,-39.64056870229008,-14.08823282442748,0
18480,6.623501013183593,-2.284349475097656,3.2862345092773437,-3.051717557251908,22.7792786259542,-11.691286259541986,0
18505,7.523720837402343,-1.6427034301757812,3.2766577026367187,-14.952480916030535,37.32889694656488,-12.195103053435115,0
18530,8.902780993652343,-0.9340197387695313,3.8799965209960936,-17.234923664122135,14.130423664122137,-18.676019083969464,0
18555,9.118259143066407,-2.265195861816406,3.4418576171875,-11.36469465648855,-27.816141221374046,-31.508080152671756,0
18580,8.505343518066404,-2.775160815429687,2.8433072021484374,-11.486832061068702,-45.30469083969466,-34.744721374045795,0
18605,8.320989990234374,-2.7009405639648434,2.781057958984375,-11.04408396946565,-41.747438931297715,-29.332507633587788,0
18630,8.376056628417967,-2.8350158569335933,2.3931972900390623,-11.318893129770993,-4.694003816793893,-18.843958015267177,0
18655,8.907569396972654,-2.5668652709960935,2.04364384765625,-3.2272900763358776,9.931950381679389,-3.4546450381679388,0
18680,9.455841577148437,-1.755230908203125,2.4817827514648436,-2.1585877862595417,37.3441641221374,7.04917175572519,0
18705,10.399157031249999,-0.9507791503906249,3.049208544921875,-3.616603053435114,60.88614885496183,13.362148854961832,0
18730,9.934681909179687,-0.2827968872070312,3.3436953491210937,-3.3265267175572517,54.82508015267175,18.07970610687023,0
18755,9.010520068359373,-0.26364327392578124,3.6381821533203125,-1.960114503816794,39.748744274809155,23.415583969465647,0
18780,7.717651171874999,-0.7903676391601563,3.587903918457031,-8.082251908396946,47.97775190839695,27.163675572519082,0
18805,7.969042346191405,-0.8813473022460938,3.42270400390625,-25.32652671755725,65.28309541984733,18.323980916030536,0
18830,7.600335290527343,-0.47912142333984375,3.4634054321289063,-26.242557251908394,35.82508015267175,5.285812977099236,0
18856,7.303454284667969,-1.0226052001953125,3.3580605590820314,-23.2043893129771,10.93958396946565,-7.179835877862596,0
18881,6.827008154296874,-0.7999444458007813,3.020478125,-25.99828244274809,-9.22835496183206,-18.233270992366414,0
18906,6.2236693359375,-0.38814176025390623,3.563961901855469,-29.68530534351145,-5.938278625954199,-24.050064885496184,0
18931,7.0999471435546875,-0.8957125122070313,3.4634054321289063,-22.899045801526714,0.5808053435114505,-29.737087786259544,0
18956,6.422388073730468,-1.4751093139648437,3.0085071166992186,-14.906679389312977,-3.8161412213740458,-32.294339694656486,0
18981,6.417599670410156,-2.9283897216796873,3.554385095214844,-4.326526717557252,5.397599236641222,-26.347774809160306,0
19006,6.697721264648437,-3.7448124877929683,3.7052197998046874,9.95591603053435,-7.442095419847329,-18.721820610687022,0
19031,4.791936743164062,-4.199710803222656,4.679659875488281,12.917748091603054,12.305996183206107,-14.134034351145038,0
19056,1.4568138305664062,-0.73051259765625,5.187230627441406,1.5131679389312978,46.58843893129771,6.446118320610687,0
19081,-3.657200915527344,7.290062963867188,5.261450878906249,-21.715839694656488,23.252561068702292,34.40031679389313,0
19106,-5.6036868652343745,19.74410144958496,7.729872790527343,-53.65477099236641,70.07698854961832,36.55298854961833,0
19131,0.1423971191406248,19.74410144958496,8.481652111816405,-41.38759541984733,112.88614885496183,-22.050064885496184,0
19156,8.840531750488282,8.274079846191405,6.41066767578125,-2.120419847328244,177.35943129770993,-114.24090458015267,0
19181,15.089398083496093,2.2023844360351563,-0.1638100830078125,14.45209923664122,147.4205,-192.2867061068702,0
19206,9.585128466796874,7.155987670898437,2.9103448486328127,44.18492366412214,-157.31995801526716,-191.92792748091603,0
19232,1.6770803833007806,3.715519885253906,6.573473388671874,28.375763358778627,-248.71690458015266,-92.86685877862595,0
19257,0.23577098388671835,3.0786622436523436,5.555937683105468,-36.921946564885495,56.435767175572515,-2.668385496183206,0
19282,4.2867601928710934,4.891072900390625,4.018860217285156,-47.372328244274804,143.4205,57.698026717557255,0
19307,6.6522314331054675,4.543913659667969,4.586286010742187,-17.754007633587786,46.252561068702285,71.92703435114504,0
19332,5.1869800170898435,5.484834912109375,4.593468615722656,7.322328244274809,-10.312324427480915,55.76672900763359,0
19357,4.631525231933593,6.030712890625,5.381160961914062,10.009351145038167,-18.41156106870229,35.36214885496184,0
19382,5.084029345703124,5.403432055664062,5.783386840820312,17.039885496183206,-17.487896946564884,27.88123282442748,0
19407,5.651455139160155,6.143240368652344,6.762615319824218,34.635305343511455,-28.03751526717557,27.88123282442748,0
19432,5.644272534179687,6.9740283447265625,6.168853308105468,36.398664122137404,-20.472629770992366,35.16367557251909,0
19457,6.190150512695312,5.89663759765625,6.0611142333984365,24.871946564885498,-8.327591603053435,45.331614503816795,0
19482,6.989813867187499,3.6412996337890626,7.442568591308593,37.54370229007634,-4.251255725190839,50.8965,0
19507,6.645048828125,5.664400036621093,7.375530944824218,42.49026717557252,19.901416030534353,54.08733969465649,0
19532,7.02093848876953,5.671582641601562,6.32687061767578,40.520801526717555,-0.8161412213740458,54.568255725190845,0
19557,6.860526977539062,4.208725427246094,5.769021630859374,34.32996183206107,-30.464996183206107,45.2171106870229,0
19582,6.657019836425781,2.2071728393554686,5.546360876464843,28.184923664122138,-22.38102671755725,35.888866412213744,0
19608,6.417599670410156,2.247874267578125,5.017242309570312,27.734541984732825,-22.10621755725191,32.40031679389313,0
19633,6.192544714355468,1.8025527587890624,4.641352648925781,26.749809160305343,-25.510797709923665,30.24764503816794,0
19658,6.288312780761719,1.1585125122070312,3.994918200683594,23.383396946564886,-19.304690839694658,29.92703435114504,0
19683,5.292324890136718,0.4019447875976562,3.69085458984375,21.765076335877865,-34.41156106870229,34.056805343511456,0
19708,4.564487585449218,-0.0745013427734375,3.46101123046875,0.6734732824427481,14.649507633587787,34.377416030534356,0
19733,5.265988671874999,-0.7376952026367187,3.451434423828125,-18.105152671755725,42.4205,31.74382824427481,0
19758,5.914817321777343,0.19604344482421873,3.9183037475585936,-21.746374045801524,13.168591603053436,24.74382824427481,0
19783,5.433582788085936,-0.14872159423828127,4.35404844970703,-32.85324427480916,17.43576717557252,8.507187022900764,0
19808,5.558081274414062,-1.3889180541992188,4.2582803833007805,-45.85324427480916,57.23729389312977,-9.813423664122137,0
19833,6.678567651367186,-0.8957125122070313,4.131387695312499,-39.26545801526717,31.168591603053436,-21.95846183206107,0
19858,6.139872277832031,-0.76881982421875,4.164906518554687,-17.01354961832061,-39.85430916030535,-29.706553435114504,0
19883,5.804684045410155,-1.5972135986328124,4.3516542480468745,-9.70057251908397,-37.571866412213744,-35.03479770992366,0
19908,5.768771020507812,-1.1686515014648438,4.617410632324218,-15.441030534351146,16.08462213740458,-34.96609541984733,0
19933,7.784688818359375,-1.1087964599609375,5.156106005859375,-6.815076335877863,22.0998893129771,-31.17220229007634,0
19958,7.363309326171874,-0.9579617553710937,5.431439196777343,15.887213740458014,-38.35812595419848,-25.370675572519083,0
19983,5.78313623046875,-2.0377467041015622,5.218355249023437,13.192557251908397,-19.014614503816794,-17.57678244274809,0
20009,6.822219750976562,-2.3537813232421874,5.3644015502929685,-3.3036259541984734,40.756377862595414,-8.630217557251909,0
20034,8.440700073242187,-2.3944827514648432,5.5918507080078115,1.0627862595419848,18.199125954198475,-3.9202938931297706,0
20059,8.186914697265625,-2.277166870117187,5.680436169433593,9.917748091603054,-27.69400381679389,-6.6454847328244275,0
20084,8.376056628417967,-1.9204308227539062,6.001259191894531,-2.4181297709923664,16.4586679389313,-10.515713740458015,0
20109,9.38880393066406,-1.6714338500976562,6.029989611816406,-2.410496183206107,20.634240458015267,-5.4317442748091604,0
20134,8.579563769531248,-1.8797293945312499,5.783386840820312,5.665839694656488,-8.869576335877863,6.156041984732824,0
20159,7.521326635742187,-1.9683148559570312,5.242297265624999,-0.8456106870229009,6.863248091603053,13.781996183206106,0
20184,7.0999471435546875,-2.574047875976562,5.069914746093749,-11.975381679389313,38.565538167938925,18.438484732824428,0
20209,7.31542529296875,-1.5517237670898436,5.122587182617187,-9.899045801526718,18.970118320610688,13.514820610687023,0
20234,7.286694873046874,-1.4798977172851562,5.52960146484375,-3.85324427480916,8.199125954198474,-7.645484732824428,0
20259,8.414363854980468,-2.5668652709960935,5.670859362792968,-6.425763358778626,55.0235534351145,-22.744721374045803,0
20284,9.676108129882813,-3.0169751831054685,5.2518740722656245,7.070419847328244,-3.480263358778626,-16.79815648854962,0
20309,7.842149658203124,-3.3066735839843746,5.599033312988281,23.413931297709926,-120.59476717557251,-8.973729007633588,0
20334,3.7432764160156244,-4.271536853027343,5.220749450683593,-37.616603053435114,38.313629770992364,-0.7905229007633588,0
20359,4.700957080078124,-3.675380639648437,5.749868017578124,-67.65477099236642,87.22966030534351,12.430851145038167,0
20385,1.8877701293945304,5.544689953613281,5.7762042358398435,-56.616603053435114,-19.335225190839694,29.86596564885496,0
20410,-2.9126041992187504,19.004891687011717,6.827258764648437,-33.525,-79.53369847328244,61.873599236641226,0
20435,-0.6452952270507815,19.74410144958496,7.619739514160155,-11.608969465648855,18.527370229007634,43.31634732824428,0
20460,6.240428747558593,10.02663546142578,8.069849426269531,4.994083969465649,192.90141603053436,-31.523347328244274,0
20485,9.872432666015623,5.008388781738281,3.621422741699219,23.16965648854962,198.86324809160305,-91.29433969465649,0
20510,11.92426348876953,2.935010144042969,4.337289038085937,20.29179389312977,-9.671103053435115,-108.66075190839695,0
20535,4.688986071777343,4.8168526489257815,7.236667248535156,7.078053435114503,-206.73980534351145,-64.79815648854961,0
20560,-0.7243038818359377,4.8431888671875,7.239061450195312,-32.26545801526717,-169.83140839694656,10.759095419847329,0
20585,-1.531149841308594,4.450539794921875,5.086674157714843,-78.14332061068703,7.4281335877862595,53.78962977099237,0
20610,1.669897778320312,5.094580041503906,3.69085458984375,-76.6013358778626,49.252561068702285,61.78962977099237,0
20635,3.1782448242187495,3.875931396484375,3.956610974121094,-35.08225190839695,-25.69400381679389,48.31634732824428,0
20660,3.4799142333984365,3.409062072753906,4.45699912109375,14.963549618320611,-76.11385114503817,20.377416030534352,0
20685,3.9850907836914056,4.426597778320312,4.607833825683593,35.10095419847328,-50.205454198473284,-12.225637404580153,0
20710,4.1167718749999995,3.380331652832031,4.861619201660155,40.00171755725191,-35.26652290076336,-26.530980916030536,0
20735,5.323449511718749,3.4042736694335938,6.180824316406249,47.22309160305343,-13.40392748091603,-26.905026717557252,0
20761,6.86770958251953,5.4369508789062495,5.678041967773437,55.52843511450382,1.9777519083969466,-24.98136259541985,0
20786,7.011361682128906,5.779321716308593,5.3572189453125,52.72690839694657,-10.495530534351145,-17.027164122137403,0
20811,6.786306726074218,3.8711429931640624,4.691630883789062,39.46736641221374,-8.800874045801526,2.293446564885496,0
20836,7.578787475585936,3.1792187133789063,4.911897436523437,32.757442748091606,23.89378244274809,21.58352290076336,0
20861,8.43351746826172,3.971699462890625,5.706772387695312,43.56660305343512,4.290729007633588,34.262912213740464,0
20886,7.518932434082031,2.401103173828125,5.108221972656249,40.887213740458016,-13.678736641221374,39.28581297709924,0
20911,6.7599705078125,1.9462048583984373,4.7634569335937496,20.49790076335878,2.7487442748091606,40.58352290076336,0
20936,7.056851513671874,2.0802801513671874,4.287010803222656,4.253625954198474,-0.9077442748091604,35.018637404580154,0
20961,6.779124121093749,1.2135791503906248,4.083503662109375,2.97118320610687,-42.63293511450382,25.781996183206108,0
20986,5.816655053710936,-0.03140571289062499,3.9374573608398435,-3.1967557251908394,-42.95354580152672,19.377416030534352,0
21011,5.828626062011717,0.07393916015624999,3.8273240844726564,-12.456297709923664,-17.144385496183205,13.094973282442748,0
21036,6.795883532714844,-0.5940431030273438,3.223985266113281,-20.967748091603053,2.2601946564885496,0.6445916030534351,0
21061,7.676949743652343,-0.35941134033203126,3.259898291015625,-17.86087786259542,-36.99171374045802,-12.43937786259542,0
21086,7.176561596679687,-0.4958808349609375,3.0827273681640626,-19.608969465648855,-63.65583587786259,-21.508080152671756,0
21111,6.611530004882812,-0.625167724609375,3.118640393066406,-30.876145038167937,-36.869576335877866,-25.660751908396946,0
21136,7.310636889648436,-0.9028951171874999,3.26947509765625,-40.57843511450382,3.138057251908397,-23.660751908396946,0
21162,7.475836804199218,-0.5222170532226562,3.0085071166992186,-36.83034351145038,-9.297057251908397,-15.798156488549619,0
21187,7.317819494628906,-0.4671504150390625,3.070756359863281,-29.98301526717557,-21.182553435114503,-11.095866412213741,0
21212,7.772717810058594,-0.7855792358398437,3.42270400390625,-26.63187022900763,-4.701637404580152,-11.843958015267177,0
21237,7.935523522949217,-0.7807908325195312,3.3867909790039064,-22.32652671755725,0.237293893129771,-11.790522900763358,0
21262,7.794265624999999,-0.8574052856445312,3.5328372802734376,-13.18148854961832,-4.518431297709924,-10.645484732824428,0
21287,8.249163940429685,-1.4320136840820312,3.5519908935546876,1.6658396946564884,-17.42682824427481,-11.645484732824428,0
21312,7.861303271484375,-1.8198743530273436,3.549596691894531,7.742175572519083,-21.274156488549618,-7.019530534351145,0
21337,7.1214949584960925,-2.7009405639648434,3.374819970703125,6.062786259541984,-12.41919465648855,4.201843511450382,0
21362,7.092764538574218,-3.3880764404296873,3.176101232910156,0.4062977099236641,14.76401145038168,14.24001145038168,0
21387,7.84454385986328,-3.5245459350585935,3.056391149902344,-0.5402671755725191,34.92431679389313,16.40031679389313,0
21412,8.658572424316404,-3.2468185424804683,3.3628489624023437,8.329961832061068,29.664774809160306,11.781996183206106,0
21437,8.919540405273438,-3.4168068603515622,3.221591064453125,18.84141221374046,6.626606870229008,6.011003816793893,0
21462,8.993760656738282,-3.3354040039062496,2.8026057739257815,31.29179389312977,-49.42682824427481,2.797263358778626,0
21488,6.6881444580078115,-3.4215952636718745,3.5041068603515626,39.05515267175573,-76.38102671755725,6.675125954198473,0
21513,8.529285534667967,-3.261183752441406,3.9374573608398435,1.0780534351145037,95.4586679389313,4.308713740458015,0
21538,11.287405847167967,-2.16703359375,3.8895733276367186,7.322328244274809,97.74874427480917,7.064438931297709,0
21563,9.637800903320311,-3.7448124877929683,3.5112894653320312,32.581870229007635,16.26019465648855,16.835431297709924,0
21588,8.68012023925781,-3.977050048828125,4.085897863769531,36.268893129770994,13.305996183206107,14.102606870229007,0
21613,6.850950170898437,-4.235623828124999,3.750709631347656,7.658206106870229,95.92431679389314,-4.5233473282442755,0
21638,6.175785302734375,-3.1893577026367184,5.175259619140625,-8.494465648854963,116.35943129770993,-7.492812977099238,0
21663,4.559699182128906,-1.6474918334960937,5.790569445800781,-2.173854961832061,76.03882061068703,1.6140572519083969,0
21688,0.1280319091796871,4.412232568359375,6.38433145751953,-4.555534351145038,29.222026717557252,17.033904580152672,0
21713,-2.4624942871093753,13.586813330078124,6.259832971191406,-12.395229007633588,4.08462213740458,27.446118320610687,0
21738,-2.2158915161132815,19.74410144958496,6.271803979492187,-11.066984732824428,-27.671103053435115,22.2171106870229,0
21763,0.9660024902343745,19.74410144958496,7.454539599609374,-28.601335877862596,17.20675954198473,-17.874492366412213,0
21788,8.658572424316404,5.4561044921874995,8.464892700195312,-33.31125954198473,165.1762251908397,-88.53861450381679,0
21813,16.98740144958496,-2.423213171386718,3.147370812988281,-32.58606870229008,251.55027099236642,-172.7294541984733,0
21838,6.6689908447265625,10.201412182617187,4.983723486328125,31.902480916030537,-214.92301145038167,-137.79052290076336,0
21863,1.0737415649414057,3.454551904296875,6.724308093261718,26.536068702290077,-248.71690458015266,-39.90502671755725,0
21889,-0.7554285034179691,3.9740936645507814,4.7443033203125,-29.899045801526714,-105.2970572519084,26.614057251908395,0
21914,2.8646044067382803,3.816076354980469,2.4602349365234377,-61.63187022900763,59.28309541984733,46.07970610687023,0
21939,6.259582360839842,2.9326159423828124,3.6190285400390625,-31.441030534351142,53.69530916030534,38.72856106870229,0
21964,7.550057055664062,4.0770443359375,3.6573357666015625,27.32996183206107,-33.49553053435115,15.194209923664122,0
21989,5.754405810546875,5.638063818359375,3.3508779541015623,54.10095419847328,-92.48789694656489,-10.057698473282443,0
22014,4.715322290039062,5.6093333984375,4.287010803222656,45.7956106870229,-51.30469083969466,-13.93556106870229,0
22039,6.206909924316405,5.312452392578125,4.737120715332031,31.055152671755728,24.27546183206107,-11.653118320610687,0
22064,7.839755456542968,6.70108935546875,4.349260046386719,33.62003816793893,22.786912213740457,-12.45464503816794,0
22089,7.0999471435546875,6.729819775390625,4.117022485351562,39.78034351145038,-40.327591603053435,-4.76762213740458,0
22114,6.084805639648438,5.480046508789062,4.009283410644531,28.49026717557252,-32.503164122137406,10.804896946564885,0
22139,7.140648571777343,5.085003234863281,4.655717858886718,17.230725190839696,29.565538167938932,25.965202290076334,0
22164,8.083964025878906,4.893467102050781,4.7275439086914055,30.574236641221376,12.0998893129771,36.568255725190845,0
22189,6.589982189941405,3.308505603027344,4.284616601562499,41.42919847328245,-22.88484351145038,46.98046946564886,0
22214,5.605965307617187,2.896702917480469,3.8225356811523437,26.32996183206107,7.138057251908396,52.91176717557252,0
22239,7.133465966796874,1.5463731811523436,3.53762568359375,6.314694656488549,25.0998893129771,47.90413358778626,0
22264,7.188532604980469,0.8520546997070312,3.4179156005859377,6.436832061068702,-27.58713358778626,40.8965,0
22289,5.512591442871092,0.3995505859374999,3.185678039550781,12.658206106870228,-67.98408015267175,37.59879007633588,0
22315,4.947559851074218,-0.21575924072265626,3.7483154296875,7.337595419847328,-29.73217175572519,33.94993511450382,0
22340,5.574840686035155,-0.3929301635742187,3.9039385375976563,1.9559160305343513,16.954851145038166,29.5758893129771,0
22365,6.27394757080078,-0.2373070556640625,3.508895263671875,4.780343511450381,-0.03751526717557252,23.957568702290075,0
22390,6.6163184082031234,-0.4360257934570313,3.4059445922851563,-0.1662213740458015,-15.968812977099237,15.675125954198473,0
22415,6.439147485351561,-0.6586865478515624,3.4418576171875,-8.784541984732824,-19.434461832061068,11.835431297709924,0
22440,6.336196813964842,-0.6658691528320313,3.3532721557617187,-17.51736641221374,-12.21308778625954,10.369782442748091,0
22465,6.623501013183593,-0.6323503295898437,3.544808288574219,-23.471564885496182,-1.3810267175572517,7.0262709923664115,0
22490,6.999390673828125,-0.9316255371093749,3.9518225708007813,-10.952480916030535,-34.91537786259542,1.0568053435114504,0
22515,6.692932861328125,-1.7624135131835936,3.961399377441406,-0.48683206106870236,-37.243622137404586,-7.11876717557252,0
22540,6.618712609863281,-1.6403092285156249,3.8177472778320314,-6.128053435114504,10.054087786259542,-14.233270992366412,0
22565,7.224445629882811,-0.8909241088867188,3.8081704711914064,-14.639503816793894,37.87088167938931,-18.317240458015267,0
22590,8.088752429199218,-0.8765588989257813,3.3317243408203123,-19.98301526717557,27.252561068702292,-22.653118320610687,0
22615,7.969042346191405,-1.1830167114257812,2.749933337402344,-20.654770992366412,-0.7245381679389311,-26.75235496183206,0
22640,8.404787048339841,-1.5205991455078125,2.417139306640625,-18.906679389312977,-16.297057251908395,-31.61495038167939,0
22665,8.732792675781248,-1.5277817504882811,2.0077308227539064,-20.402862595419847,-16.70163740458015,-34.485179389312975,0
22690,9.180508386230468,-1.6163672119140624,1.7323976318359373,-19.044083969465646,-16.05278244274809,-30.706553435114504,0
22716,9.20445040283203,-1.6546744384765624,2.151382922363281,-9.265458015267177,-5.861942748091604,-17.966095419847328,0
22741,9.333737292480468,-1.1255558715820313,2.754721740722656,-0.6700381679389312,30.000652671755727,-6.538614503816794,0
22766,10.221986108398436,-0.6371387329101562,3.5112894653320312,-0.1356870229007634,73.34416412213741,1.178942748091603,0
22791,10.380003417968748,-0.42884318847656255,3.8776023193359372,14.665839694656489,35.37469847328244,8.39268320610687,0
22816,8.883627380371092,-0.9076835205078124,4.090686267089843,20.810877862595422,11.962484732824429,13.919400763358778,0
22841,8.040868395996092,-1.7791729248046875,4.363625256347656,8.826145038167938,48.47393511450382,15.698026717557251,0
22866,7.72962218017578,-1.4104658691406249,4.208002148437499,-1.341793893129771,55.54263740458015,17.033904580152672,0
22891,7.803842431640624,-2.0592945190429686,3.9254863525390626,-1.227290076335878,28.046454198473285,10.781996183206106,0
22916,6.367321435546875,-2.849381066894531,3.8752081176757813,2.6505725190839695,13.92431679389313,5.194209923664122,0
22941,6.293101184082031,-3.3832880371093745,3.8680255126953123,-8.04408396946565,50.3441641221374,2.5224541984732824,0
22966,5.941153540039061,-2.7991028320312497,4.478546936035156,-9.418129770992367,68.45103435114504,0.8201641221374045,0
22991,8.625053601074217,-3.1702040893554684,5.086674157714843,5.734541984732824,76.37469847328245,-4.195103053435115,0
23016,9.549215441894532,-2.906841906738281,5.848030285644531,53.23835877862596,-12.755072519083969,-24.7828893129771,0
23041,5.380910351562499,-3.1510504760742184,6.257438769531249,48.475,19.809812977099238,-35.7828893129771,0
23066,3.8366502807617184,-1.5397527587890625,6.401090869140624,14.772709923664122,106.37469847328245,-17.019530534351144,0
23091,-0.4968547241210941,2.8176942626953125,6.614174816894531,-0.21202290076335883,63.435767175572515,9.72092748091603,0
23116,-5.060203088378906,11.15669864501953,4.804158361816405,-37.37996183206107,41.97775190839695,25.499553435114503,0
23142,-5.1344233398437495,19.74410144958496,5.622975329589843,-54.7692748091603,57.122790076335875,18.843064885496183,0
23167,1.5501876953124993,19.74410144958496,5.936615747070312,-28.67003816793893,80.6113396946565,-39.72945419847328,0
23192,8.651389819335936,6.665176330566406,4.837677185058594,28.32232824427481,91.69530916030534,-120.25617175572519,0
23217,15.352760266113282,0.7107968017578125,3.5711445068359375,32.902480916030534,162.5350038167939,-170.4775458015267,0
23242,9.115864941406247,7.895795983886718,5.785781042480468,55.22309160305343,-129.32759160305343,-112.60731679389313,0
23267,2.9124884399414057,3.9669110595703123,6.9996412841796865,32.36812977099237,-238.02988167938932,8.23237786259542,0
23292,0.5996896362304684,3.9549400512695314,4.890349621582031,-22.059351145038168,-82.40392748091602,90.52245419847328,0
23317,1.1551444213867184,3.9309980346679687,3.8943617309570313,-44.70057251908397,20.23729389312977,115.43848473282443,0
23342,5.021780102539062,4.335618115234375,4.205607946777343,-21.128053435114502,7.741110687022902,98.74382824427481,0
23367,4.423229687499999,5.293298779296875,3.9518225708007813,18.94828244274809,-64.80850763358778,56.98810305343512,0
23392,3.247676672363281,4.7976990356445315,3.6573357666015625,18.765076335877865,-54.94591221374046,24.438484732824428,0
23417,3.9491777587890615,4.117745764160156,5.881549108886718,27.5131679389313,-12.045148854961832,13.827797709923663,0
23442,5.632301525878906,4.922197521972656,5.838453479003905,49.436832061068706,8.275461832061069,8.72092748091603,0
23467,6.010585388183594,7.038671789550781,4.507277355957031,42.955916030534354,9.023553435114504,0.7209274809160305,0
23492,6.6139242065429675,5.4920175170898435,4.813735168457031,22.116221374045804,0.6418740458015268,2.1713091603053436,0
23517,7.930735119628905,4.658835339355469,6.195189526367187,24.726908396946566,-12.945912213740458,10.171309160305343,0
23542,7.28908907470703,5.3411828125,6.17364171142578,33.948282442748095,-23.831408396946564,25.07970610687023,0
23568,7.044880505371093,3.6532706420898435,4.555161389160156,23.261259541984735,-27.022248091603053,37.46138549618321,0
23593,7.085581933593748,2.1185873779296873,4.555161389160156,7.284160305343511,-23.03751526717557,42.86596564885497,0
23618,7.011361682128906,2.068309143066406,4.607833825683593,4.078053435114503,-27.648202290076334,41.22474427480916,0
23643,6.515761938476563,2.1784424194335936,4.011677612304687,4.207824427480916,-48.884843511450384,37.6140572519084,0
23668,6.343379418945312,-0.017040502929687507,3.63339375,-3.1280534351145035,-45.694003816793895,32.011003816793895,0
23693,6.051286816406249,-0.5341880615234375,3.8033820678710937,-7.166221374045802,-25.136751908396946,30.56062213740458,0
23718,6.90601680908203,-0.20618243408203127,3.9159095458984376,-9.227290076335878,-15.938278625954197,25.675125954198474,0
23743,7.758352600097655,-0.2373070556640625,4.385173071289062,-2.120419847328244,-46.21308778625954,12.629324427480915,0
23768,7.064034118652343,-1.49665712890625,4.7850047485351554,4.383396946564885,-63.2588893129771,6.171309160305343,0
23793,6.747999499511718,-1.566088977050781,4.806552563476562,-5.601335877862596,-27.159652671755726,8.598790076335877,0
23818,6.709692272949218,-1.22850654296875,4.473758532714843,-23.555534351145038,-0.2512557251908396,12.369782442748091,0
23843,6.532521350097656,-0.88374150390625,4.485729541015624,-38.364694656488545,-1.9688129770992364,12.972835877862595,0
23868,6.585193786621093,-0.9148661254882813,4.097868872070312,-42.486832061068704,-18.08331679389313,8.23237786259542,0
23893,6.1446606811523425,-1.8007207397460936,3.573538708496094,-42.18148854961832,-27.11385114503817,-2.9050267175572517,0
23918,6.060863623046875,-2.2891378784179683,3.2455330810546874,-43.792175572519085,-12.709270992366411,-18.95082824427481,0
23943,7.040092102050781,-2.157456787109375,3.525654675292969,-42.112786259541984,1.4128664122137407,-38.41647709923664,0
23969,8.160578479003906,-2.8062854370117183,3.585509716796875,-24.227290076335876,-32.70927099236641,-51.45464503816794,0
23994,8.20367410888672,-3.6298908081054684,3.3149649291992187,-8.761641221374045,-56.54133206106871,-54.309606870229004,0
24019,8.115088647460936,-3.917195007324218,3.075544763183594,-11.280725190839695,-18.35049236641221,-48.04243129770992,0
24044,9.403169140625,-3.977050048828125,3.259898291015625,-14.158587786259542,28.45103435114504,-34.71418702290076,0
24069,10.411128039550782,-3.1247142578125,3.0923041748046876,-2.555534351145038,12.802179389312977,-18.027164122137403,0
24094,10.12382384033203,-2.083236535644531,3.3724257690429686,1.291793893129771,-1.9077442748091604,-5.584416030534351,0
24119,9.927499304199216,-2.044929309082031,3.7554980346679687,-12.242557251908398,63.32126335877862,1.9804694656488548,0
24144,10.198044091796874,-1.6762222534179687,3.525654675292969,-17.242557251908394,101.63424045801527,8.018637404580153,0
24169,10.040026782226562,-1.8869119995117185,3.8177472778320314,-2.975381679389313,68.03882061068703,12.850698473282442,0
24194,8.651389819335936,-1.1758341064453124,4.002100805664062,19.910114503816796,2.008286259541985,12.8965,0
24219,7.006573278808593,-0.711358984375,4.631775842285156,11.039885496183206,12.886148854961833,4.484286259541984,0
24244,7.878062683105468,0.24153327636718747,4.461787524414062,-16.036450381679387,59.22202671755725,-7.164568702290076,0
24269,7.50696142578125,-0.5988315063476563,3.4849532470703126,-11.234923664122137,-0.4955305343511449,-15.019530534351146,0
24294,7.856514868164061,-1.5924251953125,3.0539969482421876,3.2841603053435113,-64.09858396946565,-23.905026717557252,0
24319,3.6499025512695304,-1.5684831787109375,3.030054931640625,-8.234923664122137,-31.08331679389313,-30.57678244274809,0
24344,5.802289843749999,-3.06725341796875,1.7252150268554687,-38.8074427480916,65.48156870229008,-23.75235496183206,0
24370,6.510973535156249,-5.140632055664062,3.8560545043945313,-6.70820610687023,50.115156488549616,-16.13403435114504,0
24395,2.589271215820312,-1.5708773803710936,5.110616174316406,45.97118320610687,-10.159652671755724,-19.050064885496184,0
24420,-1.0547037109375004,3.7083372802734376,4.70599609375,43.826145038167944,25.22966030534351,-19.1416679389313,0
24445,-1.4401701782226566,11.506252087402343,6.199977929687499,31.63530534351145,12.741110687022902,4.453751908396947,0
24470,-2.4936189086914062,19.634566723632812,7.083438342285156,54.520801526717555,-45.53369847328245,20.659858778625953,0
24495,-0.36517363281250015,19.574711682128903,4.021254418945312,19.085687022900764,19.60370610687023,-0.7065534351145039,0
24520,6.302677990722656,7.560607751464843,6.085056249999999,-22.227290076335876,234.69530916030536,-59.431744274809155,0
24545,16.98740144958496,3.4665229125976564,-0.3768940307617187,14.810877862595419,172.93958396946564,-132.0118969465649,0
24570,7.0233326904296876,7.223025317382812,5.136952392578125,71.0398854961832,-244.04514885496184,-54.56914885496183,0
24595,1.0426169433593744,3.0188072021484373,5.539178271484374,16.742175572519084,-59.11385114503817,60.9346679389313,0
24620,2.7999609619140617,4.0483139160156245,3.214408459472656,-17.746374045801524,54.565538167938925,105.27054580152672,0
24645,4.6794092651367185,3.279775183105469,4.093080468749999,-4.799809160305344,2.840347328244275,78.9728358778626,0
24670,4.935588842773437,5.36033642578125,4.684448278808593,22.49026717557252,-68.80850763358778,32.17130916030534,0
24695,3.5708938964843746,6.914173303222656,3.6669125732421874,24.742175572519084,-96.09858396946565,8.415583969465649,0
24720,3.511038854980468,4.922197521972656,4.46897012939453,18.726908396946566,-64.74743893129771,9.186576335877863,0
24745,5.105577160644531,5.276539367675781,4.021254418945312,21.955916030534354,10.054087786259542,10.39268320610687,0
24770,6.733634289550781,6.212672216796875,2.6230406494140626,25.29942748091603,14.25256106870229,10.583522900763358,0
24796,6.980237060546874,5.331606005859375,2.9989303100585936,19.108587786259545,-5.197820610687023,13.194209923664122,0
24821,7.669767138671873,4.0674675292968745,4.136176098632812,16.68110687022901,14.863248091603054,11.407950381679388,0
24846,8.344932006835936,5.618910205078125,3.8321124877929686,12.787977099236642,19.008286259541986,9.331614503816793,0
24871,7.846938061523436,3.2869577880859375,2.256727795410156,9.200190839694656,-39.23598854961833,13.438484732824428,0
24896,7.001784875488281,1.9869062866210936,2.5655798095703126,-0.3112595419847328,-28.205454198473284,19.003370229007633,0
24921,7.602729492187499,1.800158557128906,3.530443078613281,3.2154580152671755,18.54263740458015,21.36214885496183,0
24946,8.167761083984374,2.41067998046875,3.19286064453125,6.780343511450381,28.130423664122137,20.759095419847327,0
24971,7.4399237792968735,1.3165298217773436,3.0324491333007813,7.757442748091603,-12.045148854961832,22.675125954198474,0
24996,6.297889587402342,0.6629127685546874,3.3484837524414064,0.8185114503816794,-15.54896564885496,30.54535496183206,0
25021,6.810248742675781,0.8783909179687499,3.72916181640625,-11.830343511450382,22.26019465648855,30.415583969465647,0
25046,7.207686218261718,0.39476218261718743,3.731556018066406,-13.845610687022901,16.222026717557252,24.972835877862597,0
25071,6.5780111816406235,0.21519705810546874,3.815353076171875,-10.776908396946565,-35.564232824427485,25.42321755725191,0
25096,6.19733311767578,0.34208974609375,4.095474670410156,-21.50973282442748,-40.755072519083974,27.614057251908395,0
25121,6.132689672851561,-0.1798462158203125,3.7985936645507814,-33.357061068702286,-27.91537786259542,28.094973282442748,0
25146,5.663426147460936,-1.142315283203125,3.530443078613281,-34.38759541984733,-19.556599236641222,20.759095419847327,0
25171,5.955518749999999,-0.76881982421875,3.80577626953125,-34.89141221374046,-2.2359885496183205,8.949935114503816,0
25197,7.02093848876953,-0.9579617553710937,4.004495007324218,-27.31889312977099,-21.533698473282442,-6.43937786259542,0
25222,7.4566831909179685,-0.4599678100585938,4.107445678710937,-23.86851145038168,-39.9001106870229,-21.28670610687023,0
25247,7.411193359374999,-1.6953758666992187,4.009283410644531,-21.738740458015265,-26.190187022900762,-35.988996183206105,0
25272,7.415981762695311,-1.3553992309570313,3.7626806396484374,-22.112786259541984,-12.71690458015267,-43.69891984732824,0
25297,8.117482849121092,-1.6450976318359374,3.587903918457031,-15.990648854961831,-35.77797328244275,-46.08823282442748,0
25322,7.743987390136717,-2.2221002319335934,3.640576354980469,-13.395229007633588,-50.31232442748092,-44.18746946564885,0
25347,7.679343945312499,-3.2875199707031246,4.342077441406249,-22.273091603053434,9.038820610687022,-31.874492366412216,0
25372,9.230786621093749,-3.0361287963867185,4.461787524414062,-17.036450381679387,28.985385496183206,-14.515713740458015,0
25397,9.714415356445311,-2.1071785522460935,3.973370385742187,-8.02118320610687,-6.594767175572519,-5.332507633587786,0
25422,8.823772338867187,-1.7983265380859375,3.171312829589844,-14.70057251908397,-13.304690839694656,0.5148206106870228,0
25447,8.512526123046875,-2.1598509887695307,2.7834521606445315,-29.967748091603053,15.817446564885497,9.102606870229007,0
25472,8.622659399414061,-2.190975610351562,2.290246618652344,-30.723473282442747,11.199125954198474,15.8965,0
25497,8.474218896484373,-2.389694348144531,2.577550817871094,-25.32652671755725,21.847980916030536,13.949935114503816,0
25522,8.742369482421875,-2.1311205688476558,2.9797766967773436,-20.066984732824427,36.20675954198473,7.56062213740458,0
25547,8.299442175292967,-2.2125234252929684,2.637405859375,-18.418129770992365,26.23729389312977,4.148408396946564,0
25572,8.100723437499997,-1.8007207397460936,2.4769943481445313,-17.471564885496182,18.160958015267177,-3.9584618320610683,0
25597,8.522102929687499,-1.5684831787109375,3.099486779785156,-9.654770992366412,17.40523282442748,-13.645484732824428,0
25623,8.383239233398438,-1.2907557861328125,2.608675439453125,-3.723473282442748,16.61133969465649,-18.523347328244274,0
25648,8.007349572753906,-1.5708773803710936,2.08195107421875,-3.242557251908397,28.557904580152673,-20.592049618320612,0
25673,8.347326208496092,-1.9084598144531248,2.184901745605469,5.917748091603053,47.51210305343511,-17.75998854961832,0
25698,8.409575451660157,-1.8270569580078124,2.0101250244140627,24.116221374045804,13.336530534351146,-13.11876717557252,0
25723,7.588364282226562,-1.4320136840820312,2.0939220825195313,-2.570801526717557,78.12279007633589,-8.813423664122137,0
25748,8.943482421875,-0.46475621337890627,3.156947619628906,-10.608969465648855,108.3288969465649,-2.630217557251908,0
25773,6.3002837890625,0.04520874023437499,4.330106433105469,25.688740458015268,37.993019083969465,11.652225190839694,0
25798,2.1295844970703124,3.5958098022460936,5.560726086425781,70.46736641221374,-55.89247709923664,37.2934465648855,0
25823,-3.1544185668945315,12.961926696777342,7.801698840332031,95.7956106870229,-64.38102671755725,58.011003816793895,0
25848,-2.9269694091796876,19.74410144958496,7.172023803710937,77.9635496183206,-1.464996183206107,50.92703435114504,0
25873,0.7840431640624996,16.555623388671872,5.40749718017578,41.1925572519084,40.313629770992364,-28.41647709923664,0
25898,11.768640380859374,-1.7767787231445311,4.923868444824218,-22.79217557251908,211.61897328244274,-159.49281297709922,0
25923,16.98740144958496,5.343577014160156,-1.6194846923828123,6.612404580152671,-23.72453816793893,-249.24090458015266,0
25948,4.6051890136718745,5.293298779296875,6.5303777587890615,10.749809160305343,-248.71690458015266,-135.62258396946564,0
25973,1.4520254272460935,3.389908459472656,5.1585002075195305,-47.868511450381675,-54.10621755725191,26.86596564885496,0
25999,3.1255723876953123,5.281327770996094,1.7539454467773437,-61.975381679389315,44.618973282442745,107.71329389312977,0
26024,4.540545568847656,3.55989677734375,2.0843452758789063,-35.00591603053435,4.550270992366412,113.70566030534351,0
26049,4.325067419433593,4.053102319335937,2.4195335083007814,9.039885496183206,-29.03751526717557,80.690393129771,0
26074,4.071282043457031,4.754603405761719,2.8145767822265624,29.108587786259545,-27.999347328244273,43.96520229007634,0
26099,4.088041455078124,4.563067272949219,3.185678039550781,36.68874045801527,-27.205454198473284,16.20184351145038,0
26124,5.225287243652343,4.1991486206054685,4.198425341796875,34.49026717557252,-0.7245381679389311,6.438484732824427,0
26149,6.115930261230468,4.7043251708984375,4.097868872070312,30.604770992366415,31.008286259541986,5.629324427480916,0
26174,7.408799157714843,5.8870607910156245,3.815353076171875,25.070419847328246,28.328896946564885,9.285812977099237,0
26199,8.165366882324218,5.5662377685546875,4.090686267089843,27.765076335877865,-15.800874045801525,14.293446564885496,0
26224,7.463865795898436,4.745026599121093,3.9829471923828126,26.383396946564886,-22.533698473282442,22.04153816793893,0
26249,7.296271679687499,5.003600378417969,3.3796083740234373,18.475,11.260194656488551,34.003370229007636,0
26274,7.858909069824217,5.085003234863281,3.0827273681640626,11.681106870229007,17.550270992366414,42.08733969465649,0
26299,7.327396301269531,3.4856765258789064,3.3245417358398437,13.757442748091602,-4.167286259541985,47.20947709923664,0
26324,6.209304125976561,1.9653584716796872,2.702049304199219,16.383396946564886,-16.663469465648856,51.59879007633588,0
26349,6.551674963378905,1.9126860351562498,2.25433359375,4.360496183206107,9.78691221374046,49.873599236641226,0
26374,7.183744201660155,1.03161982421875,2.271093005371094,-9.158587786259542,14.206759541984733,43.27817938931298,0
26400,6.8748921874999995,-0.1032317626953125,2.7379623291015625,3.9024809160305343,-32.381026717557255,38.690393129770996,0
26425,4.74884111328125,-0.9100777221679688,3.0444201416015626,15.574236641221374,-48.23598854961833,41.003370229007636,0
26450,4.68419766845703,-0.9220487304687499,2.9390752685546877,-2.7998091603053434,14.244927480916031,38.056805343511456,0
26475,6.187756311035156,0.16491882324218748,2.9989303100585936,-25.089885496183204,48.97775190839695,32.140774809160305,0
26500,7.267541259765625,-0.6562923461914062,2.5296667846679686,-18.776908396946563,-17.358125954198474,21.20947709923664,0
26525,6.080017236328124,-0.5222170532226562,2.4291103149414064,-13.952480916030535,-61.59476717557252,7.743828244274809,0
26550,5.196556823730468,-1.5421469604492186,2.3740436767578124,-24.921946564885495,-30.617667938931294,-2.538614503816794,0
26575,5.649060937499999,-1.0010573852539062,2.725991320800781,-36.02118320610687,15.519736641221375,-10.233270992366412,0
26600,7.406404956054687,-1.03697041015625,3.0420259399414062,-29.288358778625952,14.168591603053436,-23.75235496183206,0
26625,7.262752856445311,-0.8119154541015625,3.0444201416015626,-10.85324427480916,-41.877209923664125,-35.25617175572519,0
26650,7.004179077148437,-1.850998974609375,3.413127197265625,-3.9295801526717553,-51.21308778625954,-48.363041984732824,0
26675,7.145436975097655,-1.6905874633789062,3.3245417358398437,-10.822709923664123,-3.006980916030534,-56.76762213740458,0
26700,8.447882678222655,-1.7193178833007812,3.0923041748046876,-9.608969465648855,5.6418740458015275,-57.59968320610687,0
26725,9.23557502441406,-2.447155187988281,3.0923041748046876,2.8643129770992366,-23.029881679389312,-59.34014122137404,0
26750,8.785465112304685,-4.9419133178710934,3.9661877807617185,8.31469465648855,-15.724538167938931,-52.477545801526716,0
26776,9.451053173828125,-2.811073840332031,4.212790551757812,2.490267175572519,28.909049618320612,-36.68365267175572,0
26801,10.447041064453124,-2.313079895019531,4.107445678710937,0.8261450381679389,12.687675572519085,-23.729454198473285,0
26826,10.152554260253904,-2.583624682617187,3.190466442871094,-5.02881679389313,-12.266522900763357,-8.027164122137405,0
26851,9.589916870117186,-2.4591261962890623,2.943863671875,-20.410496183206106,-0.3657595419847328,6.430851145038168,0
26876,9.180508386230468,-2.5309522460937495,3.113851989746094,-35.31889312977099,40.305996183206105,14.22474427480916,0
26901,9.898768884277342,-3.002609973144531,3.0252665283203126,-36.01354961832061,66.42813358778626,13.262912213740458,0
26926,9.611464685058593,-2.7392477905273434,3.1210345947265625,-21.738740458015265,29.27546183206107,6.37741603053435,0
26951,7.760746801757812,-3.953108032226562,2.8504898071289064,-21.4486641221374,10.985385496183207,0.4308511450381679,0
26976,7.090370336914062,-4.604330883789062,2.5536088012695313,-31.089885496183204,54.176225190839695,-3.1722022900763354,0
27001,8.208462512207031,-5.183727685546875,2.673318884277344,-22.257824427480916,46.05408778625954,-10.996629770992367,0
27026,8.055233605957032,-4.144644165039062,2.86724921875,-10.998282442748092,11.75637786259542,-28.027164122137403,0
27051,8.402392846679685,-4.8293858398437495,2.7379623291015625,-29.418129770992365,104.16095801526718,-37.51571374045801,0
27076,10.324936779785155,-5.808614318847655,5.002877099609375,5.3757633587786255,78.61897328244275,-28.25617175572519,0
27101,6.640260424804686,-2.2221002319335934,5.6086101196289055,39.30706106870229,-5.365759541984733,-13.813423664122137,0
27126,0.4919505615234372,4.1967544189453125,6.652482043457031,-14.265458015267177,132.55790458015267,9.018637404580153,0
27151,1.0090981201171871,16.031293225097656,8.369124633789061,-39.25782442748091,132.99301908396947,37.55298854961833,0
27177,-4.016331164550781,19.74410144958496,5.333276928710937,-10.639503816793894,-81.66346946564884,49.003370229007636,0
27202,-5.653965100097656,19.74410144958496,5.522418859863281,-54.01354961832061,-1.1062175572519082,16.843064885496183,0
27227,11.689631726074218,-6.526874816894531,5.4218623901367184,-27.234923664122135,251.55027099236642,-79.5920496183206,0
27252,16.98740144958496,-1.602002001953125,-2.670539221191406,89.44446564885496,187.37469847328245,-212.4775458015267,0
27277,5.0936061523437495,13.723282824707029,6.700366076660155,102.9253816793893,-212.44209541984733,-134.11876717557251,0
27302,5.172614807128905,1.4075094848632812,8.464892700195312,33.36812977099237,-148.54896564885496,-6.508080152671756,0
27327,3.3889345703124993,4.7976990356445315,5.7785984374999995,2.7192748091603054,-97.67873664122136,77.59115648854961,0
27352,0.3770288818359373,4.5367310546874995,5.362007348632812,-19.379961832061067,-50.80850763358779,119.84306488549619,0
27377,1.1000777832031248,2.4609582153320315,5.946192553710937,-16.929580152671754,1.3288969465648857,130.07207251908397,0
27402,2.227746765136718,2.341248132324219,3.8680255126953123,-16.738740458015265,48.13805725190839,102.98810305343511,0
27427,4.782359936523437,2.7745986328125,4.320529626464843,-10.899045801526718,23.26019465648855,58.55298854961833,0
27452,5.038539514160155,2.0132425048828124,4.672477270507812,18.726908396946566,-67.12148473282443,8.995736641221374,0
27477,4.885310607910156,2.6141871215820314,4.899926428222655,32.09332061068702,-75.09095038167939,-28.019530534351144,0
27502,4.5309687622070305,3.6676358520507812,4.629381640625,19.97881679389313,-22.808507633587787,-46.13403435114503,0
27527,5.943547741699217,4.417020971679688,5.2518740722656245,19.35286259541985,-8.22835496183206,-44.56151526717557,0
27553,7.0472747070312485,5.707495666503906,4.564738195800781,29.757442748091606,-24.953545801526715,-41.46991221374046,0
27578,5.802289843749999,6.392237341308594,3.604663330078125,28.078053435114505,-32.90774427480916,-32.58441603053435,0
27603,4.9068584228515615,4.974869958496094,3.7363444213867187,19.421564885496185,-15.70163740458015,-16.126400763358777,0
27628,5.443159594726562,3.796922741699219,4.993300292968749,22.558969465648858,19.550270992366414,1.8583320610687024,0
27653,5.998614379882812,5.563843566894531,4.660506262207031,36.50553435114504,5.25256106870229,18.766729007633586,0
27678,6.132689672851561,4.6660179443359375,3.1497650146484375,33.955916030534354,-23.304690839694658,26.789629770992367,0
27703,6.431964880371093,2.9421927490234374,3.34608955078125,27.902480916030537,-43.36575954198474,29.949935114503816,0
27728,5.790318835449217,2.228720654296875,3.8895733276367186,24.078053435114505,-22.991713740458014,32.40795038167939,0
27753,6.400840258789061,2.446593005371094,3.76746904296875,13.46736641221374,14.603706106870229,32.49191984732825,0
27778,6.589982189941405,2.417862585449219,3.26947509765625,13.650572519083969,-20.869576335877863,30.42321755725191,0
27803,6.024950598144531,1.3189240234375,3.5807213134765625,17.902480916030537,-57.47262977099237,26.186576335877863,0
27828,5.673002954101562,0.6533359619140624,3.243138879394531,6.13912213740458,-24.90774427480916,18.827797709923665,0
27853,7.0089674804687485,0.6150287353515624,3.0731505615234376,-11.70057251908397,9.93958396946565,7.201843511450381,0
27878,7.3824629394531245,0.38039697265624994,3.219196862792969,-10.082251908396946,-30.24362213740458,-3.301973282442748,0
27903,6.803066137695311,-0.864587890625,3.0923041748046876,-11.288358778625955,-54.08331679389313,-9.790522900763358,0
27929,6.671385046386718,-0.5413706665039062,3.26947509765625,-29.99064885496183,-15.831408396946564,-13.859225190839695,0
27954,7.533297644042968,-1.1016138549804688,3.6142401367187498,-37.15095419847328,-1.0222480916030534,-16.813423664122137,0
27979,8.622659399414061,-1.7288946899414062,3.5017126586914062,-29.944847328244272,-15.350492366412212,-24.347774809160306,0
28004,8.960241833496092,-1.7336830932617187,3.4729822387695313,-21.66240458015267,-35.22835496183206,-31.691286259541986,0
28029,8.646601416015624,-0.9340197387695313,3.489741650390625,-26.570801526717556,-18.999347328244273,-39.15693511450382,0
28054,9.853279052734376,-1.53496435546875,3.5136836669921876,-31.418129770992365,-13.5795,-43.71418702290076,0
28079,10.305783166503904,-2.882899890136718,4.083503662109375,-23.601335877862596,-28.625301526717557,-38.0653320610687,0
28104,9.03206788330078,-1.5134165405273436,4.397144079589843,-20.18148854961832,0.7792786259541986,-20.332507633587788,0
28129,9.395986535644532,-1.3410340209960938,4.018860217285156,-17.914312977099236,22.29836259541985,0.8354312977099236,0
28154,10.221986108398436,-1.2644195678710937,3.702825598144531,-16.937213740458013,9.389965648854963,12.407950381679388,0
28179,9.202056201171875,-0.548553271484375,3.7890168579101564,-22.4868320610687,-17.335225190839694,16.46138549618321,0
28204,9.149383764648437,-0.720935791015625,3.250321484375,-39.792175572519085,12.664774809160306,18.04153816793893,0
28229,9.496543005371091,-0.9579617553710937,2.876826025390625,-36.921946564885495,8.77164503816794,20.988103053435115,0
28254,8.759128894042966,-1.0800660400390625,2.4410813232421877,-27.86087786259542,15.145690839694657,23.07207251908397,0
28279,8.34253780517578,-1.1973819213867187,2.3692552734375,-26.815076335877862,56.9472175572519,22.644591603053435,0
28304,8.759128894042966,-1.5780599853515624,2.7978173706054688,-17.089885496183204,56.496835877862594,23.88886641221374,0
28329,7.720045373535155,-0.88374150390625,2.8840086303710937,-13.280725190839695,37.130423664122134,28.995736641221374,0
28355,6.434359082031249,-2.265195861816406,3.750709631347656,-36.357061068702286,79.0617213740458,37.71329389312977,0
28380,8.08156982421875,-2.4639145996093745,3.9422457641601563,-57.25019083969465,115.68767557251908,43.41558396946565,0
28405,8.282682763671875,-3.921983410644531,3.0085071166992186,-38.25782442748091,21.970118320610688,31.835431297709924,0
28430,5.170220605468749,-5.001768359374999,2.5823392211914062,-21.227290076335876,4.939583969465649,15.446118320610687,0
28455,4.777571533203124,-5.485397094726562,2.7954231689453124,-3.53263358778626,23.252561068702292,-5.935561068702291,0
28480,3.247676672363281,-0.3905359619140625,3.604663330078125,10.711641221374045,50.252561068702285,-23.76762213740458,0
28505,2.3115438232421868,6.215066418457031,4.117022485351562,32.574236641221376,-25.42682824427481,-24.080599236641223,0
28530,0.9683966918945308,10.586878649902342,5.050761132812499,63.268893129770994,-66.40392748091602,-19.538614503816795,0
28555,-2.756981091308594,11.74327805175781,5.622975329589843,68.1696564885496,29.168591603053436,-25.080599236641223,0
28580,-3.6476241088867187,15.42077180175781,5.903096923828125,26.86431297709924,198.11515648854962,-37.03479770992366,0
28605,6.403234460449219,12.262819812011717,8.756985302734375,71.25362595419847,156.18385877862596,-75.6683854961832,0
28630,11.514855004882811,4.563067272949219,5.7043781860351555,112.52843511450381,45.39759923664122,-125.0653320610687,0
28655,12.676042810058593,4.833612060546875,5.637340539550781,60.642938931297714,-70.85430916030533,-126.81342366412214,0
28680,6.230851940917968,4.950927941894531,8.156040686035155,16.29942748091603,-185.02988167938932,-34.50044656488549,0
28705,2.797566760253906,4.7234787841796875,6.463340112304687,-36.112786259541984,-80.41919465648854,59.133141221374046,0
28730,2.342668444824218,4.606162902832031,4.265462988281249,-57.82270992366412,-6.006980916030534,99.08733969465649,0
28756,4.109589270019531,5.338788610839844,3.3532721557617187,-39.30362595419847,-3.358125954198473,86.69802671755725,0
28781,3.5014620483398433,4.912620715332031,2.84809560546875,-6.227290076335878,-53.686370229007636,52.201843511450384,0
28806,2.9292478515625,4.163235595703125,3.9709761840820312,11.322328244274809,-64.13675190839695,23.804896946564885,0
28831,3.941995153808593,4.558278869628906,4.586286010742187,21.108587786259545,-19.442095419847327,-0.43174427480916033,0
28856,6.051286816406249,5.468075500488281,4.310952819824219,33.23835877862596,-30.816141221374043,-20.156935114503817,0
28881,5.464707409667969,5.882272387695313,4.775427941894531,37.65057251908397,-59.07568320610687,-25.1416679389313,0
28906,5.6921565673828125,5.2669625610351565,4.279828198242187,16.245992366412214,-22.793240458015266,-20.75235496183206,0
28931,7.480625207519531,5.106551049804687,4.581497607421874,5.001717557251908,9.08462213740458,-18.40884351145038,0
28956,8.301836376953123,5.9157912109375,4.631775842285156,23.108587786259545,-30.854309160305345,-17.530980916030536,0
28981,7.765535205078124,4.800093237304687,3.243138879394531,30.413931297709926,-60.518431297709924,-7.996629770992367,0
29006,6.798277734375,3.6436938354492185,2.1130756958007813,19.16965648854962,-36.068049618320615,6.514820610687022,0
29031,7.619488903808594,3.342024426269531,2.3931972900390623,10.215458015267176,-1.678736641221374,16.789629770992367,0
29056,7.95946553955078,3.2294969482421876,2.6852898925781252,18.32996183206107,-11.610034351145037,21.08733969465649,0
29081,7.243599243164062,2.7386856079101562,2.31179443359375,23.062786259541987,-23.640568702290075,20.05680534351145,0
29106,6.463089501953124,1.3763848632812499,2.024490234375,17.574236641221376,-19.54896564885496,19.491919847328244,0
29131,6.786306726074218,1.6469296508789062,2.0101250244140627,3.81087786259542,-0.5184312977099235,15.591156488549618,0
29157,7.396828149414062,1.1585125122070312,2.0388554443359377,0.32996183206106866,-22.472629770992366,9.988103053435115,0
29182,7.365703527832031,0.7730460449218749,1.7635222534179686,-2.6166030534351146,-43.80850763358779,3.278179389312977,0
29207,7.348944116210936,1.0531676391601563,1.9694235961914062,-10.059351145038168,-37.2207213740458,-2.889759541984733,0
29232,7.284300671386718,0.5743273071289062,2.151382922363281,-16.34179389312977,-24.938278625954197,-3.668385496183206,0
29257,6.793489331054686,-0.026617309570312497,2.2160263671875002,-17.47919847328244,-31.152019083969467,5.400316793893129,0
29282,6.130295471191405,0.19843764648437498,2.725991320800781,-33.1662213740458,2.0693549618320612,15.39268320610687,0
29307,7.80623663330078,-0.2780084838867187,2.5943102294921876,-44.33416030534351,35.802179389312975,14.659858778625955,0
29332,8.431123266601563,-1.0106341918945312,2.745144934082031,-29.097519083969463,-10.045148854961832,10.102606870229007,0
29357,7.5165382324218735,-1.5900309936523438,2.5081189697265627,-21.845610687022898,-28.319958015267176,4.2400114503816795,0
29382,7.885245288085936,-2.3178682983398433,2.3165828369140624,-23.47919847328244,-12.052782442748091,-1.2561717557251906,0
29407,8.795041918945312,-3.400047448730468,3.4538286254882813,-13.18148854961832,-6.923011450381679,-5.798156488549619,0
29432,8.948270825195312,-2.332233508300781,3.489741650390625,-0.3494274809160306,4.91668320610687,-3.0653320610687023,0
29457,8.749552087402343,-1.786355529785156,3.547202490234375,1.5360687022900765,21.359431297709925,3.4995534351145037,0
29482,10.032844177246094,-1.4559557006835937,3.5615677001953125,-0.40286259541984737,15.947217557251909,9.461385496183206,0
29507,9.57555166015625,-0.8813473022460938,3.4681938354492186,-4.273091603053436,-11.083316793893129,13.178942748091602,0
29532,9.242757629394529,-1.3937064575195313,3.161736022949219,-18.097519083969463,6.122790076335878,16.41558396946565,0
29557,9.230786621093749,-1.3984948608398438,2.7834521606445315,-24.937213740458013,24.702942748091605,20.90413358778626,0
29583,9.058404101562498,-2.0976017456054685,2.474600146484375,-20.845610687022898,34.35179770992366,21.530087786259543,0
29608,8.210856713867187,-1.5852425903320313,2.3931972900390623,-18.257824427480916,54.260194656488544,18.568255725190838,0
29633,8.46464208984375,-2.3298393066406247,2.0556148559570313,-22.257824427480916,90.92431679389314,8.812530534351145,0
29658,8.577169567871092,-2.571653674316406,2.1011046875,-16.929580152671754,83.0617213740458,3.5071870229007636,0
29683,8.15818427734375,-2.7967086303710933,2.1442003173828126,-5.9448473282442755,44.7792786259542,-0.4088435114503818,0
29708,7.013755883789062,-2.2795610717773434,2.6134638427734376,-8.38759541984733,61.84798091603053,-8.981362595419847,0
29733,7.4949904174804685,-3.356951818847656,1.9406931762695312,-3.0669847328244275,72.84798091603054,-14.996629770992367,0
29758,6.704903869628905,-3.787908117675781,2.3860146850585937,22.238358778625955,32.489202290076335,-16.660751908396946,0
29783,4.032974816894531,-1.9395844360351562,3.075544763183594,29.933015267175573,8.160958015267175,-16.27143893129771,0
29808,1.5501876953124993,1.520036962890625,4.9334452514648435,14.864312977099237,82.90904961832061,-1.1722022900763358,0
29833,-0.9110516113281253,7.6779236328125,5.769021630859374,27.29179389312977,66.11515648854962,28.301080152671755,0
29858,-0.5998053955078126,14.573224414062498,5.970134570312499,29.94828244274809,51.54263740458015,48.2934465648855,0
29883,0.6140548461914057,16.76391893310547,6.836835571289062,43.8337786259542,61.122790076335875,39.59115648854962,0
29908,1.6363789550781247,15.171774829101562,7.011612292480468,40.41393129770992,126.71057633587786,5.400316793893129,0
29933,8.383239233398438,7.096132629394531,5.067520544433593,27.757442748091606,164.55790458015267,-66.51571374045801,0
29958,16.92575075683594,0.4617998291015625,4.167300720214843,37.32232824427481,73.55027099236642,-153.2867061068702,0
29984,8.04805100097656,6.128875158691406,7.219907836914062,48.97118320610687,-223.19018702290077,-129.897393129771,0
30009,1.7153876098632805,3.9932472778320314,9.405813952636718,14.421564885496183,-248.71690458015266,-20.088232824427482,0
30034,0.6571504760742184,4.431386181640625,6.161670703124999,-52.547900763358776,-72.05278244274808,56.94993511450382,0
30059,3.036986926269531,4.893467102050781,4.138570300292968,-69.93721374045802,20.023553435114504,83.59115648854961,0
30084,4.538151367187499,4.668412145996093,3.7076140014648438,-33.87614503816794,-11.976446564885496,79.55298854961832,0
30109,4.095224060058593,4.972475756835937,3.602269128417969,13.154389312977099,-85.3886603053435,58.65985877862596,0
30134,3.3530215454101553,4.804881640625,4.107445678710937,26.100954198473286,-58.79324045801527,34.12550763358779,0
30159,5.155855395507812,3.729885095214844,4.550372985839843,26.879580152671757,-11.533698473282442,15.865965648854962,0
30184,6.4535126953125,4.522365844726562,4.9334452514648435,39.29942748091603,-6.839041984732823,2.4690190839694655,0
30209,6.563645971679686,4.9964177734375,5.005271301269531,43.10095419847328,-33.373393129770996,-4.5233473282442755,0
30234,6.745605297851562,3.4234272827148438,4.150541308593749,19.887213740458016,-24.090950381679388,0.812530534351145,0
30259,8.165366882324218,2.8176942626953125,4.4833353393554685,0.9864503816793893,0.5579045801526719,7.079706106870229,0
30284,8.593928979492187,3.80889375,4.911897436523437,2.2917938931297708,3.9319503816793895,13.232377862595419,0
30309,8.536468139648438,4.110563159179687,4.119416687011718,6.673473282442748,-12.671103053435115,17.003370229007633,0
30334,7.406404956054687,2.949375354003906,3.5184720703125,-1.0440839694656487,-17.10621755725191,23.178942748091604,0
30359,6.558857568359374,2.800934851074219,3.2168026611328124,-12.784541984732824,-6.1291183206106865,28.438484732824428,0
30384,7.214868823242187,1.7642455322265624,3.240744677734375,-10.761641221374045,-8.136751908396946,30.06443893129771,0
30410,6.67617344970703,1.5631325927734374,2.9821708984375,-4.143320610687023,-25.136751908396946,28.491919847328244,0
30435,5.876510095214843,1.0148604125976561,2.5847334228515626,-1.7158396946564887,-42.823774809160305,28.186576335877863,0
30460,5.905240515136717,0.5647505004882812,2.35010166015625,-8.830343511450382,-32.14438549618321,21.644591603053435,0
30485,6.549280761718749,-0.08168394775390625,2.4147451049804687,-12.578435114503817,-25.373393129770992,9.55298854961832,0
30510,5.471890014648436,-0.567706884765625,2.2974292236328124,-9.53263358778626,-51.78560687022901,2.2552786259541984,0
30535,5.227681445312499,-0.6395329345703125,2.6134638427734376,-17.754007633587786,-34.64056870229008,-4.759988549618321,0
30560,5.965095556640624,-0.835857470703125,2.5200899780273436,-31.1662213740458,12.931950381679389,-13.195103053435115,0
30585,7.241205041503906,-1.7695961181640625,2.1872959472656253,-24.219656488549617,-1.2207213740458016,-17.126400763358777,0
30610,6.661808239746093,-1.2021703247070312,2.170536535644531,-12.929580152671756,-33.18255343511451,-18.660751908396946,0
30635,7.301060083007811,-2.820650646972656,2.309400231933594,-10.36469465648855,1.9166832061068704,-27.149301526717558,0
30660,8.222827722167967,-2.8086796386718746,1.9550583862304687,-0.18148854961832062,21.832713740458015,-33.08059923664122,0
30685,7.930735119628905,-2.688969555664062,2.3716494750976564,16.66583969465649,-13.678736641221374,-32.54624809160305,0
30710,7.643430920410155,-3.435960473632812,3.010901318359375,20.436832061068703,6.015919847328245,-33.97372900763359,0
30735,8.531679736328122,-2.8996593017578123,3.3700315673828123,20.16965648854962,40.0235534351145,-28.721820610687022,0
30760,9.692867541503905,-2.1742161987304685,3.7171908081054688,25.99408396946565,24.64950763358779,-19.82869083969466,0
30785,9.343314099121091,-1.3889180541992188,3.8943617309570313,28.597137404580153,-10.709270992366411,-9.828690839694657,0
30811,9.417534350585935,-1.276390576171875,4.160118115234375,14.375763358778626,7.741110687022902,-2.2409045801526717,0
30836,10.48055988769531,-0.4958808349609375,4.48812374267578,-3.471564885496183,33.183858778625954,6.4766526717557245,0
30861,10.5140787109375,-0.2923736938476562,4.421086096191406,-11.288358778625955,8.962484732824427,17.568255725190838,0
30886,9.132624353027342,-1.1016138549804688,4.028437023925781,-17.547900763358776,-4.777973282442748,26.2171106870229,0
30911,8.40718125,-1.3889180541992188,4.004495007324218,-27.14332061068702,36.809812977099234,25.125507633587787,0
30936,8.35690301513672,-2.0138046874999995,3.516077868652344,-31.441030534351142,76.18385877862596,16.26291221374046,0
30961,8.550833349609373,-2.14787998046875,3.2551098876953124,-16.70057251908397,43.985385496183206,9.469019083969465,0
30986,6.807854541015625,-2.507010229492187,2.9654114868164063,-0.9219465648854962,1.939583969465649,7.3621488549618315,0
31011,5.179797412109374,-3.0983780395507807,3.0156897216796876,0.3833969465648855,29.89378244274809,7.6827595419847325,0
31036,7.724833776855468,-1.9587380493164062,3.7243734130859374,-5.937213740458016,87.29836259541985,-0.805790076335878,0
31061,8.392816040039062,-0.8143096557617188,3.8680255126953123,10.604770992366412,25.512103053435116,-13.492812977099238,0
31086,6.216486730957031,-1.566088977050781,3.7722574462890623,15.894847328244275,-23.39629389312977,-21.11876717557252,0
31111,3.5373750732421874,-1.6403092285156249,4.562343994140624,-3.647137404580153,46.35943129770992,-21.45464503816794,0
31136,2.773624743652343,-0.11759697265624999,5.807328857421874,-6.998282442748092,85.37469847328245,-7.477545801526718,0
31161,0.7888315673828119,5.396249450683594,6.188006921386718,-9.555534351145038,76.48156870229008,12.774362595419847,0
31186,-0.6045937988281254,12.832639807128905,6.757826916503905,4.177290076335877,27.252561068702292,24.377416030534352,0
31211,-0.4657301025390628,18.308179003906247,6.044354821777343,8.536068702290075,12.809812977099238,15.675125954198473,0
31237,1.6363789550781247,17.652167749023437,6.178430114746093,-10.288358778625955,59.993019083969465,-24.92792748091603,0
31262,11.306559460449218,0.07872756347656248,5.436227600097656,-12.68530534351145,165.0464541984733,-97.43174427480916,0
31287,16.98740144958496,-0.17266361083984375,1.883232336425781,11.505534351145037,162.2372938931298,-193.1264007633588,0
31312,3.623566333007812,13.55090030517578,8.338000012207031,70.24599236641221,-248.71690458015266,-119.8210572519084,0
31337,-0.8990806030273439,2.2813930908203126,7.993234973144531,-3.0440839694656487,-170.68637022900762,-9.286706106870229,0
31362,2.534204577636718,5.721860876464843,4.366019458007812,-63.15858778625954,19.038820610687022,57.94993511450382,0
31387,4.406470275878906,4.09619794921875,3.2862345092773437,-49.89141221374046,-27.518431297709924,72.62169083969466,0
31412,5.66821455078125,2.0252135131835938,4.148147106933593,-9.937213740458015,-58.90774427480916,56.67512595419848,0
31437,5.2061336303710934,3.0642970336914064,3.674095178222656,13.97118320610687,-49.243622137404586,26.621690839694658,0
31462,5.881298498535156,3.6412996337890626,4.375596264648437,32.078053435114505,-53.014614503816794,0.446118320610687,0
31487,6.1231128662109375,4.476876013183594,4.349260046386719,44.444465648854965,-59.67110305343512,-13.721820610687024,0
31512,5.383304553222655,5.307663989257812,4.227155761718749,33.68874045801527,-25.839041984732823,-8.08823282442748,0
31537,5.644272534179687,4.891072900390625,4.7443033203125,29.192557251908397,2.3288969465648854,6.2476450381679385,0
31562,6.932353027343749,5.786504321289063,4.181665930175781,36.52843511450382,1.786912213740458,15.148408396946564,0
31587,6.542098156738281,5.690736254882812,3.2934171142578124,32.84141221374046,-15.381026717557251,20.690393129770992,0
31613,6.451118493652342,4.297310888671875,3.65254736328125,25.36812977099237,-23.40392748091603,28.36214885496183,0
31638,6.113536059570312,3.5479257690429686,4.272645593261719,20.612404580152674,9.130423664122137,30.942301526717557,0
31663,6.582799584960937,4.493635424804688,3.592692321777344,12.329961832061068,34.84034732824427,29.843064885496183,0
31688,7.222051428222655,4.8431888671875,3.15455341796875,8.841412213740458,-7.846675572519084,25.70566030534351,0
31713,6.491819921875,3.65566484375,2.5727624145507813,9.871946564885496,-50.36575954198474,23.40031679389313,0
31738,6.065652026367187,2.7889638427734376,2.46502333984375,10.742175572519084,-45.006980916030535,23.781996183206108,0
31763,5.802289843749999,2.4729292236328124,2.5105131713867186,15.024618320610687,-28.289423664122136,22.804896946564885,0
31788,5.536533459472655,1.771428137207031,2.302217626953125,14.910114503816793,-12.350492366412213,21.629324427480917,0
31813,6.156631689453124,1.6086224243164062,2.204055358886719,14.291793893129771,-15.289423664122136,16.919400763358777,0
31838,6.747999499511718,0.9406401611328125,2.654165270996094,17.307061068702293,-45.15201908396947,7.827797709923664,0
31863,5.62272471923828,0.40673319091796867,3.070756359863281,16.230725190839696,-58.26652290076336,1.2018435114503816,0
31888,5.957912951660156,0.32533033447265625,3.1449766113281252,-2.3188931297709923,-8.961179389312976,-4.706553435114504,0
31913,7.279512268066406,-0.35941134033203126,3.128217199707031,-14.746374045801527,5.92431679389313,-10.065332061068702,0
31938,7.787083020019531,-0.49827503662109374,2.7762695556640624,-15.608969465648856,-20.510797709923665,-12.988996183206106,0
31963,8.742369482421875,-1.4248310791015624,2.7571159423828124,-10.494465648854963,-43.319958015267176,-20.248538167938932,0
31988,8.11269444580078,-2.121543762207031,3.3915793823242186,-13.631870229007633,-4.648202290076336,-26.737087786259544,0
32014,9.046433093261719,-2.574047875976562,3.1497650146484375,-20.21202290076336,41.802179389312975,-29.882125954198475,0
32039,10.961794421386717,-3.6227082031249997,3.3197533325195314,-12.776908396946565,8.695309160305344,-31.836324427480914,0
32064,10.059180395507813,-4.142249963378906,4.7275439086914055,-7.128053435114504,-13.174919847328244,-26.973729007633587,0
32089,9.946652917480467,-3.6107371948242184,5.182442224121093,-16.616603053435114,40.20675954198473,-11.851591603053436,0
32114,10.933064001464842,-3.261183752441406,4.660506262207031,-16.67767175572519,42.741110687022896,9.148408396946564,0
32139,10.420704846191406,-2.3394161132812497,4.011677612304687,-12.013549618320612,-1.8695763358778623,24.797263358778626,0
32164,10.087910815429687,-1.8486047729492188,3.2958113159179687,-21.402862595419847,-16.205454198473284,29.125507633587787,0
32189,8.943482421875,-1.556512170410156,3.142582409667969,-31.456297709923664,-11.052782442748091,33.11787404580153,0
32214,8.723215869140624,-1.7025584716796873,2.5751566162109376,-39.89141221374046,16.802179389312975,32.018637404580154,0
32239,8.869262170410156,-2.0401409057617186,2.3836204833984374,-40.242557251908394,47.672408396946565,25.331614503816795,0
32264,9.276276452636719,-1.783961328125,2.184901745605469,-20.70057251908397,26.054087786259544,17.323980916030536,0
32289,8.086358227539062,-2.18618720703125,2.3860146850585937,-4.5173664122137405,0.6953091603053436,9.91176717557252,0
32314,7.138254370117187,-1.9132482177734376,2.117864099121094,-11.70057251908397,33.27546183206107,4.285812977099236,0
32339,8.543650744628906,-2.8900824951171873,1.5001600708007812,-14.37232824427481,38.9472175572519,-1.1264007633587787,0
32364,8.953059228515624,-4.451101977539062,0.89442705078125,10.429198473282442,-34.5795,-15.592049618320612,0
32389,6.381686645507812,-4.788684411621094,1.8305598999023436,1.1772900763358778,20.199125954198475,-30.1416679389313,0
32415,5.883692700195312,-2.6099609008789058,2.8313361938476564,-24.601335877862596,104.44340076335878,-20.45464503816794,0
32440,7.076005126953125,-0.9795095703125001,3.930274755859375,-15.807442748091605,44.756377862595414,-13.462278625954198,0
32465,4.6794092651367185,1.330895031738281,5.457775415039062,13.673473282442748,-58.96881297709924,-21.75998854961832,0
32490,-0.9278110229492191,5.506382727050781,6.140122888183593,2.8872137404580154,-18.121484732824428,-27.30197328244275,0
32515,-1.4904484130859377,11.98030401611328,7.078649938964843,-11.662404580152671,25.702942748091605,-15.225637404580151,0
32540,-1.9788655517578126,19.74410144958496,7.133716577148437,3.9559160305343513,-39.79324045801527,6.980469465648855,0
32565,1.4544196289062494,17.850886486816403,7.995629174804687,-10.754007633587786,42.77164503816794,-13.874492366412214,0
32590,16.98740144958496,-6.395193725585937,5.263845080566406,-8.570801526717558,241.88614885496185,-93.34014122137404,0
32615,10.324936779785155,6.193518603515625,-1.6889165405273436,52.72690839694657,64.3441641221374,-139.55388167938932,0
32640,-0.8966864013671878,9.444844458007811,7.337223718261718,74.1925572519084,-248.71690458015266,-16.75235496183206,0
32665,0.11366669921874983,3.2582273681640626,5.816905664062499,-20.899045801526714,33.69530916030534,80.01863740458016,0
32690,3.1830332275390623,5.582997180175781,2.2974292236328124,-48.738740458015265,75.5731717557252,111.09497328244275,0
32715,4.655467248535156,2.896702917480469,2.7858463623046874,-26.128053435114502,3.92431679389313,95.04153816793894,0
32740,5.064875732421874,2.1377409912109377,3.097092578125,10.894847328244275,-29.41919465648855,56.201843511450384,0
32765,4.712928088378906,3.4018794677734374,2.8313361938476564,21.581870229007635,-17.38866030534351,16.522454198473284,0
32790,5.203739428710937,3.5838387939453127,4.43066290283203,37.00171755725191,-30.9382786259542,-7.546248091603054,0
32816,5.47667841796875,3.6772126586914062,4.607833825683593,56.2307251908397,-39.17491984732825,-16.92029389312977,0
32841,5.831020263671875,5.32202919921875,4.133781896972656,47.268893129770994,-15.23598854961832,-15.553881679389313,0
32866,5.996220178222656,5.164011889648437,3.721979211425781,14.215458015267176,21.847980916030536,2.0873396946564884,0
32891,7.5165382324218735,3.6101750122070313,4.528825170898437,8.658206106870228,39.28309541984733,20.293446564885496,0
32916,8.136636462402343,4.661229541015625,4.53361357421875,21.84141221374046,31.344164122137403,31.972835877862597,0
32941,7.533297644042968,5.652429028320312,3.4490402221679686,17.803244274809163,12.313629770992367,39.835431297709924,0
32966,7.229234033203125,4.59419189453125,3.8847849243164063,9.391030534351145,-14.037515267175571,45.751461832061075,0
32991,6.992208068847655,3.2175259399414062,4.085897863769531,8.215458015267176,-8.953545801526717,49.85833206106871,0
33016,6.570828576660156,2.810511657714844,3.530443078613281,13.192557251908397,-0.8924770992366411,49.80489694656489,0
33041,6.554069165039063,1.9342338500976561,2.637405859375,17.64293893129771,-15.434461832061068,47.12550763358779,0
33066,6.594770593261718,0.7658634399414062,3.030054931640625,22.97881679389313,-37.22835496183206,38.67512595419848,0
33091,6.465483703613281,-0.53897646484375,3.674095178222656,33.36812977099237,-40.48789694656489,29.446118320610687,0
33116,6.31225479736328,-0.29476789550781246,3.587903918457031,38.74217557251909,-37.694003816793895,20.88886641221374,0
33141,6.582799584960937,-0.7496662109375,3.097092578125,28.589503816793894,-28.38102671755725,9.491919847328244,0
33166,6.551674963378905,-0.9771153686523437,3.15455341796875,10.841412213740458,-24.297057251908395,2.827797709923664,0
33192,7.274723864746092,-0.6658691528320313,3.180889636230469,-3.3799618320610687,-34.503164122137406,-2.385942748091603,0
33217,6.929958825683593,-0.23491285400390624,3.142582409667969,-15.929580152671756,-54.571866412213744,-8.309606870229008,0
33242,6.264370764160156,-0.73051259765625,2.790634765625,-28.33416030534351,-50.739805343511456,-10.95082824427481,0
33267,6.020162194824217,-0.76881982421875,2.723597119140625,-36.39522900763359,-26.006980916030535,-8.836324427480916,0
33292,6.611530004882812,-0.1606926025390625,2.9893535034179686,-39.40286259541985,-0.8085076335877863,-9.378309160305344,0
33317,7.746381591796875,-0.9962689819335937,3.252715686035156,-30.67767175572519,-11.129118320610687,-16.477545801526716,0
33342,7.432741174316406,-1.6977700683593748,3.374819970703125,-20.776908396946563,-42.09095038167939,-23.195103053435115,0
33367,6.86770958251953,-2.133514770507812,3.3197533325195314,-26.578435114503815,-31.923011450381676,-34.3859427480916,0
33392,7.325002099609374,-1.9611322509765625,3.0180839233398435,-39.784541984732826,-8.358125954198472,-44.0271641221374,0
33417,9.455841577148437,-6.131831542968749,4.210396350097656,-36.67003816793893,-32.67873664122138,-49.00426335877862,0
33442,8.850108557128905,-3.921983410644531,4.435451306152343,-28.555534351145038,-8.671103053435115,-41.126400763358774,0
33467,9.908345690917969,-3.3354040039062496,4.497700549316406,-22.70820610687023,6.664774809160306,-29.48517938931298,0
33492,9.908345690917969,-2.3298393066406247,3.279051904296875,-15.906679389312979,-10.755072519083969,-17.317240458015267,0
33517,9.972989135742186,-1.391312255859375,2.014913427734375,-19.51736641221374,-20.632935114503816,-11.240904580152671,0
33542,9.508514013671874,-0.9771153686523437,1.394815197753906,-28.50209923664122,-22.87720992366412,-4.385942748091604,0
33568,9.431899560546874,-1.3290630126953125,0.8106299926757812,-31.677671755725193,-7.877209923664122,1.7743625954198472,0
33593,9.252334436035156,-1.4128600708007812,0.7651401611328125,-21.250190839694657,-7.037515267175571,5.774362595419847,0
33618,8.517314526367187,-1.6834048583984373,0.8321778076171874,-16.028816793893128,23.443400763358778,5.22474427480916,0
33643,8.227616125488279,-1.6043962036132813,0.9470994873046874,-12.227290076335878,53.87088167938931,2.5911564885496183,0
33668,8.529285534667967,-1.6857990600585937,1.2966529296874998,1.4062977099236642,42.183858778625954,1.4842862595419848,0
33693,8.385633435058594,-2.0521119140624995,1.3301717529296875,17.574236641221376,3.970118320610687,0.27817938931297703,0
33718,6.728845886230467,-2.047323510742187,1.643812170410156,5.986450381679389,28.687675572519083,-2.286706106870229,0
33743,8.84771435546875,-1.6331266235351563,2.2256031738281252,-8.257824427480916,87.98538549618321,-6.233270992366412,0
33768,10.504501904296873,-1.8222685546875,1.9191453613281249,14.30706106870229,6.176225190839695,-13.744721374045803,0
33793,7.5524512573242175,-2.7200941772460934,1.8760497314453124,25.039885496183206,-39.83140839694657,-20.309606870229008,0
33818,8.09354083251953,-4.709675756835937,2.9486520751953127,-4.540267175572519,80.73347709923665,-17.07296564885496,0
33843,9.712021154785155,-1.9683148559570312,4.191242736816406,10.024618320610687,52.58080534351145,-5.340141221374046,0
33869,7.617094702148436,3.301322998046875,4.629381640625,22.604770992366415,-66.66346946564884,14.957568702290075,0
33894,3.132754992675781,7.304428173828125,5.5152362548828116,18.444465648854962,-144.93064503816794,43.60642366412214,0
33919,-3.0107664672851566,13.01459913330078,6.721913891601562,-13.891412213740459,41.84034732824427,70.72856106870229,0
33944,-3.8918326782226567,19.74410144958496,7.595797497558593,-41.02881679389313,251.55027099236642,62.94993511450382,0
33969,10.968977026367188,8.95403311767578,3.6956429931640624,-18.761641221374045,251.55027099236642,-38.660751908396946,0
33994,16.98740144958496,-6.033669274902343,-2.6849044311523436,49.81851145038168,150.83271374045802,-200.6836526717557,0
34019,3.903687927246093,11.989880822753905,2.04364384765625,104.55896946564884,-248.71690458015266,-226.86685877862595,0
34044,-1.971682946777344,1.98930048828125,8.505594128417968,65.99408396946565,-248.71690458015266,-97.14166793893129,0
34069,0.9588198852539058,4.110563159179687,4.998088696289062,6.871946564885496,13.75637786259542,7.301080152671755,0
34094,3.379357763671875,5.36033642578125,2.9989303100585936,-20.189122137404578,58.19149236641221,74.35451526717557,0
34119,4.957136657714843,3.768192321777344,2.2591219970703125,-22.746374045801524,30.046454198473285,98.91940076335878,0
34144,4.68419766845703,2.9517695556640624,3.0037187133789063,5.093320610687022,-26.648202290076334,89.76672900763359,0
34169,2.8262971801757804,2.0635207397460937,3.489741650390625,15.276526717557251,-4.694003816793893,65.99573664122137,0
34194,3.6882097778320304,1.7211499023437498,3.6381821533203125,14.162022900763358,67.80981297709924,39.43085114503817,0
34219,5.517379846191406,2.535178466796875,4.004495007324218,35.35286259541985,48.89378244274809,16.835431297709924,0
34244,6.475060510253905,3.3444186279296875,4.107445678710937,61.72690839694657,-16.663469465648856,-7.187469465648855,0
34270,5.85256807861328,3.8831140014648438,3.815353076171875,58.67347328244275,-33.22835496183206,-23.11876717557252,0
34295,5.845385473632812,3.6484822387695313,4.4258744995117185,48.06278625954199,-16.9001106870229,-24.61495038167939,0
34320,6.027344799804687,4.100986352539063,4.327712231445312,38.80324427480916,4.3136297709923666,-17.164568702290076,0
34345,6.230851940917968,5.365124829101562,3.3724257690429686,43.28416030534351,-39.26652290076336,-11.256171755725191,0
34370,5.797501440429687,2.9541637573242188,2.86724921875,34.03225190839695,-23.060416030534352,-1.988996183206107,0
34395,5.170220605468749,2.001271496582031,3.1114577880859375,27.940648854961832,14.168591603053436,7.087339694656488,0
34420,5.330632116699218,2.0707033447265624,3.233562072753906,22.268893129770994,60.176225190839695,12.575889312977099,0
34445,6.027344799804687,2.5567262817382814,3.099486779785156,20.917748091603055,67.76401145038169,11.39268320610687,0
34470,6.027344799804687,1.7857933471679686,3.4849532470703126,24.032251908396947,39.90141603053435,2.5224541984732824,0
34495,5.632301525878906,0.9143039428710936,3.654941564941406,21.16965648854962,48.20675954198473,-7.141667938931299,0
34520,5.230075646972655,1.6349586425781248,4.026042822265625,15.024618320610687,55.680041984732824,-17.477545801526716,0
34545,5.8262318603515615,1.1273878906249999,3.961399377441406,6.452099236641221,57.0998893129771,-29.805790076335878,0
34570,6.31225479736328,1.2590689819335936,4.3708078613281245,2.497900763358779,42.95485114503816,-41.53098091603053,0
34595,6.71448067626953,2.5423610717773437,4.5958628173828115,2.574236641221374,17.05408778625954,-52.76762213740458,0
34620,6.731240087890625,2.6285523315429686,4.41869189453125,-3.005916030534351,12.397599236641222,-58.28670610687023,0
34645,6.879680590820311,2.6620711547851563,4.471364331054687,-7.158587786259543,13.138057251908398,-60.9508282442748,0
34670,7.243599243164062,3.48328232421875,4.500094750976562,-7.608969465648855,13.275461832061069,-62.81342366412213,0
34696,7.076005126953125,3.6772126586914062,4.471364331054687,-3.3265267175572517,0.11515648854961835,-62.22563740458015,0
34721,6.961083447265625,3.9932472778320314,4.428268701171874,-2.005916030534351,-0.8619427480916029,-58.439377862595414,0
34746,6.611530004882812,3.9860646728515623,4.521642565917968,-4.219656488549619,9.75637786259542,-50.439377862595414,0
34771,6.8389791625976555,4.2350616455078125,4.478546936035156,-7.0669847328244275,14.970118320610688,-41.431744274809155,0
34796,6.4439358886718745,4.3475891235351565,4.64853525390625,-11.463931297709925,11.160958015267177,-34.63785114503816,0
34821,6.1829679077148425,4.081832739257813,4.974146679687499,-11.937213740458015,10.489202290076337,-29.721820610687022,0
34846,5.562869677734374,4.349983325195312,4.926262646484375,-12.525,9.641874045801528,-23.26380534351145,0
34871,5.325843713378905,4.6301049194335935,4.729938110351562,-17.616603053435114,15.535003816793894,-17.347774809160306,0
34896,5.50780303955078,4.2350616455078125,5.038790124511718,-18.044083969465646,21.825080152671756,-14.843958015267177,0
34921,5.225287243652343,3.9453632446289064,5.199201635742187,-11.983015267175572,15.138057251908398,-11.26380534351145,0
34946,4.5860354003906245,4.6133455078125,5.237508862304687,-13.87614503816794,15.931950381679389,-5.62258396946565,0
34971,4.265212377929687,5.535113146972656,5.735502807617187,-16.937213740458013,24.26019465648855,-3.637851145038168,0
34996,4.66504405517578,4.713901977539062,5.895914318847655,-17.112786259541984,35.489202290076335,-4.905026717557252,0
35021,4.7296875,4.840794665527343,6.108998266601562,-13.36469465648855,36.35179770992366,-5.11113358778626,0
35046,4.502238342285156,4.9868409667968745,6.034778015136718,-8.677671755725191,21.283095419847328,-3.7905229007633587,0
35071,3.884534313964843,5.451316088867188,6.178430114746093,-3.9906488549618317,6.382332061068702,-1.9050267175572517,0
35097,3.5397692749023433,4.59419189453125,6.305322802734374,-4.601335877862596,16.305996183206105,1.5071870229007633,0
35122,3.4272417968749993,4.6851715576171875,6.082662048339843,-7.822709923664123,37.6647748091603,5.530087786259542,0
35147,2.7065870971679686,3.2294969482421876,4.806552563476562,-10.250190839694657,23.710576335877864,25.377416030534352,0
35172,4.207751538085937,5.034725,6.817681958007812,-20.68530534351145,29.22966030534351,18.804896946564885,0
35197,7.396828149414062,4.4601166015625,8.017176989746092,-26.02118320610687,23.206759541984734,23.453751908396946,0
35222,4.104800866699218,5.408220458984375,6.360389440917968,-16.624236641221373,15.107522900763358,19.04917175572519,0
35247,4.712928088378906,4.3475891235351565,7.40665556640625,-21.97538167938931,14.76401145038168,13.70566030534351,0
35272,3.5397692749023433,4.256609460449218,7.121745568847656,-27.028816793893128,49.97775190839695,9.774362595419847,0
35297,3.3817519653320307,3.167247705078125,6.101815661621093,-28.929580152671754,56.50446946564885,8.682759541984733,0
35322,4.337038427734375,3.729885095214844,7.011612292480468,-38.70820610687023,74.6113396946565,6.438484732824427,0
