t_ms,ax,ay,az,gx,gy,gz,label
0,-11.73523731689453,-2.0497177124023436,-1.5979368774414062,9.81851145038168,-0.029881679389312854,2.9881030534351147,0
25,-11.546095385742188,-2.073659729003906,-1.5787832641601562,10.238358778625955,0.3365305343511451,3.40031679389313,0
50,-11.60116202392578,-1.9994394775390625,-1.6266672973632812,8.933015267175572,2.466301526717557,2.980469465648855,0
75,-11.593979418945313,-2.1359089721679685,-1.5979368774414062,7.742175572519083,1.954851145038168,2.2171106870229007,0
100,-11.435962109374998,-1.9347960327148435,-1.5692064575195313,6.650572519083969,2.0693549618320612,1.3545152671755725,0
125,-11.342588244628907,-1.8653641845703124,-1.5596296508789063,4.169656488549618,8.031187022900763,0.7743625954198473,0
150,-11.325828833007812,-1.76480771484375,-1.4494963745117186,2.894847328244275,11.802179389312977,1.72856106870229,0
175,-11.316252026367188,-1.7049526733398437,-1.279508056640625,4.100954198473282,10.40523282442748,6.270545801526717,0
200,-11.469480932617188,-1.487080322265625,-1.1693747802734376,3.7727099236641224,12.931950381679389,11.87359923664122,0
225,-11.639469250488283,-1.3003325927734375,-0.9754444458007813,1.4520992366412213,20.794545801526716,17.499553435114503,0
250,-11.809457568359374,-0.9795095703125001,-0.3792882324218749,-2.311259541984733,26.30599618320611,21.102606870229007,0
275,-11.969869079589845,-0.9675385620117187,-0.08480142822265624,-15.55553435114504,38.611339694656486,21.59115648854962,0
300,-12.867694702148437,-1.2692079711914062,-0.11353184814453125,-37.66240458015267,49.41286641221374,24.476652671755726,0
325,-11.95310966796875,-0.4599678100585938,-0.6522272216796875,-70.2807251908397,65.29072900763359,29.270545801526715,0
350,-13.248372766113281,-0.17745201416015624,-0.41041285400390626,-91.79980916030534,43.557904580152666,28.88886641221374,0
375,-13.712847888183592,-0.5222170532226562,-0.091984033203125,-108.86851145038169,33.428133587786256,15.423217557251908,0
401,-13.882836206054687,-0.13435638427734373,-0.8317923461914062,-133.06698473282444,46.0998893129771,-9.324874045801527,0
426,-14.399983764648436,-0.2373070556640625,-1.6099078857421874,-164.18912213740458,70.8556145038168,-41.0653320610687,0
451,-14.625038720703124,0.07154495849609374,-2.5412523315429683,-188.72347328244274,90.03118702290077,-71.9889961832061,0
476,-14.194082421874999,-0.13196218261718748,-3.2044461914062494,-207.17385496183206,106.94721755725192,-99.47754580152672,0
501,-13.957056457519531,0.014084118652343741,-3.877216857910156,-215.05935114503816,117.71820992366412,-125.13403435114503,0
526,-13.696088476562501,0.0930927734375,-5.189239367675781,-210.12041984732824,116.4586679389313,-153.18746946564886,0
551,-12.788686047363282,0.5839041137695312,-6.127766418457031,-198.07461832061068,106.76401145038169,-181.34014122137404,0
576,-11.9339560546875,0.3373013427734375,-7.071081872558594,-189.18148854961834,112.41286641221375,-205.1951030534351,0
601,-10.471098840332031,-0.481515625,-7.786948168945313,-179.33416030534352,138.19912595419848,-228.5386145038168,0
626,-9.831846997070311,0.48095344238281246,-9.280930004882812,-154.8456106870229,153.51973664122139,-249.24090458015266,0
651,-8.558131713867187,0.2630810913085937,-10.200303442382813,-126.12805343511451,193.11515648854962,-249.24090458015266,0
677,-7.492711975097656,0.7514982299804687,-10.202697644042969,-88.76164122137405,236.36706488549618,-249.24090458015266,0
702,-5.177518969726563,0.8975445312499999,-11.675131665039062,-51.47156488549618,246.7792786259542,-249.24090458015266,0
727,-2.75937529296875,-1.0537298217773436,-11.9959546875,-33.08988549618321,251.55027099236642,-249.24090458015266,0
752,-2.2063147094726565,2.48729443359375,-11.56739259033203,13.528435114503816,251.55027099236642,-249.24090458015266,0
777,0.4129419067382809,0.2630810913085937,-11.217839147949219,72.5666030534351,251.55027099236642,-192.54624809160305,0
802,1.0043097167968744,0.9143039428710936,-10.607317724609375,107.81087786259542,251.55027099236642,-133.90502671755726,0
827,1.8710107177734372,1.7450919189453125,-9.388669079589844,145.97118320610687,232.35179770992366,-78.16456870229007,0
852,1.9907208007812498,-0.20139403076171872,-8.100588586425781,178.8719465648855,181.09225572519085,-35.118767175572515,0
877,3.2357056640624995,0.6988257934570312,-7.880322033691406,201.46736641221372,160.06172137404582,-11.08823282442748,0
902,3.824679272460937,-0.5533416748046875,-7.64808447265625,206.1162213740458,175.68004198473284,5.156041984732824,0
927,3.709757592773437,-0.5988315063476563,-6.278601123046875,213.81087786259542,170.48156870229008,22.415583969465647,0
952,3.580470703124999,-2.190975610351562,-5.083894494628907,220.69637404580152,146.71057633587787,41.339248091603054,0
977,3.036986926269531,-3.8573399658203122,-3.953831311035156,220.44446564885496,129.05408778625954,58.331614503816795,0
1002,3.374569360351562,-3.8717051757812495,-3.3193678710937498,215.86431297709922,126.63424045801527,76.11024045801527,0
1027,3.0345927246093742,-3.761571899414062,-1.2579602416992186,211.52843511450382,117.03118702290077,92.40031679389314,0
1053,3.657085156249999,-4.927548107910156,-0.3912592407226563,211.20782442748092,101.1380572519084,103.46138549618321,0
1078,2.773624743652343,-5.8421331420898435,-0.609131591796875,186.6429389312977,126.82508015267176,118.85069847328245,0
1103,2.1607091186523437,-5.6170781860351555,1.3972093994140624,169.97118320610687,128.50446946564884,139.63695801526717,0
1129,1.9476251708984371,-5.839738940429687,2.3429190551757815,160.33759541984733,110.0998893129771,156.6674923664122,0
1154,1.3825935791015622,-6.4957501953125,2.27348720703125,138.46736641221372,111.44340076335878,170.62932442748092,0
1179,0.5087099731445308,-5.777489697265625,3.6286053466796875,118.33759541984732,120.0617213740458,184.2552786259542,0
1204,-0.5231909423828127,-5.53806953125,4.658112060546874,104.40629770992366,120.7792786259542,196.0110038167939,0
1229,-1.7059265625000002,-5.533281127929687,5.754656420898437,88.31469465648854,116.47393511450382,206.5987900763359,0
1254,-3.0179490722656253,-5.210063903808593,6.159276501464843,66.71164122137404,116.36706488549619,215.13314122137405,0
1279,-4.037878979492188,-5.207669702148437,5.618186926269531,42.96354961832061,101.05408778625954,224.43085114503816,0
1304,-5.8478954345703125,-4.661791723632812,5.476929028320312,17.757442748091606,102.94721755725192,237.11024045801528,0
1329,-7.600451049804687,-3.7448124877929683,5.962951965332031,-1.8990458015267175,102.60370610687023,247.68275954198472,0
1354,-8.452786840820313,-3.196540307617187,6.166459106445312,-11.525,80.7792786259542,251.02627099236642,0
1379,-9.149499523925781,-2.236465441894531,6.188006921386718,-5.5173664122137405,45.22202671755725,251.02627099236642,0
1404,-9.829452795410155,-2.1406973754882808,5.991682385253906,-25.586068702290074,83.38996564885497,251.02627099236642,0
1429,-10.35138875732422,-1.630732421875,5.800146252441405,-46.1662213740458,79.78691221374046,251.02627099236642,0
1454,-10.978669592285154,-0.8262806640625,5.263845080566406,-54.68530534351145,32.313629770992364,251.02627099236642,0
1479,-11.596373620605469,-0.34983453369140627,4.871196008300781,-85.06698473282444,57.32126335877862,251.02627099236642,0
1505,-12.159011010742187,0.6772779785156249,4.811340966796874,-129.95248091603054,94.19912595419848,251.02627099236642,0
1530,-12.666581762695312,2.1257699829101564,4.612622229003906,-130.525,8.878515267175572,251.02627099236642,0
1555,-12.494199243164061,2.5495436767578123,4.64853525390625,-151.57843511450383,20.89378244274809,251.02627099236642,0
1580,-13.131056884765623,3.389908459472656,4.416297692871093,-197.54026717557252,76.7029427480916,251.02627099236642,0
1605,-14.617856115722656,5.6045449951171875,4.0140718139648435,-222.41812977099238,54.931950381679385,244.7132938931298,0
1630,-14.797421240234375,5.956492639160156,3.8249298828125,-240.18148854961834,26.199125954198475,227.9728358778626,0
1655,-15.218800732421876,6.191124401855468,4.128993493652343,-249.66240458015267,73.68004198473282,196.60642366412213,0
1680,-16.150145178222655,7.5007527099609375,3.5950865234375,-249.66240458015267,68.28309541984733,150.19420992366412,0
1705,-16.29379727783203,7.596520776367187,3.4825590454101563,-249.66240458015267,63.19912595419847,96.95756870229008,0
1730,-15.506104931640625,7.2948513671874995,3.128217199707031,-249.66240458015267,81.9319503816794,35.881232824427485,0
1755,-15.503710729980469,5.855936169433593,2.3333422485351565,-249.66240458015267,127.64950763358779,-29.034797709923666,0
1780,-15.44624989013672,5.044301806640625,1.2607399047851562,-249.66240458015267,179.80217938931298,-92.40884351145039,0
1805,-15.053600817871093,3.2271027465820312,0.137859326171875,-249.66240458015267,189.7258435114504,-145.3325076335878,0
1830,-14.39758956298828,2.3627959472656253,-1.2483834350585936,-242.49446564885497,220.37469847328245,-191.41647709923663,0
1855,-13.219642346191407,1.6660832641601562,-3.082341906738281,-226.3952290076336,251.55027099236642,-237.57678244274808,0
1880,-12.427161596679689,1.3452602416992185,-5.205998779296875,-217.112786259542,251.55027099236642,-249.24090458015266,0
1906,-11.21330135498047,-0.8693762939453125,-7.928206066894531,-148.05171755725192,251.55027099236642,-249.24090458015266,0
1931,-10.126333801269531,-2.8254390502929683,-8.924193957519531,-81.05935114503818,251.55027099236642,-249.24090458015266,0
1956,-7.6674886962890625,-1.1159790649414063,-9.491619750976563,-24.059351145038168,251.55027099236642,-249.24090458015266,0
1981,-5.639599890136719,-0.7329067993164062,-10.681537976074218,34.581870229007635,251.55027099236642,-249.24090458015266,0
2006,-3.1472359619140624,-1.0058457885742187,-10.341561340332031,64.85667938931297,251.55027099236642,-249.24090458015266,0
2031,-1.626917907714844,-1.7193178833007812,-9.769347143554688,100.475,251.55027099236642,-230.5386145038168,0
2056,-0.7673995117187502,-1.9731032592773439,-9.441341516113281,143.90248091603053,251.55027099236642,-191.08823282442748,0
2081,0.26210720214843697,-2.4160305664062496,-7.956936486816406,180.52843511450382,206.8403473282443,-151.01953053435113,0
2106,3.228523059082031,-2.258013256835937,-7.293742626953125,196.62003816793893,176.3059961832061,-115.87449236641221,0
2131,2.6371552490234373,-2.8757172851562496,-6.857997924804687,177.8490458015267,229.86324809160305,-85.46991221374046,0
2156,2.4671669311523434,-3.732841479492187,-4.722370043945313,174.90248091603053,235.13042366412213,-46.179835877862594,0
2181,2.4982915527343748,-3.6514386230468747,-3.0607940917968746,186.81087786259542,190.01591984732823,-9.714187022900763,0
2206,3.4559722167968747,-4.850933654785155,-2.280284350585937,187.10858778625953,172.08462213740458,24.178942748091604,0
2231,3.0465637329101556,-5.3465333984375,-2.313803173828125,171.7727099236641,180.28309541984734,54.16367557251909,0
2256,2.378581469726562,-4.929942309570312,0.6119112548828124,165.23072519083968,174.69530916030536,83.75909541984733,0
2282,2.3330916381835936,-5.087959619140625,2.0556148559570313,174.7192748091603,124.38996564885497,108.27054580152672,0
2307,1.9093179443359372,-5.3728696166992185,1.7515512451171873,162.20019083969464,114.00828625954199,125.19420992366412,0
2332,1.0809241699218748,-5.743970874023437,2.637405859375,132.67347328244273,134.4968358778626,142.3850496183206,0
2357,0.5374403930664058,-5.909170788574218,3.961399377441406,122.55133587786258,102.79454580152672,163.51482061068702,0
2382,-0.04195640869140638,-5.2052755004882805,4.753880126953124,115.85667938931297,89.28309541984733,184.67512595419848,0
2407,-1.0092138793945316,-5.097536425781249,4.792187353515624,99.34522900763358,92.29072900763359,205.05680534351146,0
2432,-2.270958154296875,-4.680945336914062,5.3572189453125,82.39103053435115,94.03118702290077,227.56062213740458,0
2457,-3.436934362792969,-3.9267718139648435,5.8528186889648435,75.48263358778625,77.4968358778626,251.02627099236642,0
2482,-4.320394775390625,-3.1342910644531248,6.590232800292968,71.12385496183205,70.24492748091603,251.02627099236642,0
2507,-5.086539306640625,-2.7679782104492183,7.119351367187499,59.41393129770992,79.02355343511451,251.02627099236642,0
2532,-6.326735766601562,-2.0712655273437495,6.7530385131835935,44.49026717557252,76.9319503816794,251.02627099236642,0
2557,-7.485529370117187,-1.0345762084960937,7.009218090820312,31.261259541984735,69.4205,251.02627099236642,0
2582,-8.929232971191407,-0.06013613281249999,7.39947296142578,17.192557251908397,69.16859160305344,251.02627099236642,0
2607,-9.307516833496093,1.1776661254882812,6.7913457397460935,-4.410496183206107,79.84034732824428,251.02627099236642,0
2633,-10.518982873535155,2.4681408203125,6.54474296875,-33.425763358778624,91.9701183206107,251.02627099236642,0
2658,-11.153446313476561,3.5144069458007814,6.4920705322265615,-60.799809160305344,82.35943129770993,251.02627099236642,0
2683,-11.316252026367188,4.493635424804688,6.5662907836914055,-82.21965648854962,56.71057633587786,251.02627099236642,0
2708,-11.553277990722655,6.176759191894531,5.912673730468749,-103.87614503816795,50.481568702290076,251.02627099236642,0
2733,-11.905225634765625,7.4073788452148435,5.7953578491210935,-128.5479007633588,58.14569083969465,251.02627099236642,0
2758,-12.216471850585936,8.728978161621093,5.611004321289062,-156.77690839694657,66.3059961832061,251.02627099236642,0
2783,-12.788686047363282,9.954809411621092,6.144911291503906,-191.7540076335878,83.32126335877864,251.02627099236642,0
2808,-12.637851342773438,10.306757055664061,5.675647766113281,-249.66240458015267,122.84798091603054,251.02627099236642,0
2833,-13.870865197753904,11.022623352050779,5.524813061523437,-249.66240458015267,138.1380572519084,192.1789427480916,0
2858,-15.544412158203123,12.368164685058593,5.156106005859375,-249.66240458015267,149.4434007633588,123.45375190839695,0
2883,-15.56595997314453,12.188599560546873,5.0651263427734365,-249.66240458015267,146.64187404580153,48.43085114503817,0
2908,-15.479768713378906,9.98114562988281,4.789793151855468,-249.66240458015267,155.73347709923664,-24.088232824427482,0
2933,-16.53800584716797,8.760102783203124,3.6190285400390625,-249.66240458015267,188.09225572519085,-86.75998854961831,0
2958,-16.29379727783203,6.689118347167969,1.9191453613281249,-249.66240458015267,251.55027099236642,-149.92029389312978,0
2983,-15.463009301757811,4.213513830566407,0.0756100830078125,-249.66240458015267,251.55027099236642,-218.45464503816794,0
3009,-14.134227380371094,2.48729443359375,-1.8229918334960937,-249.66240458015267,251.55027099236642,-249.24090458015266,0
3034,-12.022541516113282,1.5080659545898436,-4.435065844726562,-249.66240458015267,251.55027099236642,-249.24090458015266,0
3059,-10.930785559082032,0.47616503906249996,-6.0439693603515625,-177.2807251908397,251.55027099236642,-249.24090458015266,0
3084,-9.534965991210937,-1.4703209106445312,-7.360780273437499,-77.6776717557252,251.55027099236642,-249.24090458015266,0
3109,-7.248503405761719,-3.043311401367187,-7.830043798828124,-35.8456106870229,251.55027099236642,-249.24090458015266,0
3134,-4.535872924804687,-3.4383546752929686,-8.87391572265625,-13.173854961832062,251.55027099236642,-249.24090458015266,0
3159,-3.810429821777344,-3.0289461914062494,-8.476478247070313,32.887213740458016,251.55027099236642,-249.24090458015266,0
3184,-3.305253271484375,-3.816638537597656,-7.875533630371094,83.25362595419847,251.55027099236642,-226.18746946564886,0
3209,0.2381651855468747,-3.167809887695312,-6.036786755371094,121.36812977099235,251.55027099236642,-156.1951030534351,0
3234,1.5430050903320307,-3.8884645874023436,-5.526821801757812,130.268893129771,251.55027099236642,-101.52334732824427,0
3259,0.8798112304687495,-4.537293237304687,-4.320144165039062,152.83377862595418,205.9090496183206,-52.6302175572519,0
3284,1.7321470214843746,-5.169362475585937,-3.1086781249999995,161.74217557251907,168.24492748091603,-13.698919847328245,0
3309,2.3881582763671867,-5.363292810058593,-2.979391235351562,148.4520992366412,199.2907290076336,12.659858778625955,0
3334,2.0577584472656243,-4.257171643066406,-1.5213224243164063,144.90248091603053,207.82508015267177,39.54535496183206,0
3359,1.7943962646484373,-5.370475415039062,1.0189255371093748,161.33759541984733,156.41286641221373,69.0110038167939,0
3384,1.9787497924804685,-6.905158679199218,-0.015369580078125,169.35286259541985,124.3059961832061,86.20184351145039,0
3410,1.629196350097656,-6.747141369628905,0.32939545898437494,146.92538167938932,162.37469847328245,103.2552786259542,0
3435,0.3961824951171873,-6.47659658203125,2.4434755249023437,146.12385496183205,147.7029427480916,129.2934465648855,0
3460,0.07296527099609351,-6.775871789550781,2.9821708984375,147.475,117.12279007633589,155.19420992366412,0
3485,-1.0834341308593753,-6.474202380371093,3.525654675292969,141.3604961832061,90.97775190839695,176.11024045801528,0
3510,-1.5718512695312503,-6.534057421875,4.607833825683593,125.34522900763358,81.03882061068703,195.07970610687022,0
3535,-2.2063147094726565,-6.112677929687499,4.696419287109374,102.84904580152671,76.87088167938931,209.5987900763359,0
3560,-3.401021337890625,-5.609895581054687,5.639734741210937,74.46736641221374,89.87851526717557,223.45375190839695,0
3585,-4.073792004394531,-5.439907263183593,5.690012976074218,55.452099236641224,78.42813358778626,236.5987900763359,0
3610,-4.799235107421875,-4.858116259765625,5.56790869140625,37.078053435114505,74.46630152671756,248.58352290076337,0
3635,-6.180689465332032,-3.723264672851562,5.3835551635742185,18.253625954198476,82.3288969465649,251.02627099236642,0
3660,-7.617210461425781,-2.8757172851562496,5.675647766113281,8.047519083969465,78.52737022900764,251.02627099236642,0
3685,-8.713754821777343,-1.9515554443359375,5.36918995361328,3.4673664122137406,68.46630152671756,251.02627099236642,0
3710,-9.47511094970703,-0.8023386474609375,5.378766760253906,0.43683206106870226,58.78691221374046,251.02627099236642,0
3735,-9.970710693359376,0.03563193359375,5.419468188476562,-14.50973282442748,74.74874427480917,251.02627099236642,0
3760,-10.662634973144531,1.3548370483398435,5.352430541992187,-31.853244274809157,80.28309541984733,251.02627099236642,0
3786,-11.529335974121093,2.6333407348632814,5.074703149414062,-49.479198473282445,73.36706488549619,251.02627099236642,0
3811,-12.130280590820313,2.6812247680664063,5.225537854003906,-82.12041984732825,82.84798091603054,251.02627099236642,0
3836,-11.886072021484374,3.7801633300781248,4.887955419921875,-123.0364503816794,87.28309541984733,251.02627099236642,0
3861,-12.154222607421875,5.159223486328125,4.629381640625,-160.51736641221373,82.4586679389313,251.02627099236642,0
3886,-13.061625036621095,5.870301379394531,4.294193408203125,-192.8074427480916,76.34416412213741,250.07970610687022,0
3911,-14.222812841796873,6.456880786132812,4.35404844970703,-221.8990458015267,73.09225572519084,229.88886641221373,0
3936,-14.395195361328124,6.887837084960937,3.525654675292969,-249.66240458015267,104.8174465648855,199.17130916030536,0
3961,-15.123032666015625,8.616450683593749,3.068362158203125,-249.66240458015267,108.80217938931298,149.54535496183206,0
3986,-16.111837951660156,9.973963024902343,2.6709246826171875,-249.66240458015267,121.1380572519084,87.72092748091603,0
4011,-16.45899719238281,9.923684790039061,2.9127390502929686,-249.66240458015267,127.91668320610687,12.957568702290075,0
4036,-16.547582653808593,9.193453283691404,1.4618528442382812,-249.66240458015267,130.54263740458015,-68.39357633587785,0
4061,-17.30415037841797,8.870236059570312,1.0907515869140625,-249.66240458015267,150.7945458015267,-137.22563740458014,0
4086,-16.913895507812498,7.675529431152343,0.5352968017578125,-249.66240458015267,190.7258435114504,-197.64548473282443,0
4111,-16.128597363281248,4.915014916992187,-0.589977978515625,-249.66240458015267,211.7945458015267,-249.24090458015266,0
4136,-15.44624989013672,3.6939720703125,-2.067200402832031,-230.4333969465649,233.06172137404582,-249.24090458015266,0
4162,-13.310622009277342,2.6764363647460936,-3.6066720703124995,-189.6395038167939,251.55027099236642,-249.24090458015266,0
4187,-10.744037829589843,0.9957067993164062,-5.390352307128906,-149.87614503816795,251.55027099236642,-249.24090458015266,0
4212,-8.761638854980468,-0.855011083984375,-7.126148510742187,-103.15858778625955,251.55027099236642,-249.24090458015266,0
4237,-7.277233825683593,-2.9786679565429686,-7.731881530761719,-38.40286259541985,251.55027099236642,-249.24090458015266,0
4262,-5.1152697265625005,-3.115137451171875,-8.363950769042969,0.9559160305343511,251.55027099236642,-249.24090458015266,0
4287,-3.4345401611328126,-4.027328283691406,-8.823637487792968,42.78797709923664,251.55027099236642,-249.24090458015266,0
4312,-1.8495786621093753,-4.206893408203125,-8.06946396484375,85.72690839694656,251.55027099236642,-249.24090458015266,0
4337,-0.14011867675781264,-4.063241308593749,-7.174032543945312,112.88721374045801,251.55027099236642,-221.55388167938932,0
4362,1.4544196289062494,-3.991415258789062,-4.904329370117187,123.31469465648854,251.55027099236642,-158.4241106870229,0
4387,2.153526513671874,-4.850933654785155,-3.7599009765624998,139.04751908396946,251.55027099236642,-97.45464503816794,0
4412,3.305137512207031,-4.261960046386719,-2.9889680419921874,147.80324427480915,250.3059961832061,-48.172202290076335,0
4437,3.058534741210937,-3.1247142578125,-1.6937049438476561,152.03225190839694,225.82508015267177,-9.508080152671756,0
4462,2.7664421386718745,-3.941137023925781,-0.264366552734375,158.7956106870229,197.90141603053436,28.476652671755726,0
4487,3.338656335449218,-5.001768359374999,0.3772794921875,161.85667938931297,175.16859160305344,60.820164122137406,0
4512,2.981920288085937,-5.193304492187499,0.8992154541015625,151.76507633587786,183.4205,84.59879007633589,0
4537,1.9428367675781244,-4.549264245605468,3.080333166503906,152.50553435114503,163.16859160305344,107.59115648854961,0
4563,1.9260773559570312,-4.7360119750976555,4.253491979980469,160.20782442748092,129.8403473282443,126.05680534351146,0
4588,1.8877701293945304,-5.897199780273437,3.961399377441406,152.7727099236641,112.45103435114504,140.07207251908397,0
4613,0.8223503906249996,-5.590741967773437,4.287010803222656,123.66583969465648,138.6113396946565,157.46901908396947,0
4641,-0.32447220458984427,-4.908394494628906,6.2095547363281245,99.40629770992366,135.83271374045802,182.72092748091603,0
4666,-1.464112194824219,-5.150208862304687,6.0802678466796864,74.9253816793893,122.31362977099236,204.50718702290078,0
4691,-2.3188421875,-4.604330883789062,6.32687061767578,45.84141221374046,123.32126335877864,223.65985877862596,0
4716,-3.6356531005859374,-3.8381863525390623,6.987670275878906,26.429198473282444,119.8556145038168,241.40031679389313,0
4741,-4.6555830078125,-3.4599024902343745,6.884719604492187,12.95591603053435,109.48920229007634,251.02627099236642,0
4766,-5.467217370605469,-3.0648592163085935,6.018018603515625,-1.4639312977099235,100.80217938931298,251.02627099236642,0
4791,-7.384972900390625,-2.7512187988281247,6.101815661621093,-18.608969465648855,104.9701183206107,251.02627099236642,0
4816,-8.093656591796876,-2.066477124023437,6.166459106445312,-25.395229007633585,88.40523282442749,251.02627099236642,0
4841,-8.119992810058594,-1.0561240234375,5.917462133789062,-32.227290076335876,80.60370610687023,251.02627099236642,0
4867,-9.685800695800781,-0.37856495361328124,5.007665502929687,-57.02881679389313,118.26019465648855,251.02627099236642,0
4892,-10.981063793945314,0.38039697265624994,4.385173071289062,-81.05935114503818,124.04645419847328,251.02627099236642,0
4917,-11.924379248046876,2.0252135131835938,4.2774339965820305,-91.51736641221375,101.59607251908398,251.02627099236642,0
4942,-11.634680847167967,3.4306098876953124,4.320529626464843,-99.02118320610687,86.55790458015268,251.02627099236642,0
4967,-11.969869079589845,4.002824084472656,3.30778232421875,-128.6013358778626,112.54263740458016,251.02627099236642,0
4992,-12.487016638183594,5.582997180175781,3.037237536621094,-161.25019083969465,108.47393511450382,251.02627099236642,0
5017,-13.236401757812498,6.303651879882812,3.4442518188476563,-190.05935114503816,84.37469847328245,251.02627099236642,0
5042,-13.14063369140625,7.534271533203125,3.020478125,-225.67003816793894,68.32126335877864,251.02627099236642,0
5067,-13.011346801757814,8.113668334960936,4.780216345214844,-249.66240458015267,86.79454580152672,233.56825572519085,0
5092,-13.588349401855467,9.574131347656248,4.557555590820312,-249.66240458015267,67.5350038167939,192.68275954198472,0
5117,-14.062401330566406,11.285985534667967,3.853660302734375,-249.66240458015267,61.83271374045801,151.82779770992366,0
5142,-14.323369311523436,12.365770483398435,3.719585009765625,-249.66240458015267,101.35943129770993,97.83543129770993,0
5167,-14.823757458496093,12.023399645996092,3.125822998046875,-249.66240458015267,123.91668320610687,33.44611832061069,0
5192,-14.926708129882812,10.086490502929687,2.723597119140625,-249.66240458015267,131.48920229007635,-34.118767175572515,0
5217,-16.15253937988281,8.57814345703125,2.4722059448242186,-249.66240458015267,134.35179770992366,-90.99662977099236,0
5243,-16.561947863769532,7.555819348144531,1.3732673828125,-249.66240458015267,165.1762251908397,-138.43937786259542,0
5268,-16.037617700195312,5.489623315429688,0.0013898315429687474,-249.66240458015267,167.626606870229,-189.54624809160305,0
5293,-15.36963543701172,3.195978125,-1.9163656982421875,-249.66240458015267,185.94721755725192,-241.1264007633588,0
5318,-14.364070739746094,1.4553935180664062,-2.919536193847656,-249.66240458015267,241.214393129771,-249.24090458015266,0
5343,-12.683341174316407,1.6038340209960937,-4.183674670410157,-197.51736641221373,251.55027099236642,-249.24090458015266,0
5368,-10.81586387939453,-0.6179851196289062,-5.919470874023437,-134.79980916030536,251.55027099236642,-249.24090458015266,0
5393,-9.740867333984376,-2.6578449340820307,-7.365568676757812,-65.54026717557252,251.55027099236642,-249.24090458015266,0
5418,-7.62439306640625,-3.328221398925781,-7.511614978027343,-8.54790076335878,251.55027099236642,-249.24090458015266,0
5443,-5.689878125,-3.072041821289062,-7.540345397949219,23.36049618320611,251.55027099236642,-249.24090458015266,0
5468,-4.4017976318359375,-4.245200634765625,-7.4134527099609375,68.60477099236641,251.55027099236642,-249.24090458015266,0
5493,-2.711491259765625,-3.299490979003906,-6.5323864990234375,100.23072519083969,244.55027099236642,-233.81342366412213,0
5518,-0.2622229614257816,-4.2667484497070305,-6.106218603515625,104.22309160305343,251.55027099236642,-195.897393129771,0
5543,0.1280319091796871,-5.921141796874999,-5.8572216308593745,108.23072519083969,251.55027099236642,-154.86685877862595,0
5568,0.5350461914062494,-4.826991638183594,-4.5811121459960935,114.29942748091602,251.55027099236642,-105.31724045801526,0
5593,1.4113239990234367,-4.59954248046875,-3.8915820678710933,120.02461832061068,251.55027099236642,-59.21800381679389,0
5619,1.9332599609374999,-6.270695239257812,-2.352110400390625,122.41393129770992,251.55027099236642,-21.966095419847328,0
5644,0.8678402221679682,-6.191686584472656,-1.6841281372070311,131.61240458015266,250.75637786259543,12.70566030534351,0
5669,0.9683966918945308,-6.031275073242187,-0.9084067993164062,143.62767175572517,205.99301908396947,44.95756870229008,0
5694,0.9420604736328122,-5.660173815917968,-0.1590216796875,147.87958015267176,186.09225572519085,75.82016412213741,0
5719,0.10169569091796848,-5.722423059082031,1.2272210815429687,150.31469465648854,174.008286259542,104.43085114503818,0
5744,-0.650083630371094,-6.299425659179687,2.0651916625976563,149.71164122137404,159.3059961832061,132.0644389312977,0
5769,-1.1049819458007815,-6.136619946289062,3.0348433349609376,146.18492366412212,146.008286259542,158.9346679389313,0
5794,-1.2558166503906252,-6.32336767578125,3.9135153442382813,139.0017175572519,128.7792786259542,180.90413358778628,0
5819,-2.179978491210938,-6.119860534667968,4.600651220703124,120.09332061068702,123.94721755725192,195.91176717557252,0
5844,-3.1496301635742188,-5.940295410156249,4.808946765136718,98.70400763358778,113.96248473282444,208.34688167938933,0
5869,-4.188713684082032,-5.200487097167969,4.789793151855468,75.12385496183205,109.90904961832061,221.9346679389313,0
5894,-5.330747875976563,-4.886846679687499,5.711560791015624,52.05515267175573,115.71057633587786,238.11787404580153,0
5919,-6.070556188964844,-4.147038366699218,5.206384240722656,33.078053435114505,109.82508015267176,250.02627099236642,0
5944,-7.62439306640625,-3.1749924926757807,5.584668103027343,21.52080152671756,98.88614885496183,251.02627099236642,0
5969,-8.591650537109375,-2.456731994628906,5.242297265624999,11.658206106870228,92.71057633587786,251.02627099236642,0
5995,-9.235690783691407,-1.5972135986328124,5.730714404296874,2.0780534351145037,86.76401145038169,251.02627099236642,0
6020,-9.783962963867188,-0.251672265625,5.287787097167969,-17.418129770992365,96.46630152671756,251.02627099236642,0
6045,-10.993034802246093,0.3923679809570312,5.067520544433593,-48.975381679389315,110.48920229007634,251.02627099236642,0
6070,-11.605950427246093,1.5056717529296875,4.600651220703124,-87.12041984732825,111.88614885496183,251.02627099236642,0
6095,-12.024935717773438,3.13851728515625,4.109839880371093,-128.8074427480916,109.23729389312977,251.02627099236642,0
6120,-12.647428149414061,4.795304833984375,3.080333166503906,-166.76164122137405,89.84798091603054,251.02627099236642,0
6145,-13.049654028320312,5.963675244140624,2.716414514160156,-205.64713740458015,69.3288969465649,251.02627099236642,0
6170,-13.727213098144532,7.5246947265625,2.5631856079101563,-247.4333969465649,39.260194656488544,251.02627099236642,0
6195,-13.858894189453125,8.87741866455078,4.210396350097656,-249.66240458015267,18.672408396946565,251.02627099236642,0
6220,-15.127821069335937,10.438438146972654,4.897532226562499,-249.66240458015267,19.176225190839695,251.02627099236642,0
6245,-14.929102331542968,11.336263769531248,4.615016430664062,-249.66240458015267,41.7029427480916,215.92703435114504,0
6270,-14.711229980468751,11.843834521484373,4.069138452148437,-249.66240458015267,81.59607251908398,145.02627099236642,0
6295,-15.50849913330078,12.624344262695312,3.2742635009765624,-249.66240458015267,93.68004198473282,57.568255725190845,0
6320,-16.770243408203125,12.109590905761717,3.5807213134765625,-249.66240458015267,127.71057633587786,-34.00426335877862,0
6345,-17.210776513671874,9.839887731933592,3.065967956542969,-249.66240458015267,144.03118702290078,-124.94319465648854,0
6371,-16.26267265625,7.345129602050781,1.4546702392578124,-249.66240458015267,143.97011832061068,-207.1416679389313,0
6396,-15.632997619628906,4.129716772460937,-0.8174271362304687,-249.66240458015267,173.7258435114504,-249.24090458015266,0
6421,-14.18211141357422,2.305335107421875,-1.8205976318359374,-249.66240458015267,205.13042366412213,-249.24090458015266,0
6446,-12.764744030761719,1.1273878906249999,-3.3073968627929684,-215.32652671755727,251.55027099236642,-249.24090458015266,0
6471,-10.851776904296873,-0.6323503295898437,-4.4494310546874996,-159.97538167938933,251.55027099236642,-249.24090458015266,0
6496,-9.458351538085937,-2.296320483398437,-4.954607604980469,-111.14332061068703,251.55027099236642,-249.24090458015266,0
6521,-7.080909289550781,-2.9595143432617186,-6.02002734375,-49.555534351145035,251.55027099236642,-249.24090458015266,0
6546,-5.661147705078125,-4.094365930175781,-6.630548767089843,22.475,251.55027099236642,-249.24090458015266,0
6571,-4.6651598144531246,-4.9036060913085935,-6.259447509765625,60.581870229007635,226.26782824427482,-249.24090458015266,0
6596,-2.275746557617188,-6.115072131347656,-5.665685498046875,63.635305343511455,251.55027099236642,-249.24090458015266,0
6621,-1.0882225341796878,-4.774319201660155,-5.083894494628907,86.52080152671755,251.55027099236642,-248.6149503816794,0
6646,-0.8942921997070314,-5.502156506347656,-4.538016516113281,115.49790076335877,251.55027099236642,-204.99662977099237,0
6671,1.1575386230468747,-6.340127087402343,-4.190857275390625,127.9253816793893,251.55027099236642,-161.56914885496184,0
6696,2.2181699584960937,-6.914735485839843,-2.210852502441406,119.63530534351145,251.55027099236642,-125.2180038167939,0
6722,0.9612140869140622,-5.818191125488281,-1.5428702392578124,146.36812977099237,251.55027099236642,-81.88975954198473,0
6747,1.1264140014648434,-5.044863989257812,-0.020157983398437503,161.1925572519084,214.4205,-38.37830916030534,0
6773,2.6156074340820306,-6.641796496582031,1.0668095703125,156.7956106870229,224.05408778625954,-3.2790725190839694,0
6798,2.680250878906249,-6.069582299804687,1.8185888916015625,153.94828244274808,234.18385877862596,21.965202290076334,0
6823,1.313161730957031,-5.696086840820312,2.915133251953125,145.14675572519084,249.20675954198472,49.94230152671756,0
6848,0.6092664428710934,-5.787066503906249,3.5807213134765625,157.83377862595418,181.82508015267177,81.56825572519084,0
6873,0.4727969482421872,-6.287454650878906,3.815353076171875,145.2612595419847,175.8174465648855,103.34688167938931,0
6898,-0.03956220703125046,-6.548422631835937,4.866407604980468,123.48263358778625,179.16095801526717,123.9346679389313,0
6923,-0.8488023681640628,-5.231611718749999,5.7019839843749995,100.9635496183206,179.13042366412213,144.6140572519084,0
6948,-2.0722394165039066,-4.2835078613281246,6.276592382812499,70.7956106870229,190.7258435114504,166.13314122137405,0
6973,-3.2118794067382814,-3.991415258789062,6.259832971191406,38.1925572519084,195.13042366412213,187.86596564885497,0
6998,-4.210261499023438,-3.7448124877929683,6.3029286010742185,7.207824427480916,193.60370610687022,208.4995534351145,0
7023,-5.630023083496093,-3.110349047851562,6.42263868408203,-11.731106870229008,167.5350038167939,229.88123282442749,0
7048,-6.592492150878906,-2.9786679565429686,6.405879272460937,-26.731106870229006,142.93958396946564,249.43848473282443,0
7073,-7.6483350830078125,-2.265195861816406,6.343630029296874,-44.50209923664122,131.71820992366412,251.02627099236642,0
7098,-8.117598608398438,-1.506233935546875,5.33088272705078,-65.47156488549619,131.36706488549618,251.02627099236642,0
7124,-9.867760021972657,-0.740089404296875,5.237508862304687,-84.64713740458016,132.54263740458015,251.02627099236642,0
7149,-10.42800321044922,0.17928403320312497,4.818523571777344,-101.92958015267176,119.99301908396947,251.02627099236642,0
7174,-11.81185177001953,1.098657470703125,4.253491979980469,-122.72347328244275,116.90904961832061,251.02627099236642,0
7199,-12.135068994140624,2.305335107421875,4.009283410644531,-151.0135496183206,117.24492748091603,251.02627099236642,0
7224,-12.542083276367187,3.4641287109375,3.200043249511719,-182.81507633587788,118.10752290076336,251.02627099236642,0
7249,-12.913184533691407,4.361954333496094,1.835348303222656,-216.6929389312977,104.04645419847328,251.02627099236642,0
7274,-13.672146459960938,5.9157912109375,0.3557316772460938,-247.14332061068703,78.43576717557252,243.77436259541986,0
7299,-14.356888134765626,6.526312634277343,0.51135478515625,-249.66240458015267,58.85561450381679,236.27817938931298,0
7324,-14.536453259277344,7.402590441894531,1.9502699829101562,-249.66240458015267,61.741110687022896,221.44611832061068,0
7349,-13.990575280761718,8.882207067871093,2.80978837890625,-249.66240458015267,62.4205,189.94993511450383,0
7374,-13.655387048339843,9.04980118408203,2.4865711547851563,-249.66240458015267,67.58843893129772,141.7285610687023,0
7399,-14.579548889160154,10.424072937011717,2.397985693359375,-249.66240458015267,93.52737022900764,77.24764503816795,0
7424,-15.807774340820313,10.637156884765623,2.4698117431640627,-249.66240458015267,117.16095801526718,1.8201641221374045,0
7449,-16.01846408691406,9.722571850585936,2.034067041015625,-249.66240458015267,127.19149236641222,-74.93556106870228,0
7474,-16.731936181640624,9.308374963378904,1.0165313354492187,-249.66240458015267,142.65714122137405,-139.11876717557251,0
7500,-16.01367568359375,7.814393127441406,0.04927386474609374,-249.66240458015267,153.94721755725192,-199.46227862595418,0
7525,-15.759890307617187,5.9540984375,-1.7846846069335938,-249.66240458015267,185.1762251908397,-249.24090458015266,0
7550,-15.266684765624998,3.203160729980469,-2.976997033691406,-249.66240458015267,225.4052328244275,-249.24090458015266,0
7575,-14.024094104003904,2.1640772094726564,-4.628996179199219,-197.76164122137405,251.55027099236642,-249.24090458015266,0
7600,-11.438356311035157,-0.3665939453125,-6.374369189453125,-132.23492366412214,251.55027099236642,-249.24090458015266,0
7625,-9.525389184570312,-0.5988315063476563,-7.296136828613281,-71.89904580152673,251.55027099236642,-249.24090458015266,0
7650,-7.389761303710937,-2.954725939941406,-9.063057653808594,-0.8837786259541985,251.55027099236642,-249.24090458015266,0
7675,-5.7281853515625,-3.9650790405273435,-8.99602000732422,46.383396946564886,251.55027099236642,-249.24090458015266,0
7700,-4.1958962890625,-3.0792244262695307,-8.423805810546876,74.14675572519083,251.55027099236642,-249.24090458015266,0
7725,-2.3116595825195314,-4.123096350097656,-8.007214721679686,114.93301526717556,251.55027099236642,-249.24090458015266,0
7750,-1.2414514404296877,-4.238018029785156,-7.7055453125,144.03225190839694,251.55027099236642,-220.37830916030535,0
7775,0.8606576171874996,-4.113519543457031,-5.591465246582032,147.39103053435113,251.55027099236642,-173.71418702290077,0
7800,1.4185066040039054,-4.673762731933594,-5.04319306640625,163.09332061068702,251.55027099236642,-124.34014122137404,0
7825,1.6172253417968747,-5.040075585937499,-3.7335647583007807,185.9635496183206,250.94721755725192,-67.79052290076335,0
7850,2.0936714721679683,-5.245976928710937,-3.271483837890625,196.29179389312978,203.9853854961832,-16.698919847328245,0
7876,2.4623785278320307,-5.846921545410155,-0.9634734375,187.12385496183205,210.95485114503816,25.04917175572519,0
7901,1.7297528198242187,-4.831780041503905,0.77950537109375,194.32232824427481,196.626606870229,64.0491717557252,0
7926,0.6882750976562497,-4.7360119750976555,0.9423110839843749,198.09332061068702,173.54263740458015,97.75909541984733,0
7951,1.5286398803710934,-6.1246489379882805,0.89442705078125,174.93301526717556,198.37469847328245,127.7819961832061,0
7976,0.3530868652343746,-5.626654992675781,2.290246618652344,167.4520992366412,178.10752290076337,155.40031679389313,0
8001,-0.9709066528320316,-4.510957019042968,4.133781896972656,155.78797709923663,176.50446946564887,182.5224541984733,0
8026,-1.7394453857421879,-3.9866268554687494,4.986117687988281,153.95591603053435,141.97011832061068,205.23237786259543,0
8051,-1.9860481567382815,-4.913182897949218,4.193636938476562,133.13912213740457,140.91668320610688,219.43085114503816,0
8076,-3.5590386474609375,-3.2563953491210933,4.722755505371093,96.53606870229007,173.01591984732823,232.73619465648855,0
8101,-4.945281408691406,-2.746430395507812,5.429044995117187,66.30706106870228,179.18385877862596,247.95756870229008,0
8126,-6.28364013671875,-2.207735021972656,5.922250537109375,38.50553435114504,174.3975992366412,251.02627099236642,0
8151,-7.423280126953125,-1.027393603515625,5.6086101196289055,10.81851145038168,173.18385877862596,251.02627099236642,0
8177,-8.052955163574218,-0.27082587890625,5.2710276855468745,-17.967748091603053,168.64187404580153,251.02627099236642,0
8202,-10.626721948242189,0.6222113403320312,5.038790124511718,-50.31125954198473,171.55027099236642,251.02627099236642,0
8227,-11.699324291992188,2.1257699829101564,4.102657275390625,-84.63187022900765,178.0464541984733,251.02627099236642,0
8252,-12.704888989257814,3.52158955078125,3.2766577026367187,-122.12805343511451,172.3823320610687,251.02627099236642,0
8277,-13.392024865722657,4.524760046386719,2.759510144042969,-159.3417938931298,154.01591984732823,251.02627099236642,0
8302,-13.63144503173828,5.396249450683594,2.2686988037109375,-196.86087786259543,117.7792786259542,251.02627099236642,0
8327,-13.585955200195311,6.612503894042969,1.0500501586914062,-238.55553435114504,90.47393511450382,251.02627099236642,0
8352,-14.196476623535155,7.8000279174804685,1.133847216796875,-249.66240458015267,79.01591984732825,237.98046946564887,0
8377,-15.02965880126953,9.63638059082031,1.3134123413085936,-249.66240458015267,58.63424045801526,217.26291221374046,0
8402,-15.632997619628906,10.675464111328123,0.8609082275390624,-249.66240458015267,47.21439312977099,193.3316145038168,0
8427,-14.888400903320314,10.361823693847654,1.6725425903320312,-249.66240458015267,51.993019083969465,159.04917175572518,0
8452,-14.43110838623047,12.28676182861328,1.9454815795898437,-249.66240458015267,63.13805725190839,109.28581297709924,0
8477,-15.616238208007811,13.076848376464842,2.3548900634765624,-249.66240458015267,98.67240839694657,43.43085114503817,0
8502,-17.13655626220703,11.384147802734374,1.6916962036132812,-249.66240458015267,132.51973664122139,-29.202736641221374,0
8527,-16.885165087890623,9.5166705078125,0.5017779785156249,-249.66240458015267,124.31362977099236,-101.36304198473282,0
8553,-15.917907617187499,8.19507119140625,-0.17578109130859373,-249.66240458015267,136.48156870229008,-172.54624809160305,0
8578,-16.834886853027342,6.885442883300781,-1.0352994873046875,-249.66240458015267,170.2525610687023,-237.0271641221374,0
8603,-15.561171569824218,4.886284497070313,-3.295425854492187,-249.66240458015267,146.06935496183206,-249.24090458015266,0
8628,-14.601096704101561,2.8272710693359375,-3.750324169921875,-237.8303435114504,165.84798091603054,-249.24090458015266,0
8653,-12.391248571777343,2.6453117431640627,-4.705610632324219,-183.02118320610688,188.65714122137405,-249.24090458015266,0
8678,-11.651440258789062,-0.048165124511718754,-6.527598095703125,-141.59370229007635,245.5121030534351,-249.24090458015266,0
8703,-9.017818432617187,-1.4559557006835937,-5.730328942871093,-92.55553435114504,251.55027099236642,-249.24090458015266,0
8728,-7.270051220703125,-1.5996078002929688,-6.534780700683593,-8.066984732824428,251.55027099236642,-249.24090458015266,0
8753,-4.5789685546875,-2.219706030273437,-6.80532548828125,69.36812977099235,251.55027099236642,-249.24090458015266,0
8778,-3.0323142822265625,-4.309844079589843,-6.968131201171875,103.30706106870228,251.55027099236642,-249.24090458015266,0
8803,-1.3563731201171878,-5.406388439941406,-6.8532095214843745,120.88721374045801,251.55027099236642,-249.24090458015266,0
8828,-1.1121645507812503,-4.774319201660155,-5.756665161132813,150.29179389312978,251.55027099236642,-226.6836526717557,0
8854,0.673909887695312,-3.7639661010742183,-3.398376525878906,166.04751908396946,251.55027099236642,-176.2332709923664,0
8879,1.516668872070312,-4.788684411621094,-2.162968469238281,178.89484732824428,251.55027099236642,-126.0653320610687,0
8904,2.0864888671874997,-6.064793896484375,-1.40400654296875,189.18492366412212,251.55027099236642,-77.30197328244275,0
8929,2.6754624755859373,-5.087959619140625,-0.800667724609375,184.52080152671755,251.55027099236642,-30.45464503816794,0
8954,1.9476251708984371,-5.171756677246093,1.0715979736328125,173.07041984732822,251.55027099236642,10.011003816793894,0
8979,1.1072603881835934,-4.985008947753906,2.6014928344726562,162.3070610687023,251.55027099236642,53.835431297709924,0
9004,0.9109358520507809,-5.494973901367187,3.0156897216796876,161.9864503816794,246.3441641221374,94.75909541984733,0
9029,1.303584924316406,-5.813402722167968,3.7794400512695314,156.78034351145038,208.84798091603054,123.85833206106871,0
9054,-0.5207967407226564,-5.554828942871093,4.861619201660155,144.681106870229,196.8937824427481,143.2018435114504,0
9079,-1.4042571533203128,-5.047258190917968,5.989288183593749,132.2612595419847,171.7792786259542,162.46901908396947,0
9105,-2.247016137695313,-5.32737978515625,5.086674157714843,105.41393129770992,174.87088167938933,177.2018435114504,0
9130,-2.8862679809570313,-5.602712976074218,5.347642138671874,63.085687022900764,180.9319503816794,194.6140572519084,0
9155,-4.179136877441406,-4.410400549316406,5.570302893066406,13.383396946564885,202.0998893129771,209.7056603053435,0
9180,-5.610869470214844,-2.744036193847656,5.208778442382812,-27.120419847328243,204.74874427480916,225.75909541984734,0
9205,-7.243715002441406,-1.9850742675781248,4.971752478027343,-59.31889312977099,194.84798091603054,241.33924809160305,0
9230,-8.76642725830078,-1.506233935546875,4.852042395019531,-76.9601145038168,165.56553816793894,251.02627099236642,0
9255,-9.855789013671874,-0.6802343627929688,4.6676888671875,-93.86087786259543,149.1762251908397,251.02627099236642,0
9280,-9.817481787109376,0.3827911743164062,3.693248791503906,-112.23492366412215,136.14569083969465,251.02627099236642,0
9305,-10.827834887695314,1.5344021728515624,2.6757130859375002,-140.98301526717557,142.75637786259543,251.02627099236642,0
9330,-12.798262854003905,2.6213697265625,1.4091804077148435,-178.25019083969465,147.1762251908397,251.02627099236642,0
9355,-13.746366711425782,4.417020971679688,0.9327342773437499,-206.18912213740458,119.31362977099236,251.02627099236642,0
9380,-14.206053430175782,5.738620288085937,1.1960964599609374,-233.8990458015267,94.31362977099236,251.02627099236642,0
9405,-13.76552032470703,6.708271960449219,1.133847216796875,-249.66240458015267,82.88614885496183,251.02627099236642,0
9430,-13.296256799316406,7.948468420410156,-0.3170389892578125,-249.66240458015267,75.51973664122137,235.94230152671756,0
9455,-13.471033520507813,9.349076391601562,-0.3864708374023438,-249.66240458015267,60.63424045801526,201.11024045801528,0
9480,-14.186899816894531,9.96917462158203,1.0572327636718748,-249.66240458015267,19.64950763358779,171.04917175572518,0
9506,-15.391183251953123,11.633144775390624,0.8561198242187499,-249.66240458015267,62.748744274809155,136.1789427480916,0
9531,-14.905160314941405,11.46315645751953,1.344536962890625,-249.66240458015267,99.67240839694657,71.74382824427481,0
9556,-15.609055603027343,10.402525122070312,2.7523275390625,-249.66240458015267,101.03118702290077,-6.179835877862596,0
9581,-15.975368457031248,10.203806384277343,1.4738238525390623,-249.66240458015267,104.76401145038169,-79.78288931297709,0
9606,-16.58110147705078,9.772850085449218,-0.3529520141601562,-249.66240458015267,119.12279007633589,-145.52334732824428,0
9631,-17.842845751953124,8.295627661132812,-1.40400654296875,-249.66240458015267,121.83271374045802,-197.5004465648855,0
9656,-16.868405676269532,5.6596116333007815,-1.74877158203125,-249.66240458015267,113.87851526717557,-248.79052290076336,0
9681,-16.17169299316406,4.361954333496094,-2.6202609863281245,-249.66240458015267,123.38996564885497,-249.24090458015266,0
9706,-14.58433729248047,2.949375354003906,-3.8173618164062497,-225.36469465648855,162.08462213740458,-249.24090458015266,0
9731,-13.516523352050779,1.3165298217773436,-5.115019116210937,-177.07461832061068,213.61897328244274,-249.24090458015266,0
9756,-11.376107067871093,0.5144722656249999,-5.9314418823242185,-116.86851145038169,251.55027099236642,-249.24090458015266,0
9781,-8.586862133789062,-1.6403092285156249,-6.910670361328125,-50.01354961832061,251.55027099236642,-249.24090458015266,0
9806,-6.848671728515625,-2.9283897216796873,-8.196356652832032,13.352862595419847,251.55027099236642,-249.24090458015266,0
9831,-4.8159945190429685,-3.7759371093749996,-8.00482052001953,66.89484732824427,251.55027099236642,-249.24090458015266,0
9856,-2.8958447875976563,-2.4591261962890623,-6.913064562988281,114.81851145038168,251.55027099236642,-247.95846183206106,0
9881,-1.014002282714844,-4.328997692871093,-7.4900671630859375,158.91774809160304,227.3441641221374,-207.11876717557251,0
9907,-0.8583791748046878,-5.018527770996093,-5.340074072265625,160.13912213740457,249.61897328244274,-157.97372900763358,0
9932,0.6260258544921871,-4.027328283691406,-4.135790637207031,166.20782442748092,251.55027099236642,-111.25617175572519,0
9957,0.6332084594726557,-5.401600036621093,-3.7670835815429684,169.27652671755726,251.55027099236642,-71.3477748091603,0
9982,0.11845510253906211,-5.731999865722655,-3.058399890136718,179.39103053435113,208.8174465648855,-28.019530534351144,0
10007,0.04902325439453081,-5.901988183593749,-1.4782267944335936,185.97881679389312,173.06935496183206,11.110240458015268,0
10032,-0.13054187011718765,-5.418359448242187,0.20729117431640623,190.73454198473283,154.09225572519085,43.568255725190845,0
10057,0.013110229492187209,-6.541240026855468,0.7531691528320312,193.6582061068702,138.22966030534351,71.30871374045802,0
10082,-1.243845642089844,-6.057611291503906,0.7914763793945312,185.73454198473283,141.008286259542,98.88886641221374,0
10107,-1.4617179931640627,-5.964237426757812,2.4099567016601564,173.21545801526716,138.69530916030536,127.42321755725192,0
10132,-2.0530858032226567,-5.863680957031249,4.593468615722656,171.6429389312977,124.84798091603054,149.7285610687023,0
10157,-2.7330390747070314,-5.743970874023437,5.062732141113281,157.07041984732822,136.9319503816794,168.59115648854961,0
10182,-3.489606799316406,-5.164574072265625,4.485729541015624,139.2459923664122,117.19149236641222,182.62932442748092,0
10207,-4.344336791992188,-5.471031884765624,5.393131970214843,109.61240458015267,107.34416412213741,193.30108015267177,0
10232,-5.701849133300781,-4.702493151855468,5.160894409179687,73.75744274809159,108.51973664122137,206.03390458015267,0
10257,-6.927680383300781,-3.273154760742187,5.524813061523437,41.58950381679389,110.58843893129772,220.83543129770993,0
10282,-8.096050793457032,-2.921207116699218,5.479323229980468,25.085687022900764,88.38996564885497,237.37741603053436,0
10307,-8.807128686523438,-1.6762222534179687,5.409891381835937,22.955916030534354,49.71820992366412,251.02627099236642,0
10332,-8.99627061767578,-0.7951560424804688,5.922250537109375,21.31469465648855,36.481568702290076,251.02627099236642,0
10358,-9.3290646484375,-0.4312373901367188,5.467352221679687,2.322328244274809,69.78691221374046,251.02627099236642,0
10383,-9.645099267578125,0.4234926025390625,5.153711804199218,-25.395229007633585,107.24492748091603,251.02627099236642,0
10408,-11.265973791503907,1.5846804077148435,4.911897436523437,-48.8456106870229,117.9701183206107,251.02627099236642,0
10433,-11.751996728515625,2.6668595581054686,4.761062731933594,-75.42576335877864,124.45103435114504,251.02627099236642,0
10458,-12.510958654785156,4.330829711914062,4.006889208984375,-111.69293893129772,123.89378244274809,251.02627099236642,0
10483,-12.76953243408203,5.034725,4.030831225585937,-157.83797709923664,128.64187404580153,251.02627099236642,0
10508,-13.418361083984376,6.339564904785156,2.8073941772460937,-212.34942748091603,133.5350038167939,248.3316145038168,0
10533,-14.790238635253907,7.448080273437499,2.3931972900390623,-249.66240458015267,112.0617213740458,221.75146183206107,0
10558,-15.398365856933594,8.326752282714843,2.5057247680664063,-249.66240458015267,95.96248473282444,189.7667290076336,0
10583,-15.245136950683595,9.217395300292967,2.1968727539062503,-249.66240458015267,90.03882061068703,146.86596564885497,0
10608,-15.915513415527343,9.91171378173828,1.9047801513671874,-249.66240458015267,125.92431679389314,89.40031679389314,0
10633,-15.640180224609374,9.710600842285155,1.3876325927734374,-249.66240458015267,162.7258435114504,13.415583969465649,0
10658,-16.403930554199217,8.982763537597656,1.0237139404296873,-249.66240458015267,160.6495076335878,-69.24853816793893,0
10683,-16.602649291992186,8.499134802246093,-0.609131591796875,-249.66240458015267,143.32126335877862,-144.96609541984733,0
10708,-16.451814587402342,7.694683044433593,-1.6123020874023437,-249.66240458015267,144.66477480916032,-211.86685877862595,0
10733,-15.75270770263672,5.750591296386719,-2.6585682128906245,-249.66240458015267,173.5350038167939,-249.24090458015266,0
10758,-14.718412585449219,3.8831140014648438,-3.9203124877929683,-241.2959923664122,212.1380572519084,-249.24090458015266,0
10784,-13.693694274902342,2.3005467041015626,-5.1078365112304684,-182.95248091603054,235.4052328244275,-249.24090458015266,0
10809,-11.596373620605469,0.15294781494140625,-7.07347607421875,-123.24255725190841,251.55027099236642,-249.24090458015266,0
10834,-9.278786413574219,-0.9866921752929687,-7.573864221191406,-57.25019083969465,251.55027099236642,-249.24090458015266,0
10859,-6.994718029785156,-1.4152542724609374,-8.538727490234375,7.314694656488549,251.55027099236642,-249.24090458015266,0
10884,-4.978800231933594,-3.6418618164062497,-9.048692443847656,72.81087786259542,251.55027099236642,-249.24090458015266,0
10909,-4.313212170410156,-4.046481896972656,-8.792512866210938,107.87958015267175,251.55027099236642,-249.24090458015266,0
10934,-2.6468478149414065,-4.206893408203125,-7.758217749023437,125.6429389312977,251.55027099236642,-248.7447213740458,0
10959,-2.4241870605468754,-3.270760559082031,-6.467743054199219,142.6429389312977,251.55027099236642,-208.96609541984733,0
10984,-0.7626111083984377,-3.7831197143554682,-5.871586840820313,175.54370229007634,251.55027099236642,-165.7828893129771,0
11009,0.28126081542968695,-5.159785668945312,-4.873204748535156,184.84141221374045,251.55027099236642,-124.37067557251908,0
11034,1.4711790405273435,-6.1605619628906245,-3.8293328247070306,176.57423664122138,251.55027099236642,-85.86685877862595,0
11059,1.4400544189453122,-5.26273634033203,-2.9722086303710933,165.84141221374045,251.55027099236642,-47.0653320610687,0
11084,0.3866056884765623,-5.554828942871093,-1.8205976318359374,169.72690839694656,248.37469847328245,-7.065332061068703,0
11109,1.4137182006835936,-7.252317919921874,-0.5253345336914063,168.80324427480915,196.93958396946564,30.71329389312977,0
11134,1.6268021484374993,-6.184503979492187,0.8872444458007812,155.13912213740457,182.16859160305344,60.011003816793895,0
11159,1.0258575317382808,-5.7679128906249995,1.2679225097656248,131.25362595419847,208.4586679389313,83.1789427480916,0
11185,0.008321826171874491,-6.601095068359374,2.697260900878906,122.55896946564884,176.19912595419848,106.8048969465649,0
11210,-0.4369996826171878,-7.017686157226562,3.592692321777344,118.89484732824427,125.65714122137405,123.16367557251908,0
11235,-0.860773376464844,-6.7615065795898435,4.272645593261719,101.68874045801526,113.04645419847328,136.53772137404582,0
11260,-1.5646686645507815,-6.455048767089843,4.363625256347656,71.91774809160304,117.67240839694657,147.22474427480915,0
11285,-2.706702856445313,-6.455048767089843,4.512065759277343,38.87958015267176,115.8174465648855,159.0644389312977,0
11310,-4.107310827636719,-5.887622973632812,5.093856762695312,6.284160305343511,112.16859160305344,176.15604198473284,0
11335,-5.354689892578126,-5.305831970214843,5.134558190917968,-22.303625954198473,105.61897328244275,193.81253053435114,0
11360,-6.202237280273438,-5.095142224121093,5.304546508789062,-45.06698473282442,88.22966030534351,209.8048969465649,0
11385,-6.8606427368164065,-4.630667102050781,5.49129423828125,-65.06698473282444,76.58843893129772,222.19420992366412,0
11410,-7.885361047363281,-4.391246936035156,5.041184326171875,-78.92958015267176,57.176225190839695,233.22474427480915,0
11435,-8.285192724609374,-3.5867951782226557,5.060337939453125,-87.91431297709924,36.069354961832055,243.46901908396947,0
11460,-8.878954736328126,-3.270760559082031,4.38038466796875,-106.32652671755726,43.54263740458015,251.02627099236642,0
11485,-10.600385729980468,-3.1510504760742184,2.9773824951171877,-131.95248091603054,56.000652671755724,251.02627099236642,0
11510,-11.744814123535157,-1.8270569580078124,1.861684521484375,-147.45629770992366,40.33653053435114,251.02627099236642,0
11535,-12.781503442382814,-0.261249072265625,2.232785778808594,-148.2043893129771,20.22966030534351,251.02627099236642,0
11560,-13.10711486816406,0.8616315063476562,2.0077308227539064,-151.81507633587788,17.993019083969465,251.02627099236642,0
11586,-13.023317810058593,2.152106201171875,1.4355166259765624,-162.8074427480916,26.153324427480918,251.02627099236642,0
11611,-12.886848315429688,3.1456998901367186,1.1984906616210937,-182.63187022900763,37.03118702290076,251.02627099236642,0
11636,-14.522088049316405,4.1536587890625,1.2200384765624999,-199.30362595419848,38.51973664122137,251.02627099236642,0
11661,-14.177323010253907,4.7976990356445315,1.2272210815429687,-218.96774809160306,38.84034732824427,231.5987900763359,0
11686,-13.483004528808593,5.0610612182617185,0.6478242797851562,-246.44103053435114,53.19149236641221,193.34688167938933,0
11711,-13.605108813476562,6.250979443359375,0.43952873535156245,-249.66240458015267,71.55027099236642,143.55298854961833,0
11736,-15.587507788085937,8.161552368164061,0.8202067993164062,-249.66240458015267,92.94721755725192,90.91940076335878,0
11761,-15.362452832031249,7.998746655273437,0.9901951171874999,-249.66240458015267,98.60370610687023,27.5758893129771,0
11786,-15.221194934082032,7.649193212890625,-0.0010043701171875002,-249.66240458015267,105.55790458015268,-42.03479770992366,0
11811,-15.745525097656248,7.843123547363281,-0.9371372192382812,-249.66240458015267,115.0617213740458,-110.01189694656489,0
11836,-16.44702618408203,7.488781701660156,-1.3226036865234374,-249.66240458015267,129.22202671755724,-167.04243129770992,0
11861,-16.533217443847654,6.406602551269531,-2.431119055175781,-249.66240458015267,118.34416412213741,-207.75235496183205,0
11886,-16.174087194824217,5.439345080566406,-3.106283923339843,-235.81507633587788,125.13042366412215,-232.44701145038167,0
11911,-15.439067285156248,3.96212265625,-4.16212685546875,-208.76927480916032,136.03118702290078,-249.24090458015266,0
11936,-14.842911071777344,2.5136306518554687,-5.246700207519531,-167.50209923664121,113.88614885496183,-249.24090458015266,0
11961,-13.463850915527342,1.6253818359374999,-5.591465246582032,-130.26545801526717,127.11515648854962,-249.24090458015266,0
11986,-11.36653026123047,0.014084118652343741,-6.637731372070312,-93.51736641221375,175.42813358778628,-249.24090458015266,0
12012,-9.611580444335937,-1.812691748046875,-7.703151110839843,-51.68530534351145,216.64187404580153,-249.24090458015266,0
12037,-8.029013146972655,-1.8581815795898438,-8.328037744140625,3.475,239.20675954198472,-249.24090458015266,0
12062,-6.192660473632813,-2.717699975585937,-8.153261022949218,56.268893129770994,251.55027099236642,-249.24090458015266,0
12087,-4.6460062011718755,-3.06725341796875,-8.263394299316406,107.88721374045801,251.55027099236642,-249.24090458015266,0
12112,-3.362714111328125,-3.7256588745117183,-8.47168984375,159.97118320610687,251.55027099236642,-223.4012099236641,0
12137,-3.0227374755859375,-3.598766186523437,-7.573864221191406,188.0780534351145,251.55027099236642,-189.8210572519084,0
12162,-1.6053700927734378,-4.364910717773437,-5.785395581054687,206.0017175572519,238.86324809160305,-151.21037022900762,0
12187,-0.5591039672851568,-5.28188995361328,-5.0695292846679685,220.94064885496184,211.22966030534351,-113.54624809160305,0
12212,0.317173840332031,-5.585953564453124,-4.016080554199219,212.27652671755726,231.7029427480916,-77.0271641221374,0
12237,-0.11857086181640675,-5.5979245727539055,-2.4670320800781247,198.3833969465649,251.55027099236642,-39.88212595419847,0
12262,0.14479132080078072,-5.7296056640624995,-1.394429736328125,206.8490458015267,220.00065267175572,-2.630217557251908,0
12287,0.1423971191406248,-5.731999865722655,-0.7958793212890625,206.71164122137404,175.51973664122139,28.461385496183205,0
12312,0.3818172851562496,-6.785448596191405,0.5783924316406249,193.44446564885496,170.9853854961832,53.99573664122138,0
12337,-0.12814766845703174,-5.988179443359375,1.9909714111328125,174.8490458015267,172.76401145038167,77.01863740458016,0
12362,-1.262999255371094,-6.3042140625,3.1976490478515625,155.0780534351145,166.35179770992366,101.04153816793894,0
12387,-1.5742454711914065,-6.024092468261718,3.65254736328125,142.55896946564886,129.2830954198473,125.20184351145039,0
12413,-2.256592944335938,-5.643414404296874,3.9829471923828126,121.1162213740458,119.94721755725192,141.79726335877862,0
12438,-2.7474042846679687,-5.942689611816406,4.301376013183593,88.59713740458015,134.2372938931298,157.6522251908397,0
12463,-3.810429821777344,-5.143026257324219,4.660506262207031,54.18492366412214,145.60370610687022,174.50718702290078,0
12488,-5.088933508300782,-4.261960046386719,5.5104478515625,27.925381679389314,149.59607251908398,192.56062213740458,0
12513,-6.365042993164062,-3.730447277832031,5.314123315429687,5.978816793893129,147.97011832061068,211.92703435114504,0
12538,-6.9540166015625,-2.897265100097656,4.3708078613281245,-19.47919847328244,141.31362977099238,229.73619465648855,0
12563,-8.388143395996094,-2.442366784667968,5.3093349121093745,-44.792175572519085,138.1914923664122,244.95756870229008,0
12588,-9.41286170654297,-2.1550625854492185,4.674871472167968,-69.05935114503818,134.9853854961832,251.02627099236642,0
12613,-9.798328173828125,-1.4344078857421874,3.8416892944335936,-102.77690839694657,137.80981297709923,251.02627099236642,0
12638,-11.435962109374998,-0.20378823242187497,2.9845651000976563,-138.79980916030536,139.86324809160305,251.02627099236642,0
12663,-12.89163671875,1.2255501586914062,1.6653599853515624,-171.4868320610687,125.68767557251908,251.02627099236642,0
12688,-14.112679565429687,2.5327842651367187,0.8154183959960937,-199.6395038167939,96.37469847328245,251.02627099236642,0
12713,-14.165352001953124,3.5910213989257813,0.5185373901367187,-227.18912213740458,76.03118702290077,251.02627099236642,0
12738,-13.84213477783203,5.480046508789062,-0.1733868896484375,-249.66240458015267,67.41286641221375,251.02627099236642,0
12763,-13.597926208496094,6.648416918945312,-0.29549117431640626,-249.66240458015267,62.46630152671755,242.24001145038167,0
12788,-13.70805948486328,7.673135229492187,-0.5660359619140625,-249.66240458015267,67.64950763358779,210.22474427480915,0
12813,-14.012123095703124,8.721795556640624,-0.8533401611328125,-249.66240458015267,64.71057633587786,172.8201641221374,0
12839,-14.756719812011717,10.10324991455078,-0.7168706665039062,-249.66240458015267,115.1380572519084,126.94993511450382,0
12864,-14.996139978027344,10.541388818359374,-0.13268546142578125,-249.66240458015267,148.3441641221374,60.392683206106874,0
12889,-15.185281909179686,10.833481420898437,-0.90601259765625,-249.66240458015267,176.68004198473284,-19.393576335877864,0
12914,-16.119020556640624,11.190217468261718,-1.8062324218749999,-249.66240458015267,175.7792786259542,-99.72945419847328,0
12940,-16.561947863769532,10.749684362792967,-2.9051709838867183,-249.66240458015267,174.77164503816795,-171.2332709923664,0
12965,-16.468573999023437,9.066560595703123,-4.901935168457031,-249.66240458015267,169.48156870229008,-230.63785114503816,0
12990,-15.862840979003906,7.189506494140625,-6.0080563354492185,-211.112786259542,153.7411106870229,-249.24090458015266,0
13015,-14.388012756347656,5.757773901367187,-6.63294296875,-163.2959923664122,161.38996564885497,-249.24090458015266,0
13040,-12.985010583496095,4.012400891113281,-7.341626660156249,-115.05935114503818,179.10752290076337,-249.24090458015266,0
13065,-11.42877950439453,2.3819495605468752,-8.366344970703125,-65.69293893129772,206.13042366412213,-249.24090458015266,0
13090,-10.131122204589843,0.7203736083984374,-9.170796728515624,-8.425763358778626,218.7029427480916,-249.24090458015266,0
13115,-8.079291381835937,0.6700953735351561,-8.48366085205078,47.58950381679389,230.67240839694657,-249.24090458015266,0
13140,-6.135199633789062,-1.142315283203125,-8.617736145019531,97.36812977099235,237.83271374045802,-249.24090458015266,0
13165,-5.136817541503906,-2.238859643554687,-8.500420263671876,130.09332061068702,251.55027099236642,-249.24090458015266,0
13190,-3.8798616699218753,-2.099995947265625,-7.9018698486328125,153.43683206106869,251.55027099236642,-224.95846183206106,0
13216,-2.2158915161132815,-3.682563244628906,-7.664843884277343,179.81851145038166,251.55027099236642,-187.96609541984733,0
13241,-2.383485632324219,-3.4479314819335936,-6.932218176269531,193.1162213740458,251.55027099236642,-150.4775458015267,0
13266,-1.0690689208984379,-3.957896435546875,-6.022421545410156,197.36812977099237,251.55027099236642,-112.52334732824427,0
13291,-0.32926060791015654,-3.816638537597656,-5.239517602539062,200.1009541984733,229.10752290076337,-79.72945419847328,0
13316,-0.592622790527344,-4.925153906249999,-4.135790637207031,209.76507633587786,158.5121030534351,-48.798156488549616,0
13341,-0.43939388427734416,-6.222811206054687,-2.931507202148437,189.55896946564886,167.01591984732823,-14.370675572519085,0
13366,-0.5088257324218755,-5.51891591796875,-1.6889165405273436,163.48263358778627,196.10752290076337,24.56062213740458,0
13391,-1.0211848876953127,-6.47659658203125,0.030120251464843747,157.57423664122138,161.52737022900763,59.35451526717558,0
13416,-1.4617179931640627,-7.412729431152343,0.05406226806640624,145.27652671755726,127.5731717557252,90.45375190839695,0
13441,-1.7011381591796877,-7.3432975830078115,-0.24281873779296873,129.73454198473283,79.99301908396947,116.56825572519084,0
13466,-1.9788655517578126,-6.548422631835937,1.1218762084960936,120.20782442748092,43.45103435114503,139.07207251908397,0
13491,-2.871902770996094,-6.500538598632812,3.3700315673828123,102.3223282442748,95.74874427480917,160.02627099236642,0
13516,-3.171177978515625,-6.2371764160156244,2.73317392578125,90.41393129770992,110.11515648854962,180.6522251908397,0
13541,-3.3004648681640627,-6.29703145751953,2.663742077636719,79.71164122137404,86.6113396946565,198.96520229007635,0
13566,-4.4401048583984375,-5.605107177734374,2.551214599609375,63.96354961832061,80.19912595419848,216.16367557251908,0
13591,-5.871837451171875,-4.661791723632812,3.262292492675781,50.92538167938932,82.78691221374046,235.54535496183206,0
13617,-6.918103576660156,-4.024934082031249,3.7794400512695314,39.03225190839695,82.05408778625954,251.02627099236642,0
13642,-7.689036511230468,-3.570035766601562,3.451434423828125,14.49026717557252,115.26019465648855,251.02627099236642,0
13667,-9.070490869140624,-2.246042248535156,2.2208147705078125,-5.03645038167939,105.33653053435116,251.02627099236642,0
13692,-10.58123211669922,-1.1159790649414063,2.57994501953125,-17.059351145038168,90.06935496183206,251.02627099236642,0
13717,-11.756785131835937,0.10266958007812499,3.4107329956054686,-21.715839694656488,83.7029427480916,251.02627099236642,0
13742,-12.427161596679689,1.4362399047851562,3.00132451171875,-40.059351145038164,111.84798091603054,251.02627099236642,0
13767,-13.080778649902342,2.7985406494140626,1.5456499023437498,-71.6013358778626,127.4586679389313,251.02627099236642,0
13792,-14.22520704345703,4.021977697753906,0.6334590698242187,-119.7158396946565,138.7411106870229,251.02627099236642,0
13817,-15.3816064453125,5.108945251464844,1.117087805175781,-164.04408396946565,124.46630152671756,251.02627099236642,0
13842,-15.089513842773435,6.497582214355469,1.0739921752929686,-205.56316793893131,114.90904961832061,216.6674923664122,0
13867,-14.572366284179687,7.376254223632812,0.4922011718749999,-249.66240458015267,109.72584351145039,165.28581297709923,0
13892,-14.174928808593748,7.9317090087890625,-0.43914327392578123,-249.66240458015267,87.67240839694657,111.46138549618321,0
13917,-15.027264599609374,8.700247741699217,-1.0760009155273438,-249.66240458015267,60.0998893129771,64.68275954198474,0
13942,-15.625815014648438,9.607650170898436,-1.2771138549804688,-249.66240458015267,48.27546183206107,32.71329389312977,0
13967,-15.300203588867188,10.900519067382811,-0.7695431030273437,-249.66240458015267,65.12279007633587,-1.8286908396946564,0
13992,-15.012899389648435,9.732148657226562,-0.8461575561523438,-249.66240458015267,79.45103435114504,-46.37830916030534,0
14018,-15.544412158203123,9.748908068847655,-2.608289978027343,-249.66240458015267,99.84034732824428,-92.81342366412214,0
14043,-17.222747521972657,9.31795177001953,-2.1414206542968746,-249.66240458015267,98.77164503816795,-138.56151526717557,0
14068,-17.407101049804687,8.942062109374998,-2.289861157226562,-249.66240458015267,96.4586679389313,-180.35540839694656,0
14093,-16.19802921142578,7.9317090087890625,-3.130225939941406,-249.66240458015267,107.84798091603054,-228.1264007633588,0
14118,-15.965791650390624,6.897413891601563,-4.916300378417969,-249.66240458015267,150.26019465648855,-249.24090458015266,0
14143,-14.866853088378907,5.24541474609375,-5.823702807617187,-217.54026717557252,201.4586679389313,-249.24090458015266,0
14168,-12.575602099609373,2.7003783813476563,-6.929823974609375,-137.82270992366412,239.16095801526717,-249.24090458015266,0
14193,-10.03774833984375,2.058732336425781,-7.655267077636719,-62.85324427480916,251.55027099236642,-249.24090458015266,0
14218,-7.293993237304687,1.043590832519531,-8.296913122558594,2.8337786259541984,251.55027099236642,-249.24090458015266,0
14243,-5.105692919921875,-0.34744033203125,-9.204315551757812,76.53606870229007,251.55027099236642,-249.24090458015266,0
14268,-3.8918326782226567,-1.9371902343749998,-9.132489501953124,144.66583969465648,251.55027099236642,-249.24090458015266,0
14293,-2.115335046386719,-1.391312255859375,-7.853985815429687,182.62003816793893,251.55027099236642,-231.7294541984733,0
14318,-0.42502867431640645,-1.8893062011718749,-7.293742626953125,201.32232824427481,251.55027099236642,-185.95082824427482,0
14343,-0.4369996826171878,-3.254001147460937,-5.938624487304687,206.0780534351145,251.55027099236642,-139.73708778625954,0
14368,0.5278635864257808,-3.8333979492187495,-4.147761645507813,196.66583969465648,251.55027099236642,-89.64548473282443,0
14394,1.2126052612304683,-4.48462080078125,-2.8429217407226557,172.9864503816794,251.55027099236642,-46.96609541984733,0
14419,1.387381982421875,-5.439907263183593,-1.892423681640625,163.68874045801527,251.55027099236642,-8.019530534351146,0
14444,0.42491291503906226,-6.282666247558593,-2.4837914916992183,164.5131679389313,229.76401145038167,27.820164122137403,0
14469,0.13521451416015573,-6.1246489379882805,-0.417595458984375,158.20782442748092,193.1914923664122,59.568255725190845,0
14494,0.04184064941406218,-5.612289782714843,1.172154443359375,135.95591603053435,217.50446946564887,88.86596564885497,0
14519,-0.28616497802734386,-6.433500952148437,1.33496015625,124.84904580152671,219.4586679389313,115.92703435114504,0
14544,-1.6915613525390627,-6.268301037597656,1.9670293945312498,111.7956106870229,200.20675954198472,142.98046946564887,0
14569,-2.3882740356445313,-6.040851879882812,2.5464261962890626,106.57423664122136,145.008286259542,168.03390458015267,0
14594,-2.7282506713867187,-6.656161706542968,3.8512661010742186,85.6429389312977,135.60370610687022,184.34688167938933,0
14619,-3.2765228515625,-6.139014147949219,3.566356103515625,53.99408396946565,148.90141603053436,195.65985877862596,0
14644,-4.411374438476562,-6.026486669921875,3.6956429931640624,22.413931297709926,142.24492748091603,205.26291221374046,0
14669,-5.443275354003906,-5.703269445800781,4.397144079589843,-6.441030534351145,129.78691221374046,214.79726335877862,0
14694,-6.178295263671875,-5.2794957519531245,3.92069794921875,-41.96774809160305,142.97011832061068,224.58352290076337,0
14719,-8.203789868164062,-4.463072985839843,3.3532721557617187,-69.38759541984733,133.13042366412213,239.94230152671756,0
14744,-9.91564405517578,-3.56524736328125,2.673318884277344,-77.2807251908397,84.54263740458016,251.02627099236642,0
14770,-10.363359765624999,-3.002609973144531,2.6613478759765625,-82.93721374045802,36.81744656488549,251.02627099236642,0
14795,-10.293927917480469,-1.8893062011718749,2.5009363647460936,-99.58606870229008,44.22966030534351,251.02627099236642,0
14820,-10.564472705078124,-0.46954461669921876,2.184901745605469,-123.95248091603054,72.55790458015268,251.02627099236642,0
14845,-12.1254921875,1.0340140258789061,2.079556872558594,-145.318893129771,93.55790458015268,251.02627099236642,0
14870,-13.463850915527342,2.3484307373046875,1.3612963745117186,-160.64713740458015,87.0617213740458,251.02627099236642,0
14895,-13.660175451660155,3.837624169921875,0.6885257080078124,-182.3417938931298,78.89378244274809,251.02627099236642,0
14920,-13.49258133544922,4.879101892089843,-0.2500013427734375,-219.67767175572519,83.87851526717557,251.02627099236642,0
14945,-13.301045202636718,6.250979443359375,-0.9802328491210938,-249.66240458015267,93.5350038167939,233.7819961832061,0
14970,-13.609897216796874,7.9317090087890625,-1.2435950317382811,-249.66240458015267,67.4205,204.54535496183206,0
14995,-14.237178051757812,9.073743200683593,-1.2172588134765625,-249.66240458015267,49.939583969465644,175.64459160305344,0
15020,-14.711229980468751,9.954809411621092,-1.4447079711914061,-249.66240458015267,84.19149236641222,139.5758893129771,0
15045,-14.759114013671873,11.36738839111328,-1.1526153686523437,-249.66240458015267,102.79454580152672,84.71329389312977,0
15070,-15.364847033691404,12.001851831054687,-0.321827392578125,-249.66240458015267,111.7792786259542,15.659858778625955,0
15096,-15.910725012207031,11.147121838378904,-1.09754873046875,-249.66240458015267,165.8403473282443,-66.69891984732824,0
15121,-16.162116186523438,10.637156884765623,-2.9626318237304683,-249.66240458015267,175.51973664122139,-150.05769847328244,0
15146,-16.775031811523437,9.808763110351562,-3.0416404785156246,-249.66240458015267,169.09225572519085,-222.90502671755726,0
15171,-15.417519470214842,8.123245141601561,-4.521257104492188,-249.66240458015267,165.3059961832061,-249.24090458015266,0
15196,-14.668134350585937,6.27970986328125,-5.783001379394531,-210.46393129770993,157.7792786259542,-249.24090458015266,0
15221,-13.770308728027342,5.439345080566406,-6.76701826171875,-175.04408396946565,180.2907290076336,-249.24090458015266,0
15246,-12.226048657226563,4.450539794921875,-6.771806665039063,-131.40286259541986,221.86324809160305,-249.24090458015266,0
15271,-10.552501696777345,2.030001916503906,-7.765400354003906,-74.05171755725192,251.55027099236642,-249.24090458015266,0
15296,-9.108798095703126,0.428281005859375,-8.263394299316406,-2.975381679389313,251.55027099236642,-249.24090458015266,0
15321,-6.6930486206054685,0.5216548706054687,-7.499643969726562,63.574236641221376,251.55027099236642,-249.24090458015266,0
15346,-3.8535254516601567,-1.2404775512695312,-7.126148510742187,108.37576335877863,251.55027099236642,-249.24090458015266,0
15371,-1.6652251342773439,-3.6897458496093747,-8.476478247070313,140.1925572519084,251.55027099236642,-232.15693511450382,0
15396,-0.07547523193359407,-3.3138561889648432,-8.052704553222656,187.3986641221374,251.55027099236642,-188.94319465648854,0
15421,-0.5207967407226564,-3.242030139160156,-6.783777673339843,206.74980916030535,251.55027099236642,-149.60731679389312,0
15447,1.0713473632812498,-3.821426940917968,-5.972143310546875,201.97881679389312,251.55027099236642,-108.63785114503817,0
15472,1.143173413085937,-4.544475842285156,-4.322538366699218,199.62767175572517,251.55027099236642,-66.24090458015267,0
15497,0.8175619873046873,-4.218864416503906,-3.831727026367187,207.9864503816794,251.55027099236642,-22.240904580152673,0
15522,0.7098229125976561,-5.6912984374999995,-3.005727453613281,217.91774809160304,251.46630152671756,15.682759541984732,0
15547,0.17591594238281205,-6.0480344848632805,-1.0760009155273438,201.29942748091602,242.1762251908397,48.72092748091603,0
15572,-0.3172895996093752,-6.330550280761718,0.6023344482421874,170.57423664122138,251.55027099236642,85.77436259541984,0
15597,-0.30053018798828157,-6.838121032714843,1.136241418457031,148.52843511450382,251.55027099236642,120.47665267175573,0
15622,-1.0642805175781254,-7.041628173828125,2.2016611572265625,130.23835877862595,214.24492748091603,152.68275954198472,0
15647,-2.364332019042969,-6.763900781249999,2.687684094238281,111.3986641221374,166.87851526717557,175.03390458015267,0
15672,-3.52551982421875,-6.167744567871093,4.212790551757812,83.62767175572519,162.19912595419848,195.20947709923664,0
15697,-3.5015778076171875,-6.270695239257812,4.342077441406249,52.49026717557252,154.84798091603054,209.1789427480916,0
15722,-4.29166435546875,-6.359280700683593,3.961399377441406,12.871946564885496,149.3288969465649,214.102606870229,0
15747,-5.064991491699219,-6.031275073242187,3.7147966064453124,-29.66240458015267,136.35179770992366,215.37741603053436,0
15772,-6.228573498535156,-5.152603063964843,3.8321124877929686,-73.2807251908397,141.24492748091603,217.30108015267177,0
15797,-7.440039538574219,-3.941137023925781,3.1449766113281252,-113.18912213740458,150.626606870229,220.690393129771,0
15823,-9.094432885742187,-3.512574926757812,1.9598467895507812,-145.05171755725192,135.16859160305344,226.56825572519085,0
15848,-10.770374047851561,-3.675380639648437,0.8465430175781249,-164.9982824427481,84.00065267175573,239.3697824427481,0
15873,-11.040918835449219,-2.8757172851562496,-0.0297347900390625,-172.65477099236642,23.64950763358779,251.02627099236642,0
15898,-11.373712866210937,-1.9491612426757812,0.48023016357421866,-173.1509541984733,-18.648202290076334,251.02627099236642,0
15923,-11.744814123535157,-0.6419271362304687,0.6574010864257812,-185.07461832061068,9.214393129770993,251.02627099236642,0
15948,-12.240413867187499,1.6301702392578123,0.6957083129882812,-198.02118320610688,41.931950381679385,251.02627099236642,0
15973,-13.085567053222658,3.3444186279296875,0.6621894897460937,-196.79217557251908,46.19912595419847,251.02627099236642,0
15998,-13.68890587158203,4.098592150878906,-0.8246097412109374,-209.8074427480916,74.35179770992367,238.47665267175572,0
16023,-13.253161169433593,4.340406518554688,-2.376052416992187,-229.3417938931298,74.97775190839695,210.95756870229008,0
16048,-13.844528979492186,5.635669616699219,-2.0935366210937496,-249.66240458015267,82.38233206106871,180.8583320610687,0
16073,-14.337734521484375,7.8000279174804685,-1.3441515014648437,-249.66240458015267,81.91668320610687,149.43848473282443,0
16098,-13.301045202636718,7.77369169921875,-1.6338499023437498,-249.66240458015267,69.4586679389313,111.24764503816795,0
16123,-13.092749658203125,8.30999287109375,-3.0799477050781245,-249.66240458015267,74.5731717557252,70.68275954198474,0
16148,-13.63144503173828,9.686658825683592,-2.773489892578125,-249.66240458015267,70.84034732824428,31.156041984732823,0
16173,-14.285062084960938,9.231760510253904,-0.657015625,-249.66240458015267,91.9319503816794,-14.004263358778626,0
16199,-15.123032666015625,9.619621179199218,-0.7719373046875,-249.66240458015267,86.1380572519084,-58.53861450381679,0
16224,-15.757496105957031,9.50948790283203,-0.6211026000976563,-249.66240458015267,105.93958396946566,-103.75235496183205,0
16249,-15.563565771484374,9.140780847167967,-2.555617541503906,-249.66240458015267,130.13042366412213,-150.4012099236641,0
16274,-15.36724123535156,8.269291442871092,-3.498932995605468,-249.66240458015267,139.18385877862596,-205.90502671755726,0
16299,-15.745525097656248,7.347523803710938,-4.573929541015625,-249.66240458015267,130.01591984732823,-249.24090458015266,0
16324,-15.063177624511717,5.918185412597656,-5.263459619140625,-241.1280534351145,133.626606870229,-249.24090458015266,0
16349,-14.541241662597656,5.233443737792968,-5.627378271484375,-194.41812977099238,161.86324809160305,-249.24090458015266,0
16374,-13.14063369140625,4.28773408203125,-7.193186157226562,-129.67003816793894,164.7411106870229,-249.24090458015266,0
16399,-11.641863452148439,3.684395263671875,-7.502038171386719,-64.37232824427481,207.29836259541986,-249.24090458015266,0
16424,-9.269209606933593,2.0347903198242188,-7.83962060546875,1.2307251908396948,251.55027099236642,-249.24090458015266,0
16449,-7.121610717773438,0.3468781494140625,-7.906658251953125,63.53606870229008,251.55027099236642,-249.24090458015266,0
16474,-4.667554016113281,-1.5684831787109375,-8.325643542480469,115.77270992366411,251.55027099236642,-249.24090458015266,0
16499,-2.938940417480469,-2.4519435913085936,-8.440565222167969,159.13148854961833,251.55027099236642,-232.69128625954198,0
16524,-1.8328192504882814,-3.1725982910156247,-8.672802783203124,180.887213740458,251.55027099236642,-187.77525572519085,0
16550,-0.4465764892578128,-2.8350158569335933,-7.049534057617187,195.45973282442748,251.55027099236642,-138.85159160305344,0
16575,-0.037168005371094104,-3.3880764404296873,-5.323314660644531,186.1162213740458,251.55027099236642,-86.9889961832061,0
16600,0.5111041748046872,-3.802273327636718,-4.305778955078125,193.61240458015266,251.55027099236642,-33.20273664122137,0
16625,0.34829846191406233,-5.195698693847656,-4.454219458007812,195.97118320610687,251.55027099236642,11.530087786259541,0
16650,-0.0611100219726568,-5.250765332031249,-3.417530139160156,184.29942748091602,235.16095801526717,50.644591603053435,0
16675,0.04902325439453081,-6.2180228027343745,-1.1262791503906249,166.36812977099237,220.7029427480916,88.94230152671756,0
16700,-0.3939040527343751,-5.257947937011719,-0.17099268798828124,146.7040076335878,220.19912595419848,123.86596564885497,0
16725,-1.0642805175781254,-5.887622973632812,-0.015369580078125,130.90248091603053,204.008286259542,152.20947709923664,0
16750,-2.354755212402344,-6.773477587890625,1.375661584472656,122.94828244274808,169.95485114503816,178.4079503816794,0
16775,-2.630088403320313,-6.440683557128906,1.401997802734375,108.1162213740458,153.9319503816794,199.0644389312977,0
16800,-2.5869927734375002,-6.33533868408203,2.1346235107421876,81.12385496183205,157.16859160305344,209.69802671755727,0
16825,-3.3459546997070313,-5.820585327148437,2.227997375488281,41.18492366412214,188.9090496183206,214.82779770992366,0
16850,-5.462428967285156,-5.020921972656249,1.7587338500976561,-0.8303435114503818,204.35943129770993,218.79726335877862,0
16875,-7.035419458007812,-4.4271599609375,1.2846819213867187,-30.99064885496183,173.48920229007635,225.05680534351146,0
16901,-8.562920117187499,-4.269142651367187,1.2344036865234373,-62.12041984732824,152.16859160305344,232.9194007633588,0
16926,-9.374554479980468,-3.6203140014648434,0.3820678955078125,-96.28835877862596,142.7945458015267,236.20947709923664,0
16951,-10.41363800048828,-2.4040595581054682,-1.0855777221679688,-118.0364503816794,99.40523282442749,236.7819961832061,0
16976,-11.807063366699218,-1.3889180541992188,-1.164586376953125,-135.525,66.19149236641222,239.34688167938933,0
17001,-13.564407385253904,-0.491092431640625,-1.042482092285156,-154.3952290076336,70.80217938931298,243.00337022900763,0
17026,-13.863682592773436,0.040420336914062494,-2.251553930664062,-176.17385496183206,68.38233206106871,238.3316145038168,0
17051,-14.297033093261717,0.7969880615234374,-2.36168720703125,-193.525,37.52737022900763,227.0110038167939,0
17076,-14.471809814453124,3.0020477905273437,-2.4263306518554684,-212.7540076335878,31.61133969465649,215.45375190839695,0
17101,-14.409560571289063,4.1967544189453125,-3.417530139160156,-242.25782442748093,45.86324809160305,195.56062213740458,0
17126,-13.813404357910155,4.701930969238282,-3.247541821289062,-249.66240458015267,44.09225572519084,161.7819961832061,0
17151,-14.28985048828125,5.571026171875,-3.518086608886718,-249.66240458015267,69.5350038167939,116.35451526717557,0
17176,-14.943467541503907,6.677147338867187,-2.9985448486328123,-249.66240458015267,85.68767557251908,59.99573664122138,0
17201,-15.592296191406248,7.862277160644531,-1.5763890624999999,-249.66240458015267,62.122790076335875,0.27817938931297703,0
17226,-15.455826696777343,8.834323034667968,-1.9834033447265624,-249.66240458015267,37.84798091603053,-50.05006488549618,0
17252,-15.712006274414062,9.983539831542968,-4.1860688720703125,-249.66240458015267,29.76401145038168,-88.45464503816794,0
17277,-15.896359802246092,10.328304870605468,-4.435065844726562,-249.66240458015267,17.27546183206107,-117.16456870229007,0
17302,-15.781438122558594,10.68982932128906,-4.135790637207031,-249.66240458015267,49.45103435114503,-151.7065534351145,0
17327,-16.126203161621092,9.938049999999999,-4.025657360839843,-249.66240458015267,86.87851526717557,-198.0805992366412,0
17352,-16.195635009765624,10.53660041503906,-5.438236340332031,-249.66240458015267,104.20675954198474,-243.897393129771,0
17377,-15.142186279296876,10.100855712890624,-5.385563903808594,-249.66240458015267,99.4205,-249.24090458015266,0
17402,-13.801433349609376,8.240561022949217,-6.558722717285156,-208.87614503816795,136.42813358778628,-249.24090458015266,0
17427,-12.202106640625,5.774533312988281,-7.758217749023437,-139.3570610687023,182.65714122137405,-249.24090458015266,0
17452,-10.315475732421874,3.801711145019531,-8.466901440429687,-67.26545801526719,211.008286259542,-249.24090458015266,0
17477,-8.886137341308594,2.305335107421875,-8.170020434570313,-5.341793893129771,251.55027099236642,-249.24090458015266,0
17502,-6.439263244628906,1.2399153686523436,-8.277759509277343,51.719274809160304,251.55027099236642,-249.24090458015266,0
17527,-3.6667777221679687,0.023660925292968746,-8.150866821289062,122.00935114503817,251.55027099236642,-249.24090458015266,0
17552,-1.9190105102539063,-1.5421469604492186,-7.9210234619140625,190.06278625954198,251.55027099236642,-213.97372900763358,0
17577,-0.8583791748046878,-2.104784350585937,-6.735893640136719,221.82614503816794,251.55027099236642,-161.897393129771,0
17603,1.7704542480468746,-4.075212316894531,-7.200368762207031,232.40629770992365,251.55027099236642,-119.8592251908397,0
17628,-0.32926060791015654,-3.989021057128906,-6.857997924804687,250.6047709923664,249.5884389312977,-87.4622786259542,0
17653,-0.06350422363281272,-3.821426940917968,-3.458231567382812,227.90248091603053,251.55027099236642,-39.13403435114503,0
17678,0.46082593994140586,-4.372093322753906,-1.566812255859375,205.54370229007634,251.55027099236642,5.8965,0
17703,0.8079851806640623,-5.686510034179687,-2.3209857788085935,196.0017175572519,244.46630152671756,45.76672900763359,0
17728,0.4919505615234372,-7.096694812011718,-0.896435791015625,182.97881679389312,198.56553816793894,78.4995534351145,0
17753,0.22858837890624972,-5.9929678466796865,0.08279268798828124,144.14675572519084,242.38996564885497,110.58352290076336,0
17778,-1.339613708496094,-5.284284155273437,1.5695919189453125,110.72690839694656,251.55027099236642,143.53772137404582,0
17803,-2.795288317871094,-6.107889526367187,2.098710485839844,94.20019083969466,245.5884389312977,178.11787404580153,0
17828,-2.6253,-6.158167761230469,2.50333056640625,78.55896946564884,189.01591984732823,203.92703435114504,0
17853,-2.0650568115234376,-7.249923718261718,2.5751566162109376,56.55896946564886,156.43576717557252,214.99573664122138,0
17878,-3.7864878051757813,-6.835726831054687,2.227997375488281,22.20019083969466,165.96248473282444,218.92703435114504,0
17903,-5.1727305664062495,-6.498144396972656,2.15856552734375,-22.47919847328244,183.63424045801528,226.41558396946564,0
17928,-5.886202661132812,-5.6936926391601554,1.33496015625,-66.05935114503818,174.90141603053436,232.78962977099238,0
17953,-6.714596435546875,-5.195698693847656,0.520931591796875,-107.2043893129771,154.92431679389313,237.8201641221374,0
17979,-8.1032333984375,-3.684957446289062,0.40840411376953123,-136.90667938931298,127.45103435114504,246.62932442748092,0
18004,-9.499052966308593,-2.380117541503906,0.3174244506835937,-156.67767175572519,97.39759923664123,251.02627099236642,0
18029,-10.3250525390625,-0.7760024291992187,-0.1255028564453125,-171.2959923664122,90.3288969465649,251.02627099236642,0
18054,-10.89247833251953,0.2702636962890625,-1.1262791503906249,-193.9601145038168,93.41286641221375,251.02627099236642,0
18079,-12.163799414062499,2.5016596435546874,-2.3161973754882808,-221.70820610687022,97.79454580152672,251.02627099236642,0
18104,-13.035288818359376,4.658835339355469,-2.890805773925781,-247.59370229007635,77.75637786259543,251.02627099236642,0
18129,-13.518917553710939,6.191124401855468,-3.3672519042968747,-249.66240458015267,62.95485114503816,251.02627099236642,0
18154,-13.487792932128905,7.833546740722656,-3.5539996337890623,-249.66240458015267,48.22966030534351,232.67512595419848,0
18179,-13.705665283203125,9.849464538574217,-3.8532748413085933,-249.66240458015267,5.779278625954198,192.7819961832061,0
18204,-13.674540661621094,10.852635034179686,-3.209234594726562,-249.66240458015267,33.244927480916026,145.7285610687023,0
18229,-13.626656628417969,11.69299981689453,-2.7806724975585935,-249.66240458015267,78.59607251908398,82.09497328244275,0
18254,-14.229995446777345,12.157474938964842,-2.5220987182617183,-249.66240458015267,110.4586679389313,0.5071870229007633,0
18279,-14.51969384765625,12.243666198730468,-2.8692579589843747,-249.66240458015267,119.46630152671756,-80.27907251908397,0
18304,-14.514905444335938,13.02657014160156,-3.005727453613281,-249.66240458015267,128.18385877862596,-154.88975954198472,0
18329,-15.781438122558594,13.165433837890623,-4.00889794921875,-249.66240458015267,154.41286641221373,-211.55388167938932,0
18355,-15.90593660888672,11.946785192871092,-5.244306005859375,-249.66240458015267,152.87088167938933,-247.46991221374046,0
18380,-14.895583508300781,9.784821093749999,-5.998479528808594,-238.99064885496185,151.35179770992366,-249.24090458015266,0
18405,-14.24436065673828,8.669123120117186,-7.691180102539063,-201.47919847328245,165.05408778625954,-249.24090458015266,0
18430,-13.552436376953125,7.0314891845703125,-9.0462982421875,-147.2959923664122,149.68767557251908,-249.24090458015266,0
18455,-12.767138232421875,6.042683898925781,-8.809272277832031,-85.94484732824428,167.75637786259543,-249.24090458015266,0
18480,-10.315475732421874,4.979658361816406,-8.861944714355468,-8.967748091603054,174.42813358778628,-249.24090458015266,0
18505,-8.649111376953126,2.6668595581054686,-8.64407236328125,45.50553435114504,210.35179770992366,-249.24090458015266,0
18530,-7.076120886230469,0.6198171386718749,-7.616959851074219,87.10095419847327,251.55027099236642,-249.24090458015266,0
18555,-4.990771240234375,-0.48869822998046875,-7.602594641113281,142.6582061068702,251.55027099236642,-249.24090458015266,0
18580,-2.756981091308594,-1.4631383056640626,-6.448589440917969,187.99408396946563,251.55027099236642,-220.58441603053436,0
18605,-1.2869412719726565,-2.4040595581054682,-5.330497265625,213.82614503816794,251.55027099236642,-172.1264007633588,0
18630,-0.29574178466796885,-3.8381863525390623,-5.799760791015625,241.58187022900762,251.55027099236642,-131.81342366412213,0
18655,-0.4896721191406255,-5.061623400878906,-6.5491459106445316,250.6047709923664,238.50446946564887,-102.6683854961832,0
18680,-0.5303735473632814,-5.2962551635742185,-4.040022570800781,228.65057251908397,251.55027099236642,-62.77525572519084,0
18705,-0.3125011962890629,-4.898817687988281,-1.1047313354492188,202.39103053435113,251.55027099236642,-17.622583969465648,0
18731,-0.8057067382812504,-6.27787784423828,-1.5069572143554686,178.09332061068702,251.55027099236642,28.957568702290075,0
18756,-0.9852718627929691,-7.245135314941406,-1.4159775512695312,141.9635496183206,251.55027099236642,76.73619465648855,0
18781,-1.3898919433593753,-7.269077331542968,0.39643310546875,127.01698473282443,251.42813358778628,116.27817938931298,0
18806,-1.895068493652344,-7.369633801269531,1.2822877197265623,126.1696564885496,172.008286259542,142.00337022900763,0
18831,-2.555868151855469,-7.496526489257812,0.9135806640624999,91.6429389312977,190.8174465648855,156.49191984732823,0
18856,-3.64044150390625,-6.680103723144531,1.6701483886718749,61.719274809160304,183.41286641221373,170.690393129771,0
18881,-4.643611999511719,-6.122254736328125,1.9933656127929684,46.29179389312977,139.93958396946564,183.75146183206107,0
18906,-5.4911593872070315,-6.9698021240234365,2.024490234375,7.29179389312977,162.0235534351145,191.15604198473284,0
18931,-5.649176696777344,-6.828544226074218,1.9191453613281249,-25.83034351145038,152.78691221374046,192.8583320610687,0
18956,-6.535031311035157,-7.309778759765624,0.37009688720703127,-58.746374045801524,119.92431679389314,189.74382824427482,0
18981,-8.050560961914062,-6.29703145751953,0.5759982299804687,-105.61660305343511,118.46630152671756,184.91176717557252,0
19006,-9.135134313964844,-4.317026684570312,0.19292596435546874,-144.00591603053437,103.55790458015268,183.90413358778628,0
19031,-9.448774731445312,-3.3018851806640623,-0.6594098266601562,-180.90667938931298,103.01591984732825,184.39268320610688,0
19056,-10.406455395507813,-2.715305773925781,-1.74877158203125,-211.30362595419848,83.29072900763359,186.90413358778628,0
19081,-11.208512951660158,-1.9731032592773439,-2.5149161132812496,-230.81507633587788,41.069354961832055,192.67512595419848,0
19107,-11.4742693359375,-0.8023386474609375,-3.1828983764648435,-249.66240458015267,5.93958396946565,198.3316145038168,0
19132,-11.558066394042967,-0.5174286499023437,-3.561182238769531,-249.66240458015267,-12.182553435114503,197.18657633587787,0
19157,-11.318646228027344,0.313359326171875,-3.1445911499023436,-249.66240458015267,-77.09095038167939,188.8965,0
19182,-12.45828621826172,2.346036535644531,-3.3864055175781247,-249.66240458015267,-116.31232442748092,193.73619465648855,0
19207,-12.970645373535156,4.503212231445312,-3.7766603881835934,-249.66240458015267,-105.75507251908397,194.43848473282443,0
19232,-14.629827124023436,6.545466247558593,-2.6657508178710936,-249.66240458015267,-97.26652290076335,196.102606870229,0
19257,-13.851711584472657,6.962057336425781,-0.8126387329101562,-249.66240458015267,45.53500381679389,171.43848473282443,0
19282,-13.01374100341797,7.991564050292968,-2.2252177124023436,-249.66240458015267,91.01591984732825,106.5758893129771,0
19307,-15.065571826171876,8.140004553222655,-2.632231994628906,-249.66240458015267,51.92431679389313,37.66749236641222,0
19332,-15.594690393066404,8.235772619628905,-2.5412523315429683,-249.66240458015267,21.23729389312977,-29.91266030534351,0
19357,-15.43188468017578,8.537442028808593,-2.3353509887695307,-249.66240458015267,16.89378244274809,-93.64548473282443,0
19382,-15.850869970703123,9.373018408203123,-2.371264013671875,-249.66240458015267,42.28309541984733,-152.14930152671755,0
19407,-16.854040466308593,9.114444628906249,-2.5029451049804683,-249.66240458015267,74.12279007633589,-200.1951030534351,0
19432,-16.597860888671875,9.583708154296874,-5.397534912109375,-249.66240458015267,12.970118320610688,-230.60731679389312,0
19457,-16.86122307128906,7.58215556640625,-4.348874584960938,-244.9982824427481,-13.190187022900762,-249.24090458015266,0
19483,-15.898754003906248,7.165564477539062,-4.437460046386719,-242.86087786259543,54.87851526717557,-249.24090458015266,0
19508,-15.17091669921875,5.216684326171875,-5.998479528808594,-219.8990458015267,111.27546183206107,-249.24090458015266,0
19533,-13.942691247558592,4.376319543457031,-6.941794982910156,-177.30362595419848,163.67240839694657,-249.24090458015266,0
19558,-11.936350256347655,2.3963147705078125,-7.616959851074219,-112.36469465648855,201.05408778625954,-249.24090458015266,0
19583,-9.932403466796874,0.5455968872070313,-7.825255395507813,-45.63950381679389,251.55027099236642,-249.24090458015266,0
19608,-6.879796350097656,0.04281453857421874,-7.966513293457031,28.062786259541987,251.55027099236642,-249.24090458015266,0
19633,-4.114493432617188,-1.8533931762695313,-8.648860766601562,96.90248091603053,251.55027099236642,-249.24090458015266,0
19658,-2.122517651367188,-2.5572884643554685,-9.048692443847656,156.54370229007634,251.55027099236642,-236.7981564885496,0
19683,-1.2653934570312502,-3.242030139160156,-7.406270104980469,185.08568702290077,251.55027099236642,-181.09586641221372,0
19708,-0.33883741455078153,-4.467861389160156,-7.674420690917969,186.90248091603053,251.55027099236642,-122.4622786259542,0
19733,0.4488549316406245,-3.6155255981445307,-5.208392980957031,211.99408396946563,251.55027099236642,-59.83632442748091,0
19758,0.8367156005859373,-5.183727685546875,-3.2882432495117184,197.5666030534351,217.2372938931298,-16.63785114503817,0
19783,1.2054226562499997,-5.114295837402343,-1.8445396484374998,162.97118320610687,251.55027099236642,21.652225190839694,0
19808,0.7361591308593747,-6.23957061767578,-1.26993125,130.1009541984733,251.55027099236642,61.133141221374046,0
19833,0.3937882934570309,-5.389629028320312,-0.8365807495117187,118.74217557251907,251.55027099236642,99.39268320610687,0
19859,-1.1265297607421878,-6.071976501464843,-0.30985638427734374,109.58187022900763,205.05408778625954,132.00337022900763,0
19884,-1.0762515258789065,-6.385616918945312,0.8513314208984374,111.13148854961831,141.26782824427482,157.51482061068702,0
19909,-1.7059265625000002,-6.3113966674804685,1.2751051147460937,89.98645038167939,148.0235534351145,178.49191984732823,0
19934,-3.2765228515625,-5.324985583496093,1.133847216796875,66.00935114503817,166.55790458015267,202.7285610687023,0
19959,-4.270116540527344,-5.28907255859375,1.8090120849609375,60.139122137404584,130.07698854961833,226.67512595419848,0
19984,-5.041049475097656,-5.664962219238281,1.864078723144531,45.8337786259542,117.38996564885497,246.3850496183206,0
20009,-6.1663242553710935,-5.085565417480468,1.6701483886718749,22.67347328244275,128.626606870229,251.02627099236642,0
20034,-7.013871643066406,-4.034510888671875,1.6031107421875,0.4215648854961832,127.71057633587786,251.02627099236642,0
20059,-8.706572216796875,-3.1989345092773434,2.4291103149414064,-12.402862595419847,110.75637786259543,251.02627099236642,0
20084,-9.841423803710939,-2.7488245971679683,1.5791687255859375,-36.89904580152672,125.9319503816794,251.02627099236642,0
20109,-10.67700018310547,-2.056900317382812,1.2822877197265623,-59.63950381679389,115.19149236641222,251.02627099236642,0
20134,-11.821428576660157,-1.1351326782226563,1.08596318359375,-76.36469465648855,86.19912595419848,251.02627099236642,0
20159,-12.7384078125,0.6724895751953124,0.8130241943359374,-97.44866412213742,73.80981297709924,251.02627099236642,0
20184,-13.411178479003905,2.360401745605469,0.10194630126953125,-129.14332061068703,81.19912595419848,251.02627099236642,0
20209,-13.552436376953125,3.416244677734375,-0.5971605834960938,-167.1509541984733,78.00065267175573,230.32398091603054,0
20234,-14.06000712890625,4.450539794921875,-1.1406443603515624,-215.85324427480916,86.01591984732825,203.24001145038167,0
20260,-13.899595617675782,5.432162475585938,-1.8636932617187498,-249.66240458015267,92.42813358778626,173.07970610687022,0
20285,-13.353717639160156,7.02670078125,-2.5005509033203124,-249.66240458015267,72.72584351145039,139.81253053435114,0
20310,-13.43990889892578,7.938891613769531,-2.718423254394531,-249.66240458015267,64.52737022900763,107.41558396946566,0
20335,-13.674540661621094,8.80080421142578,-2.7806724975585935,-249.66240458015267,42.37469847328244,74.8048969465649,0
20360,-14.495751831054687,9.420902441406248,-3.015304260253906,-249.66240458015267,33.313629770992364,45.99573664122138,0
20385,-14.251543261718748,10.369006298828124,-3.5061156005859373,-249.66240458015267,53.16859160305343,10.125507633587786,0
20410,-14.70404737548828,10.807145202636718,-3.087130310058593,-249.66240458015267,94.63424045801527,-40.53098091603053,0
20435,-15.8029859375,11.803133093261717,-3.6737097167968744,-249.66240458015267,137.07698854961833,-96.43174427480916,0
20460,-16.291403076171875,11.070507385253904,-3.889187866210937,-249.66240458015267,167.56553816793894,-160.13403435114503,0
20485,-16.801368029785156,9.760879077148436,-5.787789782714843,-249.66240458015267,173.3059961832061,-228.5386145038168,0
20510,-16.621802905273437,8.336329089355468,-6.6712501953125,-249.66240458015267,188.48920229007635,-249.24090458015266,0
20535,-15.79580333251953,8.286050854492187,-7.317684643554688,-223.79217557251908,193.88614885496185,-249.24090458015266,0
20560,-13.801433349609376,6.717848767089843,-8.457324633789062,-157.51736641221373,215.27546183206107,-249.24090458015266,0
20585,-11.809457568359374,5.2095017211914065,-9.168402526855468,-82.58606870229008,215.0235534351145,-249.24090458015266,0
20610,-10.253226489257813,3.7801633300781248,-8.459718835449218,-13.608969465648855,251.55027099236642,-249.24090458015266,0
20636,-7.602845251464844,2.10422216796875,-8.747023034667968,47.06278625954199,251.55027099236642,-249.24090458015266,0
20661,-5.263710229492188,-0.36898814697265625,-8.562669506835936,108.99408396946565,251.55027099236642,-249.24090458015266,0
20686,-2.843172351074219,-1.1830167114257812,-8.220298669433593,166.7727099236641,251.55027099236642,-247.17220229007634,0
20711,-0.784158923339844,-1.9994394775390625,-7.3224730468749994,202.92538167938932,251.55027099236642,-197.14930152671755,0
20736,0.5589882080078121,-3.835792150878906,-7.004044226074218,205.887213740458,251.55027099236642,-149.01953053435113,0
20761,1.631590551757812,-4.087183325195312,-7.382328088378906,219.59713740458014,251.55027099236642,-101.43937786259542,0
20786,0.12563770751953074,-2.9475433349609372,-5.296978442382812,235.02461832061067,251.55027099236642,-53.1035,0
20811,1.0354343383789057,-4.38167012939453,-3.048823083496093,221.8490458015267,240.4434007633588,-11.790522900763358,0
20836,2.9531898681640616,-5.818191125488281,-1.4662557861328125,188.3986641221374,251.55027099236642,20.339248091603054,0
20861,1.9428367675781244,-5.911564990234375,-0.973050244140625,155.92538167938932,251.55027099236642,58.17130916030535,0
20886,1.1671154296874997,-5.676933227539062,-0.6689866333007812,134.29942748091602,251.55027099236642,100.2934465648855,0
20911,-0.025196997070312754,-6.1246489379882805,0.5089605834960937,110.23835877862595,251.55027099236642,136.60642366412213,0
20936,-0.6069880004882817,-6.483779187011718,1.3421427612304686,86.10095419847327,244.09225572519085,167.68275954198472,0
20961,-0.784158923339844,-6.344915490722656,1.4905832641601562,68.66583969465648,197.24492748091603,189.09497328244274,0
20986,-1.8495786621093753,-6.811784814453125,2.3357364501953124,51.78034351145038,151.0235534351145,202.55298854961833,0
21012,-3.3770793212890626,-6.18210977783203,3.0085071166992186,28.5131679389313,136.42813358778628,215.67512595419848,0
21037,-3.906197888183594,-5.980996838378906,2.4626291381835936,-2.578435114503817,139.3975992366412,226.44611832061068,0
21062,-5.0386552734375005,-4.999374157714843,2.3237654418945315,-36.58606870229008,138.71057633587787,235.09497328244274,0
21087,-5.857472241210937,-4.652214916992187,2.5368493896484376,-68.9601145038168,135.16095801526717,240.04153816793894,0
21112,-7.1240049194335935,-3.902829797363281,1.9670293945312498,-97.2043893129771,126.93958396946566,243.8201641221374,0
21137,-8.512641882324218,-3.0289461914062494,1.5169194824218748,-119.25782442748093,110.58080534351146,249.34688167938933,0
21162,-9.561302209472656,-2.413636364746093,0.9423110839843749,-138.31125954198473,88.9319503816794,251.02627099236642,0
21187,-10.562078503417968,-1.8893062011718749,0.5329026000976562,-155.8074427480916,75.92431679389314,251.02627099236642,0
21212,-11.27555059814453,-0.7329067993164062,-0.5253345336914063,-171.4868320610687,63.76401145038167,251.02627099236642,0
21237,-12.331393530273438,1.0771096557617188,-0.5851895751953125,-181.85324427480916,50.2678282442748,251.02627099236642,0
21263,-12.862906298828126,2.73629140625,-0.9969922607421875,-194.67767175572519,54.40523282442748,245.5987900763359,0
21288,-13.284285791015623,3.665241650390625,-1.739194775390625,-216.8303435114504,64.15332442748091,229.7285610687023,0
21313,-13.15260469970703,4.421809375,-1.74877158203125,-241.82270992366412,67.98538549618321,210.4079503816794,0
21338,-13.466245117187501,5.970857849121094,-2.201275695800781,-249.66240458015267,84.22966030534351,185.02627099236642,0
21363,-13.085567053222658,7.4863875,-3.2164171997070308,-249.66240458015267,85.98538549618321,156.7819961832061,0
21388,-13.44709150390625,7.886219177246094,-3.1134665283203122,-249.66240458015267,56.15332442748091,117.71329389312977,0
21413,-13.923537634277345,9.559766137695311,-2.0264989746093747,-249.66240458015267,45.09225572519084,70.08733969465649,0
21438,-14.924313928222656,10.491110583496093,-2.1366322509765623,-249.66240458015267,57.92431679389313,21.86596564885496,0
21463,-15.024870397949218,10.92685528564453,-2.299437963867187,-249.66240458015267,67.36706488549619,-32.84395801526717,0
21488,-15.419913671875001,11.46315645751953,-2.048046789550781,-249.66240458015267,78.34416412213741,-87.46991221374046,0
21513,-14.98416896972656,11.120785620117186,-2.8405275390624998,-249.66240458015267,107.19149236641222,-150.76762213740457,0
21538,-15.44385568847656,11.228524694824218,-4.69842802734375,-249.66240458015267,139.4434007633588,-217.60731679389312,0
21564,-16.526034838867186,10.663493103027342,-5.0695292846679685,-249.66240458015267,144.5884389312977,-249.24090458015266,0
21589,-15.723977282714841,9.574131347656248,-5.802154992675781,-249.66240458015267,138.214393129771,-249.24090458015266,0
21614,-15.142186279296876,8.211830603027343,-6.515627087402343,-213.67003816793894,111.7029427480916,-249.24090458015266,0
21639,-14.467021411132812,8.096908923339843,-6.573087927246093,-170.9448473282443,144.42813358778628,-249.24090458015266,0
21664,-12.11830958251953,5.2669625610351565,-7.200368762207031,-122.66240458015268,216.09225572519085,-249.24090458015266,0
21689,-10.380119177246094,2.4849002319335938,-8.351979760742188,-61.50209923664122,251.55027099236642,-249.24090458015266,0
21714,-8.117598608398438,1.4146920898437498,-9.139672106933594,8.61240458015267,251.55027099236642,-249.24090458015266,0
21739,-5.278075439453125,0.2678694946289062,-8.138895812988281,67.65057251908397,251.55027099236642,-249.24090458015266,0
21764,-2.632482604980469,-0.8334632690429687,-7.329655651855469,107.46736641221374,251.55027099236642,-249.24090458015266,0
21789,-0.015620190429687764,-3.3784996337890623,-8.701533203124999,150.3070610687023,251.55027099236642,-214.71418702290077,0
21814,0.6858808959960934,-2.5381348510742185,-6.4581662475585935,197.21545801526716,251.55027099236642,-149.50808015267177,0
21839,2.2612655883789055,-1.8581815795898438,-5.117413317871094,223.62003816793893,251.55027099236642,-95.50808015267175,0
21864,1.7752426513671873,-4.56123525390625,-6.8149022949218745,228.1543893129771,251.55027099236642,-58.89739312977099,0
21893,2.4240713012695307,-4.410400549316406,-4.7103990356445316,201.44446564885496,251.55027099236642,-8.347774809160306,0
21918,2.8598160034179685,-4.467861389160156,-1.1167023437499999,173.48263358778627,251.55027099236642,32.766729007633586,0
21943,1.763271643066406,-5.621866589355468,-1.2196530151367186,128.74217557251907,251.55027099236642,68.46138549618321,0
21968,1.4568138305664062,-6.043246081542968,-0.5373055419921875,108.30706106870228,251.55027099236642,110.9728358778626,0
21993,1.3754109741210936,-6.857274645996093,0.04448546142578125,87.3986641221374,204.06172137404582,142.0644389312977,0
22018,0.06578266601562444,-6.862063049316406,0.9925893188476562,61.30706106870229,181.37469847328245,168.8965,0
22043,-1.061886315917969,-6.093524316406249,1.3182007446289061,44.642938931297714,155.48920229007635,190.51482061068702,0
22068,-2.227862524414063,-6.043246081542968,1.5073426757812498,32.06278625954199,125.73347709923665,207.9881030534351,0
22093,-3.2813112548828127,-6.2371764160156244,1.9598467895507812,14.047519083969465,117.82508015267176,223.8048969465649,0
22118,-3.939716711425781,-6.009727258300781,2.247150988769531,-16.761641221374045,141.38996564885497,236.5224541984733,0
22144,-4.966829223632812,-5.1286610473632805,1.2391920898437498,-40.57080152671755,124.09225572519084,244.60642366412213,0
22169,-6.908526770019531,-5.2699189453125,1.2224326782226562,-58.929580152671754,87.19149236641222,251.02627099236642,0
22194,-8.668264990234375,-5.3920232299804685,1.5815629272460936,-65.2807251908397,30.748744274809162,251.02627099236642,0
22219,-9.075279272460937,-4.5037744140625,1.8114062866210936,-70.90667938931298,-9.938278625954197,251.02627099236642,0
22244,-9.21414296875,-3.1127432495117184,1.1314530151367186,-91.2807251908397,7.931950381679389,240.2552786259542,0
22269,-9.254844396972656,-2.698546362304687,0.3174244506835937,-128.21965648854962,59.122790076335875,224.79726335877862,0
22294,-10.813469677734375,-1.8462105712890624,0.18813756103515625,-155.4104961832061,73.9319503816794,215.44611832061068,0
22319,-12.288297900390624,-0.45278520507812503,-0.6043431884765625,-170.66240458015267,58.96248473282442,216.69802671755727,0
22344,-13.368082849121095,0.5288374755859374,-2.0815656127929683,-183.23492366412214,21.985385496183206,220.58352290076337,0
22369,-12.898819323730468,0.47137663574218747,-2.28507275390625,-196.26545801526717,-17.05278244274809,218.3697824427481,0
22394,-13.181335119628905,2.1473177978515627,-2.0073453613281247,-226.64713740458015,3.840347328244275,210.32398091603054,0
22419,-13.509340747070311,4.184783410644531,-1.7152527587890625,-249.66240458015267,27.96248473282443,198.13314122137405,0
22444,-14.119862170410155,5.808052136230469,-1.8229918334960937,-249.66240458015267,41.481568702290076,183.8735992366412,0
22469,-14.177323010253907,6.796857421875,-2.0408641845703124,-249.66240458015267,47.46630152671755,164.03390458015267,0
22494,-13.846923181152345,7.144016662597656,-2.2467655273437495,-249.66240458015267,71.55790458015268,129.43085114503816,0
22519,-14.756719812011717,8.336329089355468,-3.0009390502929683,-249.66240458015267,72.22966030534351,73.34688167938931,0
22544,-16.3009798828125,9.001917150878905,-2.8477101440429684,-249.66240458015267,55.50446946564885,7.537721374045801,0
22570,-16.028040893554685,10.258873022460936,-2.9458724121093747,-249.66240458015267,77.28309541984733,-59.9508282442748,0
22595,-15.618632409667967,11.453579650878904,-3.659344506835937,-249.66240458015267,119.76401145038169,-137.26380534351145,0
22620,-16.502092822265624,10.203806384277343,-4.1429732421875,-249.66240458015267,166.2525610687023,-219.55388167938932,0
22645,-16.375200134277343,9.574131347656248,-6.309725744628906,-249.66240458015267,186.97775190839695,-249.24090458015266,0
22670,-15.357664428710937,8.587720263671875,-8.016791528320311,-233.6929389312977,172.56553816793894,-249.24090458015266,0
22695,-14.696864770507812,7.165564477539062,-8.543515893554687,-179.04408396946565,140.95485114503816,-249.24090458015266,0
22720,-12.958674365234376,5.908608605957031,-9.118124291992187,-133.93721374045802,154.3823320610687,-249.24090458015266,0
22745,-11.711295300292967,4.606162902832031,-9.754981933593749,-79.86851145038169,204.00065267175572,-249.24090458015266,0
22770,-8.936415576171875,2.283787292480469,-10.123688989257813,-5.326526717557252,251.55027099236642,-249.24090458015266,0
22795,-6.104075012207032,0.6485475585937499,-9.932152856445311,82.02461832061068,251.55027099236642,-249.24090458015266,0
22820,-3.5374908325195316,-0.04577092285156251,-9.127701098632812,149.21545801526716,251.55027099236642,-249.24090458015266,0
22845,-1.0642805175781254,-1.793538134765625,-8.589005725097657,198.97881679389312,251.55027099236642,-200.27907251908397,0
22870,0.9899445068359372,-2.583624682617187,-7.645690270996093,236.50553435114503,251.55027099236642,-144.3477748091603,0
22895,1.6986281982421874,-3.0385229980468744,-6.391128601074219,250.6047709923664,251.55027099236642,-88.65311832061069,0
22920,1.7752426513671873,-3.129502661132812,-5.871586840820313,250.6047709923664,251.55027099236642,-34.0271641221374,0
22945,1.6435615600585933,-4.458284582519531,-5.375987097167969,247.78797709923663,251.55027099236642,13.591156488549618,0
22971,1.3059791259765623,-5.526098522949218,-4.516468701171875,224.67347328244273,251.55027099236642,56.17130916030535,0
22996,1.0497995483398435,-5.195698693847656,-2.2467655273437495,201.17729007633588,249.80217938931298,92.14840839694656,0
23021,0.2118289672851561,-5.681721630859374,-0.41998966064453125,169.45973282442748,225.57317175572518,121.6140572519084,0
23046,-0.12335926513671902,-7.161338256835937,0.3174244506835937,124.84904580152671,239.31362977099238,149.62932442748092,0
23071,-0.31968380126953155,-7.458219262695311,1.1218762084960936,79.9253816793893,223.9853854961832,171.33924809160305,0
23096,-1.2414514404296877,-7.0607817871093745,0.7555633544921875,56.391030534351145,155.87088167938933,181.36214885496184,0
23121,-2.9628824340820312,-6.632219689941405,1.612687548828125,22.650572519083973,134.69530916030536,186.75909541984734,0
23146,-3.264551843261719,-6.902764477539062,1.1482124267578124,-8.776908396946565,108.20675954198474,186.20947709923664,0
23171,-3.901409484863281,-6.1438025512695305,1.2128558715820312,-41.21965648854962,80.44340076335878,184.88886641221373,0
23196,-5.060203088378906,-5.629049194335937,1.81380048828125,-70.46393129770993,71.15332442748092,189.92703435114504,0
23221,-6.087315600585938,-5.291466760253906,1.0811747802734375,-97.3570610687023,72.16859160305344,197.0873396946565,0
23246,-6.93486298828125,-4.61869609375,0.7196503295898437,-120.96774809160306,64.75637786259541,205.8965,0
23271,-7.6483350830078125,-4.063241308593749,0.8010531860351562,-139.83797709923664,53.122790076335875,212.39268320610688,0
23296,-8.948386584472656,-3.2683663574218746,0.23602159423828126,-160.0364503816794,54.23729389312977,218.5987900763359,0
23321,-9.92282666015625,-2.360963928222656,0.099552099609375,-174.04408396946565,36.82508015267175,223.16367557251908,0
23346,-10.49743505859375,-1.4463788940429687,-0.3864708374023438,-193.90667938931298,25.038820610687022,229.690393129771,0
23372,-10.523771276855468,-0.9100777221679688,-1.90200048828125,-227.67003816793894,35.3441641221374,226.34688167938933,0
23399,-12.197318237304689,0.8951503295898436,-2.1964872924804686,-249.66240458015267,18.970118320610688,216.65985877862596,0
23424,-13.32019881591797,3.263015771484375,-2.1007192260742182,-249.66240458015267,2.7487442748091606,209.90413358778628,0
23449,-13.992969482421874,4.203937023925781,-1.9546729248046875,-249.66240458015267,8.26782824427481,199.24001145038167,0
23474,-13.63144503173828,5.757773901367187,-3.0703708984374996,-249.66240458015267,32.7029427480916,174.6140572519084,0
23499,-14.0025462890625,6.9883935546875,-2.8884115722656247,-249.66240458015267,6.214393129770993,145.90413358778628,0
23524,-14.115073767089843,6.775309606933593,-2.1126902343749996,-249.66240458015267,11.054087786259542,113.78962977099236,0
23549,-13.353717639160156,7.342735400390625,-2.488579895019531,-249.66240458015267,34.20675954198473,66.60642366412215,0
23574,-14.107891162109375,8.230984216308592,-3.178109973144531,-249.66240458015267,43.55027099236641,14.522454198473282,0
23600,-14.325763513183592,8.637998498535156,-2.7136348510742185,-249.66240458015267,63.27546183206107,-36.72945419847328,0
23625,-14.644192333984375,9.689053027343748,-3.4414721557617183,-249.66240458015267,106.36706488549619,-95.4241106870229,0
23650,-15.24034854736328,10.273238232421873,-4.490132482910156,-249.66240458015267,147.0235534351145,-155.3859427480916,0
23675,-15.455826696777343,9.669899414062499,-5.194027770996094,-245.0364503816794,165.48920229007635,-213.77525572519085,0
23700,-15.242742749023439,9.04980118408203,-6.647308178710937,-204.23492366412214,168.1380572519084,-249.24090458015266,0
23725,-14.773479223632812,8.616450683593749,-8.213116064453125,-168.6929389312977,155.8937824427481,-249.24090458015266,0
23750,-14.73756619873047,8.276474047851561,-8.809272277832031,-141.08225190839696,136.48156870229008,-249.24090458015266,0
23775,-13.37047705078125,7.067402209472656,-9.412611096191405,-115.22729007633589,146.8556145038168,-249.24090458015266,0
23800,-12.460680419921875,5.219078527832031,-10.339167138671874,-77.6395038167939,164.84798091603054,-249.24090458015266,0
23825,-10.779950854492188,3.8807197998046874,-10.765335034179687,-20.35706106870229,184.01591984732823,-249.24090458015266,0
23850,-8.117598608398438,2.2430858642578126,-10.470848229980469,35.642938931297714,230.55790458015267,-249.24090458015266,0
23875,-5.869443249511718,0.9047271362304686,-10.00397890625,85.61240458015267,251.55027099236642,-249.24090458015266,0
23900,-2.9748534423828126,-0.4575736083984375,-9.783712353515625,130.3757633587786,251.55027099236642,-226.0653320610687,0
23925,-0.9756950561523441,-1.0154225952148437,-9.6592138671875,175.2459923664122,251.55027099236642,-165.1264007633588,0
23950,1.181480639648437,-1.7887497314453125,-9.1995271484375,220.94064885496184,251.55027099236642,-96.6683854961832,0
23975,1.6531383666992179,-1.5205991455078125,-7.76300615234375,242.16202290076336,251.55027099236642,-38.22563740458015,0
24001,2.5557523925781247,-2.162245190429687,-6.144525830078125,232.97881679389312,251.55027099236642,13.156041984732823,0
24026,2.922065246582031,-2.4639145996093745,-4.549987524414062,223.74217557251907,251.55027099236642,61.644591603053435,0
24051,1.9619903808593744,-2.6530565307617184,-4.00889794921875,224.57423664122138,251.55027099236642,108.62932442748092,0
24076,1.442448620605468,-4.384064331054687,-2.038469982910156,202.33759541984733,195.63424045801528,141.27817938931298,0
24101,1.4903326538085935,-5.473426086425781,-0.3122505859375,157.475,206.8556145038168,166.67512595419848,0
24126,0.6810924926757806,-5.514127514648437,-0.3721056274414062,116.24599236641221,218.6495076335878,187.56062213740458,0
24151,-1.0307616943359377,-5.55722314453125,0.21926218261718747,90.57423664122136,183.66477480916032,206.72092748091603,0
24176,-1.8471844604492191,-6.064793896484375,0.3916447021484375,73.58187022900763,126.56553816793894,219.3163473282443,0
24201,-2.412216052246094,-5.880440368652343,1.4259398193359374,47.772709923664124,116.28309541984733,225.96520229007635,0
24226,-3.7026907470703128,-5.942689611816406,2.129835107421875,21.459732824427483,104.44340076335878,228.3850496183206,0
24251,-5.067385693359375,-5.506944909667968,2.4027740966796873,-6.921946564885497,99.23729389312977,229.55298854961833,0
24276,-5.993941735839844,-4.973037939453125,1.8497135131835936,-45.975381679389315,104.03882061068703,227.9728358778626,0
24301,-6.769663073730468,-4.896423486328125,1.404392004394531,-88.86851145038169,101.18385877862596,221.1789427480916,0
24326,-8.019436340332032,-4.534899035644531,0.9710415039062499,-131.74637404580153,98.27546183206107,217.40031679389313,0
24351,-9.027395239257812,-3.1342910644531248,0.046879663085937495,-172.731106870229,96.79454580152672,216.30871374045802,0
24376,-10.162246826171874,-1.9443728393554685,-1.3656993164062499,-215.37232824427483,88.89378244274809,215.86596564885497,0
24401,-11.488634545898439,-1.314697802734375,-2.201275695800781,-245.8990458015267,49.32126335877862,218.55298854961833,0
24427,-12.24520227050781,-0.41447797851562496,-2.2443713256835935,-249.66240458015267,-3.6329351145038165,222.09497328244274,0
24452,-12.384065966796875,0.33490714111328124,-1.8421454467773437,-249.66240458015267,-17.38102671755725,222.7819961832061,0
24477,-12.510958654785156,1.6780542724609373,-2.337745190429687,-249.66240458015267,2.5121030534351148,211.36214885496184,0
24502,-13.128662683105468,3.6101750122070313,-2.689692834472656,-249.66240458015267,0.08462213740458036,194.26291221374046,0
24527,-13.521311755371094,4.953322143554687,-2.385629223632812,-249.66240458015267,3.008286259541985,178.2018435114504,0
24552,-13.466245117187501,5.6979188598632815,-2.4861856933593747,-249.66240458015267,34.01591984732824,154.32398091603054,0
24577,-13.205277136230468,6.940509521484374,-3.3361272827148434,-249.66240458015267,41.20675954198473,121.86596564885497,0
24602,-13.813404357910155,7.776085900878906,-3.3768287109374997,-249.66240458015267,40.64187404580152,89.41558396946566,0
24627,-14.234783850097656,8.228590014648436,-3.5970952636718745,-249.66240458015267,33.33653053435114,55.72092748091603,0
24652,-14.038459313964843,8.642786901855468,-3.4606257690429683,-249.66240458015267,42.83271374045801,17.415583969465647,0
24677,-13.53567696533203,8.738554968261717,-2.421542248535156,-249.66240458015267,80.05408778625954,-31.721820610687022,0
24702,-13.736789904785155,8.963609924316405,-2.490974096679687,-249.66240458015267,115.03882061068703,-90.11876717557251,0
24727,-13.322593017578125,10.297180249023436,-4.310567358398438,-249.37232824427483,157.24492748091603,-149.9355610687023,0
24752,-14.093525952148436,9.47836328125,-5.227546594238281,-222.25019083969465,165.03882061068703,-208.85159160305344,0
24777,-14.802209643554686,9.1335982421875,-6.5323864990234375,-199.25019083969465,162.36706488549618,-249.24090458015266,0
24803,-14.433502587890626,8.906149084472656,-7.327261450195312,-176.72347328244274,135.60370610687022,-249.24090458015266,0
24828,-15.202041320800781,8.918120092773437,-8.268182702636718,-165.05171755725192,139.01591984732823,-249.24090458015266,0
24853,-13.978604272460938,7.843123547363281,-8.668014379882813,-140.9219465648855,134.07698854961833,-249.24090458015266,0
24878,-12.506170251464845,7.009941369628906,-9.113335888671875,-110.32652671755726,159.4586679389313,-249.24090458015266,0
24903,-11.610738830566405,5.70510146484375,-9.44852412109375,-54.33416030534351,191.4052328244275,-249.24090458015266,0
24928,-10.013806323242187,4.462510803222656,-9.18037353515625,21.33759541984733,251.55027099236642,-249.24090458015266,0
24953,-6.6355877807617185,2.0850685546875,-9.118124291992187,97.02461832061068,251.55027099236642,-249.24090458015266,0
24978,-3.266946044921875,0.39476218261718743,-8.498026062011718,158.32996183206106,251.55027099236642,-214.86685877862595,0
25003,-0.6237474121093753,-0.7544546142578125,-8.608159338378906,212.6047709923664,251.55027099236642,-152.1264007633588,0
25028,1.6172253417968747,-2.114361157226562,-8.459718835449218,247.48263358778627,251.55027099236642,-90.71418702290076,0
25053,1.892558532714843,-1.9132482177734376,-6.891516748046874,250.6047709923664,251.55027099236642,-34.439377862595414,0
25078,2.433648107910156,-1.8486047729492188,-5.316132055664062,246.06278625954198,251.55027099236642,18.8965,0
25103,2.5749060058593747,-2.906841906738281,-5.749482556152343,236.68874045801527,251.55027099236642,62.55298854961833,0
25128,2.227746765136718,-5.035287182617187,-3.589912658691406,206.23072519083968,251.55027099236642,98.02627099236642,0
25153,1.7297528198242187,-4.5660236572265624,-1.8110208251953124,176.23072519083968,251.55027099236642,130.2171106870229,0
25178,1.9476251708984371,-5.449484069824218,-1.3441515014648437,139.94064885496184,251.55027099236642,153.22474427480915,0
25204,0.9947329101562494,-6.33533868408203,-0.7958793212890625,93.48263358778625,251.55027099236642,175.2018435114504,0
25229,0.21901157226562473,-5.609895581054687,-1.5835716674804687,63.635305343511455,251.08462213740458,192.7285610687023,0
25254,-2.1105466430664066,-6.320973474121093,-0.6043431884765625,45.581870229007635,173.76401145038167,208.3316145038168,0
25279,-3.075409912109375,-6.47659658203125,0.3605200805664063,24.421564885496185,122.92431679389314,223.8048969465649,0
25304,-3.56382705078125,-6.019304064941406,0.5233257934570312,-1.0822519083969464,109.93958396946566,230.82779770992366,0
25329,-4.543055529785156,-5.856498352050781,0.5257199951171875,-34.479198473282445,103.19912595419848,234.50718702290078,0
25354,-5.567773840332031,-5.703269445800781,0.9590704956054688,-65.09751908396947,82.35179770992367,237.23237786259543,0
25379,-7.349059875488281,-4.724040966796874,0.8656966308593749,-95.70057251908398,62.00828625954198,243.8735992366412,0
25404,-8.069714575195313,-4.012963073730468,0.18334915771484372,-132.68530534351146,52.313629770992364,249.19420992366412,0
25429,-8.910079357910156,-3.0792244262695307,-0.3266157958984375,-170.45629770992366,36.45103435114503,247.5224541984733,0
25454,-11.222878161621093,-2.090419140625,-0.4822389038085937,-202.58606870229008,29.09225572519084,247.36214885496184,0
25479,-12.053666137695313,-1.4846861206054687,-0.1733868896484375,-224.27309160305344,20.252561068702292,243.7285610687023,0
25504,-11.663411267089842,-0.8597994873046875,-1.0472704956054688,-249.66240458015267,16.138057251908396,226.8048969465649,0
25529,-12.690523779296875,0.5408084838867188,-1.3321804931640624,-249.66240458015267,16.626606870229008,202.43085114503816,0
25554,-12.865300500488281,2.5519378784179687,-2.536463928222656,-249.66240458015267,18.45103435114504,174.51482061068702,0
25579,-13.083172851562498,3.933392236328125,-2.9051709838867183,-249.66240458015267,2.7945458015267177,149.98046946564887,0
25605,-12.671370166015624,5.62848701171875,-2.5628001464843746,-249.66240458015267,3.1991259541984736,130.91176717557252,0
25630,-12.989798986816407,6.935721118164063,-2.6489914062499995,-249.66240458015267,25.496835877862598,115.18657633587786,0
25655,-13.150210498046874,7.922132202148437,-2.8094029174804684,-249.66240458015267,44.061721374045796,95.36978244274809,0
25680,-12.25956748046875,8.37942471923828,-3.3457040893554684,-249.66240458015267,63.71057633587786,63.72856106870229,0
25705,-12.970645373535156,9.231760510253904,-4.346480383300781,-249.66240458015267,50.36706488549618,31.522454198473284,0
25730,-13.84213477783203,9.813551513671873,-3.9490429077148432,-249.66240458015267,52.45866793893129,1.5682557251908396,0
25755,-14.237178051757812,9.39456622314453,-3.6713155151367185,-249.66240458015267,84.9701183206107,-40.95846183206107,0
25780,-12.910790332031251,9.830310925292968,-3.7814487915039057,-249.66240458015267,123.64950763358779,-96.85159160305344,0
25805,-13.899595617675782,10.22535419921875,-4.497315087890625,-249.66240458015267,193.22202671755727,-163.9889961832061,0
25830,-14.938679138183595,9.52864151611328,-6.855603723144531,-229.9448473282443,215.0464541984733,-228.63785114503816,0
25855,-14.541241662597656,9.423296643066404,-7.7055453125,-180.76164122137405,206.7792786259542,-249.24090458015266,0
25880,-14.09113175048828,9.255702526855467,-8.466901440429687,-134.1509541984733,225.9090496183206,-249.24090458015266,0
25905,-13.001769995117186,7.895795983886718,-9.987219494628906,-82.92958015267176,239.06935496183206,-249.24090458015266,0
25930,-11.874101013183594,6.775309606933593,-10.578587304687499,-23.219656488549617,238.95485114503816,-249.24090458015266,0
25955,-10.018594726562501,5.949310034179687,-10.999966796875,34.444465648854965,251.55027099236642,-249.24090458015266,0
25980,-7.621998864746094,3.5862329956054686,-11.385433264160156,91.39103053435115,251.55027099236642,-249.24090458015266,0
26005,-4.990771240234375,1.9940888916015624,-10.602529321289062,139.8719465648855,251.55027099236642,-232.05006488549617,0
26031,-2.1512480712890625,-0.017040502929687507,-10.05425714111328,178.78034351145038,251.55027099236642,-178.26380534351145,0
26056,-0.006043383789062773,-0.6395329345703125,-9.242622778320312,209.0551526717557,251.55027099236642,-122.95846183206106,0
26081,1.557370300292968,-1.4918687255859375,-7.1141775024414065,228.16202290076336,251.55027099236642,-61.935561068702285,0
26106,2.809537768554687,-1.5589063720703125,-5.737511547851563,233.06278625954198,251.55027099236642,5.965202290076335,0
26131,3.039381127929687,-1.525387548828125,-5.46457255859375,232.0551526717557,251.55027099236642,60.6140572519084,0
26156,3.4440012084960934,-3.206117114257812,-4.820532312011719,206.7574427480916,251.55027099236642,105.42321755725192,0
26181,3.0345927246093742,-3.8884645874023436,-4.255500720214844,180.0017175572519,251.55027099236642,137.30871374045802,0
26206,2.1702859252929683,-4.173374584960937,-2.5197045166015624,157.3986641221374,251.55027099236642,163.27817938931298,0
26231,0.9109358520507809,-4.355333911132812,-1.1885283935546875,131.67347328244273,209.3975992366412,182.4613854961832,0
26256,0.712217114257812,-5.839738940429687,-1.3321804931640624,81.02461832061068,227.48156870229008,196.65985877862596,0
26281,-0.32926060791015654,-6.759112377929687,-0.130291259765625,47.24599236641222,166.87088167938933,216.24764503816795,0
26306,-0.6764198486328128,-6.541240026855468,-0.19014630126953125,24.413931297709926,106.56553816793894,226.33924809160305,0
26331,-2.5726275634765625,-6.416741540527343,-0.015369580078125,-9.059351145038168,78.03882061068703,231.18657633587787,0
26356,-3.982812341308594,-6.332944482421874,0.3461548706054687,-39.372328244274804,57.36706488549618,235.40031679389313,0
26382,-4.183925280761719,-5.801431713867187,0.22165638427734372,-71.12041984732825,22.847980916030536,234.45375190839695,0
26407,-5.890991064453125,-5.849315747070312,0.28390562744140624,-109.54790076335878,18.60370610687023,233.62169083969465,0
26432,-6.807970300292968,-5.588347766113281,0.018149243164062495,-143.91431297709923,6.680041984732824,233.0110038167939,0
26457,-7.248503405761719,-4.862904663085937,-0.6809576416015625,-172.8990458015267,-21.77033969465649,235.22474427480915,0
26482,-8.201395666503906,-3.5389111450195307,-0.915589404296875,-200.4104961832061,-40.53369847328245,244.17130916030536,0
26507,-9.681012292480467,-1.9874684692382811,-0.9299546142578125,-223.44103053435114,-38.79324045801527,251.02627099236642,0
26532,-11.131898498535158,-0.5892546997070313,-0.8509459594726563,-243.6013358778626,-21.129118320610687,251.02627099236642,0
26557,-11.560460595703123,0.217591259765625,-1.3202094848632813,-249.66240458015267,-4.289423664122138,251.02627099236642,0
26582,-12.056060339355469,1.3045588134765624,-1.9043946899414061,-249.66240458015267,2.2601946564885496,240.72092748091603,0
26607,-13.008952600097654,3.0355666137695314,-2.5436465332031246,-249.66240458015267,17.504469465648857,214.44611832061068,0
26632,-13.150210498046874,4.826429455566406,-2.9434782104492183,-249.66240458015267,24.24492748091603,180.82779770992366,0
26657,-12.589967309570312,6.885442883300781,-2.6537798095703122,-249.66240458015267,27.4205,139.6674923664122,0
26682,-12.661793359375,8.27168564453125,-2.459849475097656,-249.66240458015267,42.13805725190839,99.30871374045802,0
26707,-12.757561425781251,9.179088073730467,-2.6011073730468746,-249.66240458015267,65.77164503816795,56.09497328244275,0
26732,-12.771926635742187,9.768061682128906,-3.082341906738281,-249.66240458015267,65.38233206106871,9.751461832061068,0
26757,-12.781503442382814,9.181482275390623,-3.4821735839843746,-249.66240458015267,62.19912595419847,-32.95846183206107,0
26783,-12.470257226562499,8.93487950439453,-3.4438663574218746,-249.66240458015267,55.802179389312975,-70.14930152671755,0
26808,-12.276326892089845,8.42491455078125,-2.967420227050781,-249.66240458015267,96.05408778625954,-111.5004465648855,0
26833,-12.716859997558593,9.732148657226562,-4.145367443847657,-249.66240458015267,149.11515648854962,-161.39357633587787,0
26858,-15.745525097656248,11.357811584472655,-6.5706937255859375,-249.66240458015267,181.36706488549618,-201.3325076335878,0
26883,-15.63060341796875,9.037830175781249,-7.126148510742187,-241.85324427480916,169.29836259541986,-238.36304198473283,0
26908,-14.486175024414063,8.554201440429686,-8.294518920898437,-200.21202290076337,178.3059961832061,-249.24090458015266,0
26933,-15.731159887695313,8.798410009765623,-9.814836975097656,-154.13568702290078,183.1380572519084,-249.24090458015266,0
26958,-13.26034377441406,8.137610351562499,-10.899410327148438,-87.4333969465649,182.71057633587787,-249.24090458015266,0
26983,-12.372094958496092,7.036277587890625,-10.221851257324218,-16.51736641221374,237.80217938931298,-249.24090458015266,0
27008,-9.987470104980469,5.4728639038085936,-10.501972851562499,50.73454198473283,251.55027099236642,-249.24090458015266,0
27033,-6.568550134277343,2.9924709838867187,-10.492396044921875,110.22309160305343,251.55027099236642,-249.24090458015266,0
27058,-3.592557470703125,1.1848487304687498,-10.554645288085936,165.5666030534351,251.55027099236642,-197.0805992366412,0
27083,-1.0858283325195315,0.6629127685546874,-9.379092272949219,212.22309160305343,251.55027099236642,-133.88975954198472,0
27108,1.0545879516601557,-0.816703857421875,-7.899475646972656,230.58187022900762,251.55027099236642,-78.14930152671755,0
27133,1.8470687011718745,-1.9156424194335935,-7.126148510742187,232.0551526717557,251.55027099236642,-17.202736641221374,0
27158,2.5030799560546866,-0.8885299072265624,-5.6130130615234375,226.71164122137404,251.55027099236642,42.90413358778626,0
27184,2.8981232299804685,-2.597989892578125,-5.397534912109375,216.16202290076336,251.55027099236642,85.46901908396947,0
27209,2.9507956665039057,-3.972261645507812,-4.403941223144531,188.55896946564886,251.55027099236642,115.58352290076336,0
27234,1.8710107177734372,-3.9674732421874994,-3.142196948242187,155.9635496183206,251.55027099236642,141.7667290076336,0
27259,1.6986281982421874,-5.030498779296875,-2.7232116577148435,122.78034351145038,246.08462213740458,162.84306488549618,0
27284,1.3706225708007809,-6.330550280761718,-1.8253860351562499,90.88721374045801,194.67240839694657,173.6674923664122,0
27309,0.0921188842773435,-6.45744296875,-1.2435950317382811,61.22309160305343,154.71057633587787,184.46901908396947,0
27334,-0.5519213623046877,-6.483779187011718,-0.8054561279296875,38.383396946564886,117.67240839694657,193.0644389312977,0
27359,-1.7490221923828129,-6.802208007812499,-0.23803033447265623,7.5971374045801525,89.11515648854962,196.35451526717557,0
27384,-2.179978491210938,-7.051204980468749,0.032514453124999995,-22.47919847328244,79.78691221374046,200.15604198473284,0
27409,-3.4297517578125003,-6.110283728027343,-0.04649420166015625,-46.059351145038164,58.09225572519084,203.43085114503816,0
27434,-3.8439486450195313,-6.210840197753906,-0.08240722656249999,-75.2043893129771,50.6647748091603,207.05680534351146,0
27459,-5.445669555664063,-6.421529943847656,0.003784033203124995,-104.08225190839696,46.41286641221374,212.11787404580153,0
27484,-6.226179296874999,-6.1988691894531245,-0.7551778930664063,-127.51736641221375,24.77164503816794,219.102606870229,0
27509,-6.518271899414062,-5.8421331420898435,-1.1502211669921876,-144.54026717557252,-9.297057251908397,223.81253053435114,0
27534,-7.406520715332031,-4.891635083007812,-0.90601259765625,-161.4104961832061,-21.08331679389313,229.56825572519085,0
27560,-8.586862133789062,-3.989021057128906,-1.3321804931640624,-179.2043893129771,-19.89247709923664,235.79726335877862,0
27585,-8.993876416015624,-2.8948708984374996,-2.0935366210937496,-191.0898854961832,-25.663469465648856,237.0644389312977,0
27610,-10.246043884277343,-1.2332949462890626,-2.1940930908203122,-199.8303435114504,-22.648202290076334,236.28581297709923,0
27635,-10.933179760742188,-0.280402685546875,-2.4359074584960934,-203.70820610687022,-16.304690839694658,233.2171106870229,0
27660,-11.40962589111328,1.4146920898437498,-2.759124682617187,-207.09751908396947,-13.56423282442748,225.94993511450383,0
27685,-11.670593872070313,3.148094091796875,-2.902776782226562,-219.05935114503816,3.8632480916030536,214.37741603053436,0
27710,-11.99859949951172,4.548702062988281,-3.3959823242187497,-238.18912213740458,25.863248091603054,196.74382824427482,0
27735,-12.340970336914062,5.932550622558594,-4.0376283691406245,-249.66240458015267,52.443400763358774,169.6522251908397,0
27760,-12.582784704589844,7.73538447265625,-4.375210803222656,-249.66240458015267,51.19149236641221,137.02627099236642,0
27785,-13.001769995117186,9.272461938476562,-3.7335647583007807,-249.66240458015267,46.21439312977099,98.13314122137405,0
27810,-13.291468395996095,9.926078991699217,-2.373658215332031,-249.66240458015267,59.672408396946565,49.2171106870229,0
27835,-12.817416467285156,9.93086739501953,-2.792643505859375,-249.66240458015267,76.38996564885497,-9.141667938931299,0
27860,-12.939520751953125,10.522235205078124,-4.305778955078125,-249.66240458015267,77.61897328244275,-69.92792748091603,0
27885,-14.076766540527345,11.063324780273437,-3.764689379882812,-249.66240458015267,90.06935496183206,-126.26380534351145,0
27910,-14.945861743164063,10.938826293945311,-3.3217620727539057,-249.66240458015267,135.50446946564887,-181.17220229007634,0
27935,-13.985786877441406,11.647509985351562,-5.471755163574219,-249.66240458015267,187.0235534351145,-238.14930152671755,0
27961,-15.04402401123047,11.479915869140624,-8.150866821289062,-249.66240458015267,223.55027099236642,-249.24090458015266,0
27986,-15.29062678222656,10.335487475585936,-8.593794128417969,-224.1280534351145,213.78691221374046,-249.24090458015266,0
28011,-12.76953243408203,9.679476220703124,-9.759770336914062,-156.9601145038168,220.64187404580153,-249.24090458015266,0
28036,-11.73523731689453,8.204647998046873,-10.949688562011719,-88.1662213740458,240.16095801526717,-249.24090458015266,0
28061,-11.763967736816404,8.484769592285154,-10.645624951171875,-3.0364503816793893,251.55027099236642,-249.24090458015266,0
28086,-7.904514660644531,5.994799865722656,-10.403810583496094,73.2841603053435,251.55027099236642,-249.24090458015266,0
28111,-5.206249389648438,2.887126110839844,-10.51394385986328,132.1009541984733,251.55027099236642,-249.24090458015266,0
28136,-1.875914880371094,1.6852368774414062,-8.857156311035157,187.5666030534351,251.55027099236642,-177.3859427480916,0
28161,0.16633913574218706,0.7371330200195312,-7.853985815429687,227.55133587786258,251.55027099236642,-100.37830916030534,0
28186,2.0146628173828116,-0.36419974365234375,-6.319302551269531,250.6047709923664,251.55027099236642,-26.63785114503817,0
28211,3.360204150390625,-1.9826800659179689,-6.163679443359375,250.6047709923664,251.55027099236642,32.003370229007636,0
28236,3.6690561645507804,-2.4902508178710936,-5.890740454101563,250.6047709923664,251.55027099236642,74.4079503816794,0
28261,2.701798693847656,-2.4256073730468746,-4.214799291992188,223.84141221374045,251.55027099236642,116.13314122137405,0
28286,2.378581469726562,-3.5724299682617184,-3.139802746582031,194.85667938931297,251.55027099236642,147.9346679389313,0
28311,2.064941052246093,-6.019304064941406,-2.5532233398437496,173.03225190839694,238.68004198473284,166.95756870229008,0
28336,1.6268021484374993,-6.167744567871093,-1.2316240234375,120.65820610687022,241.63424045801528,181.55298854961833,0
28362,0.8438982055664059,-6.294637255859374,-0.4535084838867187,75.82614503816794,227.37469847328245,193.49191984732823,0
28387,0.08733048095703078,-7.314567163085937,0.14025352783203124,41.635305343511455,180.16859160305344,201.99573664122138,0
28412,-0.0611100219726568,-7.6234191772460935,-0.4774505004882812,13.46736641221374,124.09225572519084,200.2171106870229,0
28437,-1.6101584960937503,-7.225981701660156,0.6621894897460937,-16.372328244274808,87.68767557251908,197.24764503816795,0
28462,-3.343560498046875,-7.367239599609374,1.4379108276367187,-40.65477099236641,73.07698854961832,197.41558396946564,0
28487,-4.265328137207032,-7.012897753906249,1.0907515869140625,-59.608969465648855,50.35179770992366,197.05680534351146,0
28512,-4.624458386230469,-6.488567590332031,0.7555633544921875,-79.83797709923665,23.09225572519084,194.24764503816795,0
28537,-5.335536279296875,-6.6298254882812495,0.7507749511718749,-106.62423664122137,18.443400763358778,192.04153816793894,0
28562,-6.183083666992188,-5.858892553710937,0.44431713867187494,-136.14332061068703,22.664774809160306,193.0644389312977,0
28587,-7.1048513061523435,-4.908394494628906,-0.034523193359375,-160.2272900763359,17.20675954198473,195.68275954198472,0
28612,-7.842265417480468,-4.032116687011718,-0.3529520141601562,-180.7387404580153,9.328896946564885,198.96520229007635,0
28637,-8.457575244140624,-3.6610154296874997,-0.6594098266601562,-199.2807251908397,2.122790076335878,199.2934465648855,0
28662,-9.254844396972656,-2.3298393066406247,-1.4375253662109375,-217.8456106870229,12.878515267175572,198.43848473282443,0
28687,-9.776780358886718,-1.4368020874023437,-2.2731017456054685,-230.74637404580153,3.374698473282443,197.88123282442749,0
28712,-10.341811950683592,-0.45278520507812503,-3.015304260253906,-247.49446564885497,10.44340076335878,196.75146183206107,0
28738,-11.115139086914063,0.7419214233398437,-3.599489465332031,-249.66240458015267,20.14569083969466,190.84306488549618,0
28763,-11.531730175781249,2.7195319946289063,-4.286625341796875,-249.66240458015267,14.389965648854963,179.23237786259543,0
28788,-11.802274963378906,4.2733688720703125,-4.676880212402343,-249.66240458015267,11.649507633587787,164.46901908396947,0
28813,-12.55405428466797,5.978040454101563,-5.325708862304688,-249.66240458015267,26.985385496183206,144.68275954198472,0
28838,-13.518917553710939,8.290839257812499,-5.0503756713867185,-249.66240458015267,32.60370610687023,117.75909541984733,0
28863,-13.748760913085938,8.997128747558593,-4.447036853027344,-249.66240458015267,23.58843893129771,82.77436259541984,0
28888,-13.375265454101562,8.740949169921874,-3.74074736328125,-249.66240458015267,26.672408396946565,35.44611832061069,0
28913,-13.406390075683593,8.549413037109375,-3.537240222167968,-249.66240458015267,45.83271374045801,-20.340141221374047,0
28938,-13.308227807617186,8.659546313476561,-3.436683752441406,-249.66240458015267,39.51973664122137,-77.20273664122136,0
28963,-13.985786877441406,9.289221350097655,-2.816585522460937,-249.66240458015267,64.80981297709924,-132.3325076335878,0
28989,-13.949873852539064,9.753696472167967,-2.7806724975585935,-249.66240458015267,96.90904961832061,-181.09586641221372,0
29014,-13.921143432617185,10.886153857421874,-4.133396435546875,-249.66240458015267,140.5350038167939,-219.25617175572518,0
29039,-14.687287963867188,10.704194531249998,-5.280219030761718,-249.66240458015267,178.97011832061068,-248.80579007633588,0
29064,-15.156551489257811,10.337881677246093,-7.152484729003906,-249.66240458015267,213.00065267175572,-249.24090458015266,0
29089,-13.360900244140623,8.9803693359375,-9.577811010742186,-208.64713740458015,216.57317175572518,-249.24090458015266,0
29114,-12.927549743652342,8.410549340820312,-9.802865966796874,-150.54026717557252,219.3823320610687,-249.24090458015266,0
29139,-10.787133459472656,8.527865222167968,-10.535491674804687,-77.75400763358779,238.5121030534351,-249.24090458015266,0
29164,-8.905290954589844,6.792069018554687,-10.978418981933594,-1.2654580152671757,251.55027099236642,-249.24090458015266,0
29189,-6.017883752441406,4.4601166015625,-10.36789755859375,84.04751908396946,251.55027099236642,-249.24090458015266,0
29214,-2.642059411621094,2.1305583862304687,-9.5442921875,151.65057251908397,251.55027099236642,-197.43937786259542,0
29239,0.0921188842773435,0.7467098266601562,-8.653649169921875,204.46736641221372,251.55027099236642,-126.08059923664122,0
29264,2.064941052246093,-0.3354693237304688,-8.533939086914062,239.54370229007634,251.55027099236642,-55.32487404580152,0
29289,3.041775329589843,-1.123161669921875,-7.126148510742187,247.02461832061067,251.55027099236642,10.041538167938931,0
29314,3.530192468261718,-0.6778401611328125,-5.565129028320312,247.73454198473283,251.55027099236642,65.00337022900764,0
29340,4.0976182617187495,-2.5381348510742185,-5.071923486328125,214.8719465648855,251.55027099236642,106.01863740458016,0
29365,3.3290795288085935,-2.4543377929687495,-4.061570385742187,196.5666030534351,251.55027099236642,145.19420992366412,0
29390,2.2564771850585936,-4.168586181640625,-3.178109973144531,185.887213740458,251.55027099236642,169.5987900763359,0
29415,2.0386048339843743,-5.286678356933593,-2.34253359375,146.887213740458,229.87088167938933,180.8965,0
29440,1.5214572753906248,-6.926706494140625,-0.4822389038085937,114.74217557251907,199.45103435114504,194.6522251908397,0
29465,0.6044780395507807,-6.6872863281249995,-0.010581176757812505,72.04751908396946,189.20675954198472,201.18657633587787,0
29490,-0.36517363281250015,-7.13979044189453,-0.0010043701171875002,40.23835877862596,145.58080534351146,203.8735992366412,0
29515,-1.1983558105468752,-7.747917663574218,0.6526126831054687,4.30706106870229,113.90904961832061,200.3316145038168,0
29540,-2.0363263916015626,-7.920300183105469,0.9949835205078124,-33.1662213740458,96.82508015267176,194.39268320610688,0
29565,-2.5822043701171875,-7.712004638671874,0.6310648681640625,-66.42576335877864,66.74874427480917,187.63695801526717,0
29590,-4.159983264160156,-7.113454223632812,0.8441488159179686,-97.05171755725192,38.45103435114503,187.67512595419848,0
29615,-4.6651598144531246,-6.771083386230468,0.6597952880859375,-125.31125954198474,19.985385496183206,190.484286259542,0
29640,-4.9261277954101566,-6.718410949707031,0.1043405029296875,-152.47919847328245,8.25256106870229,193.3163473282443,0
29666,-5.8047998046875,-6.000150451660156,-0.4128070556640625,-172.4104961832061,-10.800874045801526,194.91176717557252,0
29691,-6.587703747558594,-5.363292810058593,-0.3385868041992187,-183.67767175572519,-24.098583969465647,194.8048969465649,0
29716,-7.207801977539062,-4.544475842285156,-0.8748879760742188,-197.86851145038167,-2.8619427480916033,194.22474427480915,0
29741,-8.572496923828126,-3.711293664550781,-1.5979368774414062,-208.525,12.122790076335878,194.09497328244274,0
29766,-9.30991103515625,-2.6817869506835934,-2.6753276245117186,-215.08225190839696,26.993019083969465,194.59115648854961,0
29791,-10.04493094482422,-1.5134165405273436,-3.7670835815429684,-218.67003816793894,27.61133969465649,188.81253053435114,0
29816,-11.062466650390625,0.07154495849609374,-4.925877185058594,-228.51736641221373,34.6647748091603,180.484286259542,0
29841,-11.694535888671876,2.0443671264648438,-6.11579541015625,-245.85324427480916,36.88614885496183,167.41558396946564,0
29866,-12.64263974609375,3.6772126586914062,-6.209169274902344,-249.66240458015267,35.36706488549618,146.2018435114504,0
29891,-13.56919578857422,4.675594750976562,-5.2754306274414065,-249.66240458015267,18.015919847328245,112.59879007633589,0
29916,-13.202882934570312,5.401037854003906,-4.648149792480469,-249.66240458015267,27.473935114503817,67.55298854961832,0
29941,-12.40082537841797,6.5430720458984375,-5.239517602539062,-249.66240458015267,29.222026717557252,17.42321755725191,0
29966,-12.645033947753905,7.373860021972656,-4.810955505371093,-249.66240458015267,2.809812977099237,-23.195103053435115,0
29991,-12.089579162597655,8.85108244628906,-4.281836938476562,-249.66240458015267,-15.060416030534352,-50.53861450381679,0
30016,-12.393642773437499,9.79679210205078,-3.965802319335937,-249.66240458015267,-10.289423664122136,-70.05006488549618,0
30042,-12.273932690429689,10.586878649902342,-4.50689189453125,-249.66240458015267,22.60370610687023,-90.00426335877863,0
30067,-13.423149487304688,10.359429492187498,-4.116637023925781,-249.66240458015267,58.04645419847328,-124.21037022900764,0
30092,-14.766296618652344,11.410484020996092,-4.995309033203125,-249.66240458015267,109.4586679389313,-164.0653320610687,0
30117,-15.472586108398438,12.272396618652342,-6.7765950683593745,-249.66240458015267,170.84798091603054,-216.24853816793893,0
30142,-14.797421240234375,11.008258142089842,-7.913840856933594,-249.66240458015267,202.61897328244274,-249.24090458015266,0
30167,-13.590743603515623,9.389777819824218,-9.2761416015625,-164.98301526717557,220.9090496183206,-249.24090458015266,0
30192,-11.526941772460937,8.365059509277343,-10.9616595703125,-82.72347328244275,244.9090496183206,-249.24090458015266,0
30217,-10.665029174804687,8.377030517578124,-10.487607641601562,-5.349427480916031,251.55027099236642,-249.24090458015266,0
30242,-7.744103149414062,5.963675244140624,-10.030315124511718,63.16202290076336,251.55027099236642,-249.24090458015266,0
30267,-5.512707202148437,3.5958098022460936,-10.200303442382813,117.87194656488549,251.55027099236642,-236.30197328244273,0
30292,-2.613328991699219,2.5447552734375,-9.599358825683593,167.1925572519084,251.55027099236642,-169.52334732824428,0
30317,-0.6788140502929692,1.0483792358398436,-8.747023034667968,202.08568702290077,251.55027099236642,-107.8592251908397,0
30342,1.5837065185546875,-0.6945995727539063,-8.347191357421874,217.87958015267176,251.55027099236642,-48.28670610687023,0
30367,2.9867086914062497,-1.6546744384765624,-7.581046826171875,227.17729007633588,251.55027099236642,11.247645038167938,0
30392,3.4463954101562493,-1.314697802734375,-6.683221203613281,233.50553435114503,251.55027099236642,61.018637404580154,0
30417,3.992273388671874,-1.9419786376953125,-5.299372644042968,219.06278625954198,251.55027099236642,92.4079503816794,0
30443,3.4056939819335934,-3.057676611328125,-5.299372644042968,187.84141221374045,251.55027099236642,118.18657633587786,0
30468,3.1950042358398436,-3.3641344238281246,-3.570759045410156,154.1696564885496,251.55027099236642,144.23237786259543,0
30493,2.9388246582031243,-3.768754504394531,-2.421542248535156,127.24599236641221,251.55027099236642,161.94230152671756,0
30518,2.3187264282226554,-5.605107177734374,-0.8533401611328125,98.42156488549618,222.06935496183206,170.99573664122138,0
30543,1.9260773559570312,-5.487791296386718,-0.8988299926757812,66.31469465648854,209.66477480916032,180.43085114503816,0
30568,0.7457359374999997,-5.51891591796875,-0.5636417602539062,40.04751908396947,183.95485114503816,190.68275954198472,0
30593,-0.1664548950195317,-6.620248681640624,-0.48463310546874994,19.01698473282443,134.16859160305344,195.7132938931298,0
30618,-1.1600485839843753,-7.989732031249999,-0.3481636108398437,-4.0669847328244275,90.68767557251908,197.53008778625954,0
30643,-1.368344128417969,-7.712004638671874,-0.05607100830078125,-28.883778625954196,62.16095801526717,195.85069847328245,0
30668,-2.479253698730469,-7.065570190429687,-0.21408831787109375,-54.372328244274804,35.83271374045801,194.78962977099238,0
30693,-3.606922680664063,-7.463007666015624,-0.0871956298828125,-80.34942748091603,20.710576335877864,195.50718702290078,0
30718,-4.59812216796875,-7.5108916992187496,-0.38407663574218753,-103.94484732824428,1.6724083969465648,196.1255076335878,0
30743,-5.153576953125,-6.835726831054687,-0.41998966064453125,-127.62423664122139,-11.23598854961832,195.99573664122138,0
30768,-5.725791149902344,-6.337732885742187,-0.3625288208007812,-148.34942748091603,-12.991713740458014,193.5987900763359,0
30793,-6.772057275390625,-5.746365075683594,-0.5157577270507813,-170.74637404580153,-6.251255725190839,195.484286259542,0
30819,-7.303570043945313,-4.692916345214844,-1.4255543579101562,-190.08225190839696,-9.274156488549618,198.77436259541986,0
30844,-8.172665246582032,-3.8142443359374996,-2.2467655273437495,-206.97538167938933,-15.73217175572519,204.2018435114504,0
30869,-9.575667419433593,-2.9786679565429686,-2.0121337646484374,-219.89141221374047,-8.510797709923663,210.44611832061068,0
30894,-10.411243798828124,-1.6546744384765624,-2.7758840942382808,-232.0135496183206,12.069354961832062,210.1789427480916,0
30919,-10.552501696777345,-0.13196218261718748,-3.484567785644531,-236.67767175572519,11.382332061068702,198.690393129771,0
30944,-11.30667521972656,1.6421412475585937,-3.8652458496093747,-246.6395038167939,19.58080534351145,183.18657633587787,0
30969,-12.005782104492187,3.358783837890625,-4.095089208984375,-249.66240458015267,26.14569083969466,166.3697824427481,0
30994,-12.27153848876953,5.034725,-4.801378698730469,-249.66240458015267,37.58843893129771,145.96520229007635,0
31019,-12.666581762695312,6.650811120605469,-5.083894494628907,-249.66240458015267,34.931950381679385,114.96520229007633,0
31044,-13.44709150390625,7.859882958984374,-4.540410717773438,-249.66240458015267,41.69530916030534,70.6522251908397,0
31069,-13.178940917968749,9.200635888671874,-3.841303833007812,-249.66240458015267,36.22966030534351,20.339248091603054,0
31094,-12.463074621582031,10.708982934570312,-4.808561303710937,-249.66240458015267,40.4205,-29.26380534351145,0
31119,-12.403219580078126,11.403301416015623,-5.2155755859375,-249.66240458015267,27.000652671755727,-68.15693511450381,0
31144,-13.087961254882813,11.235707299804686,-4.58350634765625,-249.66240458015267,37.08462213740458,-96.51571374045801,0
31169,-13.873259399414064,11.872564941406248,-4.080723999023437,-249.66240458015267,116.73347709923665,-134.6683854961832,0
31195,-14.031276708984375,11.86538233642578,-5.536398608398438,-249.66240458015267,175.3059961832061,-195.07296564885496,0
31220,-14.206053430175782,11.391330407714843,-7.0375630493164065,-249.66240458015267,199.52737022900763,-249.24090458015266,0
31245,-13.67693486328125,10.730530749511717,-8.658437573242187,-190.44866412213742,217.65714122137405,-249.24090458015266,0
31270,-12.582784704589844,10.488716381835935,-9.778923950195312,-136.86087786259543,251.55027099236642,-249.24090458015266,0
31295,-11.323434631347656,8.597297070312498,-10.391839575195313,-70.50209923664123,251.55027099236642,-249.24090458015266,0
31320,-10.691365393066405,8.14239875488281,-10.851526293945312,-1.295992366412214,251.55027099236642,-249.24090458015266,0
31345,-8.76642725830078,7.191900695800781,-10.585769909667968,61.27652671755725,251.55027099236642,-249.24090458015266,0
31370,-6.113651818847656,5.1735886962890625,-10.3487439453125,113.4368320610687,251.55027099236642,-249.24090458015266,0
31395,-3.331589489746094,2.6548885498046877,-9.783712353515625,165.03225190839694,251.55027099236642,-224.58441603053436,0
31420,-0.8775327880859378,1.8241005737304685,-8.545910095214843,210.42919847328244,251.55027099236642,-140.4775458015267,0
31445,1.3610457641601559,0.17688983154296872,-7.286560021972656,246.41393129770992,251.55027099236642,-65.84395801526718,0
31470,3.060928942871093,-0.874164697265625,-6.0631229736328125,250.6047709923664,251.55027099236642,-4.6378511450381685,0
31495,4.121560278320312,-1.815085949707031,-5.024039453125,250.6047709923664,251.55027099236642,50.18657633587787,0
31520,4.2867601928710934,-2.064082922363281,-4.648149792480469,240.13912213740457,251.55027099236642,96.23237786259543,0
31546,3.111207177734374,-2.176610400390625,-3.276272241210937,208.36812977099237,251.55027099236642,136.2018435114504,0
31571,2.8262971801757804,-3.684957446289062,-2.119872839355468,171.2612595419847,251.55027099236642,166.7285610687023,0
31596,3.1279665893554682,-5.3345623901367185,-1.739194775390625,121.1696564885496,251.55027099236642,185.19420992366412,0
31621,1.4520254272460935,-4.724040966796874,-0.6067373901367188,84.55896946564884,230.32126335877862,199.8583320610687,0
31646,-0.12814766845703174,-5.51891591796875,0.28151142578125,60.65057251908397,169.03882061068703,212.75146183206107,0
31671,-0.15927229003906263,-6.364069104003906,0.5759982299804687,17.620038167938933,172.74874427480916,221.8201641221374,0
31696,-0.8488023681640628,-6.775871789550781,0.195320166015625,-21.570801526717556,144.26019465648855,223.4613854961832,0
31721,-2.328418994140625,-6.658555908203124,-0.398441845703125,-58.601335877862596,114.26782824427481,222.73619465648855,0
31746,-4.1575890625,-7.0607817871093745,0.42995192871093746,-88.6776717557252,63.03882061068702,222.65985877862596,0
31771,-4.432922253417969,-7.123031030273437,0.4874127685546874,-119.26545801526719,32.28309541984733,216.47665267175572,0
31796,-4.626852587890625,-6.9698021240234365,-0.3816824340820313,-161.93721374045802,36.16859160305343,202.65985877862596,0
31821,-5.740156359863281,-5.794249108886718,-0.7767257080078125,-197.58606870229008,10.58080534351145,194.8201641221374,0
31846,-6.738538452148437,-5.061623400878906,-1.3800645263671873,-230.70820610687022,-2.029881679389313,199.24764503816795,0
31871,-7.689036511230468,-3.409624255371093,-2.2156409057617186,-249.66240458015267,-19.594767175572517,207.16367557251908,0
31896,-8.512641882324218,-2.7799492187499997,-2.670539221191406,-249.66240458015267,-35.40392748091603,213.23237786259543,0
31922,-9.544542797851562,-1.4032832641601563,-2.7710956909179685,-249.66240458015267,-30.5795,215.47665267175572,0
31947,-10.463916235351562,0.11224638671875,-3.2403592163085935,-249.66240458015267,-16.58713358778626,212.7056603053435,0
31972,-11.0145826171875,1.7355151123046875,-3.4223185424804683,-249.66240458015267,-12.434461832061068,203.88123282442749,0
31997,-11.124715893554686,3.1720361083984376,-4.195645678710937,-249.66240458015267,7.664774809160306,186.68275954198472,0
32022,-11.840582189941404,5.240626342773437,-5.34965087890625,-249.66240458015267,42.22202671755725,158.94993511450383,0
32047,-12.379277563476563,6.533495239257812,-5.917076672363281,-249.66240458015267,68.48920229007634,117.76672900763359,0
32072,-12.791080249023437,7.548636743164062,-6.046363562011718,-249.66240458015267,75.79454580152672,66.52245419847328,0
32097,-12.958674365234376,8.611662280273435,-5.8667984375,-249.66240458015267,72.45103435114504,8.995736641221374,0
32122,-12.525323864746092,8.829534631347656,-5.19642197265625,-249.66240458015267,68.54263740458016,-45.65311832061068,0
32147,-11.821428576660157,9.63638059082031,-5.785395581054687,-249.66240458015267,71.84034732824428,-99.2180038167939,0
32172,-12.249990673828126,9.710600842285155,-5.972143310546875,-249.66240458015267,69.77164503816795,-147.75998854961833,0
32197,-13.24358436279297,10.912490075683593,-5.991296923828125,-249.66240458015267,94.16859160305344,-180.7981564885496,0
32222,-13.394419067382813,10.92685528564453,-6.580270532226562,-249.66240458015267,154.54263740458015,-218.20273664122138,0
32247,-13.13345108642578,10.656310498046874,-9.177979333496094,-247.4868320610687,173.87088167938933,-249.24090458015266,0
32272,-13.451879907226562,10.14873974609375,-10.197909240722655,-201.54026717557252,138.60370610687022,-249.24090458015266,0
32298,-12.350547143554689,10.325910668945312,-9.74301092529297,-157.46393129770993,151.97775190839695,-249.24090458015266,0
32323,-11.60116202392578,9.406537231445311,-10.604923522949218,-104.87614503816795,174.06172137404582,-249.24090458015266,0
32348,-10.724884216308592,8.930091101074218,-10.602529321289062,-49.57843511450382,208.91668320610688,-249.24090458015266,0
32373,-9.33624725341797,7.567790356445312,-10.243399072265625,17.429198473282444,251.55027099236642,-249.24090458015266,0
32398,-7.052178869628906,5.774533312988281,-10.490001843261718,75.9635496183206,251.55027099236642,-249.24090458015266,0
32423,-4.8710611572265625,3.6149634155273436,-10.818007470703124,131.5895038167939,251.55027099236642,-247.88975954198472,0
32448,-1.7633874023437501,2.6644653564453127,-8.99602000732422,190.81087786259542,251.55027099236642,-167.34014122137404,0
32473,0.7888315673828119,1.1896371337890623,-7.5834410278320314,228.50553435114503,251.55027099236642,-84.96609541984732,0
32498,3.1231781860351555,-0.8023386474609375,-6.860392126464844,245.45973282442748,251.55027099236642,-8.065332061068702,0
32523,4.835032373046874,-2.047323510742187,-5.938624487304687,250.6047709923664,251.55027099236642,52.59115648854962,0
32548,4.528574560546875,-1.6259440185546874,-5.0312220581054685,250.6047709923664,251.55027099236642,94.45375190839695,0
32573,4.375345654296875,-1.7887497314453125,-3.8915820678710933,222.52843511450382,251.55027099236642,120.46138549618321,0
32598,4.708139685058593,-4.056058703613281,-2.134238049316406,172.7574427480916,251.55027099236642,140.26291221374046,0
32623,3.918053137207031,-4.082394921874999,-0.8748879760742188,126.29179389312976,251.55027099236642,160.4995534351145,0
32648,3.2524650756835936,-4.242806433105469,-0.226059326171875,90.38339694656489,251.55027099236642,177.60642366412213,0
32674,2.6156074340820306,-5.588347766113281,0.2862998291015625,60.5513358778626,238.55027099236642,186.53008778625954,0
32699,1.554976098632812,-6.033669274902343,0.8130241943359374,33.711641221374045,189.64187404580153,195.75146183206107,0
32724,1.2030284545898433,-6.27787784423828,1.62226435546875,2.6734732824427483,160.37469847328245,203.23237786259543,0
32749,-0.0012549804687504995,-6.5172980102539055,1.3014413330078123,-22.21202290076336,126.64950763358779,207.53772137404582,0
32774,-0.9565414428710941,-6.864457250976562,1.9071743530273435,-43.738740458015265,99.87088167938931,209.84306488549618,0
32799,-1.895068493652344,-6.727987756347655,1.631841162109375,-68.525,91.23729389312977,210.49191984732823,0
32824,-2.4337638671875004,-6.771083386230468,0.6909199096679687,-94.73110687022901,78.6113396946565,209.75146183206107,0
32849,-4.085763012695312,-6.692074731445312,0.5831808349609374,-114.59370229007634,46.45103435114503,210.6674923664122,0
32874,-5.699454931640625,-6.294637255859374,0.7579575561523437,-132.83797709923664,25.54263740458015,213.2171106870229,0
32899,-5.900567871093751,-6.380828515625,0.36530848388671877,-154.21965648854962,12.222026717557252,206.60642366412213,0
32924,-7.155129541015625,-5.234005920410156,-0.4918157104492187,-191.07461832061068,27.153324427480918,190.51482061068702,0
32949,-8.941203979492187,-4.089577526855468,-1.5835716674804687,-225.66240458015267,24.512103053435116,175.8201641221374,0
32974,-10.38251337890625,-3.4072300537109372,-2.404782836914062,-248.70820610687022,-11.938278625954197,163.81253053435114,0
33000,-11.057678247070314,-2.6937579589843748,-2.2084583007812495,-249.66240458015267,-30.41919465648855,150.7285610687023,0
33025,-11.261185388183595,-1.4056774658203124,-2.9841796386718746,-249.66240458015267,-9.182553435114503,129.8583320610687,0
33050,-10.669817578124999,-0.14632739257812502,-3.8628516479492183,-249.66240458015267,-4.755072519083969,103.30871374045802,0
33075,-11.165417321777344,1.3165298217773436,-4.145367443847657,-249.66240458015267,-5.037515267175573,83.03390458015268,0
33100,-11.038524633789063,2.67883056640625,-4.727158447265625,-249.66240458015267,2.725843511450382,70.72092748091603,0
33125,-11.65862286376953,3.5862329956054686,-4.935453991699219,-249.66240458015267,-5.24362213740458,62.873599236641226,0
33150,-11.301886816406249,4.984446765136719,-5.033616259765625,-249.66240458015267,-8.381026717557251,55.873599236641226,0
33175,-10.957121777343751,5.920579614257813,-4.69842802734375,-249.66240458015267,-21.38866030534351,48.644591603053435,0
33200,-11.318646228027344,7.917343798828124,-4.212405090332031,-249.66240458015267,-5.037515267175573,39.3697824427481,0
33225,-11.5508837890625,9.401748828125,-4.475767272949219,-249.66240458015267,10.313629770992367,24.491919847328244,0
33250,-11.941138659667967,9.56694874267578,-4.3369035766601565,-249.66240458015267,21.725843511450382,2.7132938931297708,0
33275,-12.451103613281251,10.392948315429686,-4.535622314453125,-249.66240458015267,40.73347709923664,-24.508080152671756,0
33300,-12.62827453613281,10.177470166015624,-4.08551240234375,-249.66240458015267,63.01591984732824,-59.14166793893129,0
33325,-13.518917553710939,11.968333007812499,-3.4702025756835932,-249.66240458015267,149.66477480916032,-106.44701145038168,0
33350,-13.772702929687501,12.052130065917968,-5.225152392578125,-245.79980916030536,228.94721755725192,-170.25617175572518,0
33376,-13.396813269042969,11.245284106445311,-7.1309369140625,-173.05935114503816,229.8937824427481,-224.4241106870229,0
33401,-13.28667999267578,10.56293663330078,-7.8659568237304685,-117.67003816793894,251.55027099236642,-249.24090458015266,0
33426,-12.326605126953126,10.498293188476561,-9.872297814941406,-68.75400763358779,251.55027099236642,-249.24090458015266,0
33451,-11.036130432128907,9.353864794921874,-10.968842175292968,-21.150954198473283,251.55027099236642,-249.24090458015266,0
33476,-10.07605556640625,8.307598669433592,-11.766111328125,32.69637404580153,251.55027099236642,-249.24090458015266,0
33501,-8.060137768554688,8.15676396484375,-11.895398217773437,88.3223282442748,251.55027099236642,-249.24090458015266,0
33526,-5.586927453613281,5.6093333984375,-11.10770587158203,134.36812977099237,251.55027099236642,-246.6149503816794,0
33551,-3.0969577270507815,3.82804736328125,-10.205091845703125,170.92538167938932,251.55027099236642,-183.15693511450382,0
33576,-0.3148953979492193,2.1353467895507814,-9.570628405761719,201.48263358778627,251.55027099236642,-115.69891984732824,0
33601,1.9021353393554685,0.4426462158203125,-8.335220349121094,224.97881679389312,251.55027099236642,-37.82105725190839,0
33626,3.1806390258789055,0.07393916015624999,-7.03516884765625,243.68874045801527,251.55027099236642,40.194209923664125,0
33651,4.205357336425781,-0.34983453369140627,-5.409505920410156,249.45973282442748,251.55027099236642,101.36214885496183,0
33676,4.444777502441406,-1.6546744384765624,-4.0376283691406245,227.0017175572519,251.55027099236642,145.92703435114504,0
33701,4.823061364746093,-2.399271154785156,-4.1310022338867185,213.43683206106869,251.55027099236642,178.81253053435114,0
33727,3.506250451660156,-2.9571201416015622,-3.8149676147460934,188.1696564885496,251.55027099236642,195.18657633587787,0
33752,2.5629349975585933,-4.4271599609375,-1.9738265380859374,147.0017175572519,251.55027099236642,210.3697824427481,0
33777,1.9643845825195312,-5.605107177734374,-1.1430385620117187,107.00171755725191,251.55027099236642,222.5987900763359,0
33802,1.0090981201171871,-6.25872423095703,-0.41998966064453125,75.73454198473281,213.68004198473284,229.88123282442749,0
33827,1.3466805541992182,-6.747141369628905,-0.18535789794921875,48.28416030534351,177.35943129770993,227.7132938931298,0
33852,0.8510808105468746,-7.2116164916992185,-0.30027957763671875,14.933015267175572,148.26782824427482,220.24001145038167,0
33877,-1.8735206787109377,-6.936283300781249,0.33418386230468744,-22.937213740458013,131.87088167938933,219.46901908396947,0
33902,-2.9149984008789063,-6.771083386230468,0.28869403076171873,-53.25782442748091,97.41286641221375,221.3316145038168,0
33927,-3.3746851196289063,-6.510115405273437,-0.2308477294921875,-76.92958015267176,54.91668320610687,215.34688167938933,0
33952,-4.531084521484376,-6.328156079101562,0.11631151123046873,-110.34179389312978,48.04645419847328,204.91176717557252,0
33977,-5.242162414550782,-5.758336083984375,-0.5301229370117188,-146.46393129770993,46.435767175572515,196.3316145038168,0
34002,-6.099286608886718,-4.834174243164062,-1.0640299072265624,-178.38759541984734,31.94721755725191,191.35451526717557,0
34027,-6.331524169921876,-4.053664501953125,-1.681733935546875,-202.87614503816795,-1.1367519083969464,190.60642366412213,0
34052,-8.079291381835937,-2.6817869506835934,-1.7080701538085936,-231.5097328244275,-3.8695763358778623,201.24001145038167,0
34077,-9.38652548828125,-2.2987146850585933,-2.3904176269531248,-249.66240458015267,-11.56423282442748,212.88123282442749,0
34103,-10.4782814453125,-1.2859673828125,-2.6537798095703122,-249.66240458015267,-21.76270610687023,219.65985877862596,0
34128,-11.18696513671875,-0.21575924072265626,-2.6442030029296872,-249.66240458015267,-22.08331679389313,214.30108015267177,0
34153,-11.476663537597656,1.5942572143554685,-2.421542248535156,-249.66240458015267,4.886148854961832,199.04153816793894,0
34178,-11.471875134277344,3.33005341796875,-2.957843420410156,-249.66240458015267,27.92431679389313,173.102606870229,0
34203,-11.182176733398435,4.560673071289062,-4.040022570800781,-249.66240458015267,55.51973664122137,137.56825572519085,0
34228,-11.009794213867188,6.353930114746094,-4.310567358398438,-249.66240458015267,47.22966030534351,97.26291221374046,0
34253,-11.56285479736328,8.556595642089842,-4.329720971679688,-249.66240458015267,62.04645419847328,59.76672900763359,0
34278,-11.105562280273436,10.029029663085936,-4.463796264648438,-249.66240458015267,58.85561450381679,17.01100381679389,0
34303,-11.560460595703123,10.565330834960935,-5.375987097167969,-249.66240458015267,65.26782824427481,-31.66075190839695,0
34328,-12.008176306152343,11.314715954589843,-5.4813319702148435,-249.66240458015267,63.748744274809155,-80.26380534351145,0
34353,-13.63144503173828,10.637156884765623,-4.459007861328125,-249.66240458015267,89.83271374045802,-134.0271641221374,0
34378,-14.270696874999999,11.707365026855467,-5.1988161743164065,-249.66240458015267,113.11515648854962,-186.11113358778627,0
34403,-16.080713330078126,12.629132666015623,-7.006438427734375,-247.36469465648855,137.06935496183206,-224.83632442748092,0
34428,-14.419137377929687,11.068113183593749,-6.903487756347656,-183.06698473282444,160.8174465648855,-249.24090458015266,0
34453,-14.107891162109375,10.234931005859373,-8.009608923339844,-118.98301526717557,186.20675954198472,-249.24090458015266,0
34479,-13.909172424316406,9.863829748535155,-8.998414208984375,-69.1662213740458,213.67240839694657,-249.24090458015266,0
34504,-11.572431604003906,8.020294470214843,-10.049468737792969,-21.86087786259542,216.91668320610688,-249.24090458015266,0
34529,-10.521377075195312,6.942903723144531,-11.124465283203124,11.360496183206106,228.93958396946564,-249.24090458015266,0
34554,-8.62038095703125,5.891849194335937,-10.940111755371094,45.070419847328246,240.03882061068703,-249.24090458015266,0
34579,-6.5972805541992185,4.6660179443359375,-10.408598986816406,80.62003816793893,251.55027099236642,-249.24090458015266,0
34604,-4.136041247558594,3.4641287109375,-10.238610668945313,118.85667938931297,251.55027099236642,-235.64548473282443,0
34629,-1.6484657226562502,1.6445354492187498,-10.008767309570311,159.9635496183206,251.55027099236642,-173.92792748091603,0
34654,0.42491291503906226,0.9238807495117186,-8.4333826171875,202.20782442748092,251.55027099236642,-101.309606870229,0
34679,1.7345412231445305,0.15773621826171874,-6.573087927246093,217.50553435114503,251.55027099236642,-33.27907251908397,0
34704,3.4847026367187492,-1.4272252807617187,-6.752653051757813,202.00935114503815,251.55027099236642,28.140774809160305,0
34729,4.234087756347655,-1.7312888916015625,-4.50689189453125,196.92538167938932,251.55027099236642,88.62169083969466,0
34754,3.659479357910156,-1.5182049438476561,-3.3457040893554684,188.32232824427481,251.55027099236642,131.484286259542,0
34779,4.025792211914062,-3.2085113159179683,-4.480555676269531,148.66583969465648,251.55027099236642,163.88123282442749,0
34804,2.8550276000976558,-3.8429747558593745,-3.508509802246093,112.70400763358778,251.55027099236642,186.62932442748092,0
34829,1.9428367675781244,-4.087183325195312,-2.1557858642578123,75.94828244274808,181.15332442748092,197.69802671755727,0
34855,2.021845422363281,-5.265130541992187,-1.1286733520507812,36.80324427480916,144.93958396946564,196.24001145038167,0
34880,1.284431311035156,-6.24675322265625,-0.436749072265625,-13.326526717557252,146.59607251908398,187.01863740458015,0
34905,-0.08505203857421906,-6.320973474121093,-0.33619260253906247,-55.53263358778626,115.37469847328245,170.8048969465649,0
34930,-0.6955734619140628,-6.584335656738281,-0.7575720947265625,-88.72347328244275,63.260194656488544,149.4079503816794,0
34955,-2.555868151855469,-6.821361621093749,-0.09916663818359375,-120.74637404580153,44.252561068702285,128.22474427480915,0
34980,-3.073015710449219,-6.445471960449218,-0.4774505004882812,-144.34942748091603,25.535003816793893,104.56825572519084,0
35005,-3.7673341918945313,-6.36167490234375,-0.685746044921875,-159.98301526717557,12.59607251908397,76.73619465648855,0
35030,-4.306029565429688,-6.024092468261718,-1.1597979736328126,-172.36469465648855,29.977751908396947,49.11024045801527,0
35055,-4.614881579589844,-5.696086840820312,-2.950660815429687,-188.05171755725192,72.71820992366412,19.331614503816795,0
35080,-4.705861242675781,-5.976208435058593,-4.85165693359375,-189.96774809160306,76.31362977099236,-17.11113358778626,0
35105,-4.897397375488281,-6.060005493164062,-5.869192639160156,-182.68530534351146,61.7792786259542,-48.37067557251908,0
35130,-4.8159945190429685,-5.700875244140624,-5.806943395996094,-173.525,70.27546183206107,-71.0271641221374,0
35155,-3.156812768554688,-4.951490124511718,-7.818072790527344,-163.82270992366412,91.45103435114504,-90.56151526717557,0
35180,-2.7090970581054687,-4.223652819824219,-8.962501184082031,-147.4868320610687,97.62660687022901,-93.40884351145039,0
35205,-1.5359382446289065,-3.1702040893554684,-9.101364880371094,-125.55553435114504,78.64950763358779,-82.8592251908397,0
35231,-0.26461716308593797,-3.9100124023437495,-10.264946887207032,-101.82270992366412,18.489202290076335,-78.62258396946565,0
35256,0.6164490478515621,-3.4982097167968744,-10.44451201171875,-100.46393129770993,22.847980916030536,-74.80579007633588,0
35281,1.4352660156249994,-2.9714853515624995,-10.504367053222657,-89.78454198473283,-12.9001106870229,-65.53098091603053,0
35306,1.8638281127929686,-3.2109055175781247,-10.00397890625,-86.97538167938932,-13.167286259541985,-57.805790076335875,0
35331,2.3115438232421868,-3.366528625488281,-10.06143974609375,-86.15095419847329,7.138057251908396,-53.7065534351145,0
35356,2.759259533691406,-2.5572884643554685,-10.976024780273438,-82.70820610687024,8.901416030534351,-47.57678244274809,0
35381,2.9507956665039057,-1.8007207397460936,-10.382262768554687,-77.50973282442749,11.351797709923664,-37.51571374045801,0
35406,2.9172768432617184,-1.7719903198242186,-10.695903186035157,-71.33416030534352,6.634240458015267,-27.744721374045803,0
35431,2.8191145751953117,-0.9890863769531251,-10.806036462402343,-61.418129770992365,-5.106217557251908,-17.1035,0
35456,2.471955334472656,-0.27082587890625,-10.760546630859375,-55.983015267175574,-2.1672862595419846,-7.508080152671756,0
35481,2.340274243164062,0.14337100830078123,-10.70547999267578,-50.02881679389313,9.519736641221375,-2.225637404580153,0
35506,2.122401892089843,0.083515966796875,-10.602529321289062,-50.242557251908394,24.000652671755727,-3.118767175572519,0
35531,1.6962339965820306,0.03084353027343749,-10.05425714111328,-42.731106870229006,5.115156488549618,-4.5233473282442755,0
35556,1.3993529907226554,0.22956226806640623,-8.814060681152343,-38.21202290076336,2.6495076335877865,-3.7294541984732823,0
35581,1.2604892944335933,0.4833476440429687,-8.993625805664061,-43.40286259541985,23.76401145038168,-5.935561068702291,0
35606,1.554976098632812,0.4689824340820312,-10.231428063964843,-53.70057251908397,37.05408778625954,-11.523347328244276,0
