t_ms,ax,ay,az,gx,gy,gz,label
0,6.946718237304688,3.6341170288085936,0.48980697021484365,3.261259541984733,0.5960725190839695,0.4995534351145038,0
25,6.812642944335937,3.4473692993164065,0.5903634399414062,4.039885496183206,4.298362595419848,2.5377213740458013,0
50,6.956295043945311,3.4689171142578124,0.5376910034179687,4.849045801526717,6.23729389312977,3.965202290076336,0
75,6.961083447265625,3.4856765258789064,0.6214880615234374,5.032251908396947,4.977751908396947,4.499553435114503,0
100,6.834190759277344,3.5551083740234373,0.7244387329101561,4.4902671755725185,2.1304236641221372,5.2476450381679385,0
125,6.755182104492186,3.588627197265625,0.8465430175781249,4.039885496183206,0.28309541984732833,6.003370229007634,0
150,6.475060510253905,3.787345935058594,0.8992154541015625,4.169656488549618,3.519736641221374,5.39268320610687,0
175,6.704903869628905,4.148870385742187,0.9423110839843749,2.0704198473282442,9.809812977099238,1.7819961832061069,0
200,7.071216723632811,4.57503828125,0.9375226806640624,0.41393129770992365,4.290729007633588,-4.080599236641222,0
225,7.190926806640625,4.481664416503906,0.9854067138671874,2.6353053435114506,-9.182553435114503,-7.805790076335878,0
250,7.188532604980469,3.9118444213867187,0.7435923461914061,3.360496183206107,-6.388660305343512,-6.988996183206107,0
275,6.850950170898437,4.002824084472656,0.9303400756835937,5.986450381679389,-10.59476717557252,-1.5233473282442747,0
300,6.79109512939453,3.90466181640625,0.9447052856445312,4.032251908396947,-2.1214847328244275,5.110240458015267,0
325,6.961083447265625,3.8902966064453124,0.9614646972656249,2.024618320610687,4.672408396946565,10.323980916030534,0
350,6.994602270507811,4.237455847167968,0.8633024291992186,-0.9982824427480915,5.1075229007633585,12.514820610687023,0
375,6.968266052246093,4.0291603027343745,0.9183690673828124,-3.4868320610687022,1.0693549618320612,13.209477099236642,0
401,7.068822521972655,3.801711145019531,0.9830125122070312,-3.273091603053435,0.5579045801526719,11.965202290076336,0
426,7.049668908691406,3.703548876953125,0.8561198242187499,-3.9143129770992364,6.764011450381679,11.110240458015268,0
451,7.171773193359374,4.065073327636719,0.9758299072265624,-2.1585877862595417,5.008286259541984,10.484286259541985,0
476,7.178955798339843,3.8902966064453124,0.9686473022460937,0.3604961832061069,4.489202290076336,11.56825572519084,0
501,7.23881083984375,3.6604532470703126,0.8441488159179686,3.665839694656489,1.954851145038168,13.026270992366412,0
526,7.109523950195311,3.749038708496094,0.9016096557617187,5.9406488549618315,-1.4268282442748093,14.575889312977099,0
551,6.786306726074218,3.705943078613281,0.9638588989257812,3.856679389312977,5.680041984732824,15.927034351145037,0
576,6.6067416015625,3.818470556640625,0.7938705810546874,-0.3952290076335878,17.794545801526716,17.323980916030536,0
601,6.815037145996093,3.6341170288085936,0.8369662109374999,-0.30362595419847327,8.779278625954198,19.01863740458015,0
626,6.391263452148437,3.729885095214844,1.0069545288085937,-0.3341603053435115,4.91668320610687,18.759095419847327,0
651,6.333802612304686,3.1648535034179686,0.8633024291992186,-1.639503816793893,12.970118320610688,17.659858778625953,0
676,6.228457739257812,3.1145752685546877,0.9016096557617187,-2.7540076335877863,21.657141221374047,16.629324427480917,0
701,6.56125177001953,3.10021005859375,0.9806183105468749,-3.051717557251908,25.504469465648857,13.675125954198473,0
726,6.635472021484374,3.4425808959960937,0.8824560424804687,-5.234923664122138,21.038820610687022,11.2171106870229,0
752,6.496608325195312,2.9781057739257815,0.9087922607421874,-5.807442748091604,13.046454198473283,8.949935114503816,0
777,6.4535126953125,2.374766955566406,1.346931164550781,-1.1433206106870228,21.10752290076336,6.667492366412214,0
802,6.7623647094726556,2.446593005371094,1.6605715820312499,3.4826335877862595,31.695309160305342,5.659858778625954,0
827,7.0233326904296876,2.077885949707031,1.7491570434570312,4.688740458015267,33.22966030534351,4.033904580152671,0
852,7.131071765136718,1.8432541870117185,1.7371860351562498,-0.32652671755725193,35.931950381679385,1.3774160305343512,0
877,7.528509240722655,1.6445354492187498,1.9335105712890623,-3.654770992366412,29.59607251908397,-1.4775458015267176,0
902,7.633854113769531,0.8592373046874999,1.816194689941406,-5.166221374045802,18.130423664122137,-5.072965648854963,0
927,7.933129321289061,0.5575678955078125,1.892809143066406,-4.433396946564886,-4.136751908396947,-11.59968320610687,0
952,7.880456884765624,-0.029011511230468745,1.9861830078124998,-3.837977099236641,-8.464996183206106,-17.622583969465648,0
977,8.275500158691404,-0.9747211669921876,1.7395802368164062,-7.3952290076335885,4.58080534351145,-18.088232824427482,0
1002,8.74476368408203,-1.6714338500976562,1.164971838378906,-5.387595419847329,-2.671103053435114,-12.94319465648855,0
1027,8.615476794433594,-1.9659206542968748,1.0739921752929686,-2.18912213740458,-15.068049618320611,-4.996629770992366,0
1052,9.10868233642578,-2.044929309082031,1.0021661254882812,-3.2654580152671753,-3.220721374045801,-0.6149503816793894,0
1077,9.956229724121094,-2.195764013671875,1.2391920898437498,-1.456297709923664,2.7945458015267177,0.7209274809160305,0
1102,9.95862392578125,-2.602778295898437,1.4403050292968749,4.30706106870229,-9.755072519083969,5.972835877862595,0
1128,9.264305444335935,-3.4982097167968744,1.3804499877929686,8.963549618320611,-16.098583969465647,9.698026717557251,0
1153,8.452671081542967,-3.900435595703125,2.0939220825195313,6.742175572519083,6.054087786259542,12.942301526717557,0
1178,9.980171740722657,-3.1175316528320307,1.7850700683593748,-3.1280534351145035,37.82508015267175,4.843064885496183,0
1203,9.987354345703125,-2.7009405639648434,1.4762180541992187,-1.4181297709923664,6.771645038167939,-10.370675572519085,0
1228,8.842925952148438,-3.021763586425781,1.4977658691406248,7.97118320610687,-34.23598854961833,-18.385942748091605,0
1253,6.657019836425781,-0.19421142578124997,2.1394119140625,0.24599236641221373,-17.77033969465649,-22.25617175572519,0
1278,3.9156589355468743,2.408285778808594,3.185678039550781,-28.128053435114502,82.11515648854962,-19.11113358778626,0
1303,1.648349963378906,7.448080273437499,4.998088696289062,-35.059351145038164,148.68767557251908,-5.004263358778626,0
1328,1.590889123535156,14.448725927734374,5.2901812988281245,-19.288358778625952,144.2525610687023,1.9957366412213742,0
1353,1.6172253417968747,18.710404882812497,4.061955847167968,-6.212022900763359,86.33653053435116,-2.248538167938931,0
1379,1.9452309692382812,16.081571459960937,2.934286865234375,-4.479198473282443,18.26019465648855,-15.034797709923664,0
1404,0.9707908935546872,10.914884277343749,5.761839025878905,-7.257824427480917,47.78691221374046,-34.14930152671755,0
1429,4.6243426269531245,4.1799950073242185,5.132163989257812,-7.082251908396947,156.99301908396947,-71.6683854961832,0
1454,8.704062255859373,4.2901282836914065,2.3692552734375,0.13148854961832057,123.82508015267176,-101.62258396946565,0
1479,6.604347399902344,7.845517749023437,2.7834521606445315,10.734541984732823,-106.5795,-88.01953053435115,0
1504,2.459984326171875,7.416955651855469,5.038790124511718,-1.0288167938931299,-209.73980534351145,-38.59204961832061,0
1529,2.3713988647460935,6.392237341308594,3.9135153442382813,-46.65477099236641,-71.30469083969466,-0.7981564885496183,0
1555,5.725675390624999,5.645246423339843,3.142582409667969,-60.34179389312977,3.7105763358778625,12.629324427480915,0
1580,7.296271679687499,5.932550622558594,2.9055564453125,-28.1662213740458,-51.014614503816794,11.957568702290075,0
1605,6.130295471191405,5.793686926269531,2.646982666015625,-0.8150763358778627,-92.23598854961831,8.705660305343512,0
1630,5.907634716796875,6.253373645019531,3.9637935791015626,2.8719465648854965,-28.5795,7.301080152671755,0
1655,6.925170422363281,6.679541540527343,2.8409130004882814,17.20019083969466,-6.884843511450381,11.491919847328244,0
1680,6.740816894531249,5.405826257324219,3.4562228271484376,38.45973282442748,-49.48026335877863,26.88886641221374,0
1705,5.847779675292968,5.676371044921875,3.8129588745117187,44.41393129770992,2.771645038167939,40.74382824427481,0
1730,7.114312353515625,6.715454565429687,3.1976490478515625,38.383396946564886,48.96248473282442,48.76672900763359,0
1755,8.153395874023438,6.01155927734375,2.9462578735351563,47.80324427480916,-3.7245381679389316,50.84306488549618,0
1780,6.6881444580078115,4.86234248046875,2.9797766967773436,44.59713740458015,-19.274156488549618,49.377416030534356,0
1805,6.920382019042967,4.637287524414062,3.2120142578125,27.047519083969465,10.588438931297711,46.86596564885497,0
1830,7.31542529296875,4.050708117675781,3.3125707275390623,21.391030534351145,-5.976446564885496,40.49191984732825,0
1855,6.716874877929686,3.859171984863281,3.0444201416015626,13.482633587786259,-11.854309160305343,32.58352290076336,0
1880,6.259582360839842,3.4952533325195314,2.3931972900390623,3.856679389312977,-12.800874045801526,30.36978244274809,0
1905,6.374504040527342,3.356389636230469,2.4817827514648436,-2.769274809160305,-9.503164122137404,28.094973282442748,0
1931,7.2699354614257805,2.398708972167969,2.137017712402344,3.81087786259542,-18.281790076335877,21.285812977099237,0
1956,6.654625634765623,2.0635207397460937,1.6845135986328124,11.826145038167938,-29.938278625954197,16.438484732824428,0
1981,6.314648999023437,1.3069530151367186,1.3517195678710936,9.963549618320611,-32.7321717557252,13.957568702290075,0
2006,6.793489331054686,1.1609067138671874,2.117864099121094,2.6353053435114506,-7.457362595419847,10.507187022900762,0
2031,7.638642517089843,1.7450919189453125,2.3716494750976564,1.0169847328244275,12.008286259541986,6.759095419847328,0
2056,7.071216723632811,1.8791672119140623,2.244756787109375,7.177290076335877,-16.312324427480917,7.965202290076335,0
2081,6.001008581542968,1.4218746948242187,1.8880207397460935,0.6811068702290076,-20.9001106870229,14.110240458015268,0
2106,7.248387646484374,1.2111849487304687,2.606281237792969,-7.85324427480916,12.947217557251909,15.293446564885496,0
2132,7.4566831909179685,0.9550053710937499,2.7379623291015625,-5.318893129770993,16.993019083969465,15.865965648854962,0
2157,6.666596643066405,0.2678694946289062,2.5224841796875,0.024618320610687028,-1.8619427480916029,20.125507633587787,0
2182,6.6905386596679675,0.8089590698242187,2.3357364501953124,-11.112786259541986,16.39759923664122,18.74382824427481,0
2207,7.296271679687499,0.9047271362304686,1.9191453613281249,-28.532633587786258,37.939583969465644,12.629324427480915,0
2232,7.547662854003906,0.9621879760742187,1.8473193115234374,-29.112786259541984,9.44340076335878,7.148408396946564,0
2257,6.929958825683593,0.1553420166015625,2.0125192260742186,-20.723473282442747,-22.617667938931298,1.4766526717557251,0
2282,6.886863195800781,-0.10083756103515626,2.4291103149414064,-14.219656488549619,-16.85430916030534,-3.0729656488549617,0
2307,7.119100756835937,-0.27322008056640623,2.512907373046875,-14.38759541984733,5.199125954198474,-5.553881679389313,0
2332,7.609912097167968,-0.3450461303710938,2.1058930908203126,-13.158587786259542,9.41286641221374,-5.042431297709924,0
2357,7.856514868164061,-0.8095212524414063,2.2974292236328124,-6.089885496183206,-9.434461832061068,-3.11113358778626,0
2382,7.291483276367187,-0.9388081420898438,2.6038870361328126,-1.7463740458015264,-12.487896946564884,1.545354961832061,0
2407,7.334578906249999,-1.1375268798828124,2.570368212890625,-8.013549618320612,15.76401145038168,4.934667938931297,0
2432,8.01692637939453,-1.07527763671875,2.4913595581054686,-10.944847328244276,23.59607251908397,4.934667938931297,0
2457,8.462247888183594,-0.6634749511718749,2.4147451049804687,-4.921946564885497,0.7334770992366413,2.484286259541985,0
2482,8.179732092285157,-0.7736082275390624,2.184901745605469,1.4520992366412213,-22.76270610687023,-0.8210572519083971,0
2509,8.167761083984374,-0.9196545288085938,2.340524853515625,2.13912213740458,-14.480263358778625,-7.60731679389313,0
2534,8.502949316406248,-0.9531733520507812,2.4482639282226564,1.4520992366412213,16.061721374045803,-10.706553435114504,0
2559,8.749552087402343,-0.8789531005859375,2.5176957763671877,7.001717557251908,27.26782824427481,-6.149301526717558,0
2584,8.77109990234375,-0.8238864624023438,2.3261596435546874,14.902480916030534,16.970118320610688,-2.5080801526717558,0
2609,8.268317553710936,-1.86057578125,2.108287292480469,16.757442748091606,25.367064885496184,-4.050064885496184,0
2634,8.488584106445312,-2.7200941772460934,1.7922526733398436,16.009351145038167,35.86324809160305,-8.492812977099238,0
2660,8.438305871582031,-3.3401924072265623,1.7850700683593748,29.543702290076336,-12.9001106870229,-13.668385496183207,0
2685,7.085581933593748,-5.2220349121093745,1.9071743530273435,38.00935114503817,-50.89247709923664,-21.393576335877864,0
2710,5.833414465332031,-5.059229199218749,2.5176957763671877,15.63530534351145,38.16859160305343,-33.05769847328244,0
2735,8.110300244140625,-3.1031664428710934,2.4027740966796873,-4.4028625954198475,108.80217938931298,-49.240904580152666,0
2760,9.003337463378905,-1.09443125,1.804223681640625,9.360496183206106,-0.3504923664122137,-63.43937786259542,0
2785,5.471890014648436,1.2159733520507812,2.9127390502929686,18.36812977099237,-120.13675190839695,-68.29433969465649,0
2810,0.20464636230468702,4.807275842285156,4.48812374267578,12.29942748091603,-110.70163740458015,-62.75998854961832,0
2835,-1.5263614379882815,10.984316125488279,4.598257019042968,-25.547900763358776,44.15332442748091,-49.08823282442748,0
2860,0.01071602783203085,17.372046154785153,4.454604919433593,-51.02881679389313,133.15332442748092,-32.45464503816794,0
2885,1.595677526855468,17.297825903320312,3.8225356811523437,-49.8074427480916,99.52737022900764,-24.149301526717558,0
2910,3.376963562011718,10.39055411376953,3.549596691894531,-46.99828244274809,96.76401145038169,-33.87449236641221,0
2935,8.39999864501953,4.768968615722656,4.366019458007812,-39.051717557251905,154.91668320610688,-67.87449236641221,0
2960,12.750263061523437,2.98528837890625,1.2846819213867187,-12.02118320610687,109.24492748091603,-100.0653320610687,0
2985,5.292324890136718,9.14556925048828,4.4833353393554685,37.940648854961836,-137.54896564885496,-55.20273664122137,0
3010,1.9787497924804685,5.6236986083984375,5.543966674804687,23.429198473282444,-117.81614122137404,9.820164122137404,0
3036,3.211763647460937,6.021136083984375,4.040408032226562,-21.35706106870229,32.435767175572515,49.262912213740464,0
3061,4.9978380859375,5.676371044921875,4.466575927734374,-29.883778625954196,35.489202290076335,63.011003816793895,0
3086,4.138319689941405,5.523142138671875,4.739514916992187,-19.83034351145038,10.061721374045803,58.6140572519084,0
3111,4.265212377929687,4.225484838867187,4.155329711914062,-19.456297709923664,33.672408396946565,41.35451526717558,0
3136,6.111141857910156,4.237455847167968,4.071532653808593,-19.120419847328243,37.87088167938931,14.499553435114503,0
3161,6.728845886230467,4.32604130859375,4.959781469726562,-0.44103053435114503,-18.167286259541985,-6.057698473282443,0
3186,6.915593615722655,4.895861303710937,5.089068359374999,2.6963740458015266,-25.56423282442748,-14.286706106870229,0
3211,7.822996044921875,5.774533312988281,5.010059704589843,1.2994274809160307,-51.190187022900766,-8.805790076335878,0
3236,7.4782310058593735,6.763338598632813,4.957387268066405,5.543702290076335,-102.4649961832061,4.614057251908397,0
3261,6.372109838867186,7.383436828613281,4.672477270507812,-2.9219465648854963,-86.27415648854961,18.140774809160305,0
3286,6.228457739257812,6.638840112304687,4.179271728515625,-12.631870229007633,-52.45736259541985,30.148408396946564,0
3311,6.657019836425781,5.6236986083984375,3.65254736328125,-8.731106870229008,-46.48789694656489,41.22474427480916,0
3336,6.357744628906249,5.85833037109375,3.3221475341796873,-0.7998091603053435,-47.96881297709924,51.636958015267176,0
3361,6.953900842285155,4.259003662109375,3.204831652832031,12.032251908396946,-56.22835496183206,53.14840839694657,0
3386,6.185362109374998,3.701154675292969,2.8073941772460937,12.711641221374045,-25.88484351145038,46.20947709923664,0
3411,6.398446057128905,4.263792065429687,2.1920843505859375,8.497900763358778,-6.923011450381679,40.011003816793895,0
3437,6.7599705078125,2.9924709838867187,2.3285538452148438,16.536068702290077,-50.34285877862596,34.49955343511451,0
3462,5.89087530517578,2.1688656127929686,2.4626291381835936,19.5131679389313,-46.869576335877866,30.55298854961832,0
3487,5.835808666992187,2.5758798950195314,1.9646351928710934,13.849045801526717,-14.106217557251908,29.614057251908395,0
3512,6.503790930175781,2.9972593872070314,1.3038355346679686,5.497900763358778,-11.56423282442748,27.24764503816794,0
3537,6.2954953857421865,1.271039990234375,1.6462063720703124,12.421564885496183,-48.70927099236641,23.08733969465649,0
3562,5.792713037109375,1.1992139404296873,2.00533662109375,17.955916030534354,-34.747438931297715,18.06443893129771,0
3587,6.841373364257811,1.7139672973632811,1.555226708984375,18.108587786259545,-5.9001106870229005,13.743828244274809,0
3612,6.831796557617186,1.4601819213867187,1.0548385620117187,18.543702290076336,-20.678736641221374,12.87359923664122,0
3637,6.422388073730468,0.8855735229492186,0.7842937744140625,10.154389312977099,-27.40392748091603,13.03390458015267,0
3662,6.250005554199219,0.31575352783203126,0.5951518432617187,-1.0517175572519086,-7.777973282442748,7.820164122137404,0
3687,7.068822521972655,0.32054193115234375,0.4610765502929687,-5.212022900763359,-5.503164122137404,1.1484083969465648,0
3712,7.35373251953125,0.31575352783203126,0.6526126831054687,1.0246183206106871,-28.07568320610687,-3.8057900763358776,0
3737,6.915593615722655,0.44504041748046874,0.8920328491210937,4.780343511450381,-14.045148854961832,-6.355408396946565,0
3762,7.782294616699217,0.2678694946289062,0.5640272216796874,3.7956106870229007,24.252561068702292,-8.248538167938932,0
3787,8.031291589355469,0.17210142822265623,0.6597952880859375,13.268893129770992,2.107522900763359,-4.43937786259542,0
3813,7.356126721191406,0.5862983154296875,1.2798935180664062,14.887213740458014,-11.281790076335877,2.7896297709923665,0
3838,7.38485714111328,0.11464058837890624,1.5288904907226561,5.910114503816794,24.30599618320611,3.6751259541984735,0
3863,7.66019033203125,0.7491040283203124,1.3804499877929686,-3.631870229007634,50.01591984732824,3.530087786259542,0
3888,8.1390306640625,0.6533359619140624,1.5600151123046875,-2.7616412213740458,30.855614503816795,4.079706106870229,0
3913,7.949888732910156,0.5288374755859374,1.6605715820312499,-1.2043893129770993,15.59607251908397,2.278179389312977,0
3938,7.904398901367187,0.5240490722656249,1.8688671264648435,-6.273091603053436,20.10752290076336,-0.1569351145038168,0
3963,8.179732092285157,0.2894173095703125,1.6031107421875,-10.013549618320612,19.359431297709925,-1.6454847328244275,0
3988,8.186914697265625,-0.0745013427734375,1.5336788940429686,-5.677671755725191,-0.8161412213740458,-1.6225839694656488,0
4013,7.609912097167968,-0.48390982666015625,1.593533935546875,-3.6776717557251906,-4.800874045801526,-0.6225839694656489,0
4038,7.834967053222656,-0.7353010009765625,1.5408614990234373,-2.822709923664122,5.680041984732824,1.514820610687023,0
4063,8.244375537109374,-1.065700830078125,1.4786122558593748,2.6047709923664124,4.389965648854962,1.5529885496183207,0
4088,8.103117639160157,-1.5852425903320313,1.3589021728515625,12.64293893129771,-14.724538167938931,-0.21800381679389325,0
4113,7.437529577636718,-2.2244944335937498,1.7252150268554687,17.00935114503817,-9.350492366412213,0.5758893129770992,0
4138,7.5524512573242175,-2.4615203979492186,1.7419744384765623,13.475,9.702942748091603,2.4079503816793895,0
4163,8.54125654296875,-1.9611322509765625,1.9430873779296873,2.9177480916030536,28.527370229007634,2.1560419847328243,0
4188,8.862079565429685,-2.485462414550781,1.8784439331054685,1.4979007633587784,17.54263740458015,0.13314122137404572,0
4214,8.529285534667967,-4.40800634765625,1.6845135986328124,12.81851145038168,-21.04514885496183,2.39268320610687,0
4239,6.755182104492186,-5.047258190917968,2.340524853515625,10.62767175572519,-16.58713358778626,9.003370229007633,0
4264,7.327396301269531,-4.728829370117187,3.0539969482421876,-13.975381679389313,66.58080534351146,15.636958015267176,0
4289,9.096711328125,-4.142249963378906,2.2591219970703125,-31.402862595419847,99.12279007633589,15.430851145038167,0
4314,8.77109990234375,-5.566799951171874,2.08195107421875,-13.71583969465649,42.35943129770992,10.507187022900762,0
4339,10.688855432128904,-2.5477116577148435,2.8361245971679687,1.4673664122137404,30.61133969465649,-8.988996183206106,0
4364,10.990524841308591,-2.313079895019531,2.6757130859375002,0.4902671755725191,16.794545801526716,-38.03479770992366,0
4389,7.906793103027343,-0.7736082275390624,4.140964501953125,7.620038167938931,-15.487896946564884,-36.607316793893126,0
4414,5.158249597167968,1.2542805786132811,3.8392950927734373,12.681106870229007,-9.533698473282442,-14.095866412213741,0
4439,1.497515258789062,9.296403955078123,4.088292065429687,8.910114503816793,-17.251255725190838,20.43085114503817,0
4464,-0.9062632080078128,19.478943615722656,4.524036767578124,-18.066984732824427,12.176225190839695,43.81253053435115,0
4489,2.5270219726562493,19.119813366699216,3.8105646728515623,-39.31889312977099,68.48920229007634,22.033904580152672,0
4514,4.5692759887695304,11.669057800292967,2.4913595581054686,-32.08988549618321,53.00828625954198,-29.25617175572519,0
4539,7.861303271484375,4.069861730957031,2.060403259277344,-26.70057251908397,70.50446946564885,-89.92029389312977,0
4564,11.390356518554686,-0.13435638427734373,1.2655283081054687,-1.4257633587786258,49.95485114503816,-145.55388167938932,0
4590,5.115153967285155,6.871077673339843,3.11624619140625,13.413931297709924,-43.205454198473284,-127.2180038167939,0
4615,4.528574560546875,5.82002314453125,5.002877099609375,11.047519083969465,-102.37339312977099,-53.57678244274809,0
4640,7.425558569335936,4.187177612304687,3.4849532470703126,-25.372328244274808,-0.7398053435114504,-0.4088435114503818,0
4665,7.846938061523436,4.2350616455078125,3.0348433349609376,-23.761641221374045,-43.63293511450382,25.766729007633586,0
4690,5.481466821289062,4.1416877807617185,3.489741650390625,-15.418129770992367,-62.79324045801527,39.08733969465649,0
4715,3.977908178710937,3.71312568359375,2.9199216552734377,-17.555534351145038,-12.029881679389312,43.2171106870229,0
4741,5.488649426269531,2.8512130859375002,2.3141886352539065,-22.67767175572519,36.91668320610687,31.8965,0
4766,6.570828576660156,2.41067998046875,2.6517710693359375,-3.7616412213740458,19.038820610687022,7.812530534351144,0
4791,6.103959252929687,2.839242077636719,2.915133251953125,19.108587786259545,0.7258435114503817,-19.248538167938932,0
4816,6.290706982421875,3.272592578125,2.5536088012695313,22.528435114503818,23.351797709923666,-37.477545801526716,0
4841,7.016150085449218,3.550319970703125,2.635011657714844,31.16965648854962,3.1914923664122137,-45.309606870229004,0
4866,6.544492358398437,4.244638452148437,3.49931845703125,46.68110687022901,-26.04514885496183,-44.45464503816794,0
4891,6.345773620605468,5.123310461425781,2.8624608154296873,45.513167938931296,-9.396293893129771,-41.240904580152666,0
4916,6.3697156372070305,4.694748364257812,2.697260900878906,31.307061068702293,9.382332061068702,-25.874492366412213,0
4941,6.953900842285155,4.773757019042969,3.741132824707031,35.024618320610685,12.44340076335878,-7.370675572519085,0
4966,6.582799584960937,6.193518603515625,2.9773824951171877,36.81851145038168,26.672408396946565,10.949935114503816,0
4991,6.633077819824218,5.6093333984375,2.0005482177734377,21.16202290076336,29.26019465648855,30.88886641221374,0
5016,6.460695300292968,4.108168957519531,3.183283837890625,15.62767175572519,29.550270992366414,45.54535496183206,0
5041,6.427176477050781,4.577432482910156,3.113851989746094,16.070419847328246,54.565538167938925,49.96520229007634,0
5066,7.162196386718748,5.884666589355469,2.4027740966796873,14.169656488549618,37.01591984732824,46.690393129770996,0
5092,7.054457312011718,3.1433056884765627,2.170536535644531,12.780343511450381,-12.22835496183206,38.46138549618321,0
5117,5.960307153320312,3.1983723266601563,2.668530480957031,12.97118320610687,-12.56423282442748,30.453751908396946,0
5142,6.003402783203124,4.05789072265625,2.644588464355469,5.024618320610687,21.970118320610688,25.621690839694658,0
5167,7.169378991699218,4.2302732421875,2.8887970336914064,8.894847328244275,-0.4497290076335876,21.38504961832061,0
5192,6.554069165039063,3.294140393066406,2.1777191406250003,16.184923664122138,-46.80087404580153,21.285812977099237,0
5217,5.819049255371094,2.7985406494140626,1.842530908203125,5.986450381679389,-58.48789694656489,28.438484732824428,0
5242,5.950730346679687,2.2406916625976563,3.1593418212890625,-5.441030534351145,-36.91537786259542,35.827797709923665,0
5267,6.621106811523437,1.321318225097656,3.3652431640625,-2.8456106870229005,-13.495530534351145,39.568255725190845,0
5292,7.1957152099609365,1.539190576171875,2.8504898071289064,5.421564885496183,-18.953545801526715,36.507187022900766,0
5317,7.040092102050781,2.015636706542969,2.3955914916992187,3.0322519083969466,-23.991713740458014,27.73619465648855,0
5342,7.147831176757811,1.4577877197265623,2.38840888671875,-0.9219465648854962,-22.785606870229007,16.55298854961832,0
5367,7.502173022460936,1.302164611816406,2.4338987182617187,4.742175572519083,-25.03751526717557,6.003370229007634,0
5392,6.850950170898437,1.4266630981445312,2.263910400390625,10.711641221374045,-33.2207213740458,-1.6836526717557252,0
5417,7.188532604980469,0.9119097412109374,2.539243591308594,13.719274809160305,-25.510797709923665,-6.3172404580152675,0
5442,7.480625207519531,0.9669763793945312,2.551214599609375,16.726908396946566,-20.632935114503816,-9.660751908396946,0
5468,7.480625207519531,1.0124662109375,2.3572842651367187,13.391030534351145,-22.839041984732823,-8.248538167938932,0
5493,7.557239660644531,1.1058400756835938,1.9550583862304687,3.948282442748092,-30.64056870229008,-6.134034351145038,0
5518,7.918764111328124,0.5144722656249999,2.3141886352539065,-3.089885496183206,-32.76270610687023,-6.561515267175573,0
5543,8.119877050781248,0.4689824340820312,2.3237654418945315,-4.471564885496184,-35.48789694656489,-7.958461832061069,0
5568,8.220433520507811,0.5360200805664063,1.911962756347656,-6.357061068702291,-44.197820610687025,-9.637851145038168,0
5593,8.071993017578123,0.7347388183593749,1.3732673828125,-15.04408396946565,-46.571866412213744,-12.301973282442749,0
5618,7.9474945312499985,0.581509912109375,0.8441488159179686,-23.044083969465646,-51.83904198473283,-12.691286259541986,0
5643,7.676949743652343,0.8759967163085937,0.5759982299804687,-30.311259541984732,-50.03751526717558,-10.958461832061069,0
5668,7.624277307128906,1.1585125122070312,0.21926218261718747,-38.555534351145035,-39.5795,-10.905026717557252,0
5693,7.427952770996092,0.9023329345703124,-0.16620428466796874,-41.59370229007634,-33.197820610687025,-10.676019083969466,0
5718,7.571604870605468,0.4737708374023437,-0.027340588378906253,-38.929580152671754,-21.26652290076336,-9.882125954198473,0
5743,8.043262597656248,0.21519705810546874,0.05166806640624999,-28.540267175572517,-20.663469465648856,-9.042431297709925,0
5768,7.923552514648438,0.08112176513671873,-0.14226226806640624,-18.738740458015265,-24.984080152671755,-7.057698473282443,0
5793,7.533297644042968,-0.6395329345703125,0.15461873779296872,-13.250190839694657,-7.014614503816793,-1.7141870229007634,0
5818,7.772717810058594,-0.7257241943359375,0.195320166015625,-8.921946564885497,17.27546183206107,3.5071870229007636,0
5844,8.328172595214841,-1.142315283203125,0.09236949462890623,-7.295992366412214,24.054087786259544,5.491919847328244,0
5869,8.428729064941404,-0.9842979736328126,0.24080999755859375,-8.219656488549619,26.466301526717558,7.05680534351145,0
5894,9.984960144042969,-1.027393603515625,0.3222128540039062,-9.593702290076337,19.000652671755727,4.873599236641221,0
5919,9.594705273437498,-0.9076835205078124,0.14025352783203124,-17.234923664122135,6.725843511450382,5.255278625954198,0
5944,9.92510510253906,-2.121543762207031,0.0013898315429687474,-29.547900763358776,25.878515267175572,8.270545801526717,0
5969,9.501331408691406,-2.7895260253906247,0.03969705810546874,-18.64713740458015,14.275461832061069,15.40031679389313,0
5994,9.527667626953125,-2.5764420776367185,-0.283520166015625,-2.3723282442748093,10.336530534351146,17.08733969465649,0
6019,9.154172167968749,-2.641085522460937,-0.5947663818359374,-2.883778625954198,55.481568702290076,9.667492366412214,0
6044,9.168537377929688,-3.5365169433593744,-0.6115257934570313,5.032251908396947,67.36706488549619,10.453751908396946,0
6069,9.908345690917969,-4.206893408203125,-1.0544531005859374,30.84141221374046,-8.381026717557251,10.957568702290075,0
6094,7.57639327392578,-3.8333979492187495,-0.21648251953125,29.84141221374046,-74.25888931297709,-0.14930152671755736,0
6119,5.191768420410155,-1.9898626708984375,1.854501916503906,-16.074618320610686,32.69530916030534,-9.828690839694657,0
6145,4.650678845214843,1.321318225097656,2.9582288818359377,-38.51736641221374,91.58843893129772,-7.851591603053436,0
6170,1.8207324829101559,6.195912805175781,4.377990466308593,-23.34179389312977,89.68767557251908,8.575889312977099,0
6195,0.11845510253906211,12.59321964111328,5.484111633300781,1.8337786259541984,100.44340076335878,27.58352290076336,0
6220,0.252530395507812,18.94503664550781,4.998088696289062,18.887213740458016,106.03118702290077,35.392683206106874,0
6245,2.7305291137695304,18.640973034667965,3.8967559326171877,18.245992366412214,122.61897328244275,20.08733969465649,0
6270,7.329790502929687,9.47118067626953,1.631841162109375,17.803244274809163,94.38233206106871,-22.355408396946565,0
6295,12.695196423339844,-2.447155187988281,-2.2970437622070308,9.001717557251908,71.12279007633589,-90.49281297709923,0
6320,10.854055346679687,2.5974277099609377,-0.38886503906250003,10.13912213740458,-31.724538167938928,-147.64548473282443,0
6345,3.542163476562499,7.7258076660156245,6.786557336425781,57.32996183206107,-239.5795,-107.50808015267175,0
6370,2.8598160034179685,4.002824084472656,5.524813061523437,33.894847328244275,-84.91537786259542,-49.172202290076335,0
6396,5.072058337402343,4.97726416015625,2.9103448486328127,-0.15858778625954195,50.298362595419846,-4.9737290076335885,0
6421,7.253176049804687,4.661229541015625,2.4219277099609378,-0.9677480916030535,27.11515648854962,11.255278625954197,0
6446,6.41520546875,4.761786010742187,2.4027740966796873,19.612404580152674,-41.99171374045802,7.522454198473282,0
6471,5.1103655639648435,4.002824084472656,2.5176957763671877,24.16965648854962,-40.930645038167945,-0.11113358778625948,0
6496,5.62272471923828,3.428215686035156,2.6852898925781252,16.910114503816796,4.412866412213741,-10.27907251908397,0
6521,6.537309753417968,4.084226940917969,2.3764378784179687,18.749809160305343,23.30599618320611,-21.77525572519084,0
6546,6.4535126953125,5.1185220581054685,2.170536535644531,25.849045801526717,2.2296603053435113,-32.53861450381679,0
6571,6.467877905273437,5.199924914550781,2.4793885498046877,30.558969465648858,-15.04514885496183,-38.27143893129771,0
6596,6.499002526855468,5.690736254882812,2.716414514160156,35.85667938931298,-21.93064503816794,-39.34014122137404,0
6621,6.132689672851561,6.471245996093749,1.7659164550781248,30.52080152671756,-21.88484351145038,-35.935561068702285,0
6646,5.208527832031249,6.447303979492188,1.9143569580078124,8.894847328244275,-6.823774809160305,-24.93556106870229,0
6671,6.973054455566406,5.788898522949219,2.9558346801757813,8.520801526717557,14.741110687022902,-19.13403435114504,0
6696,7.54526865234375,6.732213977050781,2.474600146484375,21.36812977099237,14.25256106870229,-10.866858778625955,0
6721,6.678567651367186,6.780098010253906,1.6821193969726562,15.513167938931298,-7.632935114503816,10.514820610687023,0
6746,5.8645390869140614,5.89663759765625,1.804223681640625,2.30706106870229,-7.5718664122137405,34.9346679389313,0
6772,7.166984790039062,4.776151220703125,2.5176957763671877,-3.8074427480916033,38.51210305343511,45.827797709923665,0
6797,7.772717810058594,6.310834484863281,1.9478757812499998,7.261259541984733,16.527370229007634,51.41558396946565,0
6822,7.224445629882811,5.8487535644531246,1.095539990234375,7.849045801526717,-34.80087404580153,57.11024045801527,0
6847,6.333802612304686,5.125704663085937,1.4091804077148435,-0.2654580152671756,-45.85430916030535,60.78199618320611,0
6872,6.477454711914063,4.033948706054687,1.586351330566406,-7.311259541984733,-9.823774809160305,60.40031679389313,0
6897,6.6306836181640625,3.86635458984375,1.2511630981445312,-5.830343511450382,2.6647748091603054,57.36214885496184,0
6922,7.116706555175781,3.971699462890625,1.3972093994140624,-0.9677480916030535,-10.121484732824428,49.99573664122138,0
6947,7.449500585937499,2.475323425292969,1.6869078002929687,8.14675572519084,-18.991713740458014,42.04153816793893,0
6972,6.956295043945311,2.0898569580078123,1.624658557128906,15.360496183206106,-17.77033969465649,39.59879007633588,0
6997,6.975448657226562,2.039578723144531,1.2631341064453123,14.398664122137404,-18.24362213740458,39.41558396946565,0
7022,7.155013781738281,2.1281641845703123,0.7316213378906249,4.215458015267175,-9.190187022900762,38.339248091603054,0
7047,7.332184704589843,1.0531676391601563,0.42995192871093746,-2.8456106870229005,-8.342858778625954,37.560622137404586,0
7072,7.0472747070312485,0.29899411621093747,0.33418386230468744,-5.53263358778626,-17.831408396946564,37.18657633587787,0
7097,6.803066137695311,-0.06971293945312501,0.4514997436523437,-15.120419847328245,-3.449729007633588,32.31634732824428,0
7122,6.937141430664062,-0.3354693237304688,0.7076793212890624,-23.4486641221374,6.8785152671755725,28.04917175572519,0
7148,7.20050361328125,-0.8190980590820313,0.7196503295898437,-23.1662213740458,-4.09095038167939,23.972835877862597,0
7173,6.6689908447265625,-1.1351326782226563,0.6406416748046875,-25.654770992366412,-4.76270610687023,19.491919847328244,0
7198,7.504567224121092,-2.0185930908203122,1.1841254516601563,-28.433396946564883,17.176225190839695,11.423217557251908,0
7223,7.9474945312499985,-1.8222685546875,1.2032790649414062,-22.937213740458013,19.57317175572519,3.881232824427481,0
7248,8.134242260742187,-1.9539496459960939,1.0524443603515623,-18.044083969465646,18.702942748091605,-1.5920496183206105,0
7273,8.364085620117187,-2.5764420776367185,1.5815629272460936,-10.120419847328245,11.046454198473283,-5.630217557251909,0
7298,8.615476794433594,-2.930783923339843,1.7611280517578123,-0.30362595419847327,-0.5031641221374046,-5.935561068702291,0
7323,8.411969653320313,-2.8637462768554682,1.5384672973632811,0.22309160305343512,-5.029881679389312,-3.77525572519084,0
7348,7.906793103027343,-3.0552824096679685,1.7012730102539062,-3.608969465648855,-0.8924770992366411,0.20947709923664115,0
7373,7.825390246582031,-3.6011603881835934,1.404392004394531,-9.059351145038168,22.481568702290076,4.850698473282443,0
7398,7.480625207519531,-3.5173633300781244,1.2966529296874998,-15.425763358778626,38.45103435114503,6.346881679389313,0
7423,6.9491124389648435,-2.679392749023437,1.363690576171875,-35.608969465648855,107.9701183206107,-1.370675572519084,0
7448,9.211633007812498,-2.044929309082031,1.2774993164062498,-35.929580152671754,159.19912595419848,-8.26380534351145,0
7473,9.316977880859373,-1.2859673828125,1.5145252807617187,5.696374045801527,50.748744274809155,-7.4241106870229014,0
7498,6.458301098632812,-1.5804541870117186,2.716414514160156,22.50553435114504,5.718209923664123,-7.77525572519084,0
7524,7.365703527832031,-0.5078518432617187,3.9159095458984376,3.910114503816794,78.12279007633589,-27.653118320610687,0
7549,9.482177795410156,0.7347388183593749,4.442633911132812,7.902480916030534,40.557904580152666,-52.6302175572519,0
7574,7.58357587890625,0.21040865478515625,4.624593237304687,24.650572519083973,-43.571866412213744,-60.89739312977099,0
7599,6.003402783203124,-0.8478284790039062,5.024424914550781,28.284160305343512,-37.71690458015267,-57.83632442748091,0
7624,7.042486303710937,0.8903619262695311,5.038790124511718,7.620038167938931,59.16859160305343,-55.240904580152666,0
7649,7.815813439941405,0.43067520751953126,4.835282983398437,5.650572519083969,52.3823320610687,-44.492812977099234,0
7674,5.81426085205078,-1.3003325927734375,5.239903063964843,23.245992366412214,20.283095419847328,-25.714187022900763,0
7699,2.811931970214843,2.1377409912109377,5.706772387695312,30.32996183206107,20.054087786259544,-11.77525572519084,0
7724,1.322738537597656,7.285274560546875,5.5726970947265615,26.398664122137404,8.802179389312977,-9.408843511450382,0
7749,0.1615507324218748,14.755183740234374,5.3260943237304685,14.581870229007633,3.023553435114504,-13.210370229007633,0
7774,1.538216687011718,17.06079993896484,5.057943737792968,-12.50973282442748,47.84798091603053,-28.034797709923666,0
7799,4.930800439453124,11.036988562011718,3.7363444213867187,-42.425763358778624,106.72584351145039,-58.179835877862594,0
7824,6.953900842285155,6.3563243164062495,1.6988788085937498,-63.50973282442748,102.67240839694657,-88.09586641221374,0
7849,12.470141467285156,1.6924194824218748,1.1841254516601563,-64.74637404580153,48.7792786259542,-124.87449236641221,0
7874,5.66821455078125,6.657993725585937,3.2838403076171874,-5.456297709923665,-219.16728625954198,-101.8592251908397,0
7899,0.7098229125976561,3.9836704711914064,5.127375585937499,-4.303625954198473,-206.4878969465649,-33.88212595419847,0
7925,2.941218859863281,5.240626342773437,3.087515771484375,-59.77690839694657,62.03118702290076,6.873599236641221,0
7950,7.878062683105468,5.152040881347656,2.0292786376953127,-44.71583969465649,41.63424045801526,23.86596564885496,0
7975,7.301060083007811,5.216684326171875,2.8026057739257815,-22.112786259541984,-18.503164122137402,24.110240458015266,0
8000,5.450342199707031,4.5367310546874995,3.5112894653320312,-6.013549618320611,-34.86194274809161,27.614057251908395,0
8025,4.195780529785155,4.261397863769531,4.375596264648437,2.009351145038168,-6.1138511450381685,32.23237786259542,0
8050,5.028962707519531,4.151264587402344,4.090686267089843,2.6276717557251907,37.85561450381679,26.278179389312978,0
8075,6.058469421386717,4.481664416503906,3.700431396484375,11.177290076335877,23.29836259541985,17.797263358778626,0
8100,5.627513122558594,4.165629797363281,3.9853413940429685,26.894847328244275,-27.365759541984733,10.247645038167938,0
8125,4.985867077636718,4.385896350097656,3.8392950927734373,29.345229007633588,-44.9764465648855,6.293446564885496,0
8150,4.724899096679687,4.984446765136719,3.777045849609375,20.391030534351145,-33.22835496183206,9.346881679389313,0
8175,4.274789184570312,6.109721545410156,4.038013830566406,22.383396946564886,-53.54133206106871,19.255278625954197,0
8200,3.300349108886718,6.827982043457031,2.697260900878906,20.84141221374046,-82.10621755725191,35.644591603053435,0
8225,3.8941111206054684,4.857554077148437,2.972594091796875,7.95591603053435,-57.22835496183206,45.73619465648855,0
8250,5.842991271972656,4.390684753417968,3.056391149902344,10.28416030534351,-11.365759541984731,38.003370229007636,0
8276,7.040092102050781,5.726649279785156,2.589521826171875,21.36049618320611,-7.945912213740458,24.033904580152672,0
8301,7.186138403320311,5.365124829101562,2.9773824951171877,29.85667938931298,-36.006980916030535,19.507187022900762,0
8326,7.064034118652343,5.020359790039063,3.7938052612304687,31.925381679389314,-17.58713358778626,21.003370229007633,0
8351,7.854120666503905,5.6093333984375,4.081109460449218,25.955916030534354,23.24492748091603,26.04153816793893,0
8376,9.113470739746091,4.278157275390625,3.563961901855469,26.01698473282443,28.328896946564885,28.598790076335877,0
8401,9.123047546386719,3.44497509765625,3.5184720703125,35.16202290076336,10.084622137404581,29.995736641221374,0
8426,8.70645645751953,3.1600651000976563,3.2575040893554688,34.16202290076336,21.64950763358779,32.62169083969466,0
8451,9.331343090820312,2.7003783813476563,3.4466460205078127,30.20782442748092,34.69530916030534,32.35451526717557,0
8476,8.70645645751953,1.4529993164062498,3.544808288574219,32.23835877862595,19.328896946564885,32.385049618320615,0
8501,7.837361254882812,0.8975445312499999,3.0420259399414062,24.31469465648855,19.725843511450382,34.27817938931298,0
8526,7.7775062133789055,0.6629127685546874,2.8600666137695314,7.879580152671755,29.657141221374047,30.598790076335877,0
8551,8.426334863281248,0.9645821777343749,2.658953674316406,-5.914312977099237,19.07698854961832,18.484286259541985,0
8576,7.770323608398436,0.5862983154296875,2.1154698974609376,-10.448664122137405,-33.46499618320611,8.934667938931298,0
8601,6.3002837890625,-0.007463696289062516,2.0867394775390626,-19.51736641221374,-51.67110305343512,6.423217557251908,0
8626,6.3002837890625,-0.2923736938476562,2.3572842651367187,-27.02118320610687,-28.90774427480916,4.163675572519084,0
8651,6.82940235595703,-0.43841999511718754,2.4506581298828127,-25.67767175572519,-13.686370229007633,-0.08059923664122137,0
8677,7.030515295410155,-0.5461590698242188,2.208843762207031,-19.4868320610687,-22.434461832061068,-2.416477099236641,0
8702,6.664202441406249,-0.280402685546875,2.299823425292969,-19.349427480916027,-29.40392748091603,-3.233270992366412,0
8727,6.5780111816406235,-0.23970125732421874,2.299823425292969,-32.69293893129771,2.8861488549618324,-3.4012099236641222,0
8752,7.595546887207031,0.026055126953124993,1.9909714111328125,-39.59370229007634,13.863248091603054,-4.408843511450382,0
8777,8.033685791015625,-0.21097083740234376,1.8018294799804686,-27.32652671755725,-34.64820229007634,-9.195103053435115,0
8802,6.853344372558593,-0.61559091796875,1.7228208251953123,-17.68530534351145,-52.938278625954204,-9.988996183206106,0
8827,6.333802612304686,-1.1255558715820313,1.816194689941406,-21.418129770992365,-4.289423664122138,-4.721820610687023,0
8852,7.0999471435546875,-0.8190980590820313,1.911962756347656,-21.807442748091603,34.252561068702285,0.5911564885496183,0
8877,7.988195959472656,-1.4320136840820312,1.7970410766601561,-6.212022900763359,7.664774809160306,4.461385496183206,0
8902,7.032909497070311,-1.6594628417968749,1.8568961181640624,4.261259541984733,-5.152019083969465,8.06443893129771,0
8927,7.169378991699218,-1.8174801513671874,2.1058930908203126,3.9024809160305343,13.298362595419848,10.675125954198473,0
8952,7.954677136230468,-1.4344078857421874,2.3381306518554688,-0.891412213740458,28.817446564885497,10.56062213740458,0
8977,9.34570830078125,-1.336245617675781,2.2591219970703125,-3.2043893129770993,20.130423664122137,4.362148854961832,0
9002,8.80222452392578,-1.7791729248046875,2.110681494140625,5.497900763358778,-16.08331679389313,-1.8439580152671753,0
9027,7.588364282226562,-2.581230480957031,2.4051682983398437,11.879580152671755,-19.35049236641221,-0.7523549618320612,0
9053,7.325002099609374,-2.8613520751953123,2.5536088012695313,3.116221374045802,46.115156488549616,-3.4622786259541987,0
9078,9.225998217773437,-2.18618720703125,2.4865711547851563,0.940648854961832,73.97775190839695,-8.347774809160306,0
9103,9.331343090820312,-2.6650275390625,2.6014928344726562,31.52080152671756,-25.41919465648855,-9.156935114503817,0
9128,5.6179363159179685,-3.2683663574218746,3.3652431640625,36.948282442748095,-44.34285877862596,-12.44701145038168,0
9153,6.020162194824217,-1.525387548828125,4.119416687011718,-16.410496183206106,135.8403473282443,-18.92792748091603,0
9178,9.489360400390623,0.026055126953124993,4.006889208984375,-19.63187022900763,117.55790458015268,-22.492812977099238,0
9203,7.219657226562499,-1.1878051147460937,4.363625256347656,6.360496183206107,22.878515267175572,-25.63785114503817,0
9228,3.5948359130859373,-1.2811789794921875,4.567132397460937,11.261259541984732,19.57317175572519,-26.744721374045803,0
9253,1.5645529052734375,1.742697717285156,5.134558190917968,-15.624236641221374,107.48920229007634,-25.56914885496183,0
9278,2.495897351074218,8.154369763183592,4.935839453124999,-21.00591603053435,56.122790076335875,-16.63021755725191,0
9303,-0.7769763183593752,17.31697951660156,5.903096923828125,-7.471564885496184,-53.571866412213744,4.484286259541984,0
9328,-3.6284704956054687,19.74410144958496,7.631710522460937,-43.07461832061068,80.56553816793894,15.308713740458014,0
9353,8.117482849121092,9.863829748535155,5.915067932128905,-83.30362595419848,251.55027099236642,-28.355408396946565,0
9378,16.98740144958496,-3.2180881225585933,0.48501856689453116,-6.921946564885497,32.863248091603054,-149.95846183206106,0
9403,9.407957543945312,6.215066418457031,3.2862345092773437,21.20782442748092,-208.26652290076336,-181.04243129770992,0
9428,0.027475439453124473,4.069861730957031,9.099356140136718,0.8872137404580153,-178.83904198473283,-60.14930152671755,0
9453,6.326620007324219,5.7625623046875,4.33489483642578,-48.051717557251905,63.481568702290076,23.438484732824428,0
9479,8.028897387695313,4.82403525390625,2.5081189697265627,-20.83034351145038,-24.11385114503817,50.95756870229008,0
9504,4.954742456054687,4.756997607421875,3.554385095214844,1.2688931297709924,-55.747438931297715,57.11024045801527,0
9529,3.5589228881835933,4.007612487792969,3.9039385375976563,15.062786259541985,-24.144385496183205,49.07970610687023,0
9554,3.8222850708007803,2.9421927490234374,4.073926855468749,22.154389312977102,-11.71690458015267,26.08733969465649,0
9579,4.447171704101562,2.326882922363281,4.188848535156249,23.413931297709926,-11.029881679389312,-0.08059923664122137,0
9604,5.117548168945312,3.033172412109375,4.337289038085937,19.13912213740458,-4.716904580152672,-21.40884351145038,0
9629,5.66821455078125,3.801711145019531,4.217578955078125,23.574236641221376,-25.342858778625953,-35.39357633587786,0
9654,6.056075219726561,3.933392236328125,3.9087269409179686,30.16202290076336,-39.23598854961833,-41.9508282442748,0
9679,5.596388500976562,5.147252478027344,3.166524426269531,29.406297709923667,-39.877209923664125,-39.50808015267175,0
9704,5.708915979003906,4.943745336914063,4.0332254272460935,23.406297709923667,-9.342858778625954,-25.622583969465648,0
9729,6.247611352539061,5.712284069824219,4.176877526855468,34.452099236641224,-1.6176679389312976,-13.385942748091603,0
9754,5.914817321777343,7.234996325683594,3.171312829589844,46.32232824427481,-42.15201908396947,-2.3783091603053435,0
9779,4.64589044189453,5.365124829101562,2.7954231689453124,34.704007633587786,-25.08331679389313,13.301080152671755,0
9804,5.704127575683594,4.654046936035156,3.76746904296875,25.910114503816796,35.13805725190839,26.766729007633586,0
9829,7.076005126953125,6.377872131347656,3.961399377441406,35.91011450381679,22.94721755725191,33.99573664122138,0
9854,6.283524377441405,6.016347680664063,2.7786637573242188,38.8337786259542,-32.18255343511451,38.07970610687023,0
9880,5.723281188964843,3.9788820678710937,2.663742077636719,17.963549618320613,-18.373393129770992,39.27817938931298,0
9905,6.3768982421875,4.340406518554688,2.8624608154296873,-1.5479007633587787,25.634240458015267,34.60642366412214,0
9930,7.667372937011717,4.7976990356445315,2.8528840087890623,3.352862595419847,-1.8543091603053434,25.438484732824428,0
9955,7.411193359374999,3.7370677001953125,1.9454815795898437,11.482633587786259,-49.09095038167939,17.8965,0
9980,6.870103784179686,2.4944770385742188,1.5695919189453125,5.4902671755725185,-55.39629389312977,14.438484732824428,0
10005,6.5181561401367185,2.896702917480469,1.880838134765625,-5.479198473282443,-22.85430916030534,17.278179389312978,0
10030,7.559633862304687,2.152106201171875,2.271093005371094,-5.616603053435115,5.054087786259542,16.42321755725191,0
10055,7.4925962158203125,2.456169812011719,1.9813946044921875,12.329961832061068,-24.999347328244273,13.148408396946564,0
10080,6.865315380859374,1.991694689941406,1.9071743530273435,20.581870229007635,-45.95354580152672,10.39268320610687,0
10105,6.827008154296874,2.3197003173828126,2.3812262817382814,8.696374045801527,-12.449729007633588,8.659858778625955,0
10130,7.758352600097655,2.2311148559570313,2.5081189697265627,-0.005916030534351191,0.6037061068702291,9.339248091603054,0
10155,8.026503186035157,2.006059899902344,2.1442003173828126,-1.1814885496183205,-25.480263358778625,9.04917175572519,0
10180,7.629065710449217,1.7211499023437498,2.1872959472656253,-6.7311068702290076,-40.48789694656489,8.789629770992367,0
10205,7.42316436767578,1.3739906616210937,2.060403259277344,-16.379961832061067,-23.319958015267176,7.499553435114503,0
10230,7.629065710449217,0.8592373046874999,1.7994352783203125,-20.4868320610687,-16.968812977099237,7.774362595419847,0
10255,7.150225378417969,0.9190923461914061,1.9263279663085937,-23.32652671755725,-24.671103053435115,10.789629770992367,0
10281,6.702509667968749,0.5216548706054687,2.237574182128906,-30.089885496183204,-2.686370229007634,11.331614503816793,0
10306,7.152619580078125,-0.3905359619140625,2.2950350219726565,-33.59370229007634,24.23729389312977,9.178942748091602,0
10331,7.641036718749999,-0.21575924072265626,2.1418061157226562,-27.784541984732822,11.244927480916031,7.148408396946564,0
10356,7.684132348632812,-0.23012445068359375,2.014913427734375,-22.089885496183204,-12.014614503816793,2.2552786259541984,0
10381,7.834967053222656,-0.8047328491210938,2.0077308227539064,-23.563167938931297,-0.6863702290076334,-3.3783091603053435,0
10406,8.498160913085936,-1.0872486450195311,1.4977658691406248,-20.883778625954196,-0.9459122137404581,-6.4317442748091604,0
10431,8.177337890625001,-1.5110223388671875,1.2344036865234373,-9.234923664122137,-38.15201908396947,-4.492812977099237,0
10456,7.727227978515624,-1.5397527587890625,1.2583457031249998,-11.013549618320612,-18.205454198473284,-3.0424312977099235,0
10481,8.043262597656248,-1.4391962890624999,1.1410298217773436,-11.418129770992367,4.954851145038168,-0.3401412213740459,0
10506,8.68012023925781,-1.3099093994140625,0.8130241943359374,-6.357061068702291,2.1991259541984736,3.148408396946565,0
10531,8.890809985351563,-1.4032832641601563,0.9423110839843749,-3.410496183206107,-1.892477099236641,5.812530534351144,0
10556,8.704062255859373,-1.3458224243164063,1.2320094848632812,-1.891412213740458,0.015919847328244474,10.407950381679388,0
10581,8.785465112304685,-1.9324018310546875,1.0189255371093748,3.2841603053435113,-5.548965648854962,13.499553435114503,0
10606,8.244375537109374,-1.6762222534179687,1.39242099609375,1.3452290076335878,12.321263358778626,12.110240458015268,0
10631,7.870880078124999,-1.850998974609375,1.33496015625,1.772709923664122,15.321263358778626,10.407950381679388,0
10656,7.1598021850585924,-2.4040595581054682,0.8800618408203125,-2.3265267175572517,8.550270992366412,11.041538167938931,0
10682,7.487807812499999,-1.525387548828125,1.3517195678710936,-7.906679389312977,0.2678282442748092,7.636958015267175,0
10707,7.76792940673828,0.2798405029296875,1.662965783691406,-29.807442748091603,38.72584351145038,-1.4546450381679388,0
10732,8.711244860839845,-0.38335335693359374,1.825771496582031,-22.441030534351142,3.4510343511450383,-6.156935114503817,0
10757,6.455906896972656,-3.186963500976562,1.7228208251953123,4.704007633587786,-29.747438931297708,-2.1264007633587787,0
10782,4.5692759887695304,-3.608342993164062,1.804223681640625,18.154389312977102,19.641874045801526,-2.988996183206107,0
10807,5.175009008789062,0.7036141967773437,2.8840086303710937,27.070419847328246,34.931950381679385,-19.187469465648856,0
10832,3.6858155761718745,7.534271533203125,3.642970556640625,39.14675572519084,-39.66346946564886,-28.195103053435115,0
10857,2.0362106323242184,13.306691735839843,4.504883154296874,50.32996183206107,-83.48026335877863,-20.79052290076336,0
10882,2.0912772705078124,15.844545495605468,3.9087269409179686,24.375763358778627,1.6189732824427483,-19.706553435114504,0
10907,4.246058764648437,14.118326098632812,3.621422741699219,-14.677671755725191,120.54263740458016,-28.156935114503817,0
10932,7.629065710449217,9.37541260986328,1.5073426757812498,-43.96011450381679,188.20675954198472,-48.65311832061068,0
10957,16.98740144958496,1.6517180541992187,-2.8979883789062497,-28.379961832061067,62.72584351145038,-87.01189694656489,0
10982,10.813353918457029,6.0690201171875,1.4810064575195312,18.245992366412214,-196.19782061068702,-94.20273664122136,0
11007,2.5246277709960934,4.7426323974609375,4.837677185058594,26.8337786259542,-181.62530152671755,-26.324874045801526,0
11032,3.1016303710937496,5.554266760253906,2.8983738403320314,-3.6853053435114504,30.939583969465648,40.55298854961833,0
11058,6.367321435546875,5.353153820800781,1.2367978881835937,-1.128053435114504,41.061721374045796,73.85069847328245,0
11083,6.281130175781249,3.971699462890625,1.5600151123046875,15.078053435114503,-6.24362213740458,67.81253053435115,0
11108,5.330632116699218,3.1648535034179686,2.050826452636719,20.589503816793894,-3.663469465648855,40.12550763358779,0
11133,5.644272534179687,3.425821484375,1.7012730102539062,11.658206106870228,25.06935496183206,8.713293893129771,0
11158,6.728845886230467,4.206331225585937,2.148988720703125,12.688740458015268,9.58080534351145,-19.492812977099238,0
11183,7.28908907470703,4.776151220703125,2.706837707519531,29.902480916030537,-33.503164122137406,-39.660751908396946,0
11208,6.434359082031249,5.812840539550781,1.7874642700195311,36.48263358778626,-71.54896564885496,-50.54624809160305,0
11233,5.586811694335936,5.396249450683594,1.880838134765625,14.780343511450381,-25.098583969465647,-48.14930152671755,0
11258,7.954677136230468,4.2350616455078125,2.4147451049804687,6.13912213740458,27.252561068702292,-44.85159160305343,0
11283,8.340143603515624,5.652429028320312,2.1130756958007813,20.123854961832063,-2.4878969465648852,-33.76762213740458,0
11308,7.224445629882811,5.410614660644531,1.2248268798828124,14.963549618320611,-26.152019083969464,-14.347774809160306,0
11333,7.040092102050781,3.868748791503906,1.2104616699218749,-8.37232824427481,14.275461832061069,3.4079503816793895,0
11358,8.172549487304686,4.13450517578125,1.4163630126953124,-20.49446564885496,65.64950763358779,10.40031679389313,0
11383,8.965030236816407,5.307663989257812,1.0548385620117187,-4.746374045801527,15.626606870229008,13.163675572519084,0
11408,7.27711806640625,4.474481811523438,0.36530848388671877,1.871946564885496,-36.34285877862596,15.087339694656489,0
11433,6.824613952636718,3.3539954345703125,1.0189255371093748,-12.097519083969466,10.382332061068702,17.835431297709924,0
11459,7.76792940673828,3.4593403076171874,1.2703167114257812,-12.349427480916031,40.41286641221374,20.35451526717557,0
11484,7.945100329589843,4.378713745117188,1.08596318359375,-0.7540076335877862,11.878515267175572,21.72092748091603,0
11509,6.98263126220703,3.3444186279296875,0.6885257080078124,-1.1433206106870228,-5.808507633587785,27.08733969465649,0
11534,6.352956225585937,2.810511657714844,1.0261081420898437,-8.975381679389313,18.160958015267177,34.6140572519084,0
11559,7.214868823242187,2.918250732421875,1.2679225097656248,-5.761641221374046,24.000652671755727,37.10260687022901,0
11584,7.320213696289062,2.688407373046875,1.5264962890624998,0.7345419847328244,4.328896946564885,34.44611832061069,0
11609,6.338591015625,2.3627959472656253,1.5815629272460936,3.8719465648854965,-17.22835496183206,36.018637404580154,0
11634,5.816655053710936,1.6708716674804687,1.4522760375976562,-0.9982824427480915,-13.655835877862595,34.5377213740458,0
11659,5.989037573242187,1.350048645019531,1.7371860351562498,-12.19675572519084,15.74874427480916,29.72856106870229,0
11684,6.501396728515624,1.33807763671875,1.6677541870117185,-14.990648854961833,15.09225572519084,25.316347328244273,0
11709,6.546886560058593,1.1010516723632813,1.5049484741210937,-13.479198473282443,-2.8543091603053434,18.346881679389313,0
11734,6.2212751342773425,0.8017764648437499,1.5408614990234373,-14.731106870229008,-10.92301145038168,12.751461832061068,0
11759,6.1446606811523425,1.6086224243164062,1.6988788085937498,-25.35706106870229,15.77164503816794,9.323980916030534,0
11784,6.896440002441406,1.3979326782226562,1.3110181396484375,-31.14332061068702,15.496835877862596,4.980469465648855,0
11809,7.078399328613281,1.1872429321289062,1.2200384765624999,-27.929580152671754,-20.999347328244273,-1.156935114503817,0
11834,6.920382019042967,0.7921996582031249,1.337354357910156,-25.074618320610686,-39.35812595419848,-7.691286259541986,0
11859,6.898834204101562,0.15773621826171874,1.344536962890625,-25.15858778625954,-19.663469465648856,-13.393576335877864,0
11885,7.497384619140624,0.25589848632812495,1.1841254516601563,-25.089885496183204,4.3136297709923666,-17.27143893129771,0
11910,8.397604443359374,-0.3019505004882812,1.404392004394531,-15.578435114503817,-7.617667938931298,-21.729454198473285,0
11935,8.2156451171875,-0.8957125122070313,1.595928137207031,-0.7463740458015268,-29.77033969465649,-22.82869083969466,0
11960,8.287471166992187,-1.1590746948242188,1.7563396484374998,-3.4181297709923664,-0.20545419847328228,-20.43937786259542,0
11985,8.984183850097654,-0.8957125122070313,2.014913427734375,-8.87614503816794,21.206759541984734,-11.7828893129771,0
12010,9.398380737304688,-1.707346875,1.9263279663085937,-1.3799618320610687,-1.0222480916030534,-0.39357633587786267,0
12035,8.818983935546875,-2.0090162841796873,1.8880207397460935,1.5131679389312978,-7.999347328244275,7.652225190839694,0
12060,8.77109990234375,-2.2723784667968747,2.0963162841796876,-7.357061068702291,28.496835877862598,12.178942748091602,0
12085,10.243533923339843,-2.533346447753906,1.9263279663085937,-9.723473282442749,50.305996183206105,10.843064885496183,0
12110,10.023267370605467,-2.8541694702148432,1.873655529785156,5.925381679389313,3.7105763358778625,9.652225190839694,0
12135,7.957071337890624,-3.1175316528320307,2.0197018310546877,6.2765267175572514,4.977751908396947,13.995736641221374,0
12160,8.182126293945313,-3.0361287963867185,1.8377425048828124,-10.792175572519085,74.45103435114504,17.469019083969464,0
12185,9.407957543945312,-2.801497033691406,1.6557831787109374,1.490267175572519,51.16859160305343,16.43085114503817,0
12210,7.9618597412109375,-3.062465014648437,1.9598467895507812,28.627671755725192,-2.6405687022900763,9.05680534351145,0
12235,6.314648999023437,-3.2300591308593747,2.46502333984375,27.20019083969466,44.71057633587786,-1.6912862595419846,0
12260,7.566816467285155,-2.428001574707031,2.50333056640625,20.467366412213742,75.29836259541985,-15.004263358778626,0
12285,6.977842858886718,-0.797550244140625,3.204831652832031,28.093320610687023,27.664774809160306,-31.47754580152672,0
12311,4.0425516235351555,1.6181992309570312,3.7746516479492187,23.406297709923667,13.779278625954198,-49.79052290076336,0
12336,2.7448943237304686,4.352377526855468,4.603045422363281,-6.166221374045802,99.87851526717557,-50.13403435114503,0
12361,2.5270219726562493,12.677016699218749,5.010059704589843,-15.899045801526716,62.21439312977099,-27.034797709923666,0
12386,1.6004659301757806,18.226776147460935,5.098645166015625,-8.975381679389313,-64.08331679389313,5.591156488549618,0
12411,-3.286099658203125,19.74410144958496,4.887955419921875,-30.32652671755725,-62.80850763358779,36.62169083969466,0
12436,6.15902589111328,7.642010607910156,6.300534399414062,-62.547900763358776,144.16095801526717,11.56062213740458,0
12461,16.98740144958496,-4.652214916992187,-3.0224868652343746,-50.860877862595416,170.8174465648855,-91.1035,0
12486,9.209238806152342,8.83911143798828,0.8561198242187499,9.551335877862595,-234.39629389312978,-125.27143893129771,0
12511,0.8774170288085932,2.365190148925781,7.808881445312499,18.933015267175573,-248.71690458015266,-37.45464503816794,0
12536,3.2740128906249995,4.443357189941406,3.994918200683594,-35.72347328244275,78.34416412213741,26.949935114503816,0
12561,7.562028063964843,4.524760046386719,2.137017712402344,-28.303625954198473,59.260194656488544,54.40031679389313,0
12586,7.451894787597655,2.573485693359375,2.697260900878906,3.3986641221374048,-28.205454198473284,46.514820610687025,0
12611,4.451960107421875,2.9685289672851565,3.664518371582031,13.581870229007633,-14.861942748091604,29.606423664122136,0
12636,4.81827296142578,2.573485693359375,3.57593291015625,10.223091603053435,49.84798091603053,11.140774809160305,0
12661,6.194938916015624,2.724320397949219,3.3029939208984374,19.20019083969466,48.38996564885496,-5.61495038167939,0
12686,6.707298071289062,3.0930274536132814,3.0180839233398435,33.68110687022901,-17.11385114503817,-21.63021755725191,0
12712,6.31225479736328,3.2390737548828126,3.0252665283203126,29.536068702290077,-34.14438549618321,-37.4622786259542,0
12737,6.989813867187499,3.806499548339844,2.716414514160156,21.70400763358779,-27.678736641221374,-45.59204961832061,0
12762,6.975448657226562,4.606162902832031,2.5153015747070313,20.078053435114505,-51.92301145038168,-44.363041984732824,0
12787,5.905240515136717,5.930156420898437,3.065967956542969,19.047519083969465,-69.67873664122136,-32.82105725190839,0
12812,6.228457739257812,5.465681298828125,2.86724921875,13.207824427480915,-40.388660305343514,-21.034797709923666,0
12837,6.645048828125,5.975646252441406,2.5727624145507813,17.36049618320611,-40.197820610687025,-13.385942748091603,0
12862,5.352179931640625,6.0355012939453125,2.275881408691406,15.261259541984732,-45.6558358778626,-2.912660305343511,0
12887,5.009809094238281,4.8431888671875,2.1394119140625,-3.257824427480916,10.069354961832062,11.843064885496183,0
12913,7.765535205078124,4.194360217285157,2.589521826171875,-5.273091603053436,48.298362595419846,17.659858778625953,0
12938,8.12466545410156,5.798475329589843,2.35010166015625,14.719274809160305,-11.88484351145038,17.988103053435115,0
12963,6.178179504394531,4.457722399902344,1.7300034301757812,11.994083969465649,-43.95354580152672,22.331614503816795,0
12988,5.797501440429687,3.6628474487304685,1.842530908203125,-12.212022900763358,11.855614503816794,26.58352290076336,0
13013,8.143819067382811,3.4784939208984373,2.156171325683594,-17.471564885496182,50.993019083969465,21.491919847328244,0
13038,8.639418811035156,4.869525085449219,2.227997375488281,3.093320610687023,-2.24362213740458,13.018637404580153,0
13064,7.202897814941406,4.32604130859375,1.8497135131835936,14.81851145038168,-46.22835496183206,11.40031679389313,0
13089,6.48463731689453,3.0283840087890623,1.9406931762695312,5.459732824427481,-6.449729007633588,16.675125954198474,0
13114,7.358520922851562,3.40666787109375,2.0173076293945313,-0.807442748091603,27.535003816793893,22.766729007633586,0
13139,7.88285108642578,3.7705865234375,2.1442003173828126,3.597137404580153,6.802179389312977,25.407950381679388,0
13164,7.092764538574218,3.3061114013671875,1.7347918334960937,8.398664122137404,-22.014614503816794,26.614057251908395,0
13189,6.692932861328125,2.439410400390625,1.8760497314453124,1.039885496183206,-14.625301526717557,30.42321755725191,0
13214,6.745605297851562,2.255056872558594,1.8952033447265624,-4.899045801526718,-0.5718664122137405,34.6522251908397,0
13239,6.6905386596679675,1.3883558715820312,1.5695919189453125,-6.387595419847329,-5.159652671755724,35.522454198473284,0
13264,6.525338745117186,1.2207617553710937,1.31580654296875,-11.891412213740459,-3.1672862595419846,30.843064885496183,0
13289,6.815037145996093,0.6772779785156249,1.2032790649414062,-17.456297709923664,-10.22835496183206,23.278179389312978,0
13314,5.792713037109375,-0.0840781494140625,1.2008848632812499,-24.29599236641221,-6.9153778625954185,17.781996183206108,0
13339,6.628289416503905,-0.510246044921875,1.1841254516601563,-34.784541984732826,24.191492366412213,11.094973282442748,0
13364,7.09755294189453,-0.481515625,1.4714296508789062,-34.58606870229008,15.59607251908397,2.5987900763358778,0
13389,7.222051428222655,-0.9316255371093749,1.4403050292968749,-33.112786259541984,5.786912213740457,-2.553881679389313,0
13414,7.7391989868164055,-1.4511672973632812,1.2894703247070312,-31.036450381679387,2.9853854961832065,-8.072965648854963,0
13439,8.431123266601563,-1.34342822265625,1.6486005737304685,-24.845610687022898,-6.1138511450381685,-12.218003816793894,0
13465,8.761523095703126,-2.0018336791992186,1.6102933471679686,-11.731106870229008,-19.640568702290075,-15.29433969465649,0
13490,8.462247888183594,-2.341810314941406,1.4331224243164062,-2.0135496183206105,-10.472629770992366,-16.561515267175572,0
13515,9.194873596191407,-1.7432598999023436,1.6893020019531249,6.032251908396947,5.130423664122137,-14.744721374045803,0
13540,9.202056201171875,-1.3482166259765624,1.871261328125,16.116221374045804,-4.480263358778625,-10.225637404580153,0
13565,8.991366455078126,-1.22850654296875,2.1154698974609376,12.63530534351145,15.664774809160306,-5.080599236641222,0
13590,9.72878056640625,-0.9819037719726562,2.261516198730469,5.123854961832061,41.20675954198473,1.8812328244274807,0
13615,10.090305017089843,-0.7424836059570312,2.25433359375,10.604770992366412,16.74874427480916,8.713293893129771,0
13640,8.876444775390624,-1.2716021728515625,2.129835107421875,12.61240458015267,4.2143931297709925,14.827797709923663,0
13665,8.70645645751953,-1.4296194824218749,2.3189770385742188,-0.12041984732824429,60.3823320610687,18.339248091603054,0
13690,9.352890905761718,-1.9228250244140626,1.7730990600585936,5.566603053435114,51.52737022900763,21.36214885496183,0
13715,7.732016381835936,-1.4176484741210937,1.8114062866210936,20.581870229007635,-16.129118320610687,24.194209923664122,0
13741,6.290706982421875,-2.286743676757812,2.302217626953125,33.42156488549618,-40.83140839694657,17.568255725190838,0
13766,5.761588415527343,-4.297873071289062,1.7252150268554687,15.039885496183206,56.41286641221374,7.148408396946564,0
13791,7.2699354614257805,-3.5341227416992185,2.0651916625976563,8.475,82.51973664122137,-5.332507633587786,0
13816,7.820601843261717,-0.9986631835937501,3.1880722412109375,19.49026717557252,40.54263740458015,-25.13403435114504,0
13841,7.267541259765625,0.7203736083984374,4.4450281127929685,21.810877862595422,4.702942748091603,-47.660751908396946,0
13866,6.285918579101561,4.21111962890625,5.618186926269531,0.14675572519083968,23.26782824427481,-43.1035,0
13891,3.8773517089843743,8.604479675292968,6.029989611816406,-3.5860687022900763,-1.724538167938931,-10.93556106870229,0
13916,1.341892150878906,12.935590478515623,5.227932055664062,-10.68530534351145,11.244927480916031,21.88886641221374,0
13941,-1.5766396728515628,14.702511303710937,3.4681938354492186,3.444465648854962,-57.28179007633588,55.636958015267176,0
13966,-3.381867724609375,19.74410144958496,4.490517944335937,-19.4486641221374,20.61133969465649,67.07970610687023,0
13992,7.327396301269531,2.5591204833984373,2.9486520751953127,-24.746374045801524,170.1914923664122,6.537721374045801,0
14017,16.98740144958496,-6.534057421875,-2.8022203125,-16.906679389312977,202.64187404580153,-125.0653320610687,0
14042,4.571670190429687,10.797568395996093,4.152935510253906,69.35286259541984,-248.71690458015266,-112.52334732824427,0
14067,2.2038047485351555,0.6677011718749999,7.413838171386718,37.42156488549618,-127.02224809160305,-39.05769847328244,0
14092,4.0976182617187495,4.4984238281249995,4.528825170898437,-9.04408396946565,79.58080534351146,27.5758893129771,0
14117,7.150225378417969,3.4425808959960937,3.777045849609375,-20.891412213740455,56.92431679389313,59.08733969465649,0
14142,6.525338745117186,2.8176942626953125,3.8943617309570313,-4.135687022900764,-14.342858778625954,57.331614503816795,0
14167,4.02100380859375,2.535178466796875,4.0140718139648435,1.9711832061068701,-25.464996183206107,40.76672900763359,0
14192,4.600400610351562,1.4434225097656248,3.8608429077148436,-7.005916030534351,32.22202671755725,14.484286259541985,0
14217,6.431964880371093,1.6565064575195312,3.5184720703125,3.024618320610687,25.07698854961832,-15.29433969465649,0
14242,7.104735546874999,3.0882390502929686,3.49931845703125,18.734541984732825,-38.12148473282443,-39.27907251908397,0
14267,6.391263452148437,3.394696862792969,3.741132824707031,19.245992366412214,-65.97644656488549,-51.32487404580152,0
14292,6.7599705078125,3.394696862792969,3.9135153442382813,17.375763358778627,-57.503164122137406,-50.44701145038167,0
14317,6.700115466308593,4.342800720214844,3.9398515625,19.108587786259545,-37.90774427480916,-42.37830916030534,0
14343,6.113536059570312,6.533495239257812,3.2120142578125,17.307061068702293,-31.159652671755726,-29.385942748091605,0
14368,5.785530432128906,6.5430720458984375,2.7475391357421874,8.856679389312976,-18.747438931297708,-12.363041984732824,0
14393,6.424782275390624,5.460892895507812,2.725991320800781,2.5131679389312978,-2.045148854961832,-1.0500648854961834,0
14418,6.238034545898437,5.544689953613281,3.0156897216796876,7.039885496183206,-2.2588893129770993,7.278179389312977,0
14443,5.572446484374999,4.871919287109375,2.1872959472656253,8.108587786259543,-7.090950381679388,19.293446564885496,0
14468,5.905240515136717,4.749815002441406,2.069980065917969,-4.998282442748092,14.863248091603054,25.469019083969464,0
14493,7.162196386718748,3.8831140014648438,2.1968727539062503,-5.799809160305344,24.290729007633587,22.781996183206108,0
14518,7.4925962158203125,4.687565759277343,2.31179443359375,5.719274809160305,13.305996183206107,16.476652671755726,0
14543,7.066428320312499,4.503212231445312,1.7970410766601561,17.5131679389313,-21.510797709923665,13.87359923664122,0
14568,6.633077819824218,2.743474011230469,1.3421427612304686,19.68110687022901,-46.21308778625954,15.491919847328244,0
14593,6.848555969238281,2.937404345703125,1.325383349609375,12.009351145038167,-29.144385496183205,17.262912213740456,0
14618,7.274723864746092,3.33005341796875,1.2487688964843748,7.536068702290076,-27.5795,19.003370229007633,0
14643,7.978619152832031,2.5519378784179687,1.8880207397460935,14.688740458015268,-45.80087404580153,17.331614503816795,0
14668,7.248387646484374,2.29575830078125,1.9981540161132811,21.604770992366415,-35.98408015267176,15.698026717557251,0
14693,7.114312353515625,1.6636890624999998,1.9239337646484374,15.780343511450381,5.550270992366412,19.606423664122136,0
14718,7.358520922851562,1.4410283081054687,1.9598467895507812,11.055152671755724,16.756377862595418,24.73619465648855,0
14744,7.650613525390624,1.321318225097656,2.137017712402344,4.673473282442748,6.08462213740458,25.919400763358777,0
14769,7.123889160156248,1.1321762939453124,1.883232336425781,-2.387595419847328,-15.04514885496183,24.316347328244273,0
14794,6.939535632324218,0.2032260498046875,2.309400231933594,-18.532633587786258,0.37469847328244277,20.621690839694658,0
14819,7.370491931152343,-0.11041436767578125,2.625434851074219,-26.608969465648855,20.23729389312977,15.255278625954197,0
14844,8.18930889892578,-0.2181534423828125,2.6014928344726562,-26.4868320610687,5.710576335877862,9.39268320610687,0
14869,8.335355200195313,-0.26843167724609374,2.4458697265625,-22.36469465648855,-29.89247709923664,2.575889312977099,0
14894,7.779900415039061,-1.1662572998046874,2.5057247680664063,-22.32652671755725,-28.121484732824428,-5.4241106870229014,0
14919,8.543650744628906,-1.4798977172851562,2.4386871215820314,-26.692938931297707,1.191492366412214,-10.981362595419847,0
14944,8.931511413574217,-0.9795095703125001,2.227997375488281,-20.66240458015267,-14.716904580152672,-11.866858778625955,0
14969,8.751946289062499,-1.4463788940429687,2.1442003173828126,-10.738740458015268,-41.12148473282443,-9.752354961832062,0
14994,7.657796130371094,-1.49665712890625,2.0939220825195313,-15.631870229007633,-3.5336984732824424,-2.4317442748091604,0
15019,7.990590161132812,-1.4200426757812499,1.911962756347656,-16.02118320610687,25.64950763358779,8.469019083969465,0
15044,8.239587133789062,-0.816703857421875,1.9981540161132811,-8.85324427480916,19.909049618320612,14.03390458015267,0
15069,7.890033691406249,-0.625167724609375,2.247150988769531,-8.708206106870229,30.473935114503817,16.064438931297712,0
15095,8.49576671142578,-0.14153898925781247,2.184901745605469,-8.318893129770993,33.054087786259544,17.262912213740456,0
15120,8.41915225830078,0.21040865478515625,2.1034988891601563,-6.433396946564886,14.93958396946565,16.606423664122136,0
15145,7.930735119628905,-0.2780084838867187,1.9813946044921875,-6.37232824427481,-0.07568320610687018,14.88123282442748,0
15170,7.396828149414062,-0.9412023437499999,1.7300034301757812,-4.433396946564886,-6.678736641221374,14.094973282442748,0
15195,7.475836804199218,-1.1997761230468749,1.9215395629882812,-5.9448473282442755,17.634240458015267,9.407950381679388,0
15220,7.602729492187499,-1.4200426757812499,1.892809143066406,-5.418129770992366,37.13805725190839,4.812530534351145,0
15245,8.376056628417967,-1.4822919189453125,1.6797251953124999,1.757442748091603,26.985385496183206,0.545354961832061,0
15270,8.332960998535157,-2.0688713256835936,1.8880207397460935,15.108587786259541,-1.2741564885496182,-6.5233473282442755,0
15295,8.031291589355469,-1.6738280517578124,2.244756787109375,10.833778625954197,41.92431679389313,-15.94319465648855,0
15320,9.036856286621092,-1.9228250244140626,1.6797251953124999,11.322328244274809,48.15332442748091,-21.363041984732824,0
15345,8.914752001953126,-3.4024416503906245,1.7515512451171873,28.612404580152674,13.328896946564885,-25.653118320610687,0
15370,6.728845886230467,-6.2371764160156244,2.417139306640625,30.276526717557253,65.93958396946566,-29.149301526717558,0
15395,6.245217150878905,-4.767136596679687,3.4945300537109376,10.696374045801527,179.65714122137405,-17.13403435114504,0
15420,6.678567651367186,-1.2883615844726561,4.756274328613281,20.078053435114505,172.4052328244275,-10.416477099236642,0
15445,2.888546423339843,4.1608413940429685,5.4338333984375,27.688740458015268,112.84034732824428,-8.256171755725191,0
15470,-0.6548720336914065,11.51343469238281,5.278210290527343,2.2688931297709924,89.5350038167939,-1.5462480916030534,0
15496,-0.21433892822265666,16.567594396972655,4.581497607421874,-21.128053435114502,42.54263740458015,-2.7447213740458016,0
15521,0.3794230834960932,19.74410144958496,4.866407604980468,-13.891412213740459,-65.99934732824427,-9.11876717557252,0
15546,1.8853759277343745,12.26760821533203,7.172023803710937,-20.128053435114502,-4.961179389312978,-36.988996183206105,0
15571,10.957006018066405,-1.3553992309570313,4.069138452148437,-36.479198473282445,159.4586679389313,-100.62258396946565,0
15596,15.276145812988283,1.7738223388671874,0.9135806640624999,-20.624236641221373,58.76401145038167,-159.6302175572519,0
15621,5.124730773925781,7.060219604492187,8.01238858642578,41.520801526717555,-248.71690458015266,-88.46991221374046,0
15646,0.9300894653320309,2.800934851074219,8.546295556640624,2.352862595419847,-157.93064503816794,-9.340141221374045,0
15671,4.224510949707031,5.056272814941406,4.842465588378905,-53.860877862595416,50.45866793893129,34.81253053435115,0
15696,7.6266715087890615,3.1935839233398435,4.368413659667969,-41.105152671755725,-9.381026717557251,46.65985877862596,0
15721,6.0871998413085935,2.42983359375,4.512065759277343,-13.234923664122137,-63.823774809160305,36.194209923664125,0
15746,4.4184412841796865,2.42983359375,4.612622229003906,-11.975381679389313,-21.5795,22.24764503816794,0
15771,5.014597497558593,2.48729443359375,4.454604919433593,-14.303625954198473,24.634240458015267,6.537721374045801,0
15796,5.979460766601561,2.7099551879882813,4.385173071289062,1.3452290076335878,5.374698473282443,-11.515713740458015,0
15821,5.673002954101562,3.399485266113281,4.37320206298828,5.780343511450381,-14.129118320610687,-24.821057251908396,0
15846,5.6921565673828125,2.8560014892578125,4.107445678710937,7.665839694656488,-19.098583969465647,-32.95846183206107,0
15872,6.058469421386717,3.251044763183594,4.109839880371093,7.6047709923664115,-17.793240458015266,-36.39357633587786,0
15897,5.828626062011717,3.303717199707031,3.7914110595703123,11.574236641221374,-37.006980916030535,-37.68365267175572,0
15922,5.921999926757812,4.041131311035156,3.7650748413085937,12.200190839694656,-35.442095419847334,-35.50044656488549,0
15947,5.663426147460936,4.436174584960938,3.2718692993164065,12.28416030534351,-42.686370229007636,-28.1416679389313,0
15972,5.033751110839843,4.500818029785156,3.4107329956054686,12.184923664122136,-42.09095038167939,-17.29433969465649,0
15997,5.450342199707031,4.97726416015625,3.592692321777344,15.047519083969465,-10.991713740458014,-10.93556106870229,0
16022,7.035303698730467,5.978040454101563,2.8265477905273437,26.64293893129771,-21.93064503816794,-10.698919847328245,0
16047,5.268382873535155,6.5071590209960934,2.7140203125,39.46736641221374,-80.92301145038168,-1.2485381679389311,0
16072,4.317884814453125,4.7234787841796875,3.252715686035156,17.772709923664124,-9.480263358778625,15.72092748091603,0
16097,6.798277734375,5.393855249023438,3.2551098876953124,7.864312977099236,52.96248473282442,27.88123282442748,0
16122,7.973830749511717,5.870301379394531,2.630223254394531,23.84141221374046,-4.281790076335877,32.2171106870229,0
16147,6.4439358886718745,5.592573986816406,2.25433359375,28.772709923664124,-55.243622137404586,36.011003816793895,0
16172,6.139872277832031,4.761786010742187,2.2399683837890625,16.620038167938933,-29.24362213740458,36.34688167938932,0
16197,7.511749829101562,4.496029626464844,2.263910400390625,17.749809160305343,-25.785606870229007,31.92703435114504,0
16223,7.236416638183592,4.78572802734375,2.0867394775390626,25.78797709923664,-48.243622137404586,28.35451526717557,0
16248,6.9131994140624995,3.241467956542969,1.6964846069335937,30.00935114503817,-61.15201908396947,27.8965,0
16273,6.513367736816405,3.375543249511719,1.7922526733398436,27.963549618320613,-42.78560687022901,29.499553435114503,0
16298,6.901228405761718,3.6604532470703126,1.7419744384765623,21.49790076335878,-13.74743893129771,29.476652671755726,0
16323,7.336973107910155,3.195978125,1.1218762084960936,17.726908396946566,-20.839041984732823,27.102606870229007,0
16348,7.210080419921874,2.475323425292969,1.2080674682617187,20.574236641221376,-36.41156106870229,25.614057251908395,0
16373,6.664202441406249,2.3388539306640626,1.2511630981445312,20.13912213740458,-26.04514885496183,26.125507633587787,0
16398,6.774335717773437,2.2813930908203126,0.9494936889648437,15.513167938931298,-11.88484351145038,27.07970610687023,0
16423,7.119100756835937,1.7067846923828123,1.2535572998046873,15.849045801526717,-18.38102671755725,23.262912213740456,0
16448,7.092764538574218,0.8951503295898436,1.5169194824218748,23.99408396946565,-25.602400763358776,16.88123282442748,0
16473,6.79109512939453,0.8999387329101561,1.4187572143554685,19.223091603053437,-7.770339694656489,12.37741603053435,0
16498,7.368097729492187,0.6629127685546874,1.2080674682617187,11.276526717557251,-4.655835877862595,9.629324427480915,0
16524,7.186138403320311,0.68685478515625,1.2703167114257812,-0.6242366412213741,-2.388660305343511,8.530087786259543,0
16549,7.411193359374999,0.8496604980468749,1.2894703247070312,-13.776908396946565,5.855614503816794,6.3621488549618315,0
16574,7.607517895507812,0.3468781494140625,1.0380791503906248,-20.624236641221373,6.741110687022902,1.7590954198473283,0
16599,7.224445629882811,0.19843764648437498,0.7316213378906249,-23.089885496183204,-0.7779732824427481,-3.5844160305343507,0
16624,7.8134192382812495,-0.38574755859375,0.9159748657226562,-21.723473282442747,-7.266522900763357,-9.927927480916031,0
16649,7.966648144531249,-0.2827968872070312,0.8896386474609375,-18.17385496183206,-8.411561068702289,-13.385942748091603,0
16674,8.380845031738282,-1.008239990234375,0.5640272216796874,-15.303625954198473,2.3365305343511453,-16.79815648854962,0
16699,8.826166540527343,-1.2500543579101562,0.6166996582031249,-8.883778625954198,-0.3352251908396946,-18.172202290076335,0
16724,8.97460704345703,-1.5397527587890625,0.7986589843749999,-1.1127862595419846,-6.854309160305343,-14.927927480916031,0
16749,8.565198559570312,-1.8940946044921876,0.7340155395507811,2.742175572519084,0.8098129770992367,-9.614950381679389,0
16774,8.902780993652343,-1.4583499023437498,0.8656966308593749,2.8719465648854965,8.512103053435114,-1.7981564885496182,0
16799,9.37204451904297,-0.36898814697265625,1.2320094848632812,-5.04408396946565,24.12279007633588,2.362148854961832,0
16824,9.850884851074216,0.19364924316406248,1.1960964599609374,-13.647137404580153,31.473935114503817,4.003370229007634,0
16849,10.095093420410155,-0.15111579589843752,0.9183690673828124,-17.463931297709923,13.832713740458015,4.514820610687023,0
16874,8.835743347167966,-0.88374150390625,1.0476559570312498,-17.586068702290074,5.1075229007633585,6.781996183206107,0
16899,8.021714782714842,-0.8286748657226563,1.2008848632812499,-26.227290076335876,59.35943129770992,8.552988549618322,0
16925,7.425558569335936,-0.481515625,1.0907515869140625,-26.120419847328243,86.14569083969467,6.301080152671755,0
16950,7.899610498046875,-1.3170920043945311,1.191308056640625,-23.273091603053434,96.37469847328245,-2.2332709923664122,0
16975,7.415981762695311,-0.43841999511718754,1.117087805175781,-18.723473282442747,61.59607251908397,-10.752354961832062,0
17000,6.305072192382812,-1.7456541015625,1.0620211669921875,-21.891412213740455,48.069354961832055,-12.240904580152671,0
17025,6.745605297851562,-1.333851416015625,2.108287292480469,-10.318893129770993,42.4205,-21.79052290076336,0
17050,6.771941516113281,0.33969554443359373,2.7762695556640624,-1.242557251908397,67.32126335877864,-42.59204961832061,0
17075,7.490202014160155,0.9143039428710936,2.8504898071289064,17.7956106870229,26.710576335877864,-54.22563740458015,0
17100,6.781518322753905,1.9270512451171873,3.219196862792969,38.10858778625954,-58.9764465648855,-60.72182061068702,0
17125,4.732081701660156,2.753050817871094,4.042802233886718,26.13148854961832,-41.571866412213744,-67.00426335877863,0
17153,3.4775200317382806,6.267738854980468,4.569526599121093,-9.647137404580153,42.931950381679385,-46.14930152671755,0
17179,4.353797839355468,10.311545458984373,5.737897009277344,-16.082251908396945,31.153324427480918,-9.874492366412214,0
17204,3.2333114624023436,13.890876940917968,6.956545654296875,-1.8456106870229005,-30.03751526717557,21.42321755725191,0
17229,1.612436938476562,11.94199678955078,6.844018176269531,6.726908396946564,-29.823774809160305,42.30871374045802,0
17254,1.3945645874023436,10.452803356933593,6.425032885742187,-22.921946564885495,124.15332442748092,55.41558396946565,0
17279,9.44865897216797,4.371531140136718,3.3772141723632814,-50.792175572519085,234.05408778625954,34.568255725190845,0
17304,16.98740144958496,0.2798405029296875,-1.9427019165039061,-74.18912213740458,150.4052328244275,-34.0271641221374,0
17329,4.179021118164062,8.74334337158203,4.38038466796875,17.558969465648858,-248.71690458015266,-31.935561068702288,0
17354,-0.9996370727539066,1.2590689819335936,4.866407604980468,20.910114503816796,-174.56423282442748,5.0262709923664115,0
17379,2.5198393676757807,3.6125692138671877,2.857672412109375,-18.967748091603053,75.80217938931298,21.690393129770992,0
17404,5.5437160644531245,3.7083372802734376,2.330948046875,-1.6776717557251906,47.55027099236641,22.133141221374046,0
17429,5.191768420410155,3.65566484375,3.056391149902344,29.467366412213742,-31.991713740458014,17.24764503816794,0
17454,3.0321985229492183,3.265409973144531,3.46101123046875,38.711641221374045,-39.60240076335878,13.102606870229007,0
17479,4.346615234374999,2.33406552734375,3.573538708496094,23.284160305343512,29.382332061068702,1.6369580152671754,0
17504,6.360138830566405,2.6333407348632814,3.621422741699219,25.66583969465649,35.069354961832055,-14.401209923664123,0
17529,6.5397039550781235,4.213513830566407,3.8584487060546873,37.887213740458016,-29.77033969465649,-23.210370229007633,0
17555,5.378516149902343,4.361954333496094,4.39235567626953,25.612404580152674,-38.14438549618321,-23.59968320610687,0
17580,5.953124548339843,4.7665744140625,4.564738195800781,3.162022900763359,4.176225190839695,-19.95082824427481,0
17605,6.487031518554686,6.459274987792969,4.540796179199218,-7.837977099236642,2.038820610687023,-18.897393129770993,0
17630,5.242046655273437,7.570184558105469,4.650929455566406,-16.921946564885495,-10.617667938931298,-15.813423664122137,0
17655,5.014597497558593,6.250979443359375,3.8369008911132814,-30.219656488549617,22.14569083969466,-3.981362595419847,0
17680,6.393657653808593,5.077820629882813,3.3532721557617187,-23.746374045801524,19.847980916030536,10.247645038167938,0
17705,6.290706982421875,4.874313488769531,3.26947509765625,-3.311259541984733,-0.4115610687022899,22.110240458015266,0
17730,6.326620007324219,4.840794665527343,3.4969242553710935,10.047519083969465,11.664774809160306,31.652225190839694,0
17755,7.116706555175781,4.251821057128907,2.8337303955078124,15.032251908396946,17.855614503816795,35.80489694656489,0
17780,7.466259997558592,4.345194921875,2.6134638427734376,20.062786259541987,-3.1520190839694657,35.47665267175573,0
17805,8.177337890625001,4.168023999023437,2.9462578735351563,36.81087786259542,-62.09095038167939,27.942301526717557,0
17830,7.1957152099609365,3.243862158203125,3.3652431640625,37.635305343511455,-40.068049618320615,17.667492366412212,0
17855,7.9642539428710935,2.9781057739257815,3.2168026611328124,25.413931297709926,-2.6024007633587787,13.606423664122136,0
17880,8.359297216796875,3.1983723266601563,3.03963173828125,17.50553435114504,-23.716904580152672,17.20184351145038,0
17906,7.758352600097655,2.408285778808594,3.221591064453125,10.215458015267176,-41.09095038167939,23.262912213740456,0
17931,7.193321008300781,1.33807763671875,3.142582409667969,-3.9219465648854963,-3.3046908396946564,30.461385496183205,0
17956,7.928340917968749,1.3715964599609374,2.9175274536132814,-11.19675572519084,11.008286259541986,34.759095419847334,0
17981,7.619488903808594,1.4458167114257812,3.4394634155273436,-15.906679389312979,3.7334770992366413,34.68275954198474,0
18006,7.899610498046875,0.6030577270507812,3.2383504760742188,-21.593702290076333,3.1304236641221372,32.59115648854962,0
18031,7.356126721191406,0.15294781494140625,3.2383504760742188,-21.303625954198473,-22.029881679389312,31.01863740458015,0
18056,6.403234460449219,-0.5246112548828125,2.8169709838867187,-33.18148854961832,-5.029881679389312,29.23237786259542,0
18081,7.080793530273437,-0.5748894897460938,2.6565594726562503,-38.00591603053435,2.2601946564885496,23.446118320610687,0
18106,6.94432403564453,-0.9555675537109374,2.493753759765625,-29.35706106870229,-28.90774427480916,15.156041984732823,0
18131,6.901228405761718,-2.0018336791992186,2.455446533203125,-22.288358778625952,-32.510797709923665,6.0186374045801525,0
18156,7.274723864746092,-2.8182564453124996,2.2399683837890625,-17.418129770992365,-11.083316793893129,-6.958461832061069,0
18181,8.37366242675781,-2.6746043457031248,2.0675858642578127,-6.608969465648856,-20.533698473282442,-15.225637404580151,0
18206,8.186914697265625,-3.1342910644531248,2.2782756103515625,6.062786259541984,-45.938278625954204,-19.691286259541986,0
18231,7.945100329589843,-3.7256588745117183,2.213632165527344,2.4826335877862595,-6.297057251908397,-17.714187022900763,0
18256,8.057627807617187,-3.203722912597656,2.0747684692382813,5.360496183206107,3.9319503816793895,-4.805790076335878,0
18282,8.186914697265625,-2.9044477050781246,2.2926408203125,8.307061068702291,1.7258435114503818,7.7972633587786255,0
18307,8.969818640136719,-2.1550625854492185,2.1394119140625,9.100954198473282,2.8327137404580154,6.980469465648855,0
18332,8.737581079101563,-1.9683148559570312,1.9430873779296873,6.80324427480916,1.0540877862595421,-0.6073167938931298,0
18357,8.03607999267578,-2.047323510742187,1.5624093139648436,1.0093511450381678,-0.8390419847328245,1.514820610687023,0
18382,8.000166967773438,-1.850998974609375,1.5456499023437498,1.0169847328244275,-1.510797709923664,5.530087786259542,0
18407,7.28908907470703,-1.8773351928710935,1.6581773803710935,-5.929580152671756,40.89378244274809,4.705660305343511,0
18432,8.332960998535157,-1.0896428466796875,1.7204266235351562,-10.601335877862596,73.40523282442749,8.194209923664122,0
18457,9.249940234375,-1.3506108276367188,2.0460380493164063,6.566603053435114,31.382332061068702,9.70566030534351,0
18482,6.724057482910156,-2.2316770385742184,3.1976490478515625,12.757442748091602,17.878515267175572,10.278179389312976,0
18507,6.958689245605467,-2.966696948242187,3.056391149902344,-17.807442748091603,118.26019465648855,14.698026717557251,0
18532,9.29543006591797,-3.5077865234374994,2.8169709838867187,-11.967748091603054,86.84798091603054,9.316347328244275,0
18557,7.602729492187499,-0.3402577270507813,4.145752905273437,14.29942748091603,-2.785606870229007,-8.530980916030535,0
18582,2.6682798706054687,1.81691796875,5.113010375976562,-0.24255725190839694,47.260194656488544,-23.240904580152673,0
18607,3.2764070922851554,5.164011889648437,5.3644015502929685,-13.830343511450382,133.0464541984733,-28.805790076335878,0
18633,3.4655490234374993,10.603638061523435,4.832888781738281,1.8948473282442748,76.41286641221375,-24.1416679389313,0
18658,2.756865332031249,14.889259033203123,4.600651220703124,12.681106870229007,-9.655835877862595,-12.210370229007633,0
18683,-1.4760832031250002,15.31303272705078,6.132940283203125,27.261259541984735,-39.04514885496184,0.1713091603053435,0
18708,0.1615507324218748,9.626803784179685,6.369966247558593,-0.7234732824427482,168.6495076335878,-9.75998854961832,0
18733,13.921027673339843,-0.4168721801757812,2.340524853515625,16.13912213740458,230.0235534351145,-65.01189694656489,0
18758,11.854831640624997,2.829665270996094,-0.7288416748046875,63.50553435114504,12.122790076335878,-131.59968320610687,0
18783,0.6164490478515621,9.456815466308592,8.926973620605468,109.15438931297709,-248.71690458015266,-73.21037022900764,0
18808,0.4129419067382809,0.8807851196289062,7.782545227050781,15.940648854961832,19.80217938931298,-12.019530534351146,0
18833,6.771941516113281,4.074650134277343,5.764233227539062,-23.471564885496182,137.27546183206107,30.73619465648855,0
18858,8.344932006835936,3.3923026611328124,5.6086101196289055,-6.540267175572519,-0.510797709923664,48.11024045801527,0
18883,4.79911934814453,3.370754846191406,6.343630029296874,0.34522900763358777,-58.83904198473283,52.5377213740458,0
18908,3.882140112304687,2.776992834472656,6.484887927246093,-13.960114503816794,-8.640568702290075,48.514820610687025,0
18933,5.378516149902343,2.4250451904296875,6.396302465820312,-14.433396946564885,13.641874045801528,31.835431297709924,0
18958,6.015373791503905,2.911068127441406,5.577485498046874,-7.013549618320611,-10.167286259541985,9.652225190839694,0
18983,5.658637744140624,3.361178039550781,5.486505834960937,-2.570801526717557,-53.49553053435115,-5.248538167938932,0
19009,5.378516149902343,2.8751551025390625,5.582273901367187,-2.1509541984732823,-67.25125572519083,-10.340141221374045,0
19034,5.945941943359375,3.339630224609375,5.694801379394531,-0.525,-57.21308778625954,-11.301973282442749,0
19059,6.2212751342773425,5.113733654785156,4.33489483642578,-1.639503816793893,-59.30469083969466,-7.691286259541986,0
19084,5.342603124999999,4.891072900390625,3.4873474487304685,-13.990648854961833,-71.44972900763358,4.957568702290076,0
19109,5.807078247070312,3.270198376464844,4.500094750976562,-17.280725190839693,-40.884843511450384,16.972835877862597,0
19134,6.472666308593749,4.187177612304687,4.035619628906249,-9.593702290076337,7.305996183206107,19.42321755725191,0
19159,6.041710009765624,5.784110119628906,2.7283855224609375,-2.471564885496183,-7.999347328244275,18.5758893129771,0
19184,5.8262318603515615,3.361178039550781,2.04364384765625,-12.830343511450382,-27.709270992366413,25.667492366412212,0
19209,6.769547314453125,2.317306115722656,2.8265477905273437,-8.69293893129771,-12.57186641221374,19.86596564885496,0
19234,7.990590161132812,3.385120056152344,2.8935854370117187,-0.7921755725190839,15.176225190839695,4.331614503816794,0
19259,8.098329235839842,4.302099291992188,2.56079140625,12.30706106870229,-33.12911832061069,-8.248538167938932,0
19284,7.037697900390625,2.9972593872070314,2.761904345703125,25.268893129770994,-94.40392748091602,-12.248538167938932,0
19309,6.6689908447265625,3.0044419921875,3.4586170288085936,25.123854961832063,-48.243622137404586,-15.973729007633587,0
19334,7.164590588378906,2.899097119140625,2.6613478759765625,29.85667938931298,-4.472629770992366,-17.622583969465648,0
19360,7.389645544433592,2.5591204833984373,2.5631856079101563,39.1925572519084,-20.327591603053435,-12.477545801526718,0
19385,7.214868823242187,3.2007665283203126,2.3740436767578124,38.078053435114505,-34.6176679389313,-5.477545801526718,0
19410,7.214868823242187,2.98528837890625,2.275881408691406,28.36049618320611,-35.84667557251909,-1.485179389312977,0
19435,7.21247462158203,1.75945712890625,3.2168026611328124,26.459732824427483,-32.85430916030535,3.0568053435114506,0
19460,6.6306836181640625,0.7036141967773437,3.4155213989257813,29.581870229007635,-17.61003435114504,12.56825572519084,0
19485,6.209304125976561,0.2798405029296875,3.176101232910156,23.84141221374046,8.344164122137405,22.789629770992367,0
19510,6.168602697753905,0.5839041137695312,3.046814343261719,9.192557251908397,32.54263740458015,27.301080152671755,0
19535,6.812642944335937,0.6150287353515624,2.8624608154296873,-11.769274809160306,57.28309541984733,22.484286259541985,0
19560,7.298665881347655,0.7898054565429686,2.4817827514648436,-20.66240458015267,24.557904580152673,13.133141221374045,0
19585,6.647443029785156,0.8807851196289062,2.2950350219726565,-20.914312977099236,-25.716904580152672,3.843064885496183,0
19610,6.326620007324219,0.6461533569335937,2.4530523315429686,-20.746374045801524,-47.816141221374046,-2.851591603053435,0
19635,6.293101184082031,0.3492723510742187,2.4506581298828127,-23.227290076335876,-34.12911832061069,-8.225637404580153,0
19660,6.733634289550781,0.332512939453125,2.2974292236328124,-25.196755725190837,-8.526064885496183,-12.156935114503817,0
19685,8.05044520263672,0.15294781494140625,2.2686988037109375,-22.395229007633585,-1.2588893129770993,-17.248538167938932,0
19711,8.397604443359374,0.6653069702148436,2.46502333984375,-18.21202290076336,-24.22835496183206,-18.75998854961832,0
19736,8.11269444580078,-0.12717377929687498,2.4243219116210937,-19.410496183206106,-29.24362213740458,-15.706553435114504,0
19761,8.598717382812499,-0.5150344482421875,2.2782756103515625,-25.578435114503815,-5.671103053435115,-9.958461832061069,0
19786,8.816589733886719,-0.4863040283203125,2.223208972167969,-23.578435114503815,-14.22835496183206,0.7056603053435114,0
19811,8.912357800292966,-1.0537298217773436,2.0316728393554686,-20.00591603053435,-17.823774809160305,9.2171106870229,0
19836,8.385633435058594,-1.4439846923828124,1.5432557006835936,-22.51736641221374,-1.0451488549618322,17.759095419847327,0
19861,8.35690301513672,-1.4008890625,1.6462063720703124,-21.372328244274808,4.08462213740458,28.285812977099237,0
19886,7.9618597412109375,-1.238083349609375,1.883232336425781,-18.257824427480916,11.015919847328245,34.9728358778626,0
19911,8.32338419189453,-1.0609124267578125,2.1537771240234376,-21.654770992366412,43.65714122137404,34.23237786259542,0
19936,9.405563342285156,-0.9364139404296874,2.0077308227539064,-18.98301526717557,47.03882061068702,30.522454198473284,0
19961,9.003337463378905,-1.0489414184570311,1.9909714111328125,-10.563167938931299,-0.5565992366412214,28.499553435114503,0
19986,7.971436547851561,-1.6379150268554687,2.417139306640625,-9.952480916030535,7.08462213740458,25.01863740458015,0
20011,8.014532177734374,-2.0042278808593745,2.3453132568359374,-13.128053435114504,53.22966030534351,19.568255725190838,0
20036,8.663360827636719,-1.9587380493164062,2.1729307373046876,0.207824427480916,29.710576335877864,15.55298854961832,0
20061,6.719269079589844,-2.514192834472656,2.3716494750976564,14.864312977099237,-9.686370229007633,19.301080152671755,0
20087,6.9491124389648435,-2.073659729003906,2.9606230834960936,8.856679389312976,45.05408778625954,15.011003816793894,0
20112,8.256346545410157,-1.72650048828125,2.716414514160156,8.497900763358778,51.993019083969465,7.209477099236641,0
20137,7.487807812499999,-1.9036714111328126,2.7762695556640624,24.627671755725192,-12.022248091603053,2.148408396946565,0
20162,6.31225479736328,-2.114361157226562,2.754721740722656,40.268893129770994,-58.77033969465649,-7.164568702290076,0
20187,5.239652453613281,-2.4734914062499995,2.4482639282226564,17.726908396946566,27.27546183206107,-14.77525572519084,0
20212,7.202897814941406,-0.038588317871093764,2.9558346801757813,11.726908396946564,42.10752290076336,-14.653118320610687,0
20237,7.46865419921875,1.7259383056640625,3.4490402221679686,47.49026717557252,-67.90774427480916,-23.92029389312977,0
20262,5.455130603027343,2.5663030883789064,3.6190285400390625,83.475,-171.58713358778627,-42.355408396946565,0
20287,1.341892150878906,5.460892895507812,4.028437023925781,57.53606870229008,-88.5413320610687,-49.935561068702285,0
20312,1.0186749267578121,11.441608642578124,4.100263073730468,4.032251908396947,42.01591984732824,-31.30197328244275,0
20337,2.8454507934570303,13.617937951660155,3.7842284545898437,-33.95248091603053,103.84798091603054,-13.790522900763358,0
20362,5.184585815429687,12.032976452636717,3.3724257690429686,-44.13568702290076,96.38996564885497,-16.668385496183205,0
20387,6.496608325195312,9.806368908691406,3.1114577880859375,-49.418129770992365,88.82508015267176,-34.996629770992364,0
20412,12.336066174316404,-0.5820720947265625,0.8202067993164062,-44.8837786259542,92.9701183206107,-72.59968320610686,0
20437,13.061509277343749,2.7027725830078126,0.6933141113281249,-34.02118320610687,27.046454198473285,-115.78288931297709,0
20463,4.2484529663085935,7.9077669921875,5.014848107910156,27.772709923664124,-237.373393129771,-68.75235496183205,0
20488,1.294008117675781,3.0451434204101564,4.643746850585937,5.673473282442748,-113.31232442748092,-3.0271641221374046,0
20513,2.608424829101562,3.9597284545898437,2.972594091796875,-24.265458015267175,46.88614885496183,42.34688167938932,0
20538,4.8446091796875,3.4856765258789064,2.5560030029296876,-23.540267175572517,81.65714122137405,53.65985877862596,0
20563,6.31225479736328,2.920644934082031,2.754721740722656,2.3146946564885496,49.77164503816794,40.94993511450382,0
20588,6.247611352539061,3.550319970703125,2.8073941772460937,25.604770992366415,20.60370610687023,17.255278625954197,0
20613,5.572446484374999,3.971699462890625,2.7858463623046874,30.581870229007635,15.328896946564885,-3.8057900763358776,0
20638,5.637089929199218,4.512789038085938,3.587903918457031,35.41393129770992,17.22966030534351,-15.45464503816794,0
20663,6.034527404785156,5.039513403320313,3.961399377441406,42.68110687022901,22.130423664122137,-21.729454198473285,0
20688,6.917987817382811,5.369913232421875,3.8416892944335936,47.36049618320611,5.565538167938932,-23.004263358778626,0
20713,6.094382446289061,4.484058618164062,3.8273240844726564,39.10095419847328,-19.5413320610687,-10.653118320610687,0
20738,5.831020263671875,4.850371472167969,3.9781587890625,15.268893129770992,25.38996564885496,5.484286259541984,0
20763,8.237192932128906,4.314070300292968,4.806552563476562,7.29179389312977,60.260194656488544,14.698026717557251,0
20788,8.766311499023438,4.893467102050781,3.8273240844726564,9.078053435114503,21.328896946564885,17.949935114503816,0
20813,7.681738146972655,4.381107946777344,3.6238169433593748,0.13912213740458013,-26.823774809160305,21.06443893129771,0
20839,7.205292016601562,4.546307861328125,3.973370385742187,-16.578435114503815,-13.258889312977098,22.507187022900762,0
20864,8.177337890625001,3.6508764404296876,4.325318029785156,-14.166221374045803,-5.006980916030534,17.178942748091604,0
20889,7.832572851562499,3.777769128417969,3.975764587402344,-1.9982824427480916,-32.190187022900766,13.24001145038168,0
20914,6.6522314331054675,3.1073926635742186,3.190466442871094,-0.9372137404580153,-62.006980916030535,15.835431297709924,0
20939,6.324225805664061,1.9342338500976561,2.3860146850585937,-11.54790076335878,-59.09095038167939,19.54535496183206,0
20964,6.810248742675781,1.7379093139648436,2.247150988769531,-17.50209923664122,-50.869576335877866,17.278179389312978,0
20989,6.94432403564453,1.0388024291992186,1.9598467895507812,-12.837977099236642,-46.95354580152672,13.675125954198473,0
21014,6.843767565917967,1.2470979736328125,1.6869078002929687,-2.509732824427481,-54.564232824427485,12.675125954198473,0
21039,6.704903869628905,1.788187548828125,1.6031107421875,-5.929580152671756,-35.251255725190845,12.591156488549618,0
21064,7.372886132812499,1.558344189453125,1.385238391113281,-11.456297709923664,-16.56423282442748,8.125507633587786,0
21089,7.578787475585936,0.9550053710937499,1.1769428466796874,-11.341793893129772,-24.297057251908395,4.514820610687023,0
21114,7.7775062133789055,1.0651386474609374,1.3110181396484375,-13.723473282442749,-25.663469465648856,1.644591603053435,0
21139,7.712862768554687,0.9765531860351562,1.2751051147460937,-19.036450381679387,-19.85430916030534,-0.19510305343511447,0
21164,7.787083020019531,0.6389707519531249,1.0620211669921875,-27.83034351145038,3.061721374045802,-1.981362595419847,0
21190,8.20127990722656,0.11224638671875,1.2870761230468748,-25.540267175572517,-10.823774809160305,0.3010801526717557,0
21215,7.597941088867187,-0.06492453613281249,1.6916962036132812,-22.33416030534351,-21.04514885496183,5.820164122137404,0
21240,7.50696142578125,-1.1064022583007813,1.7156382202148437,-32.41049618320611,22.14569083969466,9.125507633587786,0
21265,8.383239233398438,-0.9962689819335937,1.861684521484375,-36.51736641221374,31.344164122137403,13.255278625954197,0
21290,8.723215869140624,-1.1351326782226563,2.108287292480469,-31.685305343511452,3.557904580152672,12.537721374045802,0
21315,8.05044520263672,-1.9898626708984375,1.9933656127929684,-29.32652671755725,-6.709270992366411,11.06443893129771,0
21340,8.179732092285157,-1.9611322509765625,1.892809143066406,-31.555534351145035,6.145690839694657,12.453751908396946,0
21365,8.27789436035156,-2.351387121582031,1.7778874633789061,-23.456297709923664,-7.709270992366411,12.713293893129771,0
21390,7.593152685546873,-2.0377467041015622,1.8114062866210936,-15.105152671755725,-22.42682824427481,15.530087786259541,0
21415,7.296271679687499,-2.195764013671875,1.423545617675781,-18.967748091603053,2.6495076335877865,18.377416030534352,0
21440,8.074387219238279,-2.3729349365234373,1.5241020874023437,-18.49446564885496,19.481568702290076,17.36978244274809,0
21465,8.361691418457031,-2.669815942382812,1.3325659545898436,-9.074618320610687,10.473935114503817,14.87359923664122,0
21490,7.782294616699217,-2.7224883789062497,1.2751051147460937,-1.3494274809160305,8.901416030534351,14.72856106870229,0
21516,8.076781420898438,-2.219706030273437,1.576774523925781,2.826145038167939,35.21439312977099,10.133141221374045,0
21541,9.455841577148437,-1.8749409912109376,1.2272210815429687,5.864312977099236,59.33653053435114,-0.5233473282442748,0
21566,8.957847631835936,-2.1359089721679685,0.9710415039062499,23.49026717557252,0.4663015267175573,-4.393576335877863,0
21591,6.326620007324219,-3.5197575317382808,1.2583457031249998,33.757442748091606,-25.816141221374046,-0.7523549618320612,0
21616,4.564487585449218,-3.8669167724609372,1.6007165405273436,12.902480916030534,76.55790458015268,1.1178740458015266,0
21641,6.901228405761718,-2.0976017456054685,1.593533935546875,2.894847328244275,115.59607251908398,-3.447011450381679,0
21666,6.520550341796874,-2.485462414550781,2.1633539306640626,26.070419847328246,30.41286641221374,-15.179835877862597,0
21691,4.382528259277343,-2.2915320800781247,2.86724921875,51.765076335877865,-41.9764465648855,-26.363041984732824,0
21716,1.5142746704101562,-0.13675058593749997,3.3389069458007814,38.67347328244275,-1.4268282442748093,-32.56914885496183,0
21741,0.38421148681640593,5.901426000976563,4.270251391601562,9.230725190839694,66.50446946564885,-27.92029389312977,0
21766,1.0928951782226557,12.971503503417967,5.972528771972656,6.207824427480916,51.60370610687023,-18.76762213740458,0
21791,1.4520254272460935,18.236352954101562,6.1161808715820305,21.452099236641224,15.588438931297711,-19.22563740458015,0
21816,4.559699182128906,15.404012390136717,6.0778736450195305,10.223091603053435,54.7029427480916,-39.13403435114503,0
21841,8.024108984374998,8.721795556640624,5.2710276855468745,-7.013549618320611,129.20675954198472,-75.66075190839695,0
21866,16.98740144958496,-3.1223200561523434,1.4498818359374999,-21.112786259541984,153.16095801526717,-134.95082824427482,0
21891,10.9737654296875,7.060219604492187,4.131387695312499,17.910114503816796,-115.1825534351145,-139.7981564885496,0
21917,3.0106507080078115,5.793686926269531,8.13449287109375,16.192557251908397,-217.24362213740457,-45.53861450381679,0
21942,5.143884387207031,4.053102319335937,4.684448278808593,-41.63950381679389,29.535003816793893,26.804896946564885,0
21967,7.7032859619140615,4.991629370117187,2.3453132568359374,-40.63187022900763,-6.411561068702291,48.94993511450382,0
21992,6.305072192382812,3.1456998901367186,2.9486520751953127,-13.38759541984733,-76.1443854961832,42.91940076335878,0
22017,4.104800866699218,3.0690854370117187,2.9199216552734377,0.5437022900763359,-52.42682824427481,28.781996183206108,0
22042,4.011427001953124,2.939798547363281,2.8289419921875,1.093320610687023,17.7792786259542,12.499553435114503,0
22067,4.892493212890624,3.5048301391601564,2.9558346801757813,15.45209923664122,32.931950381679385,-6.141667938931298,0
22092,6.001008581542968,3.7083372802734376,2.9079506469726564,34.513167938931296,12.008286259541986,-24.82869083969466,0
22117,6.056075219726561,3.9573342529296873,3.240744677734375,42.070419847328246,0.015919847328244474,-36.118767175572515,0
22142,5.85975068359375,4.036342907714843,4.310952819824219,39.78034351145038,6.443400763358779,-32.56914885496183,0
22167,6.226063537597656,5.441739282226562,4.4641817260742185,36.16202290076336,11.74874427480916,-23.027164122137403,0
22192,6.228457739257812,6.2988634765625,3.621422741699219,26.688740458015268,-1.6558358778625952,-10.905026717557252,0
22217,5.486255224609374,5.108945251464844,3.65254736328125,5.864312977099236,-3.9382786259541986,8.178942748091604,0
22242,5.912423120117187,4.924591723632813,4.528825170898437,-0.6700381679389312,23.473935114503817,21.194209923664122,0
22267,6.920382019042967,6.26055625,3.712402404785156,3.0551526717557254,26.57317175572519,22.522454198473284,0
22293,6.757576306152344,5.630881213378906,2.5248783813476563,2.81087786259542,-23.671103053435115,21.262912213740456,0
22318,5.833414465332031,4.965293151855469,2.9414694702148436,-8.601335877862596,-21.373393129770992,19.163675572519082,0
22343,7.224445629882811,4.508000634765625,3.659729968261719,-6.7234732824427486,12.244927480916031,9.843064885496183,0
22368,7.727227978515624,5.240626342773437,3.176101232910156,7.742175572519083,-10.289423664122136,1.1102404580152672,0
22393,6.549280761718749,3.856777783203125,2.23517998046875,9.620038167938931,-54.83140839694657,1.1484083969465648,0
22418,6.168602697753905,1.9940888916015624,2.8624608154296873,-6.494465648854963,-9.655835877862595,5.7972633587786255,0
22443,7.28908907470703,2.4537756103515624,3.4777706420898435,-4.85324427480916,31.321263358778626,9.2171106870229,0
22468,7.69131495361328,3.531166357421875,3.23116787109375,11.45973282442748,-3.7550725190839693,11.148408396946564,0
22493,6.6306836181640625,3.971699462890625,2.9701998901367186,11.925381679389313,-24.69400381679389,11.965202290076336,0
22518,6.264370764160156,2.5495436767578123,3.4442518188476563,4.917748091603053,-11.90774427480916,12.636958015267176,0
22543,6.695327062988281,2.317306115722656,3.0539969482421876,-2.2043893129770993,7.6418740458015275,12.110240458015268,0
22568,7.3441557128906245,2.7506566162109376,2.6517710693359375,-7.883778625954198,-8.785606870229007,8.415583969465649,0
22593,7.068822521972655,3.167247705078125,2.589521826171875,-11.112786259541986,-39.327591603053435,7.148408396946564,0
22618,6.5397039550781235,2.087462756347656,2.706837707519531,-14.69293893129771,-33.34285877862596,8.346881679389313,0
22644,6.625895214843749,1.6086224243164062,2.4769943481445313,-13.761641221374045,-20.358125954198474,10.102606870229007,0
22669,6.678567651367186,2.056338134765625,2.2016611572265625,-13.486832061068702,-19.098583969465647,11.011003816793894,0
22694,6.980237060546874,1.8312831787109374,2.4458697265625,-13.35706106870229,-23.274156488549618,10.54535496183206,0
22719,6.264370764160156,0.6605185668945311,2.4195335083007814,-4.021183206106871,-33.28942366412214,14.110240458015268,0
22744,6.527732946777342,0.46658823242187497,2.1322293090820312,-6.9524809160305345,-4.1138511450381685,12.04917175572519,0
22769,7.66019033203125,0.6820663818359374,2.77148115234375,-11.654770992366412,20.367064885496184,3.629324427480916,0
22794,7.988195959472656,0.3875795776367187,2.5919160278320312,-10.86851145038168,10.466301526717558,-1.1874694656488547,0
22819,7.69849755859375,0.35166655273437497,2.7283855224609375,-9.105152671755725,-17.327591603053435,2.0873396946564884,0
22844,7.102341345214843,0.33969554443359373,2.9271042602539064,-18.82270992366412,20.4205,7.178942748091603,0
22869,8.929117211914061,-0.4312373901367188,2.9606230834960936,-16.028816793893128,36.36706488549618,10.73619465648855,0
22894,8.874050573730468,-1.1159790649414063,2.790634765625,7.406297709923664,-12.73217175572519,13.820164122137404,0
22919,7.585970080566406,-2.2508306518554684,2.8887970336914064,18.436832061068703,-14.136751908396946,16.636958015267176,0
22944,7.301060083007811,-2.7799492187499997,3.065967956542969,16.055152671755724,25.09225572519084,23.04917175572519,0
22969,8.35690301513672,-2.995427368164062,3.2168026611328124,19.039885496183206,31.405232824427483,24.621690839694658,0
22994,8.876444775390624,-2.8326216552734373,3.4011561889648436,19.81851145038168,19.80217938931298,19.77436259541985,0
23020,8.502949316406248,-3.5173633300781244,3.200043249511719,19.085687022900764,2.5350038167938935,14.812530534351145,0
23045,8.031291589355469,-4.460678784179687,3.142582409667969,3.475,43.809812977099234,13.178942748091602,0
23070,9.257122839355468,-4.8844524780273435,3.252715686035156,4.329961832061069,51.252561068702285,13.614057251908397,0
23095,9.522879223632813,-4.573206262207031,3.221591064453125,18.82614503816794,11.78691221374046,8.995736641221374,0
23120,7.849332263183594,-5.135843652343749,3.0348433349609376,7.345229007633588,47.36706488549618,-0.16456870229007647,0
23145,8.143819067382811,-4.259565844726562,3.4921358520507813,-3.0364503816793893,67.93958396946566,-3.9355610687022904,0
23170,7.162196386718748,-3.309067785644531,4.150541308593749,7.856679389312977,22.191492366412213,-10.60731679389313,0
23195,4.056916833496093,0.33011873779296874,4.562343994140624,27.238358778625955,-68.76270610687023,-26.088232824427482,0
23220,-0.5591039672851568,6.502370617675781,4.397144079589843,-7.181488549618321,3.6647748091603054,-28.218003816793892,0
23245,-1.5239672363281254,15.863699108886717,5.151317602539062,-44.32652671755725,70.82508015267176,-8.355408396946565,0
23270,0.4416723266601559,19.74410144958496,5.881549108886718,-66.94484732824428,74.48156870229008,-6.3172404580152675,0
23295,2.2971786132812495,19.74410144958496,4.461787524414062,-64.09751908396947,32.14569083969466,-32.355408396946565,0
23320,10.25071652832031,3.9405748413085937,3.7746516479492187,-51.12041984732824,67.26782824427481,-87.88212595419847,0
23345,15.632881860351564,-1.8390279663085938,-0.9658676391601563,-37.14332061068702,86.15332442748092,-158.309606870229,0
23371,5.670608752441406,9.571737145996092,2.769086950683594,13.444465648854962,-213.9764465648855,-134.26380534351145,0
23396,1.9787497924804685,3.109786865234375,5.752262219238281,33.80324427480916,-248.71690458015266,-50.27907251908397,0
23421,1.5070920654296867,2.9709231689453124,4.284616601562499,8.589503816793894,-44.243622137404586,14.232377862595419,0
23446,3.3338679321289053,4.6660179443359375,3.010901318359375,-14.082251908396946,71.10752290076336,52.07970610687023,0
23471,6.024950598144531,3.6005982055664063,3.7626806396484374,-0.4181297709923665,84.02355343511451,62.98046946564886,0
23496,6.589982189941405,3.71312568359375,3.48016484375,32.65820610687023,39.03118702290076,54.636958015267176,0
23521,6.139872277832031,3.7945285400390625,3.403550390625,46.704007633587786,14.573171755725191,36.10260687022901,0
23546,5.0193859008789055,3.665241650390625,4.698813488769531,39.49790076335878,50.069354961832055,13.308713740458014,0
23571,6.367321435546875,4.1416877807617185,4.624593237304687,44.58950381679389,64.23729389312977,-3.202736641221374,0
23597,7.107129748535155,5.3028755859375,4.780216345214844,66.93301526717556,-1.9153778625954199,-14.11876717557252,0
23622,5.646666735839843,5.271750964355468,4.70599609375,68.681106870229,-27.56423282442748,-15.996629770992367,0
23647,5.3952755615234365,5.159223486328125,4.576709204101562,49.32232824427481,19.95485114503817,-9.195103053435115,0
23672,7.05924571533203,4.912620715332031,4.904714831542968,36.66583969465649,47.244927480916026,0.20947709923664115,0
23697,6.872497985839844,4.570249877929688,3.6860661865234374,33.81087786259542,-4.976446564885496,12.094973282442748,0
23722,5.871721691894531,2.9804999755859374,3.9063327392578127,21.734541984732825,-12.159652671755724,22.377416030534352,0
23747,6.391263452148437,3.014018798828125,4.7826105468749995,10.765076335877863,50.618973282442745,22.972835877862597,0
23772,8.033685791015625,3.952545849609375,4.052379040527343,10.933015267175572,54.19912595419847,20.026270992366413,0
23797,7.638642517089843,3.715519885253906,3.678883581542969,18.154389312977102,-25.709270992366413,16.995736641221374,0
23822,6.659414038085937,2.863184094238281,3.57593291015625,14.223091603053435,-57.9001106870229,13.438484732824428,0
23847,6.5181561401367185,2.4825060302734374,3.8249298828125,8.230725190839694,-32.80850763358779,9.759095419847329,0
23872,6.678567651367186,2.477717626953125,3.559173498535156,6.429198473282442,-21.991713740458014,7.804896946564885,0
23897,6.501396728515624,2.075491748046875,3.142582409667969,1.0780534351145037,-25.373393129770992,8.850698473282442,0
23922,6.506185131835937,1.9581758666992186,3.262292492675781,-6.0669847328244275,-16.35049236641221,11.262912213740458,0
23947,6.6522314331054675,2.6285523315429686,3.540019885253906,-11.71583969465649,-1.625301526717557,14.407950381679388,0
23972,7.090370336914062,3.284563586425781,3.621422741699219,-11.960114503816794,-1.961179389312977,14.514820610687023,0
23998,6.980237060546874,3.8328357666015624,3.4418576171875,-13.87614503816794,-15.76270610687023,10.904133587786259,0
24023,6.712086474609374,4.36434853515625,3.0444201416015626,-21.066984732824427,-20.73217175572519,8.301080152671755,0
24048,6.343379418945312,4.414626770019531,2.8792202270507814,-27.654770992366412,-23.319958015267176,6.507187022900763,0
24073,6.1255070678710934,4.560673071289062,2.455446533203125,-34.479198473282445,-11.06041603053435,2.56062213740458,0
24098,6.6067416015625,5.276539367675781,1.9981540161132811,-37.425763358778624,-6.610034351145037,-0.21800381679389325,0
24123,6.98263126220703,5.166406091308594,2.3764378784179687,-28.952480916030535,-35.36575954198474,0.33924809160305336,0
24148,6.2212751342773425,4.285339880371094,2.673318884277344,-22.349427480916027,-40.442095419847334,4.850698473282443,0
24173,6.001008581542968,4.2542152587890625,2.4530523315429686,-25.49446564885496,-17.289423664122136,9.56062213740458,0
24198,6.7599705078125,3.8424125732421874,2.1920843505859375,-28.150954198473283,-8.197820610687023,6.6827595419847325,0
24223,7.341761511230469,3.2869577880859375,2.4602349365234377,-21.35706106870229,-32.197820610687025,-0.1569351145038168,0
24248,6.635472021484374,2.1736540161132814,2.180113342285156,-19.395229007633585,-46.45736259541985,-2.5615152671755723,0
24273,6.8389791625976555,1.3763848632812499,2.0771626708984376,-26.05171755725191,-29.5795,-5.508080152671756,0
24298,7.322607897949218,-0.24688386230468748,2.27348720703125,-24.120419847328243,-18.54896564885496,-8.7828893129771,0
24323,7.741593188476561,-0.740089404296875,2.4027740966796873,-15.295992366412214,-16.022248091603053,-10.1035,0
24348,8.47661309814453,-1.6450976318359374,2.309400231933594,-12.166221374045803,-5.3504923664122135,-14.065332061068702,0
24374,8.83334914550781,-1.8773351928710935,2.4769943481445313,-12.837977099236642,-2.808507633587786,-12.843958015267177,0
24399,9.83651964111328,-1.8893062011718749,2.50333056640625,-14.173854961832062,3.7182099236641224,-11.225637404580153,0
24424,10.128612243652341,-2.246042248535156,2.5368493896484376,-13.19675572519084,-0.2359885496183205,-7.508080152671756,0
24449,9.968200732421874,-2.516587036132812,2.1154698974609376,-6.845610687022901,-18.869576335877863,3.301080152671756,0
24474,8.814195532226563,-2.3968769531249996,2.184901745605469,1.108587786259542,-31.411561068702287,16.293446564885496,0
24499,8.076781420898438,-2.10957275390625,2.1633539306640626,-8.837977099236642,26.626606870229008,29.07207251908397,0
24524,9.391198132324217,-1.5158107421875,2.208843762207031,-15.37232824427481,60.931950381679385,41.003370229007636,0
24549,9.97059493408203,-1.6403092285156249,2.256727795410156,-3.0440839694656487,26.825080152671756,46.27054580152672,0
24574,8.684908642578126,-1.6690396484374999,2.5919160278320312,8.383396946564886,5.794545801526718,47.575889312977104,0
24599,8.514920324707031,-1.9132482177734376,2.8361245971679687,0.1696564885496183,61.97775190839695,40.751461832061075,0
24624,10.221986108398436,-1.53496435546875,2.8313361938476564,3.7956106870229007,64.22202671755726,28.094973282442748,0
24649,9.223604016113281,-1.8174801513671874,2.4985421630859377,27.444465648854962,-17.182553435114503,20.01100381679389,0
24674,6.458301098632812,-3.6634096313476556,1.9598467895507812,41.30706106870229,-67.83904198473282,12.026270992366412,0
24699,4.485478930664062,-4.391246936035156,2.3261596435546874,4.2765267175572514,73.9319503816794,5.698026717557251,0
24724,6.585193786621093,-1.9347960327148435,2.378832080078125,-13.677671755725191,134.7792786259542,3.148408396946565,0
24749,7.095158740234374,-2.8062854370117183,2.9079506469726564,17.49026717557252,42.611339694656486,-4.798156488549619,0
24775,3.3625983520507807,-0.37856495361328124,4.006889208984375,45.73454198473283,-39.006980916030535,-11.843958015267177,0
24800,-0.1065998535156254,3.1816129150390626,4.8209177734374995,40.97881679389313,-38.49553053435115,-9.729454198473283,0
24825,-2.9652766357421876,13.249230895996092,6.606992211914062,20.528435114503818,18.878515267175572,5.293446564885496,0
24850,-2.4385522705078126,19.74410144958496,6.226314147949219,-15.38759541984733,95.1380572519084,13.949935114503816,0
24875,3.113601379394531,19.433453784179687,5.438621801757812,-62.288358778625955,161.36706488549618,-9.393576335877864,0
24900,10.300994763183592,7.7832685058593745,4.971752478027343,-51.27309160305343,108.61897328244275,-64.31724045801526,0
24925,13.150094738769528,-0.16308680419921875,2.61825224609375,-14.784541984732824,0.6037061068702291,-118.3477748091603,0
24950,11.52922021484375,2.1760482177734377,2.08195107421875,-38.563167938931294,-36.83140839694657,-147.97372900763358,0
24975,6.2571881591796865,6.945297924804687,5.991682385253906,-14.089885496183207,-229.08331679389312,-93.37067557251908,0
25000,2.6563088623046873,2.844030480957031,5.541572473144531,-25.120419847328243,-153.5795,-19.210370229007633,0
25025,2.6874334838867187,4.158447192382813,4.047590637207031,-46.1662213740458,12.40523282442748,36.17130916030535,0
25050,4.571670190429687,3.9932472778320314,3.95900517578125,-28.586068702290074,33.88614885496183,59.62169083969466,0
25075,5.488649426269531,3.705943078613281,3.72916181640625,8.719274809160305,-1.5795,55.36214885496184,0
25100,4.969107666015624,3.7705865234375,3.7602864379882814,26.36812977099237,-8.999347328244275,35.68275954198474,0
25125,4.784754138183593,3.9860646728515623,3.7794400512695314,29.97881679389313,6.893782442748092,17.934667938931298,0
25150,6.206909924316405,3.8328357666015624,4.4378455078125,33.581870229007635,16.91668320610687,1.331614503816794,0
25176,7.085581933593748,4.3475891235351565,4.605439624023437,51.436832061068706,-21.190187022900762,-10.042431297709925,0
25201,5.907634716796875,5.403432055664062,4.4067208862304685,55.46736641221374,-50.41919465648855,-10.080599236641222,0
25226,5.512591442871092,4.220696435546875,3.78662265625,30.99408396946565,-5.8924770992366415,0.0033702290076335073,0
25251,7.05924571533203,3.4330040893554687,4.298981811523437,19.413931297709926,35.85561450381679,8.904133587786259,0
25276,7.451894787597655,4.467299206542969,4.255886181640625,31.688740458015268,10.0998893129771,16.026270992366413,0
25301,6.137478076171875,3.8519893798828124,3.0132955200195313,36.757442748091606,-21.144385496183205,23.965202290076334,0
25326,6.036921606445312,2.56390888671875,2.5847334228515626,14.28416030534351,18.687675572519083,25.621690839694658,0
25351,7.822996044921875,2.911068127441406,3.209620056152344,9.276526717557251,36.72584351145038,19.293446564885496,0
25376,8.29704797363281,2.5998219116210937,3.2575040893554688,33.81851145038168,-26.335225190839694,9.843064885496183,0
25401,6.6833560546875,2.5232074584960937,2.876826025390625,40.05515267175573,-50.869576335877866,8.270545801526717,0
25426,6.211698327636719,2.3771611572265625,2.716414514160156,24.16202290076336,-7.655835877862595,14.40031679389313,0
25451,6.429570678710937,2.374766955566406,2.436292919921875,10.192557251908397,21.557904580152673,22.88123282442748,0
25476,6.793489331054686,1.9150802368164062,2.1130756958007813,5.5971374045801525,17.04645419847328,26.72856106870229,0
25504,6.793489331054686,1.5344021728515624,2.2303915771484375,4.543702290076335,3.970118320610687,23.54535496183206,0
25529,6.910805212402344,0.9597937744140624,2.3046118286132815,6.062786259541984,-6.388660305343512,16.102606870229007,0
25554,6.894045800781249,1.0100720092773436,2.2208147705078125,6.589503816793893,-17.76270610687023,7.461385496183206,0
25579,6.75278790283203,0.5791157104492187,2.0484322509765627,4.13912213740458,-27.159652671755726,-1.5157137404580152,0
25604,6.621106811523437,0.26068688964843745,2.35010166015625,-6.158587786259543,-11.381026717557251,-9.195103053435115,0
25629,7.018544287109374,0.05957395019531249,2.6038870361328126,-11.960114503816794,-7.793240458015267,-12.668385496183207,0
25654,7.629065710449217,-0.13196218261718748,2.84809560546875,-16.83034351145038,-12.06041603053435,-13.752354961832062,0
25679,7.672161340332031,-0.3354693237304688,2.934286865234375,-24.02118320610687,-20.022248091603053,-12.614950381679389,0
25704,7.339367309570311,-0.014646301269531259,2.7786637573242188,-37.19675572519084,-15.220721374045802,-9.668385496183207,0
25730,7.9642539428710935,-0.6108025146484375,2.92471005859375,-48.280725190839696,8.473935114503817,-10.630217557251909,0
25755,8.888415783691407,-0.4264489868164063,3.3389069458007814,-41.479198473282445,1.023553435114504,-11.11876717557252,0
25780,8.761523095703126,-0.6084083129882812,3.3532721557617187,-20.49446564885496,-34.39629389312977,-10.065332061068702,0
25805,8.809407128906248,-1.3027267944335936,3.2646866943359374,-12.02881679389313,-15.213087786259543,-8.385942748091603,0
25830,8.977001245117187,-1.123161669921875,3.611845935058594,-2.5479007633587787,0.05408778625954214,-1.752354961832061,0
25855,9.106288134765624,-1.11358486328125,3.6980371948242188,5.184923664122137,7.26782824427481,6.995736641221374,0
25880,9.489360400390623,-0.6945995727539063,3.834506689453125,6.192557251908396,22.786912213740457,11.026270992366412,0
25905,9.41514014892578,-0.3067389038085937,3.8033820678710937,3.207824427480916,23.710576335877864,15.453751908396946,0
25930,9.527667626953125,-0.49827503662109374,4.018860217285156,2.826145038167939,3.7945458015267177,21.598790076335877,0
25955,8.823772338867187,-0.49827503662109374,3.8033820678710937,-0.3799618320610687,-11.671103053435115,28.766729007633586,0
25980,8.18930889892578,-0.7951560424804688,3.4945300537109376,-10.776908396946565,-6.5794999999999995,35.064438931297715,0
26005,8.08156982421875,-1.15189208984375,3.5711445068359375,-23.250190839694657,23.252561068702292,37.247645038167946,0
26030,8.488584106445312,-1.3937064575195313,3.2575040893554688,-27.17385496183206,40.50446946564885,34.568255725190845,0
26055,9.015308471679688,-0.6898111694335938,2.3477074584960937,-22.059351145038168,9.557904580152671,24.942301526717557,0
26080,6.767153112792967,-1.5780599853515624,2.5847334228515626,-3.822709923664122,-58.41156106870229,12.675125954198473,0
26106,5.50780303955078,-3.6203140014648434,2.137017712402344,-14.662404580152671,2.2907290076335878,11.339248091603054,0
26131,6.321831604003905,-3.002609973144531,2.630223254394531,-18.891412213740455,47.22202671755725,10.606423664122136,0
26156,6.170996899414061,-2.423213171386718,2.9271042602539064,-8.37232824427481,43.14569083969465,4.927034351145037,0
26181,6.891651599121093,-0.6036199096679687,3.664518371582031,-5.212022900763359,68.45103435114504,-6.416477099236642,0
26206,8.838137548828126,-1.3170920043945311,3.9087269409179686,22.413931297709926,34.40523282442748,-28.202736641221374,0
26231,6.6905386596679675,-1.544541162109375,3.7722574462890623,36.8719465648855,-15.846675572519082,-41.31724045801526,0
26256,5.1127597656249995,-2.138303173828125,4.490517944335937,33.765076335877865,-29.678736641221374,-38.248538167938925,0
26281,3.1207839843749996,-0.7233299926757812,4.880772814941405,26.413931297709926,1.6037061068702292,-28.660751908396946,0
26306,0.8486866088867182,3.8831140014648438,5.333276928710937,25.16202290076336,13.229660305343511,-16.042431297709925,0
26331,-1.1696253906250003,11.862988134765624,5.850424487304687,25.8337786259542,6.145690839694657,-2.5615152671755723,0
26356,-0.49924892578125046,18.432677490234372,5.6636767578125,18.574236641221376,8.954851145038168,0.26291221374045803,0
26381,3.731305407714843,15.183745837402341,4.753880126953124,7.4826335877862595,17.565538167938932,-23.050064885496184,0
26406,8.335355200195313,3.875931396484375,2.5919160278320312,-16.4486641221374,59.36706488549618,-54.88212595419847,0
26432,12.40310382080078,1.3692022583007812,1.7778874633789061,-36.280725190839696,57.16859160305343,-85.29433969465649,0
26457,13.090239697265623,2.326882922363281,2.0484322509765627,-45.044083969465646,-32.07568320610687,-105.4241106870229,0
26482,6.391263452148437,5.654823229980469,5.002877099609375,-19.83034351145038,-205.83904198473283,-54.23327099236641,0
26507,3.1614854125976555,3.818470556640625,4.816129370117187,-34.43339694656488,-135.80087404580152,16.178942748091604,0
26532,3.285983898925781,3.8735371948242188,3.279051904296875,-58.563167938931294,-11.90774427480916,59.77436259541985,0
26557,4.866156994628906,3.282169384765625,2.61825224609375,-63.50209923664122,40.77164503816794,69.11787404580153,0
26582,6.417599670410156,2.56390888671875,2.0388554443359377,-36.746374045801524,10.397599236641222,52.43848473282443,0
26607,5.59160009765625,3.284563586425781,1.653388977050781,-7.68530534351145,-37.571866412213744,27.942301526717557,0
26632,4.198174731445312,3.0044419921875,2.04364384765625,1.589503816793893,-29.785606870229007,11.55298854961832,0
26657,5.838202868652343,2.75544501953125,3.17370703125,12.116221374045802,7.328896946564885,-1.2332709923664122,0
26682,6.889257397460937,4.3667427368164065,2.5560030029296876,26.32232824427481,6.817446564885497,-11.027164122137405,0
26707,6.487031518554686,4.701930969238282,2.4195335083007814,28.444465648854962,-22.808507633587787,-6.4241106870229014,0
26732,6.398446057128905,3.5407431640625,3.5328372802734376,23.597137404580153,-15.839041984732823,4.003370229007634,0
26757,7.566816467285155,3.5359547607421873,3.8680255126953123,17.82614503816794,31.702942748091605,11.965202290076336,0
26782,7.897216296386717,4.989235168457031,3.2718692993164065,21.98645038167939,15.199125954198474,17.69802671755725,0
26808,7.61470050048828,3.6676358520507812,2.1226525024414062,16.536068702290077,-24.40392748091603,23.850698473282442,0
26833,8.000166967773438,2.4441988037109375,3.133005603027344,16.01698473282443,-22.5413320610687,23.148408396946564,0
26858,7.8134192382812495,2.365190148925781,3.4825590454101563,24.055152671755728,9.038820610687022,19.476652671755726,0
26883,8.29704797363281,3.241467956542969,2.9271042602539064,27.261259541984735,14.947217557251909,18.01100381679389,0
26908,7.313031091308592,3.033172412109375,2.56079140625,29.65820610687023,-23.9001106870229,17.42321755725191,0
26933,6.661808239746093,2.1281641845703123,2.474600146484375,16.68110687022901,-8.869576335877863,19.285812977099237,0
26958,7.13586016845703,2.1497119995117187,2.4123509033203128,5.726908396946564,19.26782824427481,18.675125954198474,0
26983,8.019320581054686,2.427439392089844,2.3716494750976564,10.116221374045802,-3.9764465648854963,12.323980916030534,0
27008,7.724833776855468,1.3955384765624999,2.4315045166015627,19.047519083969465,-41.938278625954204,6.05680534351145,0
27033,6.563645971679686,0.4689824340820312,2.5536088012695313,18.780343511450383,-38.79324045801527,6.3621488549618315,0
27058,6.633077819824218,0.05957395019531249,2.299823425292969,5.528435114503816,1.0693549618320612,7.621690839694656,0
27083,7.190926806640625,0.543202685546875,2.4075625,-7.273091603053436,20.09225572519084,7.186576335877862,0
27108,6.903622607421874,0.6677011718749999,2.299823425292969,-14.952480916030535,11.542637404580153,4.927034351145037,0
27133,6.467877905273437,0.22956226806640623,1.9406931762695312,-20.36469465648855,0.18385877862595423,4.39268320610687,0
27158,6.601953198242186,-0.12717377929687498,1.9622409912109375,-28.692938931297707,14.09225572519084,-0.5309809160305344,0
27183,7.930735119628905,-0.7185415893554687,2.0867394775390626,-31.65477099236641,20.489202290076335,-10.988996183206106,0
27209,7.7008917602539055,-1.1303442749023438,2.024490234375,-22.471564885496182,-12.976446564885496,-19.370675572519083,0
27234,7.878062683105468,-2.399271154785156,1.7635222534179686,-20.967748091603053,-13.777973282442748,-27.065332061068702,0
27259,8.957847631835936,-2.1933698120117184,2.237574182128906,-19.746374045801524,-14.73217175572519,-33.08823282442748,0
27284,9.35767930908203,-2.2532248535156247,2.5200899780273436,-20.883778625954196,-17.991713740458014,-33.91266030534351,0
27309,9.78624140625,-2.8445926635742182,2.2160263671875002,-22.433396946564883,-22.07568320610687,-29.179835877862597,0
27334,9.872432666015623,-2.9331781249999995,2.2112379638671875,-17.68530534351145,-34.86194274809161,-19.622583969465648,0
27359,9.07755771484375,-3.2779431640624996,2.15856552734375,-16.471564885496182,-12.472629770992366,-7.44701145038168,0
27384,9.115864941406247,-3.4311720703124995,2.2016611572265625,-9.975381679389313,17.786912213740457,8.621690839694656,0
27409,9.012914270019529,-3.0002157714843745,2.2878524169921874,3.3452290076335878,11.512103053435116,25.766729007633586,0
27434,8.538862341308594,-2.3465987182617183,3.0444201416015626,10.497900763358778,12.61133969465649,38.49955343511451,0
27459,8.914752001953126,-1.6881932617187498,3.650153161621094,2.2841603053435113,59.260194656488544,42.575889312977104,0
27484,8.732792675781248,-1.276390576171875,3.5136836669921876,4.039885496183206,57.557904580152666,45.27817938931298,0
27509,7.226839831542969,-1.6929816650390623,3.0611795532226562,6.894847328244275,52.260194656488544,47.94993511450382,0
27534,8.012137976074218,-1.4798977172851562,3.3676373657226564,5.314694656488549,53.756377862595414,46.24001145038168,0
27559,8.737581079101563,-0.12717377929687498,3.8656313110351563,-1.2807251908396946,24.7792786259542,35.45375190839695,0
27585,7.473442602539062,-1.5110223388671875,3.2862345092773437,-9.120419847328245,-11.892477099236642,21.39268320610687,0
27610,5.962701354980468,-2.995427368164062,3.080333166503906,-18.66240458015267,-3.663469465648855,16.05680534351145,0
27635,7.109523950195311,-2.9044477050781246,2.587127624511719,-21.34179389312977,29.08462213740458,-0.39357633587786267,0
27660,7.140648571777343,-3.0169751831054685,1.9143569580078124,-12.38759541984733,28.313629770992367,-16.91266030534351,0
27685,6.719269079589844,-3.6873516479492183,2.92471005859375,11.917748091603054,-8.808507633587785,-23.729454198473285,0
27710,6.589982189941405,-2.9906389648437495,4.243915173339843,27.223091603053437,-9.319958015267176,-37.89739312977099,0
27735,5.536533459472655,-2.255619055175781,4.631775842285156,9.062786259541985,90.62660687022901,-54.927927480916026,0
27760,5.404852368164062,-1.0202109985351562,5.31172911376953,18.391030534351145,105.6647748091603,-52.996629770992364,0
27785,3.7025749877929686,2.0730975463867187,5.484111633300781,47.84904580152672,42.89378244274809,-37.01953053435114,0
27810,0.721793920898437,10.598849658203124,4.298981811523437,27.558969465648858,0.9930190839694657,-7.065332061068703,0
27835,0.30041442871093693,19.74410144958496,5.3644015502929685,0.9177480916030534,-114.74743893129771,26.07207251908397,0
27860,1.4376602172851562,19.74410144958496,5.613398522949218,-13.990648854961833,-163.40392748091602,35.60642366412214,0
27885,5.957912951660156,4.931774328613281,5.223143652343749,-24.692938931297707,-29.76270610687023,3.079706106870229,0
27910,16.98740144958496,-11.947347375488281,0.9399168823242187,-81.13568702290077,251.55027099236642,-77.3477748091603,0
27936,8.479007299804685,5.460892895507812,-1.5404760375976563,-15.952480916030536,26.7411106870229,-106.24853816793893,0
27961,2.91009423828125,7.7449612792968745,4.263068786621093,43.59713740458015,-248.71690458015266,-48.37830916030534,0
27986,1.047405346679687,1.5631325927734374,3.3053881225585937,-1.4028625954198475,-143.81614122137404,3.301080152671756,0
28011,3.166273815917968,2.413074182128906,1.9287221679687498,-43.89141221374046,26.76401145038168,29.331614503816795,0
28036,5.835808666992187,2.3532191406250003,2.151382922363281,-36.96774809160305,35.14569083969465,27.339248091603054,0
28061,7.272329663085936,1.8959266235351562,1.7515512451171873,-6.418129770992366,-31.671103053435115,8.797263358778626,0
28086,5.558081274414062,1.733120910644531,2.170536535644531,5.749809160305343,-51.03751526717558,-11.1035,0
28111,5.797501440429687,1.98930048828125,3.099486779785156,4.093320610687023,-0.14438549618320606,-18.363041984732824,0
28136,6.980237060546874,3.1265462768554686,2.658953674316406,6.245992366412214,31.832713740458015,-19.56914885496183,0
28161,7.265147058105469,3.701154675292969,2.548820397949219,15.047519083969465,-21.648202290076334,-12.080599236641222,0
28186,7.037697900390625,3.75143291015625,3.15455341796875,20.100954198473286,-49.701637404580154,-0.8973931297709924,0
28211,6.700115466308593,4.756997607421875,3.3676373657226564,12.879580152671755,0.5044694656488551,10.354515267175572,0
28236,6.451118493652342,4.78572802734375,2.15856552734375,2.5818702290076336,24.939583969465648,19.621690839694658,0
28261,6.937141430664062,3.8902966064453124,2.2495451904296875,3.093320610687023,-2.6482022900763353,28.919400763358777,0
28286,6.855738574218749,3.825653161621094,2.280669812011719,7.2688931297709924,5.954851145038168,32.07970610687023,0
28312,7.248387646484374,4.620528112792969,2.0939220825195313,9.650572519083969,18.550270992366414,26.90413358778626,0
28337,7.5692106689453125,3.0116245971679687,1.7874642700195311,16.734541984732825,1.7945458015267177,18.980469465648856,0
28362,7.35373251953125,2.6046103149414064,1.6797251953124999,21.63530534351145,-6.739805343511449,10.682759541984732,0
28387,7.758352600097655,3.5742619873046877,1.1937022583007812,18.696374045801527,-1.5565992366412211,2.5682557251908396,0
28412,8.92432880859375,2.408285778808594,1.5001600708007812,20.253625954198476,-21.999347328244273,-6.569148854961832,0
28437,7.839755456542968,1.2638573852539061,1.8856265380859374,31.719274809160307,-23.70163740458015,-11.401209923664123,0
28462,6.953900842285155,1.3787790649414062,2.0580090576171877,38.444465648854965,0.5350038167938932,-7.225637404580153,0
28487,7.109523950195311,2.1545004028320314,1.6701483886718749,35.37576335877863,29.199125954198475,-2.93556106870229,0
28512,7.715256970214843,2.049155529785156,1.62226435546875,27.581870229007635,24.61897328244275,1.6598587786259542,0
28537,7.645825122070312,1.2183675537109373,1.825771496582031,25.67347328244275,1.6342404580152672,7.583522900763358,0
28562,6.704903869628905,0.7778344482421874,1.7419744384765623,17.33759541984733,-1.174919847328244,14.820164122137404,0
28587,7.140648571777343,0.16252462158203124,2.194478552246094,6.818511450381679,12.542637404580153,18.72856106870229,0
28612,7.095158740234374,0.24871588134765624,2.280669812011719,-0.7463740458015268,22.977751908396947,18.39268320610687,0
28637,8.100723437499997,-0.6945995727539063,2.6038870361328126,-6.746374045801527,25.000652671755727,13.690393129770992,0
28662,7.7775062133789055,-0.6323503295898437,3.1689186279296875,-8.670038167938932,-4.228354961832061,11.507187022900762,0
28688,7.178955798339843,-0.9244429321289063,3.393973583984375,-21.815076335877862,3.222026717557252,8.07970610687023,0
28713,7.789477221679687,-1.336245617675781,3.4466460205078127,-33.547900763358776,23.88614885496183,2.194209923664122,0
28738,8.869262170410156,-1.4846861206054687,3.355666357421875,-29.960114503816794,3.7105763358778625,-6.4241106870229014,0
28763,8.684908642578126,-1.3386398193359375,3.549596691894531,-22.85324427480916,-28.56423282442748,-14.553881679389313,0
28788,7.69131495361328,-1.5134165405273436,3.664518371582031,-21.578435114503815,-29.846675572519082,-17.248538167938932,0
28813,8.263529150390625,-1.6259440185546874,3.6190285400390625,-23.64713740458015,-5.266522900763359,-13.897393129770993,0
28838,8.514920324707031,-1.621155615234375,3.3820025756835936,-12.70057251908397,-21.182553435114503,-9.179835877862596,0
28863,8.287471166992187,-2.1742161987304685,3.1018809814453125,-6.143320610687023,-18.594767175572517,-4.149301526717558,0
28888,8.043262597656248,-2.5596826660156244,2.5990986328125,-5.02881679389313,3.2296603053435113,3.316347328244275,0
28913,8.490978308105468,-2.8445926635742182,2.7762695556640624,-1.4715648854961834,11.931950381679389,12.40031679389313,0
28938,8.100723437499997,-2.4447609863281246,2.9271042602539064,-1.1127862595419846,18.817446564885497,21.323980916030536,0
28963,8.469430493164062,-2.6578449340820307,2.589521826171875,-8.975381679389313,34.84034732824427,24.316347328244273,0
28988,8.225221923828123,-2.4495493896484373,2.474600146484375,-13.02118320610687,23.054087786259544,24.8583320610687,0
29013,8.438305871582031,-2.906841906738281,2.160959729003906,-21.36469465648855,30.000652671755727,18.194209923664122,0
29038,9.350496704101563,-2.5309522460937495,2.4530523315429686,-21.150954198473283,29.206759541984734,6.125507633587786,0
29063,8.97460704345703,-2.698546362304687,2.194478552246094,-10.502099236641222,-7.548965648854962,1.530087786259542,0
29089,7.571604870605468,-3.1079548461914057,1.9143569580078124,-3.9906488549618317,-30.70163740458015,6.3621488549618315,0
29114,7.73680478515625,-2.123937963867187,2.4195335083007814,-6.555534351145038,-12.961179389312976,12.759095419847329,0
29139,7.485413610839843,-1.7312888916015625,2.3740436767578124,-11.899045801526718,1.8098129770992366,22.598790076335877,0
29164,6.410417065429686,-2.7703724121093747,1.7515512451171873,-11.280725190839695,4.176225190839695,31.285812977099237,0
29189,6.628289416503905,-3.280337365722656,2.1633539306640626,-3.944847328244275,15.886148854961833,27.995736641221374,0
29214,9.209238806152342,-1.7672019165039061,2.764298547363281,-6.486832061068703,78.19149236641222,4.507187022900763,0
29239,9.743145776367186,-1.2428717529296875,1.8664729248046874,4.413931297709923,31.939583969465648,-13.988996183206106,0
29264,7.976224951171875,-3.292308374023437,1.5073426757812498,24.223091603053437,-41.94591221374046,-23.340141221374047,0
29289,5.649060937499999,-5.011345166015625,2.654165270996094,37.45973282442748,-24.022248091603053,-32.71418702290076,0
29314,4.186203723144531,-2.0401409057617186,3.4586170288085936,26.734541984732825,93.91668320610687,-23.324874045801526,0
29339,3.2692244873046867,6.895019689941406,4.978935083007812,21.32996183206107,83.35179770992367,3.7438282442748094,0
29364,1.516668872070312,13.318662744140623,4.878378613281249,10.169656488549618,34.07698854961832,19.156041984732823,0
29389,1.5214572753906248,16.797437756347655,4.923868444824218,-12.18148854961832,53.2678282442748,6.774362595419847,0
29414,5.1295191772460935,12.691381909179686,4.878378613281249,-21.761641221374045,92.7792786259542,-33.69128625954198,0
29439,8.613082592773438,5.137675671386718,3.930274755859375,12.658206106870228,13.42813358778626,-80.34014122137404,0
29465,6.86770958251953,2.7291088012695313,3.219196862792969,18.14675572519084,-30.38102671755725,-100.78288931297709,0
29490,7.58357587890625,0.9334575561523437,3.693248791503906,-1.9448473282442746,-4.777973282442748,-91.309606870229,0
29515,8.110300244140625,2.860789892578125,4.035619628906249,-12.02118320610687,-0.3962938931297708,-69.85159160305344,0
29540,7.243599243164062,4.189571813964844,4.291799206542969,3.9864503816793895,-81.06041603053434,-32.46991221374046,0
29565,5.354574133300781,3.782557531738281,4.143358703613281,7.772709923664122,-105.81614122137404,0.14840839694656482,0
29590,4.600400610351562,2.872760900878906,3.7602864379882814,-3.7998091603053434,-48.47262977099237,24.156041984732823,0
29615,5.031356909179687,2.64052333984375,3.3341185424804687,-5.005916030534351,0.39759923664122154,33.10260687022901,0
29640,5.419217578124999,3.0738738403320314,3.056391149902344,5.910114503816794,-3.3733931297709927,28.667492366412212,0
29665,5.4311885864257805,3.3923026611328124,2.8792202270507814,18.52080152671756,-22.05278244274809,19.659858778625953,0
29690,5.555687072753906,3.7274908935546875,3.5112894653320312,31.31469465648855,-29.800874045801525,7.514820610687022,0
29715,5.251623461914062,3.9597284545898437,2.9462578735351563,32.50553435114504,-18.472629770992366,-2.4470114503816793,0
29740,5.6011769042968735,4.084226940917969,3.176101232910156,26.52080152671756,0.04645419847328247,-4.042431297709924,0
29765,7.052063110351562,4.036342907714843,4.284616601562499,31.230725190839696,13.725843511450382,-2.6454847328244275,0
29790,6.795883532714844,5.89663759765625,3.8943617309570313,35.1543893129771,-1.8161412213740458,8.530087786259543,0
29815,6.187756311035156,4.244638452148437,3.0156897216796876,18.062786259541987,-11.991713740458014,23.957568702290075,0
29841,6.168602697753905,2.9589521606445315,3.142582409667969,-2.906679389312977,17.641874045801526,35.377416030534356,0
29866,7.322607897949218,3.1241520751953127,3.700431396484375,-2.883778625954198,35.252561068702285,38.392683206106874,0
29891,7.619488903808594,3.270198376464844,3.568750305175781,13.536068702290075,8.4205,33.392683206106874,0
29916,6.958689245605467,2.2143554443359377,2.649376867675781,16.528435114503818,-7.961179389312976,28.438484732824428,0
29941,6.901228405761718,2.037184521484375,2.61825224609375,7.864312977099236,4.977751908396947,24.156041984732823,0
29966,7.930735119628905,2.326882922363281,3.0420259399414062,4.62767175572519,8.603706106870229,13.980469465648854,0
29991,8.261134948730469,0.7682576416015624,3.030054931640625,18.070419847328246,-20.289423664122136,3.911767175572519,0
30016,7.274723864746092,0.22477386474609373,2.9869593017578127,27.29179389312977,-29.5413320610687,3.5453549618320612,0
30041,7.126283361816406,-0.04577092285156251,2.773875354003906,23.32996183206107,-4.518431297709924,8.812530534351145,0
30066,8.03607999267578,0.48574184570312495,2.9797766967773436,14.719274809160305,18.336530534351144,11.247645038167938,0
30091,8.285076965332031,0.5240490722656249,3.0252665283203126,14.574236641221374,6.359431297709923,10.247645038167938,0
30116,7.7775062133789055,0.6677011718749999,2.8600666137695314,12.13148854961832,-1.8619427480916029,6.850698473282442,0
30141,8.009743774414062,0.9358517578125,2.697260900878906,8.749809160305343,-10.014614503816793,1.1255076335877863,0
30166,7.732016381835936,0.7562866333007812,2.7092319091796875,10.291793893129771,-35.816141221374046,-5.653118320610687,0
30191,6.934747229003906,0.14097680664062498,2.436292919921875,0.940648854961832,-29.022248091603053,-8.134034351145038,0
30217,7.006573278808593,0.47616503906249996,2.3812262817382814,-12.234923664122137,-10.319958015267176,-6.538614503816794,0
30242,6.965871850585937,0.7778344482421874,2.630223254394531,-18.914312977099236,-12.365759541984731,-4.27907251908397,0
30267,6.589982189941405,0.4234926025390625,2.5272725830078127,-24.86087786259542,-12.839041984732823,-2.3935763358778623,0
30292,6.003402783203124,-0.4599678100585938,2.2160263671875002,-33.49446564885496,4.977751908396947,1.163675572519084,0
30317,6.6306836181640625,-0.357017138671875,2.474600146484375,-44.90667938931298,39.428133587786256,0.42321755725190835,0
30342,7.210080419921874,-0.6131967163085937,2.4865711547851563,-47.57080152671755,37.39759923664122,-3.4699122137404577,0
30367,7.681738146972655,-1.07527763671875,3.0348433349609376,-40.051717557251905,14.176225190839695,-6.882125954198473,0
30392,8.12466545410156,-1.9443728393554685,3.152159216308594,-24.303625954198473,-3.7474389312977094,-12.95082824427481,0
30417,8.376056628417967,-2.7200941772460934,2.9773824951171877,-14.013549618320612,1.8937824427480918,-18.92029389312977,0
30442,8.529285534667967,-2.8445926635742182,2.92471005859375,-10.53263358778626,10.367064885496184,-18.821057251908396,0
30467,8.905175195312498,-3.062465014648437,3.065967956542969,-4.5097328244274815,-5.610034351145037,-13.469912213740459,0
30492,8.359297216796875,-3.0840128295898435,3.0444201416015626,-0.7082061068702291,-18.5795,-5.60731679389313,0
30517,7.8876394897460935,-3.0792244262695307,3.152159216308594,-5.0669847328244275,-6.3581259541984725,5.3545152671755725,0
30542,8.438305871582031,-2.902053503417968,3.6142401367187498,-10.71583969465649,25.466301526717558,12.37741603053435,0
30567,9.889192077636718,-3.0983780395507807,3.4179156005859377,-8.227290076335878,29.4586679389313,12.011003816793894,0
30593,10.032844177246094,-3.328221398925781,2.9486520751953127,1.0551526717557251,-7.022248091603053,9.598790076335877,0
30618,8.646601416015624,-2.1550625854492185,2.9654114868164063,4.345229007633588,-29.335225190839694,9.125507633587786,0
30643,8.196491503906248,-2.2795610717773434,2.8337303955078124,-15.540267175572518,44.73347709923664,8.087339694656489,0
30668,8.129453857421876,-3.1725982910156247,2.1729307373046876,-26.960114503816794,87.16095801526718,14.24001145038168,0
30693,6.803066137695311,-3.4599024902343745,2.5631856079101563,-19.555534351145038,67.74874427480917,27.36214885496183,0
30718,5.088817749023437,-2.258013256835937,2.745144934082031,-18.32652671755725,70.39759923664123,35.18657633587787,0
30743,7.279512268066406,0.9526111694335937,4.749091723632812,-27.83034351145038,150.68004198473284,17.186576335877863,0
30769,8.950665026855468,-0.40968957519531246,5.029213317871093,6.016984732824427,108.71820992366412,-10.561515267175572,0
30794,6.027344799804687,-0.5557358764648438,4.385173071289062,31.047519083969465,15.92431679389313,-24.7828893129771,0
30819,5.823837658691406,0.2463216796875,4.947810461425781,41.84141221374046,-39.54133206106871,-37.53098091603053,0
30844,5.538927661132813,1.2040023437499998,4.607833825683593,59.131488549618325,-94.4649961832061,-58.46991221374046,0
30869,3.4751258300781247,3.1552766967773436,4.777822143554687,78.55896946564884,-182.56423282442748,-76.04243129770992,0
30894,-0.9661182495117191,6.985999353027344,4.567132397460937,55.207824427480915,-147.77033969465649,-77.39357633587785,0
30919,-1.8543670654296878,10.692223522949217,4.823311975097655,2.9864503816793895,-14.342858778625954,-57.21037022900763,0
30944,1.4041413940429681,12.162263342285154,6.262227172851562,-23.395229007633585,76.90904961832061,-41.65311832061068,0
30969,4.044945825195312,11.151910241699218,5.594244909667968,-30.059351145038168,103.19912595419848,-36.1035,0
30994,5.218104638671874,7.254149938964844,4.531219372558593,-33.76164122137404,74.71057633587786,-30.95846183206107,0
31019,6.166208496093749,3.9788820678710937,4.61022802734375,-45.044083969465646,62.91668320610687,-30.240904580152673,0
31044,10.569145349121094,1.5822862060546874,2.725991320800781,-56.234923664122135,41.557904580152666,-47.172202290076335,0
31069,7.672161340332031,4.2733688720703125,3.583115515136719,-26.555534351145038,-131.3504923664122,-48.58441603053435,0
31094,2.8239029785156244,3.758615515136719,4.4641817260742185,-12.494465648854963,-163.39629389312978,-14.225637404580153,0
31119,2.3953408813476553,3.758615515136719,4.004495007324218,-36.18912213740458,-20.671103053435115,13.583522900763358,0
31145,4.79911934814453,3.6820010620117185,3.5232604736328126,-29.578435114503815,28.96248473282443,24.20947709923664,0
31170,6.024950598144531,3.8328357666015624,3.0923041748046876,-8.311259541984732,21.634240458015267,18.873599236641223,0
31195,6.381686645507812,3.8136821533203125,2.8073941772460937,8.841412213740458,12.466301526717558,6.430851145038168,0
31220,7.0999471435546875,3.725096691894531,3.681277783203125,21.63530534351145,-5.739805343511451,-2.3935763358778623,0
31245,7.3082426879882805,4.67080634765625,4.301376013183593,37.078053435114505,-18.213087786259543,-6.653118320610687,0
31270,6.910805212402344,5.214290124511718,4.547978784179687,45.96354961832061,-19.06804961832061,-1.9050267175572517,0
31295,6.896440002441406,5.808052136230469,5.2518740722656245,43.03225190839695,-5.182553435114503,12.438484732824428,0
31320,6.807854541015625,6.4137851562499995,5.42665079345703,34.34522900763359,5.412866412213741,33.09497328244275,0
31345,6.898834204101562,6.4880054077148435,5.342853735351562,32.23072519083969,-7.3504923664122135,53.514820610687025,0
31371,7.198109411621092,4.8168526489257815,5.124981384277343,33.97118320610687,-18.24362213740458,66.9346679389313,0
31396,6.956295043945311,5.401037854003906,4.643746850585937,26.780343511450383,-13.037515267175571,70.92703435114504,0
31422,6.388869250488281,5.18795390625,4.066744250488281,7.688740458015267,6.985385496183206,71.98046946564885,0
31447,7.61470050048828,3.5024359375,3.4155213989257813,-3.2807251908396946,8.496835877862596,65.30871374045802,0
31472,7.585970080566406,1.7929759521484374,2.8744318237304687,5.558969465648855,-26.312324427480917,57.690393129770996,0
31497,7.207686218261718,1.1776661254882812,2.8552782104492187,13.192557251908397,-25.533698473282442,54.53008778625954,0
31522,7.040092102050781,0.8807851196289062,2.7188087158203125,13.070419847328244,-5.8924770992366415,54.35451526717558,0
31547,6.5564633666992185,0.6940373901367187,2.4530523315429686,4.589503816793893,8.015919847328245,58.99573664122138,0
31572,5.89805791015625,0.23195646972656248,2.1394119140625,-8.799809160305344,18.825080152671756,62.53008778625954,0
31597,5.902846313476561,-0.08886655273437499,2.242362585449219,-20.532633587786258,31.95485114503817,54.46138549618321,0
31622,6.6522314331054675,-0.8693762939453125,2.417139306640625,-22.288358778625952,37.86324809160305,34.94993511450382,0
31647,6.90601680908203,-0.84543427734375,3.097092578125,-13.983015267175572,20.4586679389313,13.751461832061068,0
31672,5.943547741699217,-1.161468896484375,2.9462578735351563,-8.097519083969466,-6.1214847328244275,-1.6302175572519082,0
31697,5.086423547363281,-1.6139730102539063,2.895979638671875,-16.63950381679389,5.359431297709923,-11.538614503816794,0
31722,5.3186611083984365,-2.1359089721679685,2.8026057739257815,-25.196755725190837,17.222026717557252,-16.538614503816795,0
31747,5.301901696777343,-2.2532248535156247,2.6900782958984375,-29.692938931297707,14.0998893129771,-19.737087786259544,0
31773,6.281130175781249,-2.4806740112304686,2.80978837890625,-29.372328244274808,10.733477099236643,-27.09586641221374,0
31798,7.267541259765625,-2.370540734863281,3.0324491333007813,-23.273091603053434,2.687675572519084,-37.82105725190839,0
31823,8.179732092285157,-2.6051724975585935,3.2814461059570315,-11.769274809160306,-15.800874045801525,-48.95846183206107,0
31848,8.055233605957032,-3.0361287963867185,3.142582409667969,1.2001908396946566,-38.39629389312977,-56.53098091603053,0
31873,8.24676973876953,-3.4982097167968744,3.252715686035156,2.13912213740458,-15.26652290076336,-54.7065534351145,0
31898,10.008902160644531,-3.455114086914062,3.6573357666015625,6.97118320610687,1.6418740458015268,-49.676019083969464,0
31923,9.29543006591797,-2.911630310058593,3.3484837524414064,17.261259541984735,-23.839041984732823,-34.44701145038167,0
31948,9.412745947265623,-3.7926965209960932,3.642970556640625,17.307061068702293,-11.968812977099237,-13.156935114503817,0
31973,8.996154858398437,-3.4599024902343745,4.143358703613281,10.787977099236642,19.42813358778626,14.407950381679388,0
31998,9.635406701660155,-2.5285580444335936,4.57192080078125,-0.5402671755725191,40.77164503816794,37.064438931297715,0
32023,9.697655944824216,-2.3681465332031246,4.8400713867187495,-8.85324427480916,47.90141603053435,45.60642366412214,0
32048,9.460629980468749,-2.9427549316406245,4.454604919433593,-7.899045801526718,31.351797709923666,43.77436259541985,0
32073,8.46464208984375,-2.715305773925781,3.95900517578125,-2.891412213740458,-2.442095419847328,38.392683206106874,0
32098,7.202897814941406,-2.6195377075195307,3.834506689453125,-3.288358778625954,-9.854309160305343,28.55298854961832,0
32123,6.941929833984374,-3.0385229980468744,3.1401882080078125,-1.7845419847328245,-10.762706106870228,17.934667938931298,0
32149,5.720886987304687,-2.6626333374023434,3.1114577880859375,-8.479198473282443,15.557904580152671,9.88886641221374,0
32174,7.068822521972655,-2.4687030029296873,3.710008203125,-24.540267175572517,89.29836259541985,6.461385496183206,0
32199,8.194097302246092,-0.07689554443359375,4.164906518554687,-14.18148854961832,64.28309541984733,4.812530534351145,0
32224,8.361691418457031,-1.6043962036132813,3.2958113159179687,7.719274809160305,3.6953091603053436,-7.301973282442749,0
32249,6.297889587402342,-3.5820067749023434,3.563961901855469,15.711641221374045,8.054087786259542,-13.866858778625955,0
32274,4.897281616210937,-3.8717051757812495,3.3413011474609373,6.078053435114503,57.71057633587786,-13.660751908396946,0
32299,5.064875732421874,-1.563694775390625,3.683671984863281,-4.418129770992366,70.19912595419848,-17.530980916030536,0
32324,4.183809521484374,-1.3625818359375,4.236732568359375,5.765076335877862,19.89378244274809,-24.30197328244275,0
32349,0.9707908935546872,2.046761328125,4.9142916381835935,18.86431297709924,-31.999347328244273,-22.25617175572519,0
32374,-1.1600485839843753,7.989169848632812,5.4338333984375,22.719274809160307,-54.89247709923664,-16.553881679389313,0
32399,-0.5327677490234377,15.52372247314453,6.437003894042968,21.391030534351145,-50.5795,-16.477545801526716,0
32424,2.366610461425781,17.759906823730468,6.5830501953125,16.955916030534354,-26.342858778625953,-33.935561068702285,0
32449,6.573222778320312,8.240561022949217,5.694801379394531,18.154389312977102,-2.3810267175572517,-62.607316793893126,0
32474,8.447882678222655,2.0611265380859374,4.916685839843749,6.13912213740458,75.62660687022901,-79.89739312977099,0
32499,14.524366491699219,-1.3075151977539061,3.3820025756835936,-16.433396946564883,132.214393129771,-97.73708778625954,0
32525,7.595546887207031,6.10732734375,6.300534399414062,30.49790076335878,-132.7627061068702,-58.58441603053435,0
32550,1.7153876098632805,3.5814445922851563,6.60220380859375,20.154389312977102,-153.6940038167939,12.201843511450381,0
32575,0.7074287109374997,3.6700300537109376,4.452210717773437,-34.616603053435114,22.512103053435116,57.59115648854962,0
32600,4.4759021240234365,2.872760900878906,3.7650748413085937,-54.64713740458015,78.38233206106871,57.698026717557255,0
32625,7.116706555175781,1.7666397338867186,3.530443078613281,-20.70057251908397,-12.846675572519084,28.789629770992367,0
32650,6.024950598144531,1.752274523925781,3.7842284545898437,13.64293893129771,-80.80087404580152,-9.26380534351145,0
32675,5.244440856933593,2.6812247680664063,4.330106433105469,16.82614503816794,-54.66346946564886,-35.14930152671755,0
32700,6.544492358398437,4.3475891235351565,4.993300292968749,20.5131679389313,-21.129118320610687,-47.50808015267175,0
32725,7.087976135253906,6.155211376953125,4.083503662109375,31.123854961832063,-67.90774427480916,-42.859225190839695,0
32750,5.689762365722655,5.956492639160156,4.078715258789062,11.673473282442748,-75.43446183206106,-19.874492366412213,0
32775,6.314648999023437,4.668412145996093,4.8017641601562495,-12.708206106870229,17.351797709923662,6.117874045801527,0
32800,7.4399237792968735,6.9931819580078125,4.4378455078125,-6.555534351145038,33.680041984732824,29.07207251908397,0
32825,7.62188310546875,6.004376672363281,2.84809560546875,6.009351145038168,-30.342858778625953,43.27054580152672,0
32850,6.695327062988281,3.6580590454101563,2.8049999755859374,7.169656488549618,-37.72453816793893,47.47665267175573,0
32875,6.625895214843749,2.8368478759765625,2.6038870361328126,6.131488549618321,0.13042366412213746,41.392683206106874,0
32901,6.9706602539062485,1.819312170410156,1.9885772094726561,8.933015267175572,13.458667938931299,30.988103053435115,0
32926,6.996996472167967,1.6852368774414062,1.9550583862304687,20.29179389312977,-3.4115610687022904,20.453751908396946,0
32951,7.475836804199218,0.9789473876953124,2.1034988891601563,31.085687022900764,-6.976446564885496,12.262912213740458,0
32976,6.788700927734374,1.3931442749023437,1.8305598999023436,30.452099236641224,-0.9688129770992364,8.919400763358778,0
33001,6.8365849609375,1.2494921752929686,2.611069641113281,20.734541984732825,17.313629770992367,11.22474427480916,0
33026,7.588364282226562,0.4617998291015625,3.2479272827148438,26.245992366412214,16.176225190839695,8.72092748091603,0
33051,7.5309034423828125,0.006901513671874998,3.233562072753906,35.68874045801527,-5.76270610687023,5.3545152671755725,0
33076,7.0472747070312485,-0.13914478759765622,3.2814461059570315,26.02461832061069,-7.213087786259541,1.9728358778625954,0
33101,5.969883959960938,-0.76881982421875,3.585509716796875,2.261259541984733,11.672408396946565,-1.4012099236641222,0
33126,6.127901269531249,-0.7281183959960937,3.616634338378906,-22.960114503816794,42.76401145038167,-3.034797709923664,0
33151,7.5907584838867175,-0.76881982421875,3.8129588745117187,-31.616603053435114,37.802179389312975,-8.889759541984732,0
33176,6.834190759277344,-0.7448778076171875,3.7459212280273437,-24.624236641221373,-20.533698473282442,-12.057698473282443,0
33201,5.682579760742187,-1.0417588134765625,3.664518371582031,-31.33416030534351,-11.587133587786258,-15.492812977099238,0
33226,7.46865419921875,-1.4032832641601563,3.8009878662109373,-43.21202290076336,41.260194656488544,-25.63785114503817,0
33251,8.414363854980468,-0.8621936889648437,3.470588037109375,-27.49446564885496,0.6800419847328245,-32.58441603053435,0
33277,8.194097302246092,-1.8677583862304687,3.2455330810546874,-9.486832061068702,-54.41156106870229,-37.614950381679385,0
33302,7.547662854003906,-2.360963928222656,3.1449766113281252,-8.967748091603054,-45.060416030534356,-35.477545801526716,0
33327,7.734410583496094,-2.878111486816406,2.790634765625,-16.914312977099236,-1.945912213740458,-23.91266030534351,0
33352,8.64899561767578,-2.181398803710937,2.9390752685546877,-14.761641221374045,12.43576717557252,-12.469912213740459,0
33377,9.77187619628906,-1.7624135131835936,3.3604547607421873,-1.005916030534351,0.9777519083969466,-6.149301526717558,0
33402,9.975383337402342,-1.2931499877929686,3.853660302734375,9.589503816793894,0.11515648854961835,-0.889759541984733,0
33427,9.92510510253906,-1.3314572143554686,4.071532653808593,10.520801526717557,13.92431679389313,8.23237786259542,0
33452,9.97059493408203,-1.3123036010742186,4.279828198242187,3.7956106870229007,28.489202290076335,22.07970610687023,0
33477,9.463024182128905,-1.815085949707031,4.260674584960937,-4.5097328244274815,27.748744274809162,35.003370229007636,0
33502,8.294653771972655,-2.408847961425781,4.157723913574218,-17.463931297709923,18.397599236641224,46.835431297709924,0
33527,7.585970080566406,-2.8326216552734373,4.227155761718749,-27.769274809160304,47.37469847328244,49.78199618320611,0
33552,6.745605297851562,-3.184569299316406,3.9159095458984376,-36.799809160305344,51.0235534351145,48.12550763358779,0
33577,6.156631689453124,-2.763189807128906,4.308558618164062,-40.72347328244275,39.51210305343511,45.17894274809161,0
33602,8.742369482421875,-2.0209872924804686,4.7850047485351554,-38.173854961832056,51.76401145038167,19.316347328244273,0
33627,8.11269444580078,-1.556512170410156,4.346865844726562,-28.387595419847326,25.43576717557252,-5.576782442748092,0
33653,6.324225805664061,-2.8948708984374996,3.46101123046875,-21.952480916030535,11.473935114503817,-15.355408396946565,0
33678,6.015373791503905,-3.0504940063476558,2.5081189697265627,-15.53263358778626,33.313629770992364,-21.156935114503817,0
33703,6.767153112792967,-2.4591261962890623,2.5655798095703126,21.245992366412214,-41.86194274809161,-35.485179389312975,0
33728,3.4392128051757807,-0.5629184814453125,3.8991501342773436,56.81087786259542,-115.22835496183205,-56.20273664122137,0
33753,1.4927268554687494,1.8983208251953123,4.157723913574218,33.36049618320611,-10.777973282442748,-56.607316793893126,0
33778,1.341892150878906,8.69785354003906,5.218355249023437,21.14675572519084,-7.083316793893129,-25.676019083969464,0
33803,0.056205859374999445,16.450278515624998,5.883943310546875,12.64293893129771,-30.159652671755726,6.163675572519083,0
33828,0.776860559082031,17.436689599609373,5.484111633300781,-5.570801526717558,24.061721374045803,9.827797709923663,0
33853,4.147896496582031,10.663493103027342,4.440239709472656,-10.937213740458015,70.80981297709924,-7.355408396946565,0
33878,5.603571105957031,5.140069873046875,3.4657996337890626,3.329961832061069,48.82508015267175,-22.469912213740457,0
33903,9.266699645996091,-1.1087964599609375,2.3764378784179687,24.14675572519084,47.14569083969465,-40.363041984732824,0
33928,8.316201586914062,1.6277760375976562,3.0085071166992186,40.711641221374045,-4.991713740458016,-52.44701145038167,0
33953,4.337038427734375,4.7402381958007815,5.543966674804687,56.383396946564886,-89.62530152671755,-19.553881679389313,0
33978,3.8174966674804685,3.550319970703125,4.684448278808593,23.276526717557253,-9.625301526717557,16.90413358778626,0
34003,6.470272106933593,3.0834506469726564,4.023648620605468,0.5971374045801526,30.7792786259542,37.72092748091603,0
34028,7.128677563476562,3.1720361083984376,4.035619628906249,9.337595419847329,-19.69400381679389,39.15604198473283,0
34054,6.621106811523437,2.7985406494140626,4.095474670410156,20.108587786259545,-45.6176679389313,29.51482061068702,0
34079,6.513367736816405,4.2302732421875,3.6190285400390625,20.32996183206107,-33.739805343511456,17.163675572519082,0
34104,6.254793957519531,4.079438537597656,3.4538286254882813,20.933015267175573,-51.23598854961833,7.407950381679389,0
34129,6.036921606445312,3.1624593017578126,4.167300720214843,32.05515267175573,-48.28179007633588,4.148408396946564,0
34154,6.489425720214842,3.739461901855469,3.8464776977539064,33.78034351145038,7.283095419847328,-0.9050267175572518,0
34179,7.7008917602539055,4.493635424804688,3.7339502197265624,37.23835877862596,17.817446564885497,-5.301973282442749,0
34204,7.296271679687499,4.481664416503906,3.4849532470703126,42.016984732824426,-19.144385496183205,-6.042431297709924,0
34229,6.870103784179686,3.40666787109375,3.4083387939453127,34.68874045801527,-19.861942748091604,-2.004263358778626,0
34254,7.667372937011717,3.2271027465820312,4.0140718139648435,26.253625954198476,17.626606870229008,3.4384847328244277,0
34279,7.890033691406249,3.0212014038085937,4.148147106933593,28.33759541984733,13.09225572519084,7.7972633587786255,0
34304,7.219657226562499,2.743474011230469,3.374819970703125,22.070419847328246,5.527370229007634,13.354515267175572,0
34329,7.126283361816406,2.360401745605469,2.7834521606445315,9.80324427480916,-2.8543091603053434,16.476652671755726,0
34354,7.21247462158203,2.049155529785156,2.8026057739257815,1.322328244274809,-16.503164122137402,13.659858778625955,0
34379,6.635472021484374,1.6421412475585937,2.96301728515625,-0.021183206106870245,-27.87720992366412,8.91176717557252,0
34404,6.089594042968749,1.6253818359374999,2.8600666137695314,1.0093511450381678,-25.716904580152672,5.942301526717557,0
34430,6.089594042968749,1.6780542724609373,2.4386871215820314,-4.379961832061069,-10.541332061068701,4.804896946564885,0
34455,6.305072192382812,1.75945712890625,2.3357364501953124,-9.341793893129772,-14.312324427480915,4.942301526717557,0
34480,5.888481103515624,1.0555618408203125,2.127440905761719,-5.494465648854963,-44.09858396946565,9.209477099236642,0
34505,6.338591015625,2.1497119995117187,1.7395802368164062,13.902480916030534,-114.11385114503817,13.55298854961832,0
34530,3.898899523925781,-0.9555675537109374,2.0963162841796876,-3.5937022900763353,-42.2970572519084,12.690393129770992,0
34555,4.360980444335937,-1.0202109985351562,2.290246618652344,-14.135687022900763,21.367064885496184,12.87359923664122,0
34580,5.287536486816405,-1.4487730957031248,2.1034988891601563,-11.494465648854963,50.13805725190839,12.178942748091602,0
34605,5.419217578124999,-1.0537298217773436,2.244756787109375,-2.257824427480916,39.92431679389313,7.9117671755725185,0
34630,5.6562435424804685,-1.0561240234375,2.8720376220703123,4.864312977099236,52.57317175572519,-3.324874045801527,0
34655,6.7623647094726556,-1.4200426757812499,3.0037187133789063,10.772709923664122,81.68004198473282,-26.836324427480918,0
34680,7.722439575195312,-0.6108025146484375,3.3101765258789064,24.711641221374048,65.58843893129772,-50.927927480916026,0
34705,6.958689245605467,0.5288374755859374,3.9254863525390626,39.61240458015267,-6.434461832061068,-65.67601908396946,0
34730,6.922776220703125,0.14097680664062498,4.270251391601562,23.31469465648855,11.130423664122137,-70.40120992366411,0
34755,8.122271252441404,1.5822862060546874,4.169694921874999,5.688740458015267,22.901416030534353,-67.28670610687023,0
34780,7.727227978515624,1.6086224243164062,4.066744250488281,5.169656488549618,-26.365759541984733,-60.126400763358774,0
34806,7.413587561035155,1.5966514160156249,4.009283410644531,-2.02118320610687,-7.113851145038167,-51.84395801526717,0
34831,7.6649787353515615,2.0970395629882814,3.5328372802734376,-8.471564885496184,29.061721374045803,-49.37067557251908,0
34856,8.309018981933594,2.9996535888671874,3.6764893798828124,-7.761641221374045,41.122790076335875,-49.20273664122137,0
34881,7.72962218017578,3.1121810668945313,3.702825598144531,3.421564885496183,7.260194656488549,-44.04243129770992,0
34906,7.198109411621092,3.2271027465820312,3.9709761840820312,1.1467557251908396,25.687675572519083,-37.0271641221374,0
34931,7.547662854003906,3.86635458984375,4.279828198242187,-4.563167938931298,44.29072900763359,-27.462278625954198,0
34956,7.327396301269531,4.345194921875,4.650929455566406,-7.5097328244274815,33.28309541984733,-18.07296564885496,0
34981,6.798277734375,4.338012316894531,4.57192080078125,-7.379961832061069,16.145690839694655,-11.714187022900763,0
35006,6.384080847167968,4.352377526855468,4.643746850585937,-12.18148854961832,29.817446564885497,-10.408843511450382,0
35031,6.439147485351561,4.587009289550781,4.823311975097655,-11.891412213740459,26.512103053435116,-11.43937786259542,0
35056,5.960307153320312,4.70911357421875,4.777822143554687,-8.960114503816794,16.55790458015267,-10.584416030534351,0
35081,5.6921565673828125,4.93895693359375,4.555161389160156,-7.234923664122138,5.702942748091603,-12.706553435114504,0
35106,5.275565478515625,4.603768701171875,4.631775842285156,-9.074618320610687,17.061721374045803,-14.96609541984733,0
35131,5.455130603027343,4.625316516113281,4.646141052246093,-12.150954198473283,38.07698854961832,-17.370675572519083,0
35156,5.213316235351562,4.361954333496094,4.059561645507812,-10.769274809160306,34.35943129770992,-17.94319465648855,0
35182,5.785530432128906,5.712284069824219,4.119416687011718,-2.9143129770992364,9.489202290076337,-10.737087786259542,0
35207,7.368097729492187,4.886284497070313,5.962951965332031,21.429198473282444,-26.449729007633586,27.094973282442748,0
35232,-3.484818395996094,3.4425808959960937,0.9614646972656249,-2.479198473282443,61.15332442748091,23.759095419847327,0
35257,5.342603124999999,4.838400463867187,5.2351146606445305,6.536068702290076,22.61897328244275,20.125507633587787,0
35282,5.081635144042968,4.484058618164062,4.588680212402343,16.070419847328246,-4.510797709923665,21.339248091603054,0
35307,3.568499694824218,4.333223913574218,5.60621591796875,5.726908396946564,26.870881679389313,18.102606870229007,0
35332,6.1255070678710934,4.340406518554688,6.393908264160156,-7.784541984732824,52.6647748091603,15.804896946564885,0
35357,7.114312353515625,4.567855676269531,7.231878845214843,-16.082251908396945,58.802179389312975,12.06443893129771,0
35382,5.902846313476561,4.436174584960938,5.637340539550781,-17.63950381679389,50.39759923664122,7.9041335877862595,0
35407,6.537309753417968,3.725096691894531,4.849648193359374,-10.082251908396946,34.122790076335875,5.774362595419847,0
35432,5.720886987304687,3.887902404785156,5.2710276855468745,-15.19675572519084,43.95485114503816,2.507187022900763,0
35457,8.270711755371092,4.546307861328125,8.17280009765625,-13.71583969465649,32.63424045801526,0.7209274809160305,0
35482,5.002626489257812,3.8615661865234374,6.844018176269531,-11.494465648854963,17.367064885496184,-2.584416030534351,0
35507,3.9443893554687497,2.8272710693359375,5.8528186889648435,-19.929580152671754,30.374698473282443,0.10260687022900761,0
35532,2.4121002929687494,3.361178039550781,4.756274328613281,-16.66240458015267,32.4205,-0.30197328244274824,0
35557,3.6259605346679677,3.0666912353515623,5.282998693847656,-7.761641221374045,28.840347328244274,1.8735992366412213,0
35583,3.728911206054687,3.734673498535156,5.862395495605468,-11.173854961832062,11.122790076335878,0.033904580152671726,0
35608,2.720952307128906,2.815300061035156,4.497700549316406,-6.799809160305344,19.23729389312977,-1.4012099236641222,0
35633,5.390487158203125,3.7179140869140626,7.435385986328124,-12.517366412213741,9.367064885496184,1.5377213740458013,0
35658,3.020227514648437,3.0666912353515623,4.8592249999999995,-3.1662213740458016,22.504469465648857,-4.134034351145038,0
35683,4.351403637695312,3.34920703125,6.858383386230468,-7.555534351145038,18.496835877862598,-0.8134236641221374,0
35708,5.816655053710936,4.144081982421875,9.10414454345703,-8.525,23.359431297709925,-0.385942748091603,0
35733,4.164655908203124,3.4042736694335938,6.480099523925781,-8.639503816793894,30.73347709923664,-1.76762213740458,0
35758,5.002626489257812,3.65566484375,8.8048693359375,-10.074618320610687,31.08462213740458,1.247645038167939,0
35783,2.9771318847656243,3.0666912353515623,5.029213317871093,-5.525,30.95485114503817,1.1484083969465648,0
35808,3.6092011230468746,3.473705517578125,6.4729169189453115,-10.914312977099238,31.22966030534351,1.6369580152671754,0
